player_id,年度,所属球団,登板,勝利,敗北,セーブ,H,HP,完投,完封勝,無四球,勝率,打者,投球回,安打,本塁打,四球,死球,三振,暴投,ボーク,失点,自責点,防御率
31135115,2003,大阪近鉄,2,0,0,0,,,0,0,0,.000,8,2,1,0,2,0,2,0,0,0,0,0.00
31135115,2004,大阪近鉄,3,0,0,0,,,0,0,0,.000,25,5.2,8,1,1,0,0,1,1,4,4,6.35
31135115,2005,東北楽天,15,2,5,0,0,0,1,0,0,.286,277,60,71,10,28,3,43,5,0,45,40,6.00
31135115,2006,東北楽天,9,2,5,0,0,0,2,0,0,.286,233,50.1,55,2,30,5,42,3,0,25,22,3.93
31135115,2007,東北楽天,31,8,8,0,1,3,2,1,0,.500,603,144.1,146,4,40,6,107,4,0,53,50,3.12
31135115,2008,東北楽天,29,9,11,0,1,3,1,0,0,.450,662,148,165,16,60,7,122,6,0,81,72,4.38
31135115,2009,東北楽天,13,0,3,0,1,1,0,0,0,.000,140,28.2,37,4,17,0,25,3,0,23,21,6.59
31135115,2010,東北楽天,1,0,0,0,0,0,0,0,0,.000,22,4.1,7,0,2,0,2,0,0,4,4,8.31
31135115,2010,読売,10,4,1,0,1,1,0,0,0,.800,191,49.1,39,2,9,0,35,2,0,15,11,2.01
81185119,2004,読売,3,0,0,0,,,0,0,0,.000,60,14,14,1,4,0,13,0,0,8,8,5.14
81185119,2005,読売,26,4,9,0,1,1,0,0,0,.308,507,114.1,138,18,31,4,76,5,0,74,64,5.04
81185119,2006,読売,31,12,13,0,1,1,6,2,0,.480,795,194,163,13,52,7,179,9,0,69,60,2.78
81185119,2007,読売,28,14,7,0,0,0,2,1,0,.667,780,187.2,183,16,48,11,180,5,0,66,63,3.02
81185119,2008,読売,29,12,8,0,0,0,2,1,2,.600,772,184.1,166,7,68,7,154,3,0,71,56,2.73
81185119,2009,読売,27,9,11,0,0,0,5,1,3,.450,730,179.2,161,23,36,4,115,3,0,66,59,2.96
81185119,2010,読売,27,11,8,0,0,0,2,1,1,.579,636,148,168,14,32,4,121,1,0,84,72,4.38
81185119,2011,読売,28,18,5,0,0,2,4,1,0,.783,751,185.2,153,13,47,7,144,4,0,42,35,1.70
81185119,2012,読売,28,15,6,0,0,0,3,2,0,.714,757,186,173,8,40,9,121,8,0,47,41,1.98
81185119,2013,読売,25,13,6,0,0,0,1,0,0,.684,675,160.1,157,11,47,6,107,2,0,68,59,3.31
81185119,2014,読売,22,7,9,0,0,0,2,2,2,.438,603,144.2,139,11,36,5,105,5,0,51,51,3.17
81185119,2015,読売,5,2,1,0,0,0,0,0,0,.667,104,23.1,30,4,6,0,10,1,0,15,13,5.01
81185119,2016,読売,18,9,6,0,0,0,0,0,0,.600,442,107.1,104,10,22,5,81,2,0,47,47,3.94
81185119,2017,読売,12,2,7,0,0,0,0,0,0,.222,258,57.2,66,10,18,3,34,3,1,37,37,5.77
81185119,2018,読売,15,5,5,0,0,0,1,1,0,.500,358,82,95,11,19,3,56,3,0,38,38,4.17
81185119,2020,埼玉西武,4,1,2,0,0,0,0,0,0,.333,83,19,18,3,6,1,12,0,0,12,9,4.26
81185119,2021,埼玉西武,2,1,0,0,0,0,0,0,0,1.000,36,7,11,2,5,0,3,1,0,6,6,7.71
81185119,2022,埼玉西武,5,0,1,0,0,0,0,0,0,.000,50,12,12,2,2,0,8,0,0,4,4,3.00
91395114,2010,読売,1,0,0,0,0,0,0,0,0,.000,2,0.2,0,0,0,0,0,0,0,0,0,0.00
81385112,2008,読売,68,3,3,0,10,13,0,0,0,.500,297,71.1,54,4,29,5,101,15,0,19,19,2.40
81385112,2009,読売,66,8,3,10,24,32,0,0,0,.727,294,71,63,6,22,2,70,5,0,28,26,3.30
81385112,2010,読売,59,4,4,5,21,25,0,0,0,.500,239,56.1,52,6,23,2,49,3,0,22,20,3.20
81385112,2011,読売,42,3,2,0,11,14,0,0,0,.600,163,39.1,27,1,18,2,43,1,0,14,12,2.75
81385112,2012,読売,5,0,1,0,0,0,0,0,0,.000,24,4,9,2,4,0,0,0,0,5,5,11.25
23525114,2007,読売,2,0,0,0,0,0,0,0,0,.000,5,1,1,0,1,0,1,0,0,0,0,0.00
23525114,2009,読売,14,6,1,0,1,1,1,0,0,.857,233,58.2,44,7,11,4,48,0,0,16,16,2.45
23525114,2010,読売,14,2,3,0,1,1,0,0,0,.400,223,48.1,60,9,18,7,22,2,0,33,28,5.21
23525114,2011,北海道日本ハム,2,0,0,0,0,0,0,0,0,.000,10,1,4,1,3,0,0,0,0,6,6,54.00
91595131,2011,読売,14,2,2,0,0,1,0,0,0,.500,218,48,62,4,13,2,33,2,0,20,20,3.75
91595131,2012,読売,9,0,1,0,0,0,0,0,0,.000,48,11,10,3,3,2,5,0,0,7,7,5.73
91595131,2013,広島東洋,19,1,1,0,1,2,0,0,0,.500,140,31.1,28,5,18,3,13,0,0,18,16,4.60
91595131,2014,広島東洋,22,1,1,0,0,1,0,0,0,.500,164,37.1,42,6,14,0,20,1,0,16,16,3.86
91595131,2016,広島東洋,6,0,0,0,0,0,0,0,0,.000,35,7.1,8,2,2,2,3,0,0,7,6,7.36
31735114,2007,読売,22,7,6,0,1,1,1,0,0,.538,509,121.2,116,20,33,5,76,6,0,54,48,3.55
31735114,2008,読売,8,0,2,0,0,0,0,0,0,.000,117,23.2,35,2,12,0,18,1,0,21,21,7.99
31735114,2009,読売,6,1,0,0,0,1,0,0,0,1.000,20,5,4,0,1,1,3,0,0,2,2,3.60
31735114,2010,読売,21,1,0,0,4,5,0,0,0,1.000,91,19.2,22,4,8,1,18,2,0,15,11,5.03
31735114,2011,読売,24,2,4,0,0,1,0,0,0,.333,243,57.1,59,6,12,3,40,2,0,29,25,3.92
31735114,2013,東北楽天,39,1,0,0,9,10,0,0,0,1.000,129,34,30,1,6,0,25,2,0,8,7,1.85
31735114,2014,東北楽天,17,0,1,0,1,1,0,0,0,.000,50,10.1,12,1,8,1,2,0,0,8,8,6.97
31735114,2015,東北楽天,19,2,2,0,6,8,0,0,0,.500,51,10,11,0,9,3,5,0,0,5,5,4.50
31735114,2016,東北楽天,54,3,1,0,14,17,0,0,0,.750,170,41.2,31,1,14,2,25,2,0,13,11,2.38
31735114,2017,東北楽天,6,0,1,0,1,1,0,0,0,.000,20,3.1,5,1,3,2,3,0,0,6,6,16.20
51555118,2012,読売,4,1,0,0,0,0,0,0,0,1.000,64,13,18,1,5,1,14,1,0,8,8,5.54
51555118,2013,読売,30,4,1,0,1,4,0,0,0,.800,203,46,43,8,25,2,51,2,1,18,17,3.33
51555118,2014,読売,26,2,0,1,1,3,0,0,0,1.000,166,38,43,5,15,2,33,3,0,19,18,4.26
51555118,2015,読売,20,0,0,0,1,1,0,0,0,.000,90,19,25,4,11,0,18,0,0,13,13,6.16
01505110,2009,読売,25,0,0,0,3,3,0,0,0,.000,118,29.1,23,2,12,0,23,1,0,13,11,3.38
21725117,2003,読売,38,6,7,0,,,0,0,0,.462,470,109.2,115,18,29,4,105,10,0,61,52,4.27
21725117,2004,読売,35,7,6,8,,,1,0,1,.538,439,99.1,116,10,30,3,86,5,0,52,45,4.08
21725117,2005,読売,64,7,4,7,17,24,0,0,0,.636,346,78.2,82,8,27,7,67,3,0,32,30,3.43
21725117,2006,読売,59,5,6,0,18,23,0,0,0,.455,266,61.1,58,7,26,3,60,4,1,29,21,3.08
21725117,2007,読売,13,3,5,0,1,1,1,1,0,.375,260,60.1,67,13,12,6,46,0,0,29,29,4.33
21725117,2008,読売,6,2,0,0,1,2,0,0,0,1.000,74,17.2,17,0,4,0,14,2,0,5,4,2.04
21725117,2009,読売,7,1,0,0,0,0,0,0,0,1.000,116,27.1,24,3,10,1,25,3,0,10,10,3.29
21725117,2010,読売,79,8,1,1,32,40,0,0,0,.889,376,91,72,8,23,7,96,5,0,28,28,2.77
21725117,2011,読売,67,4,2,20,21,25,0,0,0,.667,273,69,45,1,20,1,67,5,0,9,9,1.17
21725117,2012,読売,2,0,0,0,0,0,0,0,0,.000,8,1,2,0,2,1,1,0,0,3,1,9.00
21725117,2014,読売,48,4,4,0,11,15,0,0,0,.500,257,59,59,8,20,6,51,2,0,31,31,4.73
21725117,2016,横浜DeNA,9,0,0,0,0,0,0,0,0,.000,51,12,10,1,7,1,8,0,0,7,7,5.25
21725117,2017,東北楽天,27,3,1,0,6,9,0,0,0,.750,127,30,21,1,18,3,17,0,0,12,12,3.60
21725117,2018,東北楽天,25,1,0,1,3,4,0,0,0,1.000,112,26.1,22,4,11,1,18,2,0,6,5,1.71
21725117,2019,東北楽天,22,2,1,0,2,4,0,0,0,.667,94,22.1,16,3,11,1,14,1,0,7,7,2.82
21725117,2020,東北楽天,5,1,0,0,1,2,0,0,0,1.000,10,2,4,0,0,0,1,0,0,3,3,13.50
21625110,2005,横浜,55,3,2,26,6,9,0,0,0,.600,222,53.1,42,2,23,0,61,1,0,18,16,2.70
21625110,2006,横浜,47,2,5,27,4,6,0,0,0,.286,195,48,38,4,8,1,70,4,0,16,16,3.00
21625110,2007,横浜,43,3,1,31,0,3,0,0,0,.750,178,42.1,35,3,15,2,65,5,0,14,13,2.76
21625110,2008,読売,61,1,4,41,3,4,0,0,0,.200,248,61,34,1,27,3,91,13,0,18,15,2.21
21625110,2009,読売,46,1,3,27,1,2,0,0,0,.250,206,50,36,1,19,2,57,4,0,10,7,1.26
21625110,2010,読売,52,4,3,25,5,9,0,0,0,.571,216,50.2,35,5,29,0,73,4,0,25,24,4.26
03105114,2007,東京ヤクルト,30,16,8,0,0,0,3,2,2,.667,835,209,185,14,31,4,159,7,1,70,66,2.84
03105114,2008,読売,31,17,9,0,0,0,0,0,0,.654,842,206,201,20,31,9,167,3,0,75,70,3.06
03105114,2009,読売,25,13,6,0,0,0,1,1,0,.684,675,161,173,11,26,5,91,4,3,77,62,3.47
03105114,2010,読売,6,0,2,0,0,0,0,0,0,.000,96,21.1,31,5,1,1,16,0,0,14,13,5.48
03105114,2011,読売,9,1,5,0,0,0,0,0,0,.167,212,47.2,52,2,18,2,33,1,0,22,22,4.15
03105114,2012,千葉ロッテ,25,12,8,0,0,0,3,1,2,.600,666,168.2,144,5,24,5,112,3,3,52,42,2.24
03105114,2013,千葉ロッテ,13,5,4,0,0,0,0,0,0,.556,303,71.1,75,8,15,3,52,1,1,39,36,4.54
61563888,1999,千葉ロッテ,46,5,5,0,,,3,0,0,.500,507,124.1,93,8,55,4,107,6,4,42,37,2.68
61563888,2000,千葉ロッテ,65,11,6,14,,,0,0,0,.647,441,109.2,87,4,37,1,72,4,0,34,26,2.13
61563888,2001,千葉ロッテ,48,0,4,33,,,0,0,0,.000,218,52,54,7,13,1,47,1,0,25,25,4.33
61563888,2002,千葉ロッテ,43,2,1,37,,,0,0,0,.667,158,43.1,26,1,6,0,41,1,0,4,4,0.83
61563888,2003,千葉ロッテ,44,0,2,33,,,0,0,0,.000,192,47,45,2,11,1,30,1,0,18,15,2.87
61563888,2004,千葉ロッテ,51,8,5,20,,,0,0,0,.615,235,57.2,51,4,19,2,50,3,0,25,25,3.90
61563888,2005,千葉ロッテ,46,2,2,29,0,2,0,0,0,.500,186,45.1,49,6,9,1,33,0,0,14,13,2.58
61563888,2006,千葉ロッテ,53,6,2,34,3,9,0,0,0,.750,214,53.2,49,4,8,2,48,0,0,16,16,2.68
61563888,2007,千葉ロッテ,49,2,7,27,0,2,0,0,0,.222,207,47.1,53,4,12,2,35,0,0,24,19,3.61
61563888,2010,読売,12,0,0,1,1,1,0,0,0,.000,64,14,19,0,5,0,2,1,1,8,8,5.14
61563888,2011,オリックス,6,0,0,0,0,0,0,0,0,.000,27,4.2,10,2,5,0,0,0,0,7,7,13.50
71875119,2004,ヤクルト,15,4,2,0,,,1,0,1,.667,190,46.2,43,5,6,0,35,2,0,16,16,3.09
71875119,2005,ヤクルト,27,4,6,0,6,6,0,0,0,.400,355,81.2,101,11,14,6,44,5,1,49,46,5.07
71875119,2006,東京ヤクルト,17,9,7,0,0,0,2,0,1,.563,484,114.1,118,10,25,3,95,5,0,47,40,3.15
71875119,2008,東京ヤクルト,8,1,5,0,0,0,0,0,0,.167,193,44,58,4,9,1,36,3,0,25,21,4.30
71875119,2009,読売,23,15,2,0,0,0,2,0,0,.882,643,162,134,11,25,7,113,2,1,42,38,2.11
71875119,2010,読売,25,5,13,0,0,0,0,0,0,.278,585,132.2,161,12,32,11,88,6,0,80,78,5.29
71875119,2011,読売,13,3,3,0,0,0,0,0,0,.500,294,75,58,3,15,4,63,3,0,17,15,1.80
71875119,2012,読売,11,4,1,0,0,0,0,0,0,.800,206,45,57,2,22,2,26,0,0,18,16,3.20
71875119,2013,千葉ロッテ,4,0,2,0,0,0,0,0,0,.000,70,13.1,28,1,2,2,8,1,0,12,12,8.10
71775111,2001,大阪近鉄,5,1,0,0,,,0,0,0,1.000,35,6.1,12,1,4,0,6,1,0,10,10,14.21
71775111,2002,大阪近鉄,27,3,3,0,,,0,0,0,.500,257,63.1,49,3,17,4,61,4,0,19,18,2.56
71775111,2004,大阪近鉄,19,2,7,0,,,0,0,0,.222,283,64.2,54,7,38,3,42,2,0,35,35,4.87
71775111,2005,オリックス,8,1,3,0,0,1,0,0,0,.250,80,17.1,20,5,11,1,11,2,0,12,12,6.23
71775111,2006,オリックス,21,0,1,0,1,1,0,0,0,.000,88,19.2,23,2,8,0,19,0,0,7,7,3.20
71775111,2007,オリックス,54,4,3,0,8,12,0,0,0,.571,226,55,48,3,18,1,47,2,0,18,16,2.62
71775111,2008,オリックス,10,1,2,0,1,2,0,0,0,.333,70,15.1,21,3,3,1,8,0,0,16,15,8.80
71775111,2009,オリックス,6,1,2,0,0,0,0,0,0,.333,89,20,18,1,14,0,4,0,0,12,11,4.95
71775111,2010,読売,21,1,1,0,3,4,0,0,0,.500,100,24.2,15,1,11,2,19,3,0,3,3,1.09
71775111,2011,読売,46,1,3,0,12,13,0,0,0,.250,157,36.1,31,3,20,2,24,1,0,16,15,3.72
71775111,2012,読売,40,3,1,0,6,9,0,0,0,.750,169,43.2,34,0,8,0,25,3,0,9,7,1.44
71775111,2013,読売,1,0,0,0,1,1,0,0,0,.000,7,2,2,0,0,0,1,0,0,0,0,0.00
01905131,2010,読売,4,0,1,0,0,0,0,0,0,.000,16,3.2,1,1,3,1,5,1,0,3,3,7.36
61963887,1995,西武,4,0,0,0,,,0,0,0,.000,21,6,3,1,0,0,4,0,0,1,1,1.50
61963887,1996,西武,18,5,5,0,,,3,1,0,.500,441,108,101,17,25,3,88,2,0,40,37,3.08
61963887,1997,西武,23,10,6,0,,,6,3,1,.625,616,150.2,128,14,54,2,86,2,0,54,49,2.93
61963887,1998,西武,7,4,2,0,,,0,0,0,.667,158,39.1,34,4,9,0,31,1,0,19,19,4.35
61963887,1999,西武,20,10,4,0,,,4,2,2,.714,490,122.2,111,12,16,3,91,1,2,57,53,3.89
61963887,2000,西武,26,5,9,1,,,1,0,0,.357,500,118.1,130,12,27,2,90,3,2,52,50,3.80
61963887,2001,西武,47,5,3,28,,,0,0,0,.625,196,47.2,42,7,12,1,58,1,2,15,15,2.83
61963887,2002,西武,57,6,1,38,,,0,0,0,.857,204,57.1,32,1,3,1,66,1,1,5,5,0.78
61963887,2003,西武,58,2,3,38,,,0,0,0,.400,215,58,37,2,9,1,54,1,1,8,8,1.24
61963887,2004,西武,34,5,1,11,,,0,0,0,.833,142,36.2,26,1,5,0,39,1,0,5,4,0.98
61963887,2005,西武,35,3,1,19,3,6,0,0,0,.750,150,34,42,4,6,0,31,0,0,17,15,3.97
61963887,2006,読売,38,1,4,13,7,8,0,0,0,.200,159,38,39,2,6,0,46,0,0,14,14,3.32
61963887,2007,読売,47,2,5,4,20,22,0,0,0,.286,195,48,46,2,8,2,56,1,0,18,18,3.38
61963887,2008,読売,50,3,2,0,26,29,0,0,0,.600,186,46.1,45,4,5,1,49,2,0,17,17,3.30
61963887,2009,読売,46,2,2,5,15,17,0,0,0,.500,172,40.2,35,3,15,1,32,1,0,13,9,1.99
61963887,2010,読売,16,1,1,0,3,4,0,0,0,.500,70,14.1,22,3,6,0,18,0,0,7,7,4.40
61963887,2011,広島東洋,32,2,1,0,7,9,0,0,0,.667,104,26.1,27,3,1,0,20,0,0,9,9,3.08
31035110,2007,読売,1,0,0,0,0,0,0,0,0,.000,4,0.2,1,0,1,0,0,0,0,0,0,0.00
31035110,2008,読売,28,2,0,0,2,2,1,0,0,1.000,213,54,35,7,16,3,53,3,0,17,17,2.83
31035110,2009,読売,27,8,8,0,0,0,1,1,0,.500,652,153.1,133,18,57,13,133,6,0,61,54,3.17
31035110,2010,読売,27,13,8,0,0,0,1,1,1,.619,673,157,152,11,55,9,140,4,1,64,57,3.27
31035110,2011,読売,31,8,11,2,0,1,2,0,1,.421,670,161,141,7,55,5,115,3,0,72,62,3.47
31035110,2012,読売,1,0,0,0,0,0,0,0,0,.000,18,5,3,1,0,1,2,0,0,2,2,3.60
31035110,2013,オリックス,6,1,3,0,0,0,0,0,0,.250,101,21.1,25,2,15,0,15,2,0,17,17,7.17
31035110,2015,横浜DeNA,3,0,0,0,0,0,0,0,0,.000,20,4,4,0,4,0,0,0,0,3,3,6.75
61065112,2006,読売,7,0,0,0,0,0,0,0,0,.000,35,7.2,11,3,1,0,5,1,0,7,7,8.22
61065112,2008,読売,13,0,1,0,0,0,0,0,0,.000,91,21.1,21,3,8,0,11,1,0,11,11,4.64
61065112,2009,読売,5,0,0,0,0,0,0,0,0,.000,25,6.2,4,1,3,0,4,0,0,3,3,4.05
61065112,2010,東北楽天,2,0,0,0,0,0,0,0,0,.000,7,1,4,1,0,0,0,0,0,4,4,36.00
71075113,2001,中日,2,0,1,0,,,0,0,0,.000,45,9,12,0,5,0,5,1,0,8,6,6.00
71075113,2005,中日,2,1,1,0,0,1,0,0,0,.500,18,4,3,1,2,0,3,0,0,2,2,4.50
71075113,2006,中日,13,1,0,0,0,1,0,0,0,1.000,46,10,9,1,7,1,14,0,0,4,4,3.60
71075113,2008,中日,13,0,0,0,0,0,0,0,0,.000,44,10.1,6,1,6,0,5,1,0,4,4,3.48
71075113,2009,中日,2,0,0,0,0,0,0,0,0,.000,21,4.1,6,0,1,0,4,1,0,3,3,6.23
71075113,2010,読売,2,0,0,0,0,0,0,0,0,.000,16,3,4,0,3,0,1,0,0,2,2,6.00
31035119,2004,読売,3,0,0,0,,,0,0,0,.000,29,3.2,13,2,5,0,3,1,0,9,9,22.09
31035119,2005,読売,12,2,4,0,0,0,0,0,0,.333,182,39.1,54,5,13,1,23,2,0,25,25,5.72
31035119,2006,読売,31,5,7,0,1,4,0,0,0,.417,500,117.1,113,14,40,6,83,2,0,49,46,3.53
31035119,2007,読売,57,1,0,1,10,11,0,0,0,1.000,292,66,68,5,24,6,28,2,0,35,32,4.36
31035119,2008,読売,43,6,2,0,12,18,0,0,0,.750,193,45,41,0,16,3,26,4,1,16,15,3.00
31035119,2009,読売,11,2,0,0,0,2,0,0,0,1.000,59,12.2,15,1,5,1,10,1,0,9,7,4.97
31035119,2010,読売,14,4,5,0,0,0,0,0,0,.444,325,73.2,85,10,18,6,38,2,0,45,37,4.52
31035119,2011,読売,37,7,5,0,4,4,1,0,0,.583,504,123.1,100,7,39,6,91,4,0,30,25,1.82
31035119,2012,読売,69,3,2,32,12,15,0,0,0,.600,276,71.1,41,3,22,2,58,1,0,15,9,1.14
31035119,2013,読売,71,4,3,42,10,14,0,0,0,.571,289,71.2,47,1,31,4,71,1,0,10,9,1.13
31035119,2014,読売,49,4,4,6,16,20,0,0,0,.500,229,51.1,59,2,22,1,39,1,0,21,17,2.98
31035119,2015,読売,1,0,0,0,0,0,0,0,0,.000,4,1,1,1,0,0,0,0,0,1,1,9.00
31035119,2016,読売,27,0,0,0,2,2,0,0,0,.000,134,28,30,2,16,5,25,1,0,11,10,3.21
31035119,2017,読売,45,0,2,0,10,10,0,0,0,.000,196,48,44,5,14,2,34,0,0,19,19,3.56
81085110,2005,読売,9,4,3,0,0,0,1,0,0,.571,210,47.2,51,12,17,0,32,2,0,36,35,6.61
81085110,2006,読売,26,1,3,0,3,4,0,0,0,.250,186,42,37,5,21,1,33,0,0,20,16,3.43
81085110,2007,読売,7,4,0,0,0,2,1,0,0,1.000,98,25,21,0,2,1,16,0,0,5,5,1.80
81085110,2008,読売,17,2,3,0,0,0,0,0,0,.400,226,52.2,58,8,11,4,39,1,0,30,29,4.96
81085110,2009,読売,25,0,1,1,3,3,0,0,0,.000,133,29,30,4,20,4,28,0,0,16,16,4.97
81085110,2010,読売,12,1,2,0,0,1,0,0,0,.333,89,19.1,22,6,9,1,12,0,0,16,14,6.52
81085110,2011,読売,12,1,0,0,3,4,0,0,0,1.000,56,13.2,12,0,3,0,10,0,0,5,3,1.98
81085110,2012,読売,3,0,0,0,0,0,0,0,0,.000,11,3,2,0,1,0,2,0,0,0,0,0.00
01203886,1998,千葉ロッテ,56,6,4,7,,,0,0,0,.600,270,66.1,62,3,19,1,54,4,1,18,16,2.17
01203886,1999,千葉ロッテ,65,3,1,0,,,0,0,0,.750,249,61.1,57,5,13,1,57,0,1,23,22,3.23
01203886,2000,千葉ロッテ,70,2,1,0,,,0,0,0,.667,261,59,64,9,20,1,46,2,0,31,28,4.27
01203886,2001,千葉ロッテ,60,0,1,0,,,0,0,0,.000,132,30.2,36,3,6,0,24,0,0,17,16,4.70
01203886,2002,千葉ロッテ,50,0,2,0,,,0,0,0,.000,98,23.1,27,3,3,0,16,0,0,11,10,3.86
01203886,2003,千葉ロッテ,28,0,1,0,,,0,0,0,.000,84,18.2,23,3,7,2,17,0,0,11,9,4.34
01203886,2004,千葉ロッテ,62,1,1,0,,,0,0,0,.500,200,44,52,4,20,2,35,1,0,25,22,4.50
01203886,2005,千葉ロッテ,45,1,4,0,24,25,0,0,0,.200,154,38.2,27,2,13,1,31,1,0,12,11,2.56
01203886,2006,千葉ロッテ,56,4,3,0,23,27,0,0,0,.571,169,40.2,42,1,7,2,35,0,0,19,16,3.54
01203886,2007,千葉ロッテ,31,1,2,1,10,11,0,0,0,.333,76,15.2,28,2,2,1,12,1,0,23,22,12.64
01203886,2008,読売,39,0,0,0,13,13,0,0,0,.000,123,29,30,2,8,1,21,0,0,13,10,3.10
01203886,2009,読売,19,1,0,0,2,3,0,0,0,1.000,72,17.1,20,1,1,0,10,0,0,5,4,2.08
01203886,2011,福岡ソフトバンク,19,0,1,0,5,5,0,0,0,.000,45,9.1,10,1,5,3,8,0,0,10,10,9.64
91095111,2000,ヤクルト,31,1,0,0,,,0,0,0,1.000,137,32.1,23,5,18,2,36,3,1,18,17,4.73
91095111,2001,ヤクルト,27,14,8,0,,,2,1,0,.636,707,173.1,145,24,64,3,124,4,0,62,61,3.17
91095111,2002,ヤクルト,28,10,9,0,,,5,1,3,.526,789,195.2,167,25,44,5,171,6,0,72,67,3.08
91095111,2003,ヤクルト,1,0,0,0,,,0,0,0,.000,12,2.2,3,0,1,1,1,0,0,1,1,3.38
91095111,2004,ヤクルト,15,4,6,0,,,0,0,0,.400,356,78.1,91,16,28,7,73,0,0,53,48,5.51
91095111,2005,ヤクルト,28,10,12,0,0,1,0,0,0,.455,740,176,156,24,64,2,143,5,0,70,67,3.43
91095111,2006,東京ヤクルト,27,7,8,0,1,1,1,0,0,.467,553,128.2,124,15,45,6,88,4,1,64,63,4.41
91095111,2007,東京ヤクルト,25,7,10,0,1,1,0,0,0,.412,539,123,123,18,53,3,96,2,0,71,69,5.05
91095111,2008,北海道日本ハム,19,3,8,0,0,0,0,0,0,.273,488,110.2,115,11,41,5,76,2,0,46,40,3.25
91095111,2009,北海道日本ハム,22,7,5,0,0,0,0,0,0,.583,498,114.2,120,11,48,6,63,3,0,45,45,3.53
91095111,2010,読売,23,7,3,0,0,0,0,0,0,.700,501,122,107,16,34,6,91,4,3,53,51,3.76
91095111,2011,読売,1,0,0,0,0,0,0,0,0,.000,22,5,6,2,1,0,1,0,0,3,3,5.40
91095111,2012,横浜DeNA,16,7,7,0,0,0,0,0,0,.500,358,84,83,7,37,1,40,1,0,36,35,3.75
91095111,2013,横浜DeNA,21,6,5,0,0,0,3,1,0,.545,510,117,114,14,58,4,61,3,0,51,46,3.54
11415112,2007,読売,7,0,0,0,0,0,0,0,0,.000,33,8.1,7,1,0,1,6,0,0,7,7,7.56
11415112,2009,読売,8,0,0,0,0,0,0,0,0,.000,17,4,4,1,1,1,4,0,0,4,4,9.00
31435112,2006,読売,22,3,2,0,6,9,0,0,0,.600,118,24.2,20,2,22,3,20,5,0,15,15,5.47
31435112,2007,読売,15,5,5,0,0,1,0,0,0,.500,276,59.2,77,3,25,3,46,3,0,36,35,5.28
31435112,2008,読売,2,0,0,0,0,0,0,0,0,.000,12,2.1,3,0,1,0,3,0,0,2,2,7.71
31435112,2009,読売,9,2,0,0,0,0,0,0,0,1.000,185,44,41,6,17,3,31,1,0,24,17,3.48
31435112,2010,読売,18,3,4,0,0,1,0,0,0,.429,182,44,36,4,17,3,22,0,1,19,18,3.68
31435112,2011,読売,6,0,1,0,0,0,0,0,0,.000,75,17.2,22,2,6,0,12,0,0,9,9,4.58
31435112,2012,読売,50,8,1,0,17,25,0,0,0,.889,236,61.2,32,2,26,0,51,2,0,11,11,1.61
31435112,2013,読売,17,1,1,0,0,1,0,0,0,.500,89,18,25,3,10,1,14,0,0,12,10,5.00
31435112,2014,読売,12,0,1,0,2,2,0,0,0,.000,71,14,23,2,6,1,6,0,0,16,15,9.64
71475116,2009,読売,6,0,0,0,0,0,0,0,0,.000,18,4,5,0,2,0,0,0,0,2,2,4.50
13115131,2010,読売,3,0,1,0,0,0,0,0,0,.000,43,7.2,13,1,6,0,6,1,0,9,9,10.57
21225131,2010,読売,34,0,0,0,1,1,0,0,0,.000,156,34.1,32,7,18,3,24,1,0,17,15,3.93
21225131,2011,読売,3,0,0,0,0,0,0,0,0,.000,13,2.2,3,0,2,1,1,0,0,4,4,13.50
21225131,2012,読売,6,1,0,0,1,2,0,0,0,1.000,41,10.1,9,1,1,1,7,0,0,4,4,3.48
11415110,2005,北海道日本ハム,32,3,0,1,9,12,0,0,0,1.000,175,46.2,32,2,8,2,47,1,0,12,12,2.31
11415110,2006,北海道日本ハム,64,5,1,39,4,9,0,0,0,.833,270,65.2,55,5,20,4,67,2,0,16,16,2.19
11415110,2007,北海道日本ハム,56,1,1,34,2,3,0,0,0,.500,235,58.1,42,4,14,4,49,2,0,15,14,2.16
11415110,2008,北海道日本ハム,46,2,2,28,2,4,0,0,0,.500,186,46.1,32,2,12,6,47,0,0,11,11,2.14
11415110,2009,読売,29,1,2,0,5,6,0,0,0,.333,126,27.2,34,5,9,3,28,0,0,19,19,6.18
11415110,2010,読売,37,1,0,1,5,6,0,0,0,1.000,168,42,35,4,9,1,33,0,0,12,9,1.93
11415110,2011,読売,7,1,0,0,0,1,0,0,0,1.000,35,8.1,9,0,1,2,3,0,0,4,4,4.32
11415110,2012,埼玉西武,17,0,3,1,4,4,0,0,0,.000,96,22,22,1,7,2,20,3,0,12,7,2.86
31635116,2017,北海道日本ハム,15,1,2,0,0,0,0,0,0,.333,225,52,43,4,27,4,39,3,2,18,16,2.77
31635116,2018,北海道日本ハム,18,6,3,0,0,1,0,0,0,.667,319,77,70,5,18,5,45,1,0,32,28,3.27
31635116,2019,北海道日本ハム,13,0,2,0,2,2,0,0,0,.000,138,34,32,4,5,2,23,0,0,15,12,3.18
31635116,2020,北海道日本ハム,21,1,1,0,5,6,0,0,0,.500,161,38,38,3,12,3,23,0,0,16,15,3.55
31635116,2021,北海道日本ハム,8,0,0,0,0,0,0,0,0,.000,53,9.2,18,1,9,0,5,1,0,10,10,9.31
71875112,2007,読売,32,2,0,0,2,4,0,0,0,1.000,114,25.1,24,2,15,2,21,3,1,14,11,3.91
71875112,2008,読売,67,11,2,2,23,34,0,0,0,.846,293,73.2,61,3,12,3,69,4,0,20,19,2.32
71875112,2009,読売,73,9,1,4,35,44,0,0,0,.900,292,78,53,1,14,5,62,3,0,12,11,1.27
71875112,2010,読売,73,8,3,5,20,27,0,0,0,.727,364,88.2,80,10,16,8,85,6,0,33,30,3.05
71875112,2011,読売,60,5,1,2,25,30,0,0,0,.833,239,61.2,45,2,16,3,38,4,0,12,12,1.75
71875112,2012,読売,72,3,2,5,44,47,0,0,0,.600,277,75.1,47,1,7,3,68,2,0,7,7,0.84
71875112,2013,読売,64,4,3,6,38,42,0,0,0,.571,262,66.2,47,1,17,2,55,3,0,12,9,1.22
71875112,2014,読売,60,4,3,2,35,39,0,0,0,.571,246,56.1,61,1,20,6,42,1,1,19,19,3.04
71875112,2015,読売,60,4,5,2,29,33,0,0,0,.444,216,52.2,48,5,15,2,31,2,0,18,16,2.73
71875112,2016,読売,63,1,6,1,19,20,0,0,0,.143,204,48,48,6,12,2,28,1,0,30,26,4.88
71875112,2017,読売,18,1,1,0,3,4,0,0,0,.500,62,13.1,14,1,8,0,10,0,0,6,6,4.05
43545112,2010,読売,2,0,0,0,0,0,0,0,0,.000,28,5,8,0,4,1,4,2,0,7,7,12.60
43345118,2010,読売,6,1,0,0,0,1,0,0,0,1.000,30,7.2,7,1,0,0,9,0,0,3,0,0.00
43345118,2011,読売,41,1,3,11,8,9,0,0,0,.250,174,41,35,1,19,1,36,2,0,15,15,3.29
43345118,2012,読売,1,0,0,0,0,0,0,0,0,.000,5,1,0,0,1,0,1,0,0,1,0,0.00
43345118,2012,福岡ソフトバンク,3,0,0,0,0,0,0,0,0,.000,13,2.2,5,1,0,0,2,0,0,4,3,10.13
61865133,2011,読売,46,2,2,2,6,8,0,0,0,.500,219,51.1,43,2,19,5,44,0,0,17,14,2.45
51955133,2011,読売,3,0,0,0,0,0,0,0,0,.000,59,13,14,0,7,1,8,0,0,5,5,3.46
51955133,2012,読売,10,2,2,0,1,1,0,0,0,.500,168,43.1,29,1,11,0,28,3,0,11,9,1.87
51955133,2013,読売,10,0,2,0,1,1,0,0,0,.000,150,35,34,4,15,1,31,4,0,17,15,3.86
51955133,2014,読売,16,6,2,0,0,0,1,0,0,.750,390,93.1,85,7,28,3,71,5,0,27,25,2.41
51955133,2015,読売,7,0,1,1,2,2,0,0,0,.000,68,15.2,18,2,7,0,10,2,0,7,7,4.02
51955133,2016,読売,9,0,1,0,1,1,0,0,0,.000,58,13,15,1,5,0,12,0,0,7,7,4.85
51955133,2017,東北楽天,5,0,0,0,0,0,0,0,0,.000,32,5.2,11,0,5,1,4,0,0,8,7,11.12
81985133,2011,読売,29,11,11,0,0,0,5,1,1,.500,786,200,149,14,45,5,174,5,3,53,45,2.03
81985133,2012,読売,27,10,10,0,0,0,2,1,0,.500,716,169.2,172,12,54,4,138,2,0,56,54,2.86
81985133,2013,読売,34,5,10,0,6,7,3,1,0,.333,654,158.1,138,18,43,5,148,5,0,58,55,3.13
81985133,2014,読売,12,5,3,0,0,1,2,1,0,.625,299,72.2,69,3,14,2,66,5,0,31,30,3.72
81985133,2015,読売,60,7,3,36,3,10,0,0,0,.700,282,68.1,58,4,21,3,60,2,0,12,10,1.32
81985133,2016,読売,63,6,4,37,4,10,0,0,0,.600,271,64.1,60,5,22,1,55,9,1,20,19,2.66
81985133,2018,読売,49,1,6,0,24,25,0,0,0,.143,238,52.1,55,4,27,3,54,3,0,29,27,4.64
81985133,2019,読売,43,2,2,1,13,15,0,0,0,.500,197,48.1,40,3,17,3,55,1,0,14,14,2.61
81985133,2020,読売,13,1,1,0,1,2,0,0,0,.500,64,13.1,14,1,8,2,11,0,0,9,9,6.08
81985133,2020,千葉ロッテ,22,0,2,1,13,13,0,0,0,.000,82,21,10,2,10,0,29,3,0,4,4,1.71
81985133,2023,千葉ロッテ,34,4,3,3,14,18,0,0,0,.571,148,33,33,6,18,1,24,0,1,18,18,4.91
81985133,2024,千葉ロッテ,39,1,2,1,15,16,0,0,0,.333,146,35,24,3,19,2,26,3,0,13,13,3.34
81985133,2025,千葉ロッテ,20,0,1,0,6,6,0,0,0,.000,84,18.1,16,0,15,1,10,1,0,8,8,3.93
31935119,2004,北海道日本ハム,5,0,2,0,,,0,0,0,.000,68,12.2,21,3,10,0,8,1,0,13,13,9.24
31935119,2005,北海道日本ハム,1,0,0,0,0,0,0,0,0,.000,30,9,4,0,2,0,6,0,0,0,0,0.00
31935119,2006,北海道日本ハム,1,0,0,0,0,0,0,0,0,.000,23,6,4,1,2,0,3,0,0,1,1,1.50
31935119,2007,北海道日本ハム,3,0,0,0,0,0,0,0,0,.000,12,1.1,6,2,2,0,0,0,0,8,8,54.00
31935119,2009,北海道日本ハム,9,0,1,0,2,2,0,0,0,.000,83,18,20,6,8,3,7,0,0,17,17,8.50
31935119,2010,北海道日本ハム,5,0,0,0,0,0,0,0,0,.000,47,10.1,14,1,5,0,9,1,0,9,9,7.84
31935119,2014,読売,1,0,0,0,0,0,0,0,0,.000,5,0.1,3,0,1,0,0,0,0,3,3,81.00
31935119,2015,北海道日本ハム,5,0,0,0,0,0,0,0,0,.000,24,5.1,7,2,1,0,2,1,0,4,3,5.06
03105133,2011,読売,6,1,2,0,0,0,0,0,0,.333,121,27.1,31,4,11,1,19,2,2,19,19,6.26
21625133,2012,読売,17,6,2,0,0,0,1,1,0,.750,386,97,76,4,28,3,54,3,1,27,20,1.86
21625133,2013,読売,17,6,7,0,0,0,0,0,0,.462,401,87.2,113,8,35,2,50,2,0,52,48,4.93
21625133,2014,読売,3,1,1,0,0,0,0,0,0,.500,64,14,22,3,3,1,6,2,0,11,10,6.43
21625133,2015,読売,39,3,1,1,5,8,0,0,0,.750,194,49,38,4,15,0,28,3,0,17,16,2.94
21625133,2016,読売,34,4,1,0,6,10,0,0,0,.800,162,39.2,38,6,9,0,14,0,0,14,13,2.95
21625133,2017,読売,17,1,7,0,1,1,0,0,0,.125,246,57,64,5,18,0,41,0,1,32,30,4.74
21625133,2018,読売,29,0,0,0,4,4,0,0,0,.000,133,32,27,4,10,3,25,0,0,8,7,1.97
21625133,2019,読売,28,0,2,0,3,3,0,0,0,.000,122,29.2,26,2,9,1,21,1,0,16,13,3.94
21625133,2020,読売,21,0,0,0,0,0,0,0,0,.000,109,25.1,27,5,8,0,22,1,0,15,15,5.33
21625133,2021,横浜DeNA,3,1,1,0,0,0,0,0,0,.500,68,16,18,3,5,0,14,0,0,11,11,6.19
21625133,2022,横浜DeNA,17,0,0,0,2,2,0,0,0,.000,103,20.2,35,6,5,1,13,1,0,20,20,8.71
21625133,2023,横浜DeNA,2,0,0,0,0,0,0,0,0,.000,21,4,7,1,1,0,3,0,0,4,3,6.75
21125135,2012,読売,4,0,0,0,0,0,0,0,0,.000,21,5,5,0,0,1,3,0,0,3,2,3.60
21125135,2013,読売,9,0,0,0,0,0,0,0,0,.000,44,10.1,11,0,3,0,8,1,0,6,6,5.23
21125135,2014,広島東洋,31,2,0,2,16,18,0,0,0,1.000,114,31,16,0,7,0,27,0,0,3,2,0.58
21125135,2015,広島東洋,38,2,4,1,7,9,0,0,0,.333,176,37,42,5,21,1,35,0,0,21,17,4.14
21125135,2016,広島東洋,27,1,1,0,5,6,0,0,0,.500,96,24.2,16,0,10,0,21,0,0,5,5,1.82
21125135,2017,広島東洋,59,6,2,1,19,25,0,0,0,.750,234,58.1,42,1,20,0,58,1,0,14,12,1.85
21125135,2018,広島東洋,59,5,6,2,18,23,0,0,0,.455,238,56.1,46,7,22,0,61,1,0,20,18,2.88
21125135,2019,広島東洋,33,0,0,0,16,16,0,0,0,.000,133,31,29,1,10,2,18,2,0,11,10,2.90
21125135,2020,広島東洋,19,0,1,1,2,2,0,0,0,.000,81,17.1,25,2,5,1,14,0,0,12,12,6.23
21125135,2022,広島東洋,10,1,0,0,1,2,0,0,0,1.000,41,8.2,15,0,1,0,7,0,0,2,2,2.08
21125135,2023,広島東洋,1,0,0,0,0,0,0,0,0,.000,1,0.1,0,0,0,0,1,0,0,0,0,0.00
31335135,2013,読売,3,1,1,0,0,0,0,0,0,.500,69,17,18,2,4,0,14,0,0,4,4,2.12
31335135,2014,読売,13,2,1,0,1,1,0,0,0,.667,172,36.1,47,9,14,2,19,3,0,29,25,6.19
31335135,2016,読売,16,3,4,0,0,0,0,0,0,.429,346,77.1,87,11,36,2,60,3,0,49,48,5.59
31335135,2017,読売,3,0,2,0,0,0,0,0,0,.000,34,6.1,12,1,3,1,6,0,0,5,4,5.68
31335135,2018,読売,13,6,2,0,0,0,1,1,1,.750,328,77,80,8,26,3,51,2,0,34,33,3.86
31335135,2019,読売,17,3,2,0,0,0,0,0,0,.600,349,81.2,82,9,26,8,54,1,0,39,37,4.08
31335135,2020,読売,12,5,2,0,0,0,0,0,0,.714,260,62.2,53,8,21,2,55,0,0,23,22,3.16
31335135,2021,読売,17,3,4,0,0,1,1,1,0,.429,274,63,66,5,22,3,59,0,0,21,19,2.71
31335135,2022,読売,55,2,4,0,21,23,0,0,0,.333,227,53,45,3,22,4,34,1,0,24,21,3.57
31335135,2023,読売,24,0,0,0,2,2,0,0,0,.000,119,26,29,1,11,1,13,1,0,12,11,3.81
31335135,2024,読売,7,0,0,0,0,0,0,0,0,.000,30,8,6,0,1,1,7,0,0,2,2,2.25
71375135,2012,読売,7,0,2,0,0,0,0,0,0,.000,65,14.2,12,2,7,1,14,0,0,7,4,2.45
71375135,2013,読売,4,1,0,0,0,1,0,0,0,1.000,19,4,7,0,0,0,2,0,0,2,2,4.50
71375135,2014,読売,19,0,2,0,0,0,0,0,0,.000,119,29,28,1,9,1,15,1,1,9,9,2.79
71375135,2016,読売,2,0,1,0,0,0,0,0,0,.000,47,8.2,14,0,7,0,4,0,0,8,7,7.27
71375135,2017,読売,2,0,0,0,0,0,0,0,0,.000,14,3,5,2,0,0,2,0,0,5,5,15.00
81585116,2008,福岡ソフトバンク,40,4,1,3,15,19,0,0,0,.800,172,36,48,2,12,4,20,3,1,15,13,3.25
81585116,2009,福岡ソフトバンク,18,1,0,0,0,1,0,0,0,1.000,78,19,14,2,9,0,13,0,0,7,5,2.37
81585116,2010,福岡ソフトバンク,4,0,0,0,0,0,0,0,0,.000,20,3,4,0,7,0,1,0,0,6,6,18.00
61765115,2002,読売,12,6,3,0,,,0,0,0,.667,289,70,72,10,13,3,42,0,1,31,29,3.73
61765115,2003,読売,30,3,8,2,,,1,0,0,.273,260,56.2,67,10,22,7,39,3,0,37,34,5.40
61765115,2004,読売,2,0,0,0,,,0,0,0,.000,22,5,6,0,1,0,5,0,0,3,3,5.40
61765115,2005,読売,4,1,0,0,0,1,0,0,0,1.000,41,7.2,14,1,3,2,1,2,0,9,8,9.39
61765115,2006,読売,25,2,0,1,0,2,0,0,0,1.000,115,25.2,27,3,11,1,18,0,0,13,11,3.86
61765115,2007,読売,17,0,0,0,0,0,0,0,0,.000,83,19.2,22,2,3,2,8,0,0,10,10,4.58
61765115,2008,横浜,26,2,4,0,3,5,0,0,0,.333,226,51.1,64,3,16,1,25,1,1,30,28,4.91
61765115,2009,横浜,68,5,4,0,19,24,0,0,0,.556,280,66.1,66,9,23,4,36,0,1,24,22,2.98
61765115,2010,横浜,62,3,8,0,16,19,0,0,0,.273,303,69.2,72,10,21,7,41,3,0,33,30,3.88
61765115,2011,横浜,53,2,0,0,3,5,0,0,0,1.000,214,49,66,4,8,4,18,0,0,25,23,4.22
61765115,2012,読売,1,0,0,0,0,0,0,0,0,.000,4,+,4,0,0,0,0,0,0,3,3,----
61765115,2014,東京ヤクルト,12,0,1,0,0,0,0,0,0,.000,73,16.1,24,3,2,0,7,0,0,14,14,7.71
31935115,2002,福岡ダイエー,11,2,2,0,,,0,0,0,.500,204,44,48,5,23,4,46,1,0,29,29,5.93
31935115,2003,福岡ダイエー,27,10,8,0,,,3,2,0,.556,675,162.2,148,13,55,3,169,4,0,64,61,3.38
31935115,2004,福岡ダイエー,10,2,3,0,,,0,0,0,.400,216,45.2,56,8,27,2,51,2,0,36,35,6.90
31935115,2005,福岡ソフトバンク,26,18,4,0,0,0,8,2,2,.818,765,196.2,150,14,43,0,218,0,0,51,46,2.11
31935115,2006,福岡ソフトバンク,22,7,5,0,0,0,0,0,0,.583,558,132.2,130,15,44,5,114,2,0,57,52,3.53
31935115,2007,福岡ソフトバンク,28,15,6,0,0,0,5,3,3,.714,793,197.2,166,12,46,5,187,1,0,58,54,2.46
31935115,2008,福岡ソフトバンク,25,10,8,0,0,0,8,1,3,.556,776,196,162,15,36,2,213,3,0,63,58,2.66
31935115,2009,福岡ソフトバンク,26,15,5,0,0,0,6,1,0,.750,764,191,145,14,63,4,204,7,0,59,50,2.36
31935115,2010,福岡ソフトバンク,27,16,7,0,0,0,5,5,2,.696,779,182.2,169,12,60,8,218,10,0,75,72,3.55
31935115,2011,福岡ソフトバンク,23,8,7,0,0,0,7,3,0,.533,676,171.1,122,8,49,8,177,5,0,40,37,1.94
31935115,2012,読売,24,12,4,0,0,0,3,2,1,.750,634,163,116,6,43,3,172,9,0,42,37,2.04
31935115,2013,読売,24,11,6,0,0,0,2,1,0,.647,619,153,122,19,49,7,149,4,1,60,57,3.35
31935115,2014,読売,26,10,6,0,0,0,1,1,0,.625,654,159.1,144,18,41,5,145,1,0,59,56,3.16
31935115,2015,読売,17,6,6,0,0,0,0,0,0,.500,401,95.2,88,9,35,3,93,2,1,42,42,3.95
31035135,2012,読売,34,2,0,1,10,12,0,0,0,1.000,121,31.1,16,0,10,1,28,1,0,2,2,0.57
31035135,2013,読売,46,3,0,0,6,9,0,0,0,1.000,209,47.2,37,8,27,3,40,1,0,27,23,4.34
31035135,2014,読売,26,0,0,0,4,4,0,0,0,.000,116,28.1,24,4,9,1,26,0,0,15,15,4.76
31035135,2015,読売,33,1,0,0,1,2,0,0,0,1.000,167,41,31,4,13,0,43,1,0,10,10,2.20
31035135,2018,読売,3,0,0,0,0,0,0,0,0,.000,28,5,8,0,4,0,1,0,0,7,7,12.60
31035135,2019,読売,55,3,1,0,10,13,0,0,0,.750,220,54,51,11,13,0,48,1,0,23,23,3.83
31035135,2020,読売,17,0,1,1,4,4,0,0,0,.000,49,12.1,11,1,2,0,12,2,0,5,5,3.65
31035135,2021,読売,15,1,0,0,1,2,0,0,0,1.000,81,18.1,22,1,7,0,15,0,0,9,9,4.42
31035135,2022,読売,17,0,1,0,2,2,0,0,0,.000,86,19.1,19,1,8,0,13,1,0,9,6,2.79
31035135,2023,読売,1,0,0,0,0,0,0,0,0,.000,8,2,1,0,0,1,1,0,0,0,0,0.00
61065135,2012,読売,32,2,0,0,7,9,0,0,0,1.000,130,30.1,30,3,8,4,23,0,0,11,11,3.26
61065135,2013,読売,7,0,0,0,0,0,0,0,0,.000,39,9,9,0,4,1,8,0,0,6,6,6.00
61065135,2014,読売,20,0,1,0,3,3,0,0,0,.000,71,18.2,11,4,3,3,15,0,0,7,6,2.89
61065135,2015,読売,18,1,0,0,4,5,0,0,0,1.000,75,18,11,1,9,2,18,0,0,2,2,1.00
61065135,2016,読売,64,4,3,0,14,18,0,0,0,.571,233,54.2,56,3,22,3,29,0,1,22,21,3.46
61065135,2017,読売,27,1,1,0,1,2,0,0,0,.500,123,28,28,4,11,2,17,1,0,9,9,2.89
61065135,2018,読売,29,2,0,0,1,3,0,0,0,1.000,125,31.2,27,4,8,0,19,0,0,9,9,2.56
61065135,2019,読売,25,2,2,0,5,7,0,0,0,.500,70,16.2,14,1,7,0,9,1,0,8,8,4.32
51255135,2014,読売,12,1,0,0,0,1,0,0,0,1.000,56,11.2,15,3,6,0,8,0,0,10,10,7.71
51255135,2015,読売,11,1,0,0,0,1,0,0,0,1.000,57,12.2,14,1,6,0,13,0,0,9,9,6.39
51255135,2016,読売,7,0,0,1,0,0,0,0,0,.000,38,8.1,12,0,3,0,6,2,0,6,6,6.48
43145116,2008,福岡ソフトバンク,28,4,7,6,0,2,0,0,0,.364,366,84.1,82,10,31,3,86,0,0,44,40,4.27
43145116,2009,福岡ソフトバンク,25,11,8,0,0,0,3,0,1,.579,680,171,137,22,43,6,138,2,0,58,55,2.89
43145116,2010,福岡ソフトバンク,16,8,6,0,0,0,0,0,0,.571,349,79,97,11,25,1,69,1,0,52,50,5.70
43145116,2011,福岡ソフトバンク,26,19,6,0,0,0,3,2,2,.760,680,172.1,132,8,36,7,121,2,0,43,42,2.19
43145116,2012,読売,25,12,8,0,0,0,0,0,0,.600,630,158,116,11,44,8,132,0,0,46,43,2.45
43145116,2013,読売,18,9,4,0,0,0,1,0,1,.692,426,103.2,85,14,32,5,67,5,0,45,43,3.73
63165135,2012,読売,40,2,0,10,8,10,0,0,0,1.000,165,42,30,1,11,1,48,2,0,9,8,1.71
63165135,2013,読売,63,2,2,0,40,42,0,0,0,.500,235,61,36,2,18,2,77,5,0,8,7,1.03
63165135,2014,読売,64,6,6,30,8,14,0,0,0,.500,277,65.1,59,8,23,1,75,7,0,27,26,3.58
63165135,2015,読売,63,3,8,2,28,31,0,0,0,.273,244,58.1,47,5,21,2,55,1,0,22,17,2.62
63165135,2016,読売,70,8,4,1,41,49,0,0,0,.667,325,80,65,7,22,1,98,2,0,27,21,2.36
63165135,2017,読売,59,4,4,2,27,31,0,0,0,.500,270,68.1,52,6,18,1,79,1,0,18,17,2.24
63165135,2018,読売,34,0,3,8,14,14,0,0,0,.000,133,33.1,21,3,13,1,41,0,0,12,11,2.97
63165135,2019,読売,28,2,2,1,8,10,0,0,0,.500,104,22.2,28,2,9,0,19,0,0,11,11,4.37
51155114,2007,広島東洋,29,5,11,0,0,1,0,0,0,.313,549,128.1,144,21,28,3,89,2,1,70,68,4.77
51155114,2008,広島東洋,24,0,3,0,1,1,0,0,0,.000,242,55.1,69,8,12,1,28,0,1,32,29,4.72
51155114,2009,広島東洋,29,2,3,0,0,0,0,0,0,.400,307,74,76,10,16,2,50,0,0,40,39,4.74
51155114,2010,広島東洋,19,1,6,0,2,2,1,1,0,.143,305,65.1,102,8,12,4,45,1,1,51,49,6.75
51155114,2011,広島東洋,76,2,4,0,20,22,0,0,0,.333,231,55,50,4,21,3,39,1,0,21,20,3.27
51155114,2013,読売,34,5,1,0,0,5,0,0,0,.833,120,31.1,19,1,7,2,19,0,0,10,10,2.87
51155114,2014,読売,38,2,2,0,9,11,0,0,0,.500,131,33,30,1,8,2,15,1,0,9,9,2.45
91195131,2010,オリックス,17,0,0,0,2,2,0,0,0,.000,75,14.2,23,2,9,2,10,1,0,17,17,10.43
91195131,2011,オリックス,5,0,0,0,0,0,0,0,0,.000,36,9,8,1,1,0,8,1,0,4,4,4.00
91195131,2013,読売,2,1,0,0,0,0,0,0,0,1.000,27,7,6,0,1,0,3,2,0,2,2,2.57
91195131,2014,読売,4,0,0,0,0,0,0,0,0,.000,24,5,7,1,3,0,4,0,0,3,3,5.40
71675137,2013,読売,14,1,0,0,2,3,0,0,0,1.000,57,13,15,4,4,0,12,0,1,8,8,5.54
01305119,2004,大阪近鉄,1,0,0,0,,,0,0,0,.000,13,2,4,0,2,1,2,0,0,4,4,18.00
01305119,2005,オリックス,47,3,1,0,10,13,0,0,0,.750,197,49.2,39,4,10,3,25,0,0,16,13,2.36
01305119,2006,オリックス,6,0,1,0,0,0,0,0,0,.000,27,5.2,5,1,5,0,3,0,0,8,8,12.71
01305119,2007,オリックス,3,0,0,0,0,0,0,0,0,.000,24,5,6,1,2,2,0,0,0,4,4,7.20
01305119,2008,オリックス,32,4,0,0,8,11,0,0,0,1.000,191,46.1,43,2,13,5,20,0,0,18,16,3.11
01305119,2009,オリックス,64,3,3,0,20,23,0,0,0,.500,268,64.2,65,7,15,5,35,1,0,33,30,4.18
01305119,2010,オリックス,46,3,1,1,4,7,0,0,0,.750,243,56.2,60,3,14,4,35,3,0,22,19,3.02
01305119,2011,オリックス,46,1,2,0,16,17,0,0,0,.333,141,34,31,0,6,3,15,0,0,9,8,2.12
01305119,2012,オリックス,52,1,2,0,10,11,0,0,0,.333,176,40,42,2,15,2,21,1,0,23,23,5.18
01305119,2013,読売,19,0,0,0,3,3,0,0,0,.000,82,19,24,3,5,0,8,0,0,13,13,6.16
01305119,2014,読売,41,3,0,2,6,9,0,0,0,1.000,148,36.1,37,1,9,1,19,0,0,18,17,4.21
01305119,2015,読売,14,0,0,0,0,0,0,0,0,.000,58,14.1,14,2,2,0,5,0,0,9,6,3.77
81585137,2013,読売,3,0,0,0,0,0,0,0,0,.000,13,3,4,0,1,0,4,0,0,0,0,0.00
81585137,2016,読売,12,0,0,0,0,0,0,0,0,.000,50,11.2,10,1,3,2,12,1,0,5,5,3.86
81585137,2017,北海道日本ハム,41,3,0,0,3,6,0,0,0,1.000,154,36.2,39,2,8,2,33,2,0,11,11,2.70
81585137,2018,北海道日本ハム,57,2,0,0,11,13,0,0,0,1.000,226,54,51,3,14,1,52,3,0,15,13,2.17
81585137,2019,北海道日本ハム,61,2,0,1,17,19,0,0,0,1.000,213,52.1,41,5,18,1,31,1,0,24,23,3.96
81585137,2020,北海道日本ハム,29,0,2,1,8,8,0,0,0,.000,116,24,33,3,11,0,19,0,0,24,21,7.88
81585137,2021,北海道日本ハム,10,0,0,0,0,0,0,0,0,.000,34,7.1,12,1,2,1,6,0,1,3,3,3.68
81585137,2021,埼玉西武,14,0,0,0,3,3,0,0,0,.000,43,11.1,8,0,3,0,8,0,0,1,1,0.79
81585137,2022,埼玉西武,18,0,0,0,7,7,0,0,0,.000,36,9,5,0,5,1,8,0,0,0,0,0.00
81585137,2023,埼玉西武,7,1,1,0,0,1,0,0,0,.500,25,4.2,7,0,5,0,1,0,0,5,5,9.64
41745137,2013,読売,27,13,6,0,0,0,1,0,0,.684,729,176,166,10,37,5,155,2,0,70,61,3.12
41745137,2014,読売,23,12,5,0,0,0,3,0,1,.706,640,158.2,138,12,36,2,122,6,0,50,41,2.33
41745137,2015,読売,25,10,11,0,0,0,6,2,0,.476,710,179,148,10,41,7,126,3,0,46,38,1.91
41745137,2016,読売,26,9,6,0,0,0,5,2,3,.600,726,183.1,156,12,26,4,189,1,0,46,41,2.01
41745137,2017,読売,25,17,5,0,0,0,6,4,3,.773,713,187.1,129,10,31,1,171,1,0,36,33,1.59
41745137,2018,読売,28,15,8,0,0,0,10,8,4,.652,801,202,166,14,37,3,200,3,0,52,48,2.14
41745137,2019,読売,22,11,6,0,0,0,3,1,1,.647,577,136.1,138,20,32,3,120,0,0,65,59,3.89
41745137,2020,読売,20,14,2,0,0,0,3,3,0,.875,532,137.1,97,8,25,7,131,2,0,33,30,1.97
41745137,2021,読売,19,6,7,0,0,0,2,1,0,.462,465,115.2,90,15,25,7,102,1,0,41,41,3.19
41745137,2022,読売,23,10,7,0,0,0,0,0,0,.588,596,147,138,15,26,6,104,2,0,52,51,3.12
41745137,2023,読売,14,4,8,0,0,0,0,0,0,.333,315,77.2,70,10,15,3,54,0,0,30,29,3.36
41745137,2024,読売,24,15,3,0,0,0,3,1,3,.833,608,156.2,132,6,16,4,111,4,0,31,29,1.67
11515115,2003,広島東洋,3,1,1,0,,,0,0,0,.500,36,8,9,2,3,0,5,0,0,6,5,5.63
11515115,2004,広島東洋,43,6,5,17,,,1,0,0,.545,351,82,68,11,40,4,91,2,0,33,29,3.18
11515115,2005,広島東洋,28,10,12,0,0,0,0,0,0,.455,734,161.2,171,22,87,7,161,9,4,110,101,5.62
11515115,2006,広島東洋,30,6,13,0,0,0,2,0,1,.316,682,157,172,25,54,2,110,4,0,92,86,4.93
11515115,2007,広島東洋,27,9,10,0,0,0,3,1,0,.474,623,145.2,137,15,59,6,104,11,0,72,61,3.77
11515115,2008,広島東洋,28,9,13,0,1,1,3,1,0,.409,752,171,189,19,67,5,99,6,1,89,73,3.84
11515115,2009,広島東洋,29,10,8,0,0,0,5,3,1,.556,781,185.2,177,10,60,4,127,10,1,72,58,2.81
11515115,2010,広島東洋,3,1,0,0,0,0,0,0,0,1.000,86,18,22,2,10,2,9,1,0,10,10,5.00
11515115,2011,広島東洋,6,1,1,0,0,0,0,0,0,.500,129,31.2,28,1,7,0,15,0,0,7,6,1.71
11515115,2012,広島東洋,24,11,5,0,0,0,0,0,0,.688,618,144.2,144,6,43,5,85,3,0,44,38,2.36
11515115,2013,広島東洋,25,10,10,0,0,0,1,0,0,.500,675,163,152,13,49,4,100,4,0,64,61,3.37
11515115,2014,読売,22,9,6,0,0,0,1,0,0,.600,546,129,127,13,34,4,79,4,0,60,57,3.98
11515115,2015,読売,11,3,4,0,0,0,0,0,0,.429,227,56,56,5,11,0,35,0,0,21,20,3.21
11515115,2016,読売,17,6,6,0,0,0,0,0,0,.500,393,91.1,91,6,30,1,71,3,0,40,36,3.55
11515115,2017,読売,13,4,4,0,0,0,0,0,0,.500,300,69,75,9,18,3,50,0,1,41,39,5.09
11515115,2018,読売,2,1,1,0,0,0,0,0,0,.500,42,9,13,2,2,0,5,0,0,6,6,6.00
11515115,2019,読売,32,4,0,0,8,12,0,0,0,1.000,111,26,26,2,8,0,24,1,0,9,8,2.77
11515115,2020,読売,29,1,2,0,16,17,0,0,0,.333,100,24.1,20,3,9,1,16,0,0,9,7,2.59
11515115,2021,読売,4,0,0,0,1,1,0,0,0,.000,11,2.1,5,0,0,0,0,0,0,1,1,3.86
81885139,2014,読売,10,4,5,0,0,0,0,0,0,.444,226,52,58,5,20,0,37,4,2,27,27,4.67
01905139,2016,読売,1,0,1,0,0,0,0,0,0,.000,18,3.2,4,1,3,0,4,0,0,4,4,9.82
01905139,2017,横浜DeNA,4,1,3,0,0,0,0,0,0,.250,71,14,21,4,9,1,6,0,0,16,11,7.07
01905139,2018,横浜DeNA,13,5,3,0,0,0,0,0,0,.625,284,67,65,9,29,0,53,2,0,29,26,3.49
01905139,2019,横浜DeNA,15,5,6,0,0,0,0,0,0,.455,289,70,68,9,17,0,55,0,1,34,32,4.11
01905139,2020,横浜DeNA,14,4,6,0,0,0,1,0,0,.400,335,83.1,75,3,17,2,65,0,0,24,21,2.27
01905139,2021,横浜DeNA,2,0,0,0,0,0,0,0,0,.000,39,10,6,0,3,0,6,0,0,1,1,0.90
01905139,2023,横浜DeNA,11,4,4,0,0,0,0,0,0,.500,246,59.1,58,5,13,0,61,1,0,23,23,3.49
01905139,2024,横浜DeNA,4,2,0,0,0,0,1,1,1,1.000,108,29.2,24,1,2,0,22,0,0,4,4,1.21
01905139,2025,横浜DeNA,12,4,3,0,1,1,1,1,1,.571,228,55,54,5,11,1,46,0,0,19,18,2.95
01905139,2026,横浜DeNA,20,5,8,0,0,0,0,0,0,.385,425,100.1,99,9,21,5,104,1,0,40,38,3.41
41945139,2015,読売,13,3,5,0,0,0,0,0,0,.375,274,66.1,54,5,26,3,64,2,1,26,20,2.71
41945139,2016,読売,26,10,10,0,0,0,2,1,0,.500,668,162,150,15,49,6,126,1,0,54,49,2.72
41945139,2017,読売,26,13,4,0,0,0,3,2,1,.765,709,170.2,159,14,49,4,122,1,0,59,57,3.01
41945139,2018,読売,16,2,8,0,0,0,1,0,0,.200,396,86.1,113,13,27,6,60,1,0,52,46,4.80
41945139,2019,読売,55,3,3,1,14,17,0,0,0,.500,276,65.1,59,11,18,2,66,2,0,30,30,4.13
41945139,2020,読売,26,5,7,1,2,2,0,0,0,.417,379,89.1,91,10,26,5,58,2,0,48,46,4.63
41945139,2021,東京ヤクルト,33,5,9,0,4,5,0,0,0,.357,449,100.2,126,10,28,2,81,1,0,59,45,4.02
41945139,2022,東京ヤクルト,45,1,1,2,18,19,0,0,0,.500,143,36,30,0,8,3,31,1,0,7,5,1.25
41945139,2023,東京ヤクルト,50,3,5,33,6,9,0,0,0,.375,193,48.1,39,2,13,0,55,1,0,11,10,1.86
41945139,2024,東京ヤクルト,41,1,4,7,13,14,0,0,0,.200,139,33.2,34,2,9,1,22,2,0,14,11,2.94
41945139,2025,東京ヤクルト,36,1,1,0,11,12,0,0,0,.500,122,29.1,21,0,10,2,25,1,0,11,9,2.76
41945139,2026,東京ヤクルト,14,1,0,0,1,2,0,0,0,1.000,71,14.1,19,2,6,2,11,0,0,7,5,3.14
93595139,2015,読売,2,0,0,0,1,1,0,0,0,.000,13,3,3,0,1,0,3,0,0,1,1,3.00
93595139,2016,読売,3,0,0,0,0,0,0,0,0,.000,20,4,6,1,2,0,4,0,0,5,5,11.25
21925130,2017,読売,23,1,1,0,0,1,0,0,0,.500,117,27.1,25,2,14,1,19,3,0,13,11,3.62
21925130,2018,読売,7,0,0,0,0,0,0,0,0,.000,47,10,17,2,2,0,2,1,0,7,7,6.30
31035130,2015,読売,26,9,10,0,0,0,1,1,0,.474,678,163.2,143,16,47,8,131,6,0,66,58,3.19
31035130,2016,読売,25,5,9,0,0,0,0,0,0,.357,504,117,121,15,36,7,91,4,1,61,56,4.31
31035130,2017,読売,16,1,2,0,1,2,0,0,0,.333,108,27.1,20,4,5,3,15,0,0,9,8,2.63
31035130,2018,埼玉西武,8,1,2,0,0,0,0,0,0,.333,96,19.2,25,2,11,2,10,3,0,22,19,8.69
31035130,2019,埼玉西武,2,0,0,0,0,0,0,0,0,.000,16,2.1,4,1,4,1,1,0,0,7,2,7.71
21225130,2015,読売,46,1,1,1,5,6,0,0,0,.500,168,40.2,26,3,18,0,39,0,0,13,13,2.88
21225130,2016,読売,42,1,0,1,5,6,0,0,0,1.000,161,36,37,5,17,3,25,0,0,19,18,4.50
21225130,2017,読売,6,1,0,0,0,1,0,0,0,1.000,45,8,13,1,4,2,11,0,0,8,6,6.75
21225130,2019,読売,26,0,1,0,8,8,0,0,0,.000,104,22.2,17,2,17,3,21,0,0,7,5,1.99
21225130,2021,読売,29,2,0,1,0,2,0,0,0,1.000,161,37.1,25,4,24,3,36,3,0,20,20,4.82
21225130,2022,読売,9,0,0,0,0,0,0,0,0,.000,63,14.1,16,4,3,1,9,0,0,8,8,5.02
21225130,2023,広島東洋,24,1,0,0,5,6,0,0,0,1.000,103,21.1,22,3,16,0,11,0,0,14,11,4.64
33535130,2015,読売,24,8,8,0,0,0,0,0,0,.500,619,147,133,6,46,8,101,5,6,57,48,2.94
33535130,2016,読売,5,1,3,0,0,0,0,0,0,.250,121,27,25,0,19,2,19,0,2,15,12,4.00
53555130,2015,読売,21,13,3,0,0,0,4,2,2,.813,557,145,107,8,23,1,107,3,1,34,31,1.92
53555130,2016,読売,14,4,2,0,0,0,1,0,0,.667,381,91.2,84,10,23,4,84,0,0,35,25,2.45
53555130,2017,読売,27,14,8,0,0,0,0,0,0,.636,745,188,162,10,23,11,187,4,1,53,47,2.25
61665118,2010,北海道日本ハム,6,1,2,0,0,0,0,0,0,.333,130,29,33,6,13,1,22,2,0,16,14,4.34
61665118,2011,北海道日本ハム,1,0,1,0,0,0,0,0,0,.000,21,5,3,0,4,0,4,1,0,1,1,1.80
61665118,2012,北海道日本ハム,22,1,0,1,1,2,0,0,0,1.000,144,33.1,34,4,15,0,23,2,0,12,12,3.24
61665118,2013,北海道日本ハム,57,2,3,0,13,15,0,0,0,.400,279,65.2,61,2,27,2,59,3,0,30,25,3.43
61665118,2014,北海道日本ハム,15,2,2,0,1,3,0,0,0,.500,118,27,27,1,10,2,18,1,1,15,15,5.00
61665118,2015,北海道日本ハム,9,0,0,0,0,0,0,0,0,.000,60,15,15,1,4,0,11,2,0,6,6,3.60
61665118,2015,読売,3,0,0,0,0,0,0,0,0,.000,8,1.1,3,0,1,0,2,0,0,2,2,13.50
61665118,2016,読売,8,0,0,0,0,0,0,0,0,.000,42,10.1,10,0,5,0,11,1,0,3,3,2.61
83985132,2018,読売,28,0,2,4,3,3,0,0,0,.000,141,32,30,2,20,1,19,2,0,14,14,3.94
83985132,2019,読売,11,0,1,0,3,3,0,0,0,.000,40,9.1,10,2,4,0,4,0,0,7,7,6.75
31335133,2011,北海道日本ハム,5,0,0,0,0,0,0,0,0,.000,39,8,12,1,3,0,9,0,0,8,7,7.88
31335133,2012,北海道日本ハム,36,1,2,0,2,3,0,0,0,.333,140,32.2,28,3,16,0,32,0,2,20,20,5.51
31335133,2013,北海道日本ハム,19,0,0,0,0,0,0,0,0,.000,132,28.1,36,2,13,1,22,1,0,19,19,6.04
31335133,2014,北海道日本ハム,1,0,0,0,0,0,0,0,0,.000,7,1,3,0,1,0,2,0,0,2,2,18.00
31335133,2015,北海道日本ハム,6,0,0,0,0,0,0,0,0,.000,39,8.1,6,1,6,0,10,1,0,3,3,3.24
31335133,2016,読売,2,0,0,0,0,0,0,0,0,.000,12,2.1,1,0,2,0,3,0,0,2,0,0.00
31335133,2017,読売,5,0,0,0,0,0,0,0,0,.000,25,5.1,8,0,3,0,5,2,0,3,3,5.06
11515135,2012,東京ヤクルト,1,0,0,0,0,0,0,0,0,.000,6,0.2,0,0,4,0,0,0,0,1,1,13.50
11515135,2015,東京ヤクルト,1,0,0,0,0,0,0,0,0,.000,9,1,4,0,1,0,0,0,0,4,4,36.00
31935132,2016,読売,1,0,1,0,0,0,0,0,0,.000,23,4.1,9,0,1,1,5,0,0,4,4,8.31
31935132,2017,読売,19,0,1,0,0,0,0,0,0,.000,126,27,28,2,15,2,16,2,0,18,17,5.67
31935132,2019,読売,29,8,6,0,0,1,0,0,0,.571,472,108.1,109,12,42,4,82,1,0,53,52,4.32
31935132,2020,読売,24,2,4,0,4,4,0,0,0,.333,281,63.2,68,15,21,5,43,0,0,37,35,4.95
31935132,2021,読売,29,1,0,0,6,7,0,0,0,1.000,145,33.1,35,7,16,1,20,4,0,20,20,5.40
31935132,2022,読売,8,2,0,0,0,2,0,0,0,1.000,46,8.1,13,3,6,2,9,1,0,13,13,14.04
81285132,2016,読売,2,0,0,0,0,0,0,0,0,.000,11,2,4,2,1,0,2,0,0,3,3,13.50
81285132,2017,読売,18,0,0,0,0,0,0,0,0,.000,107,25,28,2,4,2,19,0,1,12,12,4.32
81285132,2018,読売,30,1,0,1,3,4,0,0,0,1.000,165,37.2,47,7,8,1,31,2,0,24,21,5.02
81285132,2019,読売,67,4,3,16,17,21,0,0,0,.571,270,64.2,57,3,18,2,74,0,0,19,17,2.37
81285132,2020,読売,37,2,1,6,15,17,0,0,0,.667,139,36,24,1,10,1,26,0,0,4,4,1.00
81285132,2021,読売,58,4,3,1,25,29,0,0,0,.571,220,54.2,47,2,10,5,49,0,0,17,15,2.47
81285132,2023,読売,44,1,4,14,17,18,0,0,0,.200,172,43.1,37,3,9,1,38,0,0,10,10,2.08
81285132,2024,読売,15,0,2,0,7,7,0,0,0,.000,60,12.1,19,3,3,0,7,0,0,12,12,8.76
81285132,2025,読売,63,2,4,0,36,38,0,0,0,.333,225,52.1,55,4,12,3,57,0,0,16,13,2.24
81285132,2026,読売,49,3,1,0,23,26,0,0,0,.750,148,37.1,29,3,6,1,37,0,0,9,9,2.17
81485132,2016,読売,3,0,1,0,0,0,0,0,0,.000,32,6.1,11,0,2,0,3,0,0,6,6,8.53
51855132,2020,読売,1,0,0,0,0,0,0,0,0,.000,3,0.2,0,0,1,0,0,0,0,0,0,0.00
91195134,2017,読売,33,0,2,0,4,4,0,0,0,.000,157,37.2,31,2,15,1,33,1,0,14,14,3.35
91195134,2018,読売,27,1,1,0,1,2,0,0,0,.500,112,24.1,31,1,9,2,11,1,0,15,11,4.07
91195134,2019,読売,2,0,0,0,0,0,0,0,0,.000,6,1,2,1,1,0,1,0,0,2,2,18.00
91195134,2020,東北楽天,21,1,0,0,0,1,0,0,0,1.000,77,16.2,21,0,7,0,13,0,0,8,8,4.32
71375134,2019,読売,8,0,0,0,1,1,0,0,0,.000,49,10.2,13,3,3,0,7,1,0,9,8,6.75
71375134,2020,読売,43,3,0,0,9,12,0,0,0,1.000,156,37.2,21,5,22,5,30,0,0,15,13,3.11
71375134,2021,読売,47,0,0,0,13,13,0,0,0,.000,145,33,29,2,17,2,23,0,0,16,15,4.09
71375134,2022,読売,3,0,0,0,0,0,0,0,0,.000,26,5.1,5,1,3,1,5,0,0,2,1,1.69
71375134,2023,読売,32,4,0,0,6,10,0,0,0,1.000,89,22,15,3,10,2,16,1,0,10,10,4.09
71375134,2024,読売,16,0,0,0,5,5,0,0,0,.000,56,13.2,9,1,8,0,13,0,0,4,4,2.63
71375134,2025,福岡ソフトバンク,16,0,1,0,1,1,0,0,0,.000,69,17.2,8,1,9,2,17,0,0,3,3,1.53
71375134,2026,福岡ソフトバンク,3,0,0,0,0,0,0,0,0,.000,12,3,3,0,0,1,3,0,0,0,0,0.00
13515134,2017,読売,57,3,5,29,4,7,0,0,0,.375,268,63.1,56,4,23,4,65,1,0,21,17,2.42
13515134,2018,読売,20,1,1,11,2,3,0,0,0,.500,90,18.2,27,1,6,1,19,2,0,13,12,5.79
51955134,2019,読売,2,0,0,0,0,0,0,0,0,.000,12,2,5,0,0,1,3,0,0,3,3,13.50
71075134,2018,読売,1,0,1,0,0,0,0,0,0,.000,15,2,6,0,3,1,0,0,0,6,6,27.00
71075134,2019,読売,2,0,0,0,0,0,0,0,0,.000,22,5,7,0,2,0,7,0,0,3,3,5.40
71075134,2021,東北楽天,4,0,1,0,0,0,0,0,0,.000,39,7.2,13,1,5,0,8,1,0,9,8,9.39
71075134,2022,東北楽天,3,0,0,0,0,0,0,0,0,.000,24,5,5,1,5,0,5,0,0,5,4,7.20
51255134,2017,読売,5,0,1,0,0,0,0,0,0,.000,36,6,12,1,8,0,7,1,0,8,8,12.00
51255134,2018,読売,25,2,1,0,2,4,0,0,0,.667,117,25,26,1,16,0,25,4,0,17,16,5.76
31635134,2017,読売,13,6,4,0,0,0,0,0,0,.600,288,72.1,53,9,23,2,72,1,0,27,24,2.99
31635134,2018,読売,9,2,0,0,3,5,0,0,0,1.000,41,9.2,10,0,2,0,10,1,0,3,3,2.79
31635134,2019,読売,5,0,1,0,0,0,0,0,0,.000,76,15.2,26,2,5,1,14,0,0,14,12,6.89
31635134,2020,読売,12,4,4,0,0,0,1,1,0,.500,265,65.2,47,5,23,4,49,1,0,22,21,2.88
31635134,2021,読売,52,4,3,1,11,13,0,0,0,.571,390,96.2,83,13,25,4,97,2,1,37,33,3.07
31635134,2022,読売,27,3,0,1,5,8,0,0,0,1.000,122,28.2,22,3,14,0,22,1,0,11,10,3.14
31635134,2024,読売,1,0,0,0,0,0,0,0,0,.000,10,3,1,1,0,0,3,0,0,1,1,3.00
31635134,2025,阪神,12,0,0,0,4,4,0,0,0,.000,47,12.1,8,0,5,0,3,0,0,0,0,0.00
31635134,2026,阪神,11,0,1,0,3,3,0,0,0,.000,39,10.2,6,1,3,1,7,0,0,3,3,2.53
71875134,2019,読売,3,0,0,0,0,0,0,0,0,.000,18,4.1,5,1,3,0,2,1,0,3,3,6.23
71875134,2020,読売,12,0,0,0,1,1,0,0,0,.000,62,12.2,16,2,8,0,11,0,0,13,11,7.82
71875134,2023,読売,3,0,0,0,0,0,0,0,0,.000,19,3.1,6,2,3,0,4,0,0,5,5,13.50
71875134,2024,横浜DeNA,6,0,0,0,1,1,0,0,0,.000,24,6,5,0,1,0,6,0,0,0,0,0.00
71875134,2025,横浜DeNA,13,0,0,0,0,0,0,0,0,.000,62,13,17,1,8,0,19,0,0,6,5,3.46
71875134,2026,横浜DeNA,6,0,0,0,0,0,0,0,0,.000,37,8,9,1,4,0,7,2,0,7,7,7.88
33935134,2018,読売,13,5,4,0,0,0,2,1,0,.556,357,92,69,4,16,3,53,1,0,28,21,2.05
33935134,2019,読売,22,8,8,0,0,0,0,0,0,.500,512,120.1,137,12,28,5,89,2,0,49,47,3.52
33935134,2020,読売,11,4,4,0,0,0,0,0,0,.500,243,58,53,5,19,2,45,0,1,20,20,3.10
33935134,2021,読売,17,7,5,0,0,0,0,0,0,.583,369,86,96,5,22,5,74,0,1,36,36,3.77
33935134,2022,読売,20,5,7,0,0,0,0,0,0,.417,458,110.1,107,7,31,3,74,1,0,44,39,3.18
33935134,2023,千葉ロッテ,22,4,8,1,0,0,0,0,0,.333,483,116.1,111,8,36,2,58,3,0,46,43,3.33
33935134,2024,千葉ロッテ,21,4,8,0,0,0,0,0,0,.333,502,126.1,97,12,34,2,91,0,0,45,38,2.71
61665114,2007,福岡ソフトバンク,7,0,0,0,0,0,0,0,0,.000,24,6,3,0,1,2,7,0,0,1,1,1.50
61665114,2008,福岡ソフトバンク,6,0,0,0,0,0,0,0,0,.000,33,6.2,9,0,6,0,3,1,0,5,5,6.75
61665114,2009,福岡ソフトバンク,13,0,0,0,2,2,0,0,0,.000,49,11,12,1,3,1,11,0,0,7,6,4.91
61665114,2010,福岡ソフトバンク,36,3,1,0,5,8,0,0,0,.750,188,48.2,34,5,10,3,45,0,0,17,14,2.59
61665114,2011,福岡ソフトバンク,60,4,2,1,34,38,0,0,0,.667,211,55.2,38,3,10,1,45,0,0,7,7,1.13
61665114,2012,福岡ソフトバンク,65,2,5,17,24,26,0,0,0,.286,235,58.1,40,1,17,3,55,0,0,12,9,1.39
61665114,2013,福岡ソフトバンク,57,3,2,0,15,18,0,0,0,.600,207,52.1,37,3,10,4,51,0,0,15,15,2.58
61665114,2014,福岡ソフトバンク,58,2,1,0,15,17,0,0,0,.667,186,47.2,32,2,14,3,47,0,0,17,16,3.02
61665114,2015,福岡ソフトバンク,32,0,2,0,14,14,0,0,0,.000,79,17,25,2,3,0,16,0,0,11,11,5.82
61665114,2016,福岡ソフトバンク,50,2,1,0,16,18,0,0,0,.667,105,27,23,1,2,3,23,0,0,7,6,2.00
61665114,2017,読売,30,1,3,0,6,7,0,0,0,.250,87,20.2,23,3,7,0,18,0,0,8,7,3.05
61665114,2018,読売,2,0,0,0,0,0,0,0,0,.000,10,2,4,1,0,0,0,0,0,3,3,13.50
61665114,2019,読売,7,0,0,0,3,3,0,0,0,.000,18,4.1,5,2,0,0,5,0,0,3,3,6.23
51855112,2006,横浜,5,1,2,0,0,0,0,0,0,.333,93,21,22,8,8,2,17,0,0,15,15,6.43
51855112,2007,横浜,6,0,3,0,0,0,0,0,0,.000,94,20,21,4,10,1,14,1,0,16,14,6.30
51855112,2008,横浜,16,1,1,0,2,3,0,0,0,.500,96,23.2,10,1,16,1,28,2,0,2,2,0.76
51855112,2009,横浜,51,5,4,18,7,12,0,0,0,.556,223,55,44,7,17,4,68,5,0,22,20,3.27
51855112,2010,横浜,54,2,8,30,2,4,0,0,0,.200,282,68.2,57,6,24,1,78,3,0,20,20,2.62
51855112,2011,横浜,59,2,6,34,1,3,0,0,0,.250,253,61.1,46,5,19,4,48,3,0,20,17,2.49
51855112,2012,横浜DeNA,60,1,2,22,3,4,0,0,0,.333,258,62,46,1,22,5,62,2,0,13,12,1.74
51855112,2013,横浜DeNA,44,5,2,7,6,11,0,0,0,.714,202,46.2,46,6,16,2,48,5,0,28,28,5.40
51855112,2014,横浜DeNA,33,8,5,0,3,3,3,2,1,.615,536,124,107,5,60,3,96,5,0,58,40,2.90
51855112,2015,横浜DeNA,20,3,6,0,0,0,2,0,0,.333,508,114.1,127,13,42,3,119,6,1,67,57,4.49
51855112,2016,横浜DeNA,19,11,5,0,0,0,5,3,0,.688,570,138.2,112,10,44,4,121,5,0,48,44,2.86
51855112,2017,読売,4,1,1,0,0,0,0,0,0,.500,97,21,24,5,16,1,22,1,1,15,15,6.43
51855112,2018,読売,30,9,9,1,1,2,6,2,0,.500,644,154,127,18,60,9,144,4,0,66,63,3.68
51855112,2019,読売,26,15,4,0,0,0,0,0,0,.789,705,170,137,8,60,13,188,4,0,60,55,2.91
51855112,2021,読売,15,2,8,0,0,0,0,0,0,.200,337,78.1,66,6,37,3,83,0,0,34,31,3.56
51855112,2022,読売,1,0,0,0,0,0,0,0,0,.000,8,2,0,0,2,0,4,0,0,0,0,0.00
41845114,2007,北海道日本ハム,19,4,3,0,0,0,1,1,0,.571,400,93.1,83,6,46,5,52,6,0,39,38,3.66
41845114,2008,北海道日本ハム,7,2,4,0,0,0,0,0,0,.333,158,34.2,39,7,22,0,23,5,0,24,24,6.23
41845114,2009,北海道日本ハム,3,0,2,0,0,0,0,0,0,.000,77,16.1,19,2,10,0,18,0,0,17,12,6.61
41845114,2010,北海道日本ハム,9,0,4,0,0,0,0,0,0,.000,122,26,35,7,11,1,20,2,0,21,20,6.92
41845114,2011,北海道日本ハム,7,0,5,0,0,0,0,0,0,.000,175,38,45,4,20,1,25,1,0,20,20,4.74
41845114,2012,北海道日本ハム,25,14,5,0,0,0,5,3,2,.737,668,173.2,108,6,45,4,158,3,1,35,33,1.71
41845114,2013,北海道日本ハム,26,7,15,0,0,0,1,0,0,.318,686,160.1,150,10,57,5,125,3,0,72,59,3.31
41845114,2014,北海道日本ハム,13,3,4,0,0,0,0,0,0,.429,329,72,79,7,36,2,49,3,0,45,39,4.88
41845114,2015,北海道日本ハム,26,11,8,0,0,0,2,0,0,.579,684,159.1,151,16,57,11,93,3,0,72,68,3.84
41845114,2016,北海道日本ハム,27,7,6,3,0,0,0,0,0,.538,494,109.2,125,9,52,5,65,1,0,53,51,4.19
41845114,2017,読売,12,1,3,0,0,0,0,0,0,.250,181,38.1,51,4,15,4,28,2,0,28,25,5.87
41845114,2018,読売,22,6,7,0,0,0,0,0,0,.462,431,101.1,93,16,39,4,76,3,0,49,48,4.26
41845114,2019,読売,9,0,1,0,3,3,0,0,0,.000,35,6.1,12,2,6,0,4,0,0,7,7,9.95
41845114,2019,北海道日本ハム,4,0,3,0,0,0,0,0,0,.000,50,10.2,11,2,7,0,8,0,0,8,8,6.75
41845114,2020,北海道日本ハム,5,0,0,0,0,0,0,0,0,.000,24,5.1,5,0,4,0,1,1,0,2,2,3.38
41845114,2021,埼玉西武,5,0,0,0,0,0,0,0,0,.000,26,4.1,8,1,6,0,0,0,0,8,8,16.62
93395134,2019,埼玉西武,3,0,0,0,0,0,0,0,0,.000,14,3,4,1,0,1,4,0,0,1,1,3.00
11313888,1999,読売,25,20,4,0,,,12,1,4,.833,769,197.2,153,12,24,4,179,3,0,49,46,2.09
11313888,2000,読売,20,9,7,0,,,6,1,2,.563,519,131,112,20,22,1,126,1,0,53,52,3.57
11313888,2001,読売,24,10,7,0,,,4,1,1,.588,573,138.2,133,18,28,5,108,2,0,66,62,4.02
11313888,2002,読売,26,17,5,0,,,8,3,4,.773,808,204,173,18,23,6,182,2,0,65,59,2.60
11313888,2003,読売,27,16,5,0,,,11,1,3,.762,821,207.1,190,28,23,5,194,0,0,76,73,3.17
11313888,2004,読売,22,13,5,0,,,2,0,0,.722,637,163,135,24,23,5,153,1,0,54,47,2.60
11313888,2005,読売,27,9,12,0,0,0,6,2,4,.429,747,187.1,164,24,22,0,145,0,1,73,69,3.31
11313888,2006,読売,24,8,9,0,0,0,5,0,3,.471,673,168.1,157,24,21,1,151,0,1,67,60,3.21
11313888,2007,読売,55,4,3,32,4,8,0,0,0,.571,237,62,47,4,4,1,66,1,0,12,12,1.74
11313888,2008,読売,26,6,5,1,5,7,2,0,0,.545,370,89.2,90,11,16,0,72,0,0,43,38,3.81
11313888,2018,読売,36,0,5,0,14,14,0,0,0,.000,139,34.2,32,5,5,2,24,0,0,14,14,3.63
21525136,2023,読売,1,0,0,0,0,0,0,0,0,.000,4,1,1,1,0,0,0,0,0,1,1,9.00
21525136,2025,東京ヤクルト,1,0,0,0,0,0,0,0,0,.000,6,1,2,0,1,0,1,0,0,1,1,9.00
31735136,2018,読売,6,1,2,0,0,0,0,0,0,.333,123,27.2,23,6,17,3,35,2,0,22,21,6.83
31735136,2019,読売,15,0,1,0,2,2,0,0,0,.000,80,19,17,4,4,2,16,1,0,11,10,4.74
31735136,2020,読売,5,1,0,0,0,1,0,0,0,1.000,32,7,6,0,5,1,6,0,0,5,5,6.43
31735136,2022,読売,49,3,2,0,13,16,0,0,0,.600,194,45.1,50,3,12,1,30,1,0,26,26,5.16
31735136,2023,読売,5,0,0,0,1,1,0,0,0,.000,27,5,7,0,3,2,4,0,0,5,5,9.00
81285118,2009,埼玉西武,25,3,5,1,3,4,0,0,0,.375,247,56.2,60,9,23,2,33,4,0,29,28,4.45
81285118,2010,埼玉西武,27,2,2,0,1,2,0,0,0,.500,319,68.1,92,9,23,4,40,4,0,40,39,5.14
81285118,2011,埼玉西武,4,0,1,0,0,0,0,0,0,.000,20,4.1,8,2,0,0,3,0,0,5,5,10.38
81285118,2012,埼玉西武,23,8,5,0,0,0,0,0,0,.615,496,115.1,128,8,36,5,49,4,0,42,38,2.97
81285118,2013,埼玉西武,30,11,7,0,1,4,0,0,0,.611,643,152.2,141,17,41,8,93,3,0,71,67,3.95
81285118,2014,埼玉西武,25,8,10,0,1,2,2,0,0,.444,522,120.1,123,15,42,5,68,6,0,68,60,4.49
81285118,2015,埼玉西武,27,7,7,0,0,0,0,0,0,.500,565,134.1,127,15,46,4,77,1,0,68,63,4.22
81285118,2016,埼玉西武,22,3,9,1,1,1,0,0,0,.250,474,107,112,10,43,5,62,3,0,56,46,3.87
81285118,2017,埼玉西武,24,11,10,0,0,0,2,1,0,.524,577,144,128,10,24,5,113,2,0,62,58,3.63
81285118,2018,読売,25,4,4,0,1,1,0,0,0,.500,300,71.1,74,15,21,2,54,3,0,38,38,4.79
81285118,2019,読売,13,1,2,1,3,4,0,0,0,.333,81,18,19,1,6,0,16,1,0,10,7,3.50
81285118,2021,読売,9,0,1,1,4,4,0,0,0,.000,63,16.1,8,1,6,0,15,0,0,3,3,1.65
93795136,2018,読売,4,3,1,0,0,0,0,0,0,.750,107,26,25,2,9,0,25,0,0,9,8,2.77
93795136,2019,読売,10,3,4,0,0,0,0,0,0,.429,206,44.1,49,9,26,3,28,2,0,33,30,6.09
01105111,2001,大阪近鉄,9,4,2,0,,,1,1,0,.667,192,43.2,46,3,13,3,25,1,0,28,22,4.53
01105111,2002,大阪近鉄,23,8,7,0,,,2,0,1,.533,594,141.1,132,10,42,8,131,4,1,62,58,3.69
01105111,2003,大阪近鉄,27,15,10,0,,,11,0,1,.600,809,195.2,201,19,48,3,149,2,0,85,75,3.45
01105111,2004,大阪近鉄,21,15,2,0,,,7,1,2,.882,647,158.2,149,13,30,8,123,0,0,57,53,3.01
01105111,2005,東北楽天,27,9,15,0,0,0,9,0,1,.375,796,182.1,218,19,40,6,124,7,0,113,101,4.99
01105111,2006,東北楽天,6,1,2,0,0,0,2,0,0,.333,169,38.2,43,4,12,1,16,0,0,18,16,3.72
01105111,2007,東北楽天,16,5,5,0,0,0,0,0,0,.500,388,90,95,6,23,2,84,0,0,47,34,3.40
01105111,2008,東北楽天,28,21,4,0,0,0,5,2,3,.840,787,201.2,161,3,36,4,159,4,0,48,42,1.87
01105111,2009,東北楽天,24,13,6,0,0,0,5,0,1,.684,710,169,179,15,43,6,121,3,0,62,61,3.25
01105111,2010,東北楽天,28,10,9,0,0,0,4,1,2,.526,821,201,184,11,36,12,153,1,1,68,63,2.82
01105111,2011,東北楽天,17,6,7,0,0,0,2,1,0,.462,471,119,106,6,19,5,90,1,0,34,32,2.42
51555137,2013,北海道日本ハム,38,2,3,1,5,7,0,0,0,.400,231,54,41,4,33,1,42,1,0,21,20,3.33
51555137,2014,北海道日本ハム,21,1,0,0,2,3,0,0,0,1.000,119,28.2,25,4,10,2,27,0,0,9,7,2.20
51555137,2015,北海道日本ハム,40,5,3,0,15,20,0,0,0,.625,159,34.2,45,3,12,1,32,1,0,23,18,4.67
51555137,2016,北海道日本ハム,48,5,3,3,3,8,0,0,0,.625,187,44.2,37,3,21,0,38,4,0,23,21,4.23
51555137,2017,北海道日本ハム,60,2,3,1,17,19,0,0,0,.400,218,57,33,6,17,0,46,0,0,23,16,2.53
51555137,2018,北海道日本ハム,28,0,0,0,2,2,0,0,0,.000,128,27.1,33,2,12,1,22,1,0,14,13,4.28
51555137,2019,北海道日本ハム,18,0,0,0,1,1,0,0,0,.000,77,16.2,16,0,12,0,16,0,0,11,11,5.94
51555137,2019,読売,27,0,2,0,6,6,0,0,0,.000,117,27,21,4,18,0,11,0,0,11,9,3.00
51555137,2020,読売,46,3,1,0,13,16,0,0,0,.750,148,37.1,25,2,13,1,40,0,0,12,12,2.89
51555137,2021,読売,59,3,0,1,15,18,0,0,0,1.000,182,42.1,39,5,18,0,30,1,0,19,15,3.19
51555137,2022,読売,21,2,0,0,3,5,0,0,0,1.000,74,17,21,4,5,0,9,0,0,8,7,3.71
51555137,2023,読売,13,2,0,1,2,4,0,0,0,1.000,48,11.1,10,1,5,0,11,0,0,4,4,3.18
51555137,2024,北海道日本ハム,1,0,0,0,0,0,0,0,0,.000,2,0.2,0,0,0,0,0,0,0,0,0,0.00
23125138,2019,読売,13,0,2,6,0,0,0,0,0,.000,67,15,19,2,6,0,9,2,0,8,8,4.80
61965138,2019,読売,18,5,7,0,0,0,0,0,0,.417,395,93,70,14,48,5,89,1,0,34,33,3.19
61965138,2020,読売,8,1,3,0,2,2,0,0,0,.250,101,23,22,2,12,0,23,3,0,12,11,4.30
61965138,2021,読売,27,11,9,0,0,0,0,0,0,.550,598,140.2,125,18,61,2,76,2,0,57,53,3.39
61965138,2022,読売,10,1,5,0,0,1,0,0,0,.167,130,26.2,34,1,18,0,21,1,0,20,16,5.40
61965138,2023,読売,6,0,1,0,0,0,0,0,0,.000,68,14,18,2,8,2,9,1,0,9,8,5.14
93795138,2019,読売,26,1,0,8,5,6,0,0,0,1.000,93,24,16,4,5,1,32,0,0,6,6,2.25
93795138,2020,読売,35,2,0,17,5,7,0,0,0,1.000,132,31.2,23,3,16,3,28,1,0,9,9,2.56
93795138,2021,読売,46,1,0,7,13,14,0,0,0,1.000,175,41.1,38,3,12,2,34,1,0,15,13,2.83
93795138,2022,読売,30,0,0,1,11,11,0,0,0,.000,108,27.1,18,2,10,2,24,0,1,9,7,2.30
41045138,2019,読売,2,1,0,0,0,1,0,0,0,1.000,34,8.2,6,1,3,1,11,0,0,2,2,2.08
41045138,2020,読売,19,9,6,0,0,1,0,0,0,.600,446,107.2,87,12,42,6,106,1,0,33,33,2.76
41045138,2021,読売,26,9,8,0,0,0,1,0,0,.529,639,151.2,130,19,58,6,138,3,0,75,72,4.27
41045138,2022,読売,25,12,8,0,0,0,3,1,1,.600,702,171.2,146,11,51,8,154,3,0,52,50,2.62
41045138,2023,読売,24,12,5,0,0,0,4,2,1,.706,676,170,141,14,39,3,141,2,0,49,45,2.38
41045138,2024,読売,26,12,8,0,0,0,4,3,1,.600,703,180,129,12,44,7,156,3,0,39,39,1.95
41045138,2025,読売,21,8,9,0,0,1,0,0,0,.471,497,111,124,8,46,2,87,2,0,58,51,4.14
41045138,2026,読売,14,5,3,0,0,0,1,1,0,.625,330,80,58,9,24,9,82,1,0,30,22,2.48
11215138,2020,読売,3,0,0,0,0,0,0,0,0,.000,49,12,10,2,3,1,11,0,0,4,4,3.00
11215138,2021,読売,4,0,1,1,0,0,0,0,0,.000,51,11,15,1,4,2,4,0,0,6,6,4.91
11215138,2022,読売,9,1,1,0,0,0,0,0,0,.500,79,18.2,12,2,8,3,16,1,0,9,7,3.38
11215138,2023,読売,16,0,1,0,6,6,0,0,0,.000,58,14,7,2,9,0,11,1,0,7,6,3.86
61265138,2020,読売,5,0,0,0,0,0,0,0,0,.000,23,4.1,6,1,4,0,3,1,0,5,5,10.38
61265138,2021,読売,2,0,0,0,0,0,0,0,0,.000,11,2.1,3,1,1,0,3,0,0,2,2,7.71
61265138,2025,東京ヤクルト,1,0,0,0,0,0,0,0,0,.000,8,1,5,2,0,0,0,0,0,4,4,36.00
11615135,2012,千葉ロッテ,21,6,7,0,0,0,1,0,0,.462,508,115.1,113,9,51,4,83,2,0,48,43,3.36
11615135,2013,千葉ロッテ,39,6,10,0,3,6,0,0,0,.375,509,118.1,116,9,46,6,76,1,0,54,52,3.95
11615135,2014,千葉ロッテ,27,6,10,0,1,1,1,0,0,.375,584,132.2,142,19,51,4,97,6,2,71,66,4.48
11615135,2015,千葉ロッテ,31,2,2,0,6,8,0,0,0,.500,234,54.2,51,4,20,4,52,4,0,25,23,3.79
11615135,2016,千葉ロッテ,32,1,1,0,6,7,0,0,0,.500,179,42.1,35,6,17,1,32,1,0,18,12,2.55
11615135,2017,千葉ロッテ,10,0,0,0,0,0,0,0,0,.000,53,8.2,14,2,12,1,5,0,0,16,16,16.62
11615135,2018,北海道日本ハム,4,0,2,0,0,0,0,0,0,.000,45,9.2,12,0,8,0,6,1,0,7,7,6.52
11615135,2019,北海道日本ハム,2,0,0,0,0,0,0,0,0,.000,17,3,4,0,5,0,2,0,0,5,5,15.00
11615135,2020,読売,12,0,0,0,0,0,0,0,0,.000,39,8.2,7,1,6,1,6,1,0,3,3,3.12
41245139,2014,東北楽天,2,0,0,0,0,0,0,0,0,.000,12,2,3,0,3,0,1,0,0,1,1,4.50
41245139,2016,東北楽天,6,0,0,0,0,0,0,0,0,.000,30,7,5,1,5,1,4,0,0,6,6,7.71
41245139,2017,東北楽天,5,0,2,0,0,0,1,0,1,.000,112,26,24,1,9,2,15,1,0,12,12,4.15
41245139,2018,東北楽天,18,4,9,0,0,0,0,0,0,.308,419,98,93,11,46,1,77,4,0,46,45,4.13
41245139,2019,東北楽天,8,1,2,0,0,0,0,0,0,.333,170,38.1,37,6,21,0,31,1,0,27,27,6.34
41245139,2019,読売,3,1,1,0,0,1,0,0,0,.500,21,5,4,0,2,0,10,0,0,4,4,7.20
41245139,2020,読売,5,0,0,0,0,0,0,0,0,.000,26,4.2,12,1,1,0,4,1,0,6,6,11.57
41245139,2021,読売,1,0,0,0,0,0,0,0,0,.000,11,2,3,1,3,1,0,0,0,4,4,18.00
41245139,2022,北海道日本ハム,34,0,1,0,3,3,0,0,0,.000,162,35.1,37,3,24,2,32,1,0,17,16,4.08
41245139,2023,福岡ソフトバンク,9,0,0,0,0,0,0,0,0,.000,42,10,12,3,1,0,11,0,0,5,5,4.50
81885138,2020,読売,2,0,0,0,0,0,0,0,0,.000,20,5.2,4,1,1,0,2,0,0,1,1,1.59
81885138,2021,読売,2,0,1,0,0,0,0,0,0,.000,37,8,9,2,2,0,9,0,0,4,3,3.38
81885138,2022,読売,1,0,1,0,0,0,0,0,0,.000,17,3,7,0,1,0,0,0,0,5,5,15.00
81885138,2023,読売,20,4,8,0,0,2,0,0,0,.333,348,84.1,79,10,24,4,46,2,0,38,37,3.95
81885138,2024,読売,12,3,1,0,0,2,0,0,0,.750,111,28.2,23,0,10,0,9,0,0,4,3,0.94
81885138,2025,読売,25,2,0,0,1,1,0,0,0,1.000,269,66,63,5,16,3,41,0,1,20,19,2.59
51355151,2022,読売,7,1,1,0,0,0,0,0,0,.500,106,24,28,4,7,0,27,0,0,18,16,6.00
51355151,2023,読売,4,0,1,0,0,0,0,0,0,.000,60,12.1,21,2,3,1,11,0,0,15,15,10.95
51355151,2024,読売,25,8,5,0,2,3,0,0,0,.615,413,101,87,5,27,3,99,3,0,33,31,2.76
51355151,2025,読売,20,4,8,0,0,0,0,0,0,.333,453,107,115,15,19,2,100,0,0,48,44,3.70
51355151,2026,読売,22,10,8,0,0,0,1,0,1,.556,554,141,113,9,29,2,140,2,0,39,33,2.11
83385151,2020,読売,15,8,4,0,0,0,0,0,0,.667,363,87.2,74,8,34,0,59,0,0,35,30,3.08
83385151,2021,読売,14,5,5,0,0,0,0,0,0,.500,317,73,82,13,23,3,54,2,1,40,38,4.68
81085132,2016,北海道日本ハム,4,0,0,0,1,1,0,0,0,.000,14,3.1,2,0,3,0,2,0,0,0,0,0.00
81085132,2017,北海道日本ハム,19,0,0,0,3,3,0,0,0,.000,86,19,19,2,8,2,23,2,0,8,7,3.32
81085132,2018,北海道日本ハム,8,0,0,0,0,0,0,0,0,.000,38,7.2,11,1,5,0,8,0,0,10,10,11.74
81085132,2020,読売,31,1,1,0,1,2,0,0,0,.500,133,27.2,32,4,18,3,21,0,0,19,15,4.88
81085132,2021,読売,39,0,0,0,2,2,0,0,0,.000,152,38,22,5,20,1,37,3,0,13,12,2.84
81085132,2023,読売,15,0,1,0,3,3,0,0,0,.000,43,11,8,2,4,0,8,0,0,6,5,4.09
91095134,2017,東北楽天,46,1,0,0,14,15,0,0,0,1.000,183,43.2,31,2,17,2,48,0,0,13,5,1.03
91095134,2018,東北楽天,70,1,4,1,16,17,0,0,0,.200,212,48,38,1,23,6,53,0,0,21,13,2.44
91095134,2019,東北楽天,48,2,1,0,14,16,0,0,0,.667,146,31.1,25,0,23,4,41,0,0,8,8,2.30
91095134,2020,読売,44,1,1,2,21,22,0,0,0,.500,141,37.1,17,2,13,6,37,1,1,10,8,1.93
91095134,2021,読売,55,2,2,1,20,22,0,0,0,.500,171,39,34,2,21,5,47,2,0,17,16,3.69
91095134,2022,読売,59,2,0,0,25,27,0,0,0,1.000,195,46.1,32,1,19,4,44,1,0,13,11,2.14
91095134,2023,読売,55,2,1,0,23,25,0,0,0,.667,185,43,32,7,19,4,49,0,1,21,20,4.19
91095134,2024,読売,51,4,3,0,25,29,0,0,0,.571,145,35.1,26,1,15,0,29,1,0,9,8,2.04
91095134,2025,読売,21,0,1,0,5,5,0,0,0,.000,74,15,14,0,14,3,16,0,1,6,6,3.60
91095134,2026,読売,18,1,0,0,5,6,0,0,0,1.000,50,10,14,2,6,0,13,0,0,3,3,2.70
63565151,2020,読売,2,0,0,0,0,0,0,0,0,.000,16,2.1,7,3,2,1,2,1,0,5,5,19.29
93795151,2020,読売,27,0,1,0,2,2,0,0,0,.000,118,24.2,27,3,17,2,29,1,0,9,9,3.28
93795151,2021,読売,56,0,3,19,1,1,0,0,0,.000,228,55.1,38,3,26,1,64,0,0,18,18,2.93
93795151,2022,読売,9,0,2,0,0,0,0,0,0,.000,39,7.1,9,3,8,1,8,0,0,9,8,9.82
21625151,2022,読売,8,2,3,0,0,0,0,0,0,.400,150,34.1,38,5,16,1,24,0,0,24,24,6.29
21625151,2023,読売,3,0,0,0,0,0,0,0,0,.000,16,3.1,2,1,4,0,5,0,0,3,3,8.10
21625151,2024,読売,17,3,3,0,0,1,0,0,0,.500,200,51.1,43,2,13,2,30,0,0,14,14,2.45
21625151,2025,読売,8,0,1,0,0,0,0,0,0,.000,99,22.1,23,4,11,1,13,0,0,13,13,5.24
21625151,2026,読売,39,1,1,0,12,13,0,0,0,.500,151,38.2,23,1,13,0,26,0,0,3,3,0.70
51155111,2000,中日,9,0,1,0,,,0,0,0,.000,95,17.1,36,5,7,2,9,1,0,32,27,14.02
51155111,2001,中日,15,0,5,0,,,0,0,0,.000,236,49.2,60,4,34,1,31,4,1,33,30,5.44
51155111,2002,中日,31,11,11,0,,,7,1,0,.500,843,200.1,193,10,63,4,149,7,1,71,58,2.61
51155111,2003,中日,6,1,4,0,,,1,0,0,.200,153,29.2,48,5,16,0,23,0,1,31,26,7.89
51155111,2004,中日,14,3,3,0,,,0,0,0,.500,238,53,64,7,21,2,38,7,0,27,24,4.08
51155111,2005,中日,16,5,7,0,0,0,2,0,0,.417,439,98.1,123,4,40,2,65,4,0,49,43,3.94
51155111,2006,中日,25,13,6,0,0,1,2,1,0,.684,636,154.2,155,12,33,3,107,6,0,51,48,2.79
51155111,2007,中日,29,12,7,0,0,0,3,0,0,.632,717,171.2,173,9,50,4,105,5,0,67,64,3.36
51155111,2008,中日,12,3,4,0,2,2,1,0,0,.429,255,56.1,67,5,20,1,30,2,0,27,21,3.36
51155111,2009,中日,24,10,8,0,0,0,0,0,0,.556,655,151.1,159,14,45,9,83,7,0,78,68,4.04
51155111,2010,中日,9,3,6,0,0,0,0,0,0,.333,195,41.1,56,8,13,2,31,0,0,29,26,5.66
51155111,2011,中日,2,0,1,0,0,0,0,0,0,.000,34,7,10,2,4,0,4,0,0,8,7,9.00
51155111,2012,中日,16,0,0,0,0,0,0,0,0,.000,93,21.1,26,3,6,1,13,2,0,18,18,7.59
51155111,2013,中日,3,0,1,0,0,0,0,0,0,.000,44,8.1,15,1,5,0,6,1,0,10,9,9.72
51155111,2014,中日,21,4,6,1,0,1,0,0,0,.400,328,75,72,10,31,4,44,2,0,47,45,5.40
51155111,2015,中日,4,0,0,0,0,0,0,0,0,.000,23,4.1,8,1,2,0,1,0,0,7,7,14.54
71175114,2007,中日,19,4,1,0,1,2,0,0,0,.800,224,51,51,5,20,0,40,2,0,21,20,3.53
71175114,2008,中日,44,3,1,1,12,15,0,0,0,.750,199,50.1,43,0,9,3,35,0,0,11,10,1.79
71175114,2009,中日,67,7,9,6,33,37,0,0,0,.438,464,113.1,108,6,24,6,96,4,0,47,44,3.49
71175114,2010,中日,72,12,3,1,47,59,0,0,0,.800,307,80.1,60,4,10,1,75,3,0,16,15,1.68
71175114,2011,中日,79,7,2,10,45,52,0,0,0,.778,328,87.1,57,0,15,2,100,1,0,5,4,0.41
71175114,2012,中日,29,1,0,1,15,16,0,0,0,1.000,120,30,21,0,9,0,29,2,0,6,5,1.50
71175114,2013,中日,34,2,3,1,22,24,0,0,0,.400,131,30.2,26,2,14,1,19,2,0,6,5,1.47
71175114,2014,中日,22,1,1,0,8,9,0,0,0,.500,87,19,17,4,12,2,20,1,0,13,13,6.16
71175114,2015,中日,36,1,1,3,16,17,0,0,0,.500,142,31,31,3,17,1,34,4,0,11,11,3.19
71175114,2017,中日,4,0,0,0,1,1,0,0,0,.000,16,3,6,0,2,0,5,1,0,4,4,12.00
71175114,2018,中日,10,0,0,0,0,0,0,0,0,.000,40,9.1,7,1,8,0,7,1,0,5,5,4.82
31135116,2008,中日,1,0,0,0,0,0,0,0,0,.000,4,1,0,0,1,0,0,0,0,0,0,0.00
81183888,1999,中日,65,10,2,1,,,0,0,0,.833,307,74.1,67,3,22,2,73,4,0,16,13,1.57
81183888,2000,中日,58,10,5,1,,,0,0,0,.667,323,80.1,66,3,28,1,65,1,0,20,17,1.90
81183888,2001,中日,61,8,3,0,,,0,0,0,.727,252,62.2,51,3,16,3,62,0,0,23,23,3.30
81183888,2002,中日,52,4,2,0,,,0,0,0,.667,231,59.2,38,2,15,3,66,1,0,8,7,1.06
81183888,2003,中日,58,5,2,4,,,0,0,0,.714,244,63.2,47,3,12,1,69,1,1,10,10,1.41
81183888,2004,中日,60,2,3,22,,,0,0,0,.400,259,64.1,53,4,14,3,53,1,0,20,20,2.80
81183888,2005,中日,60,1,2,46,2,3,0,0,0,.333,229,57.1,51,0,8,2,52,1,0,12,12,1.88
81183888,2006,中日,56,2,2,40,5,7,0,0,0,.500,214,55.1,40,3,8,0,44,0,0,8,8,1.30
81183888,2007,中日,61,2,4,43,3,5,0,0,0,.333,233,59,53,3,9,0,50,0,0,18,16,2.44
81183888,2008,中日,51,3,3,36,5,8,0,0,0,.500,212,49,55,2,10,0,41,0,0,16,16,2.94
81183888,2009,中日,54,2,3,41,1,3,0,0,0,.400,196,46.2,41,2,13,2,34,2,0,11,11,2.12
81183888,2010,中日,54,1,3,42,3,4,0,0,0,.250,202,48,47,1,13,2,41,1,0,12,12,2.25
81183888,2011,中日,56,0,1,37,7,7,0,0,0,.000,206,48.2,50,1,10,2,45,0,0,12,8,1.48
81183888,2012,中日,54,1,3,33,6,7,0,0,0,.250,207,51,44,3,13,2,30,0,0,15,13,2.29
81183888,2013,中日,55,2,3,36,8,10,0,0,0,.400,227,53.1,48,2,19,1,37,1,0,16,11,1.86
81183888,2014,中日,34,1,2,20,4,5,0,0,0,.333,134,30.2,37,1,10,0,18,1,0,12,12,3.52
81183888,2016,中日,15,0,2,0,2,2,0,0,0,.000,48,10.1,14,1,3,0,5,0,0,8,7,6.10
81183888,2017,中日,50,3,6,2,26,29,0,0,0,.333,154,35.2,37,2,14,1,28,0,0,19,19,4.79
81183888,2018,中日,48,2,0,3,10,12,0,0,0,1.000,143,35,28,3,7,5,28,1,0,18,18,4.63
21125118,2009,中日,1,0,0,0,0,0,0,0,0,.000,4,1,0,0,0,1,1,0,0,0,0,0.00
21125118,2010,中日,3,1,1,0,0,0,0,0,0,.500,57,14,11,1,7,0,12,0,0,6,6,3.86
21125118,2011,中日,9,2,4,0,0,1,0,0,0,.333,196,42.2,46,0,19,8,27,2,0,23,17,3.59
21125118,2012,中日,2,1,0,0,0,0,0,0,0,1.000,35,9.2,3,0,5,0,3,1,1,1,1,0.93
21125118,2014,中日,9,0,2,0,0,0,0,0,0,.000,186,38.2,48,3,23,4,24,3,0,23,17,3.96
21125118,2015,中日,2,0,0,0,0,0,0,0,0,.000,33,6.1,9,0,3,1,3,0,0,6,4,5.68
21125118,2016,中日,6,1,2,0,0,0,0,0,0,.333,89,19.1,22,2,9,0,12,1,0,14,13,6.05
21125118,2017,中日,39,0,2,0,9,9,0,0,0,.000,276,62.2,59,5,33,4,57,1,0,28,27,3.88
21125118,2018,中日,11,2,0,0,1,3,0,0,0,1.000,65,13.2,13,2,11,2,6,3,0,6,6,3.95
21125118,2019,中日,1,0,0,0,0,0,0,0,0,.000,13,1.1,7,0,2,0,1,1,0,8,8,54.00
51355118,2010,中日,5,1,1,0,0,0,0,0,0,.500,85,20.2,11,1,11,1,19,2,0,6,6,2.61
51355118,2011,中日,5,0,4,0,0,0,0,0,0,.000,116,25.1,29,4,10,2,16,0,0,16,14,4.97
51355118,2012,中日,20,5,5,0,0,0,0,0,0,.500,438,108.1,87,11,26,7,84,1,0,36,33,2.74
51355118,2013,中日,5,1,2,0,0,0,0,0,0,.333,113,25.2,33,2,3,2,14,0,0,17,16,5.61
51355118,2014,中日,10,2,1,0,1,2,0,0,0,.667,101,23.2,26,7,5,0,22,0,0,14,14,5.32
51355118,2015,中日,3,0,2,0,0,0,0,0,0,.000,71,16,17,1,8,1,7,0,0,8,8,4.50
51355118,2016,中日,1,0,0,0,0,0,0,0,0,.000,1,0.1,0,0,0,0,0,0,0,0,0,0.00
51353888,1999,中日,2,0,0,0,,,0,0,0,.000,10,2,2,1,2,0,1,0,0,4,4,18.00
51353888,2000,中日,8,0,0,0,,,0,0,0,.000,81,15.2,20,2,14,2,14,1,0,11,11,6.32
51353888,2001,中日,23,0,1,0,,,0,0,0,.000,130,28.1,31,5,13,0,28,1,0,15,15,4.76
51353888,2002,中日,30,5,5,0,,,0,0,0,.500,405,96,96,14,26,5,80,1,0,43,43,4.03
51353888,2003,中日,11,0,3,0,,,0,0,0,.000,105,22,30,6,7,2,21,0,0,19,19,7.77
51353888,2004,中日,22,2,2,0,,,0,0,0,.500,244,57.1,63,6,14,2,52,2,0,23,22,3.45
51353888,2005,中日,5,0,3,0,0,0,0,0,0,.000,78,16,27,4,3,2,12,1,0,13,13,7.31
51353888,2006,中日,9,2,2,0,0,0,1,0,0,.500,159,38.2,35,7,10,1,34,2,0,16,16,3.72
51353888,2007,中日,21,6,6,0,1,1,0,0,0,.500,494,120.1,110,10,33,4,97,3,0,40,40,2.99
51353888,2008,中日,26,8,11,0,1,2,0,0,0,.421,575,132,147,20,42,5,89,2,2,71,69,4.70
51353888,2009,中日,21,7,2,0,0,0,0,0,0,.778,487,118,104,10,34,2,86,4,1,47,41,3.13
51353888,2010,中日,5,1,3,0,0,0,0,0,0,.250,119,25,34,9,7,3,8,0,0,26,19,6.84
51353888,2011,中日,1,0,0,0,0,0,0,0,0,.000,8,2.2,0,0,0,0,3,0,0,0,0,0.00
51353888,2012,中日,7,0,2,0,1,1,0,0,0,.000,85,18.2,24,1,4,2,14,0,0,13,11,5.30
11515118,2011,中日,6,1,0,0,1,2,0,0,0,1.000,48,9,14,5,6,1,8,0,0,16,16,16.00
11515118,2012,中日,1,0,0,0,0,0,0,0,0,.000,12,2,2,0,4,0,1,0,0,3,3,13.50
11515118,2013,中日,28,1,0,0,3,4,0,0,0,1.000,103,27.1,21,2,2,2,19,0,0,7,7,2.30
11515118,2014,中日,2,0,1,0,0,0,0,0,0,.000,10,2,4,1,1,0,0,0,0,3,3,13.50
11515118,2015,中日,13,1,1,0,1,1,0,0,0,.500,183,42,39,6,17,2,24,1,0,21,19,4.07
11515118,2016,中日,14,5,2,0,0,1,1,1,0,.714,231,54.2,43,4,29,1,25,3,0,17,17,2.80
11515118,2017,中日,4,0,3,0,0,0,0,0,0,.000,77,17,22,6,5,0,9,0,0,18,18,9.53
11515118,2018,中日,8,3,4,0,0,0,0,0,0,.429,190,43.1,51,7,10,0,37,1,0,35,30,6.23
11515118,2019,中日,14,1,2,0,0,1,0,0,0,.333,69,15.2,13,1,9,0,14,0,0,8,6,3.45
11515131,2013,中日,66,7,5,2,15,22,0,0,0,.583,362,87,67,6,37,2,67,4,0,27,27,2.79
11515131,2014,中日,38,3,7,1,4,6,0,0,0,.300,307,72.2,67,5,31,2,51,0,0,39,35,4.33
11515131,2015,中日,50,0,1,0,12,12,0,0,0,.000,225,57.1,38,1,15,2,55,2,0,10,10,1.57
11515131,2016,中日,57,3,1,0,13,16,0,0,0,.750,273,64.2,62,4,18,2,66,1,0,28,23,3.20
11515131,2017,中日,9,0,2,0,2,2,0,0,0,.000,31,7,9,1,1,0,4,0,0,5,4,5.14
11515131,2018,中日,27,1,0,0,6,7,0,0,0,1.000,99,21.1,24,2,13,0,19,1,0,13,12,5.06
11515131,2019,中日,53,3,2,13,7,10,0,0,0,.600,207,50.1,44,8,14,1,53,0,0,20,20,3.58
11515131,2020,中日,29,2,2,3,3,5,0,0,0,.500,112,24,28,3,14,0,27,2,0,20,13,4.88
11515131,2021,中日,19,0,1,0,0,0,0,0,0,.000,74,16.2,23,1,6,0,10,0,0,9,9,4.86
11515131,2022,中日,2,0,2,0,0,0,0,0,0,.000,29,6,9,1,4,0,5,0,0,6,6,9.00
11515131,2025,中日,4,0,1,0,0,0,0,0,0,.000,34,7.2,10,1,1,0,9,0,0,7,7,8.22
51555131,2011,中日,1,0,0,0,1,1,0,0,0,.000,3,1,0,0,0,0,1,0,0,0,0,0.00
51555131,2012,中日,1,0,1,0,0,0,0,0,0,.000,17,4,4,1,1,0,3,1,0,2,2,4.50
51555131,2013,中日,1,0,0,0,0,0,0,0,0,.000,14,3,3,1,2,1,0,0,0,2,2,6.00
51555131,2014,中日,7,0,1,0,0,0,0,0,0,.000,60,12.1,11,1,12,0,5,3,0,9,5,3.65
51555131,2015,中日,2,0,0,0,0,0,0,0,0,.000,10,2,3,0,1,1,1,0,0,2,2,9.00
51555131,2016,中日,44,1,1,0,9,10,0,0,0,.500,126,31.2,21,1,9,3,34,1,0,10,8,2.27
51555131,2017,中日,18,0,0,0,3,3,0,0,0,.000,55,12.1,11,0,5,3,9,1,0,3,3,2.19
51555131,2018,埼玉西武,15,1,0,0,4,5,0,0,0,1.000,46,11.1,11,0,3,1,7,0,0,3,2,1.59
51555131,2019,埼玉西武,55,4,1,1,15,19,0,0,0,.800,157,38.1,35,4,12,3,28,4,0,12,11,2.58
51555131,2020,埼玉西武,38,2,1,0,3,5,0,0,0,.667,109,25.2,22,1,14,1,13,2,0,6,6,2.10
51555131,2021,埼玉西武,5,0,0,0,0,0,0,0,0,.000,11,2,2,1,3,0,1,0,0,2,2,9.00
21323880,1995,読売,19,8,6,0,,,4,3,1,.571,452,106,96,6,50,1,94,6,0,43,39,3.31
21323880,1996,読売,9,0,4,0,,,1,0,0,.000,216,50,53,6,19,2,45,1,0,25,25,4.50
21323880,1997,読売,25,2,1,1,,,0,0,0,.667,197,45,37,1,25,2,35,7,0,14,13,2.60
21323880,1999,読売,8,2,2,0,,,0,0,0,.500,129,29.2,36,6,5,1,25,1,0,17,16,4.85
21323880,2000,読売,7,4,0,0,,,3,3,0,1.000,166,44.1,29,4,9,1,30,1,0,7,7,1.42
21323880,2001,読売,21,4,4,2,,,0,0,0,.500,334,72.2,91,19,28,4,39,0,0,52,48,5.94
21323880,2002,読売,49,5,3,28,,,0,0,0,.625,196,50,44,8,6,0,61,1,0,16,15,2.70
21323880,2003,読売,23,0,3,7,,,0,0,0,.000,113,22,37,4,7,2,23,2,0,26,23,9.41
21323880,2004,読売,13,0,1,2,,,0,0,0,.000,68,15.1,20,5,5,0,10,0,0,11,11,6.46
21323880,2005,西武,20,2,11,0,0,0,0,0,0,.154,428,97,106,15,34,5,54,4,0,66,58,5.38
21323880,2007,西武,3,0,2,0,0,0,0,0,0,.000,50,10.1,16,4,5,1,5,0,0,14,14,12.19
21323880,2009,中日,44,3,0,0,15,18,0,0,0,1.000,136,34,24,2,10,2,18,0,0,7,7,1.85
21323880,2010,中日,4,0,1,0,2,2,0,0,0,.000,16,3.2,5,0,0,0,1,0,0,2,2,4.91
21323880,2011,中日,30,1,4,0,10,11,0,0,0,.200,87,20.1,19,1,8,0,12,0,0,8,6,2.66
11515110,2005,中日,4,0,1,0,0,0,0,0,0,.000,47,11,11,2,3,0,8,0,0,7,5,4.09
11515110,2008,中日,14,1,5,0,0,0,0,0,0,.167,243,56.2,69,3,11,0,37,1,0,31,25,3.97
11515110,2009,中日,20,11,5,0,0,0,1,1,0,.688,508,119,126,10,31,2,57,4,1,55,50,3.78
11515110,2010,中日,6,1,3,0,0,0,0,0,0,.250,147,33.2,34,2,13,1,13,3,0,14,12,3.21
11515110,2011,中日,16,5,3,0,0,0,0,0,0,.625,342,83,76,6,23,1,46,2,0,28,22,2.39
11515110,2012,中日,14,3,5,0,0,0,0,0,0,.375,231,54.1,58,3,12,1,26,0,0,33,26,4.31
11515110,2013,中日,3,1,0,0,0,1,0,0,0,1.000,55,14,9,1,4,0,5,0,0,4,4,2.57
11515110,2014,中日,19,6,7,0,1,1,1,1,1,.462,421,101,105,8,24,2,47,1,0,43,36,3.21
11515110,2015,中日,3,0,2,0,0,0,0,0,0,.000,69,16.2,16,1,4,0,8,0,0,7,7,3.78
11515110,2016,中日,1,0,0,0,0,0,0,0,0,.000,1,0.1,0,0,0,0,0,0,0,0,0,0.00
31935117,2005,中日,4,0,0,0,0,0,0,0,0,.000,21,4.2,5,1,1,1,6,0,0,4,4,7.71
31935117,2006,中日,23,1,0,0,3,4,0,0,0,1.000,56,12,10,0,5,3,12,0,0,8,7,5.25
31935117,2007,中日,18,0,1,0,3,3,0,0,0,.000,49,11.1,9,1,6,1,9,0,0,5,3,2.38
31935117,2008,中日,46,0,2,1,10,10,0,0,0,.000,133,28.2,33,4,12,3,21,1,0,18,14,4.40
31935117,2009,中日,32,3,1,0,1,4,0,0,0,.750,82,21.1,15,1,7,1,19,1,0,2,2,0.84
31935117,2010,中日,36,0,0,0,6,6,0,0,0,.000,82,21,17,1,2,2,16,0,0,5,5,2.14
31935117,2011,中日,58,5,0,0,18,23,0,0,0,1.000,106,31,10,0,7,2,26,0,0,4,3,0.87
31935117,2012,中日,41,2,0,0,14,16,0,0,0,1.000,89,20.2,16,1,5,3,17,0,0,3,3,1.31
31935117,2013,中日,33,0,0,0,6,6,0,0,0,.000,67,15.1,18,0,3,1,7,0,0,7,7,4.11
31935117,2014,中日,2,0,0,0,1,1,0,0,0,.000,12,1.1,7,0,1,0,1,0,0,6,6,40.50
51755110,2005,中日,9,0,0,0,0,0,0,0,0,.000,53,11,14,4,7,1,6,2,0,11,11,9.00
51755110,2007,中日,4,0,0,0,0,0,0,0,0,.000,15,2.2,5,0,2,0,3,2,0,2,2,6.75
51755110,2008,中日,12,0,0,0,1,1,0,0,0,.000,60,12.2,19,0,5,0,10,1,0,10,9,6.39
51755110,2010,中日,2,0,1,0,0,0,0,0,0,.000,12,2.1,4,1,2,0,1,0,0,4,4,15.43
71775119,2004,中日,2,0,0,0,,,0,0,0,.000,14,4,2,2,0,0,6,0,0,2,2,4.50
71775119,2005,中日,3,1,1,0,0,0,0,0,0,.500,71,16,17,2,6,0,11,1,0,10,10,5.63
71775119,2006,中日,19,9,4,0,0,0,6,2,1,.692,529,129,134,9,24,4,83,1,0,42,38,2.65
71775119,2007,中日,1,0,1,0,0,0,0,0,0,.000,19,4.1,6,1,2,0,1,1,0,2,2,4.15
71775119,2008,中日,8,1,4,0,0,0,0,0,0,.200,169,40.2,47,4,7,0,23,1,0,20,20,4.43
61765112,2006,中日,1,0,0,0,0,0,0,0,0,.000,5,1,2,0,0,0,0,0,0,0,0,0.00
61765112,2008,中日,17,1,1,0,0,1,0,0,0,.500,61,15,10,2,6,0,10,0,0,5,5,3.00
61765112,2009,中日,18,2,1,0,3,5,0,0,0,.667,55,12,10,2,9,1,13,1,0,6,4,3.00
21925114,2008,中日,15,2,2,0,2,2,1,0,0,.500,183,44,34,2,17,5,33,0,1,14,12,2.45
21925114,2009,中日,8,0,1,0,1,1,0,0,0,.000,24,4.2,3,0,6,1,4,0,0,2,2,3.86
21925114,2010,中日,44,1,1,0,8,9,0,0,0,.500,279,63.1,53,5,30,7,56,7,0,32,32,4.55
21925114,2013,中日,4,0,0,0,0,0,0,0,0,.000,17,3.1,3,0,2,3,2,0,0,4,4,10.80
61765110,2005,中日,47,5,3,0,3,7,0,0,0,.625,295,68.1,62,5,28,3,46,1,1,30,27,3.56
61765110,2006,中日,46,1,0,1,8,9,0,0,0,1.000,221,53,45,2,15,7,54,0,0,13,10,1.70
61765110,2007,中日,30,1,1,0,6,7,0,0,0,.500,123,30.2,19,3,14,2,31,0,0,12,12,3.52
61765110,2008,中日,8,0,0,0,3,3,0,0,0,.000,27,8,2,0,1,0,9,0,0,1,1,1.13
61765110,2009,中日,6,0,0,0,0,0,0,0,0,.000,23,4.2,4,0,2,2,2,0,0,1,1,1.93
61765110,2010,中日,41,1,0,0,7,8,0,0,0,1.000,153,36.2,27,2,16,2,21,0,0,14,13,3.19
61765110,2011,中日,55,2,1,0,12,14,0,0,0,.667,181,41.2,34,0,19,4,20,1,0,9,5,1.08
61765110,2012,中日,9,0,0,0,0,0,0,0,0,.000,37,8,8,0,5,0,4,0,0,5,5,5.63
61765110,2013,中日,15,0,1,0,2,2,0,0,0,.000,68,15.2,15,0,8,0,7,0,0,6,6,3.45
61765110,2014,中日,1,0,0,0,0,0,0,0,0,.000,1,+,1,1,0,0,0,0,0,1,1,----
71975115,2004,中日,24,0,1,0,,,0,0,0,.000,91,22,17,2,12,0,21,0,0,7,7,2.86
71975115,2005,中日,61,2,1,0,13,15,0,0,0,.667,214,44.1,55,4,20,5,56,3,0,27,23,4.67
71975115,2006,中日,26,1,3,0,8,9,0,0,0,.250,70,14,19,2,9,1,10,1,0,17,16,10.29
71975115,2007,中日,25,1,0,0,4,5,0,0,0,1.000,124,27.2,29,4,10,3,27,1,0,14,13,4.23
71975115,2008,中日,54,2,1,1,15,17,0,0,0,.667,222,54,47,4,10,4,48,0,0,16,14,2.33
71975115,2009,中日,49,2,2,0,10,12,0,0,0,.500,201,49.2,38,6,14,2,53,3,0,17,17,3.08
71975115,2010,中日,63,4,1,0,31,35,0,0,0,.800,250,61.1,44,3,24,2,62,2,0,15,11,1.61
71975115,2011,中日,2,0,0,0,1,1,0,0,0,.000,6,2,0,0,0,0,2,0,0,0,0,0.00
71975115,2012,中日,11,0,0,0,0,0,0,0,0,.000,49,11,11,2,6,2,7,0,0,8,8,6.55
71975115,2013,中日,29,2,2,0,5,7,0,0,0,.500,112,25.2,24,2,11,1,29,3,0,13,10,3.51
71975115,2014,中日,22,0,0,0,6,6,0,0,0,.000,81,19,17,0,7,0,19,3,0,5,5,2.37
71975115,2015,中日,35,3,3,0,6,9,0,0,0,.500,109,25.2,27,1,2,1,26,2,0,13,10,3.51
71975115,2016,阪神,54,3,1,0,20,23,0,0,0,.750,166,38.1,38,4,11,1,38,3,0,17,16,3.76
71975115,2017,阪神,61,6,0,1,20,26,0,0,0,1.000,184,47.2,29,1,14,1,51,2,0,9,9,1.70
71975115,2018,阪神,15,0,0,0,2,2,0,0,0,.000,66,13.2,19,1,5,0,8,2,0,6,6,3.95
71975115,2019,阪神,1,0,0,0,0,0,0,0,0,.000,1,0.1,0,0,0,0,0,0,0,0,0,0.00
01905118,2010,中日,1,0,0,0,0,0,0,0,0,.000,10,1,3,0,4,0,1,2,0,5,5,45.00
21625119,2005,中日,10,0,0,1,1,1,0,0,0,.000,92,19.1,29,3,6,0,20,2,0,17,13,6.05
21625119,2008,中日,39,7,6,0,12,14,1,1,0,.538,474,114.2,101,7,33,5,107,5,0,40,37,2.90
21625119,2009,中日,24,8,4,0,0,0,5,4,2,.667,644,164,113,10,40,3,146,2,0,32,28,1.54
21625119,2010,中日,29,13,10,0,1,1,3,2,0,.565,773,188,166,21,49,8,153,5,0,63,60,2.87
21625119,2011,中日,25,8,10,0,0,0,4,1,2,.444,659,164.2,138,9,31,5,94,2,0,57,49,2.68
21625119,2020,千葉ロッテ,4,0,3,0,0,0,1,0,0,.000,102,26,22,4,4,0,14,2,0,7,7,2.42
21625119,2021,阪神,2,1,0,0,0,0,0,0,0,1.000,39,9.1,10,0,3,0,7,0,0,5,4,3.86
81285117,2004,中日,14,2,0,0,,,0,0,0,1.000,129,30.1,30,6,12,1,25,0,0,17,17,5.04
81285117,2006,中日,2,0,0,0,0,0,0,0,0,.000,21,4,7,0,3,0,3,0,0,2,2,4.50
81285117,2007,中日,3,0,1,0,0,0,0,0,0,.000,58,11.2,19,2,5,0,7,0,0,13,12,9.26
81285117,2008,中日,33,2,1,0,3,5,0,0,0,.667,198,43,63,1,10,3,30,1,0,28,27,5.65
81285117,2009,中日,6,1,2,0,0,1,0,0,0,.333,21,4.2,4,0,3,0,5,0,0,4,4,7.71
81285117,2010,中日,11,0,1,0,1,1,0,0,0,.000,80,17.2,19,1,8,0,19,0,0,11,8,4.08
51055110,2005,中日,15,8,3,0,0,0,0,0,0,.727,371,86.2,81,7,30,6,60,2,1,36,35,3.63
51055110,2006,中日,20,7,4,1,0,0,1,0,0,.636,473,112.2,106,16,36,2,111,3,0,49,49,3.91
51055110,2007,中日,28,14,8,0,1,1,3,0,0,.636,741,170.1,158,14,81,6,177,13,0,73,68,3.59
51055110,2008,中日,23,7,9,0,0,1,1,1,0,.438,582,129.2,148,13,46,11,126,5,0,79,67,4.65
51055110,2009,中日,13,5,4,0,0,0,1,1,0,.556,342,81,77,5,25,5,73,4,0,34,31,3.44
51055110,2010,中日,19,7,4,0,0,0,4,2,0,.636,491,118,99,9,41,4,105,8,0,43,38,2.90
51055110,2011,中日,6,2,3,0,0,1,0,0,0,.400,126,30.1,29,5,4,3,26,1,0,19,14,4.15
51055110,2012,中日,22,7,10,0,0,0,2,0,1,.412,562,140,119,6,33,9,106,3,0,46,44,2.83
51055110,2013,中日,40,4,6,0,15,18,0,0,0,.400,428,98,85,5,45,8,83,8,0,41,37,3.40
51055110,2014,福岡ソフトバンク,25,11,7,0,0,0,1,0,0,.611,623,145,139,10,65,8,116,7,0,77,70,4.34
51055110,2015,福岡ソフトバンク,24,9,7,0,0,0,3,0,0,.563,657,155.1,134,17,61,9,130,4,0,60,56,3.24
51055110,2016,福岡ソフトバンク,17,7,3,0,0,0,0,0,0,.700,377,89.2,64,9,49,5,67,3,0,31,30,3.01
51055110,2017,福岡ソフトバンク,18,7,6,0,0,1,0,0,0,.538,380,86.2,82,15,40,9,78,4,0,44,44,4.57
51055110,2018,福岡ソフトバンク,23,5,3,0,0,1,0,0,0,.625,410,91.2,87,13,57,3,79,5,1,54,53,5.20
51055110,2019,福岡ソフトバンク,1,0,0,0,0,0,0,0,0,.000,20,4.2,3,0,3,1,2,0,0,1,1,1.93
51055110,2020,阪神,3,0,2,0,0,0,0,0,0,.000,53,10.2,18,0,5,0,11,0,0,9,9,7.59
33335116,2008,中日,6,0,0,0,0,0,0,0,0,.000,29,6,9,0,4,0,6,0,0,2,2,3.00
33335116,2009,中日,26,1,3,1,1,2,0,0,0,.250,215,50.1,48,6,16,1,49,4,0,24,20,3.58
33335116,2010,中日,15,4,3,0,0,1,2,1,0,.571,293,68.1,65,7,37,5,38,0,0,24,24,3.16
33335116,2011,中日,31,10,14,0,0,0,2,0,0,.417,840,209.1,171,12,49,6,149,5,0,63,59,2.54
33335116,2012,中日,6,0,1,0,1,1,0,0,0,.000,54,11.1,14,1,7,0,8,0,0,10,9,7.15
91895131,2010,中日,8,1,3,0,0,0,0,0,0,.250,150,33,36,4,14,3,13,4,2,23,18,4.91
71973889,1994,オリックス,8,1,3,0,,,0,0,0,.250,55,15,10,0,2,1,12,0,0,5,3,1.80
71973889,1995,オリックス,53,15,5,27,,,0,0,0,.750,343,85.1,77,1,14,2,82,3,0,25,22,2.32
71973889,1996,オリックス,34,5,3,6,,,0,0,0,.625,202,50.1,34,3,19,1,50,1,0,16,14,2.50
71973889,1997,オリックス,17,2,1,0,,,0,0,0,.667,249,54.1,68,5,18,5,27,1,0,29,24,3.98
71973889,1998,オリックス,36,6,3,1,,,0,0,0,.667,265,65.1,50,8,20,1,48,3,0,23,18,2.48
71973889,1999,オリックス,5,0,1,0,,,0,0,0,.000,81,15,25,3,13,0,7,1,0,18,14,8.40
71973889,2000,オリックス,5,0,1,0,,,0,0,0,.000,16,3.2,3,2,3,0,0,0,0,3,3,7.36
71973889,2001,オリックス,6,0,0,0,,,0,0,0,.000,46,9.2,11,3,5,1,13,0,0,9,9,8.38
71973889,2002,オリックス,5,0,0,0,,,0,0,0,.000,22,4,8,1,2,1,3,1,0,4,4,9.00
71973889,2003,中日,40,12,6,0,,,3,2,1,.667,584,144.1,132,16,25,6,98,0,0,55,49,3.06
71973889,2004,中日,38,5,6,5,,,0,0,0,.455,358,87,92,6,17,0,58,0,0,40,38,3.93
71973889,2005,中日,55,4,4,1,16,20,0,0,0,.500,231,54,51,6,16,3,46,2,0,24,23,3.83
71973889,2006,中日,57,5,3,0,22,27,0,0,0,.625,254,63,51,5,16,1,44,1,0,16,16,2.29
71973889,2007,中日,45,4,2,0,19,23,0,0,0,.667,162,41,35,5,10,1,30,1,0,18,15,3.29
71973889,2008,中日,37,1,1,0,9,10,0,0,0,.500,128,28,36,3,6,3,23,1,0,16,16,5.14
71973889,2009,中日,25,0,1,1,5,5,0,0,0,.000,81,19,17,4,8,1,16,0,0,9,9,4.26
71973889,2010,中日,46,2,1,0,5,7,0,0,0,.667,203,49,40,5,16,3,29,2,0,12,12,2.20
71973889,2011,中日,33,1,1,0,5,6,0,0,0,.500,127,27.2,32,3,8,2,12,1,0,15,12,3.90
71973889,2012,中日,2,0,1,0,1,1,0,0,0,.000,14,2.1,5,0,1,1,3,0,0,3,3,11.57
71973889,2013,オリックス,21,0,0,0,2,2,0,0,0,.000,96,20.1,26,0,7,2,19,0,0,5,5,2.21
71973889,2014,オリックス,1,0,0,0,0,0,0,0,0,.000,4,1,1,0,0,0,0,0,0,0,0,0.00
21225115,2002,中日,5,1,0,0,,,0,0,0,1.000,31,8,5,3,2,0,4,0,0,4,4,4.50
21225115,2003,中日,51,1,1,1,,,0,0,0,.500,277,67,58,6,23,2,68,4,0,24,24,3.22
21225115,2004,中日,38,1,0,0,,,0,0,0,1.000,182,42.1,47,6,17,1,32,5,0,18,18,3.83
21225115,2005,中日,18,1,0,0,1,2,0,0,0,1.000,104,22,28,3,14,1,18,1,0,15,15,6.14
21225115,2006,中日,27,2,2,1,3,5,0,0,0,.500,130,30.2,29,0,12,0,19,1,0,7,6,1.76
21225115,2007,中日,36,2,1,0,4,6,0,0,0,.667,193,45.1,37,2,20,3,31,2,0,18,17,3.38
21225115,2010,中日,6,0,0,0,0,0,0,0,0,.000,27,6,9,1,1,0,4,0,0,5,5,7.50
21225115,2011,中日,10,1,0,0,0,1,0,0,0,1.000,83,21,13,0,8,3,20,0,0,3,3,1.29
21225115,2012,中日,5,0,0,0,0,0,0,0,0,.000,38,8,8,1,5,1,6,0,0,4,4,4.50
21225115,2013,広島東洋,43,3,4,1,2,4,0,0,0,.429,365,84,80,2,39,2,60,3,0,31,28,3.00
21225115,2014,広島東洋,8,0,0,0,0,0,0,0,0,.000,43,11,7,0,4,0,10,0,0,2,1,0.82
21225115,2016,広島東洋,1,0,0,0,0,0,0,0,0,.000,9,1,4,1,2,0,2,0,0,5,5,45.00
51255119,2004,福岡ダイエー,55,4,3,28,,,0,0,0,.571,279,67.2,47,6,19,9,71,3,0,28,23,3.06
51255119,2005,福岡ソフトバンク,54,2,2,18,11,13,0,0,0,.500,191,45.2,30,8,20,7,45,0,0,24,24,4.73
51255119,2006,福岡ソフトバンク,40,1,3,1,11,12,0,0,0,.250,130,32.2,26,2,9,2,15,0,0,17,17,4.68
51255119,2007,福岡ソフトバンク,28,0,1,0,4,4,0,0,0,.000,75,18.1,12,1,5,5,17,0,0,6,5,2.45
51255119,2008,福岡ソフトバンク,44,2,1,0,5,7,0,0,0,.667,145,35,28,5,14,2,25,3,0,16,16,4.11
51255119,2009,福岡ソフトバンク,17,0,1,0,0,0,0,0,0,.000,92,20,26,1,8,0,19,2,0,14,14,6.30
51255119,2010,福岡ソフトバンク,6,0,0,0,0,0,0,0,0,.000,19,3.1,6,0,3,0,2,1,0,5,4,10.80
51255119,2010,中日,6,0,1,0,1,1,0,0,0,.000,18,3,5,0,4,0,3,0,0,5,5,15.00
51255119,2011,中日,44,1,1,0,7,8,0,0,0,.500,149,35.1,38,0,7,3,25,0,1,17,16,4.08
51255119,2012,中日,2,0,0,0,1,1,0,0,0,.000,12,3,3,0,0,0,5,0,0,0,0,0.00
51255119,2013,中日,20,1,0,0,4,5,0,0,0,1.000,78,20.1,15,2,5,0,14,0,0,4,4,1.77
51255119,2014,中日,1,0,0,0,1,1,0,0,0,.000,1,0.1,0,0,0,0,1,0,0,0,0,0.00
01403862,1986,中日,1,0,0,0,,,0,0,0,.000,5,0.2,2,1,1,0,2,0,0,2,2,27.00
01403862,1987,中日,3,0,0,0,,,0,0,0,.000,11,1.2,2,0,4,0,1,1,0,3,3,16.20
01403862,1988,中日,8,5,0,0,,,2,2,0,1.000,184,48.2,28,1,13,1,35,0,0,4,3,0.55
01403862,1989,中日,35,9,9,1,,,5,2,1,.500,757,181,172,14,56,2,108,3,0,66,59,2.93
01403862,1990,中日,26,10,7,0,,,6,1,0,.588,646,152,154,23,45,4,77,5,0,67,60,3.55
01403862,1991,中日,33,6,8,1,,,2,0,0,.429,618,144,158,14,43,3,96,1,0,73,58,3.63
01403862,1992,中日,30,13,10,0,,,5,2,0,.565,709,170.2,158,22,49,2,135,3,0,73,65,3.43
01403862,1993,中日,27,17,5,0,,,10,5,1,.773,710,188.1,140,16,30,3,132,1,0,46,43,2.05
01403862,1994,中日,29,19,8,0,,,14,2,2,.704,868,214,203,19,46,0,148,1,0,86,83,3.49
01403862,1995,中日,12,2,5,0,,,3,1,0,.286,302,74.2,70,15,17,1,61,1,0,43,40,4.82
01403862,1996,中日,26,7,9,1,,,6,2,0,.438,647,154.2,159,17,38,3,119,4,1,72,63,3.67
01403862,1997,中日,29,18,7,1,,,4,1,1,.720,838,206.2,174,26,57,3,159,1,0,74,67,2.92
01403862,1998,中日,28,9,9,0,,,5,3,0,.500,769,182,185,14,60,2,131,1,0,74,74,3.66
01403862,1999,中日,25,8,5,0,,,1,0,0,.615,661,158.1,149,16,44,3,116,1,0,55,52,2.96
01403862,2000,中日,28,11,9,0,,,5,2,1,.550,608,151.2,129,16,36,2,104,3,0,50,44,2.61
01403862,2001,中日,28,10,13,0,,,2,2,1,.435,672,163.2,160,12,44,2,98,3,0,69,66,3.63
01403862,2002,中日,21,7,6,0,,,1,0,1,.538,352,86.1,90,10,9,0,67,1,0,40,38,3.96
01403862,2003,中日,26,9,7,0,,,0,0,0,.563,653,156,156,19,35,9,121,1,0,69,62,3.58
01403862,2004,中日,27,13,6,0,,,1,1,0,.684,653,157,153,16,43,2,120,2,0,56,55,3.15
01403862,2005,中日,22,7,8,0,0,0,0,0,0,.467,513,116,137,12,31,8,69,2,0,63,63,4.89
01403862,2006,中日,27,11,7,1,0,0,3,2,1,.611,686,170.2,147,11,36,6,124,2,0,65,63,3.32
01403862,2007,中日,19,2,10,0,0,0,1,1,0,.167,469,108.1,124,13,27,4,71,0,0,68,61,5.07
01403862,2008,中日,23,11,7,0,0,0,2,0,1,.611,544,133.2,127,15,26,2,84,1,0,54,47,3.16
01403862,2009,中日,6,1,4,0,0,0,0,0,0,.200,137,27,45,5,12,0,14,1,0,34,32,10.67
01403862,2010,中日,8,5,1,0,0,0,1,1,0,.833,205,47.2,55,4,12,3,28,1,0,20,17,3.21
01403862,2012,中日,13,3,2,0,0,1,0,0,0,.600,264,67.1,52,4,19,2,40,2,0,22,22,2.94
01403862,2013,中日,16,5,2,0,0,0,0,0,0,.714,314,70.2,80,6,28,1,39,2,0,37,35,4.46
01403862,2014,中日,3,1,1,0,0,0,0,0,0,.500,60,14,16,0,3,1,9,1,0,8,7,4.50
01403862,2015,中日,2,0,0,0,0,0,0,0,0,.000,7,1.1,1,0,2,0,2,1,0,1,1,6.75
31635115,2002,中日,31,6,3,0,,,0,0,0,.667,372,84.2,92,7,34,7,68,8,0,40,37,3.93
31635115,2003,中日,4,0,0,0,,,0,0,0,.000,27,5.2,11,0,1,0,3,0,0,5,3,4.76
31635115,2004,中日,8,2,1,0,,,1,1,0,.667,117,27,29,4,16,0,31,1,0,10,10,3.33
31635115,2005,中日,27,3,5,1,2,3,0,0,0,.375,440,106.2,102,14,31,5,90,3,1,53,49,4.13
31635115,2007,中日,14,6,4,0,0,0,1,0,0,.600,353,83,75,6,32,1,56,1,0,36,31,3.36
31635115,2008,中日,2,0,1,0,0,0,0,0,0,.000,30,9,5,1,0,0,10,0,0,1,1,1.00
31635115,2009,中日,17,0,4,2,2,2,0,0,0,.000,170,36.2,42,6,20,2,29,6,0,29,26,6.38
31635115,2010,中日,19,7,4,0,1,1,1,1,0,.636,464,110.1,105,10,39,5,84,5,0,49,46,3.75
31635115,2011,中日,10,3,3,0,1,1,0,0,0,.500,203,45.2,51,3,18,1,35,1,0,24,22,4.34
31635115,2012,中日,56,4,3,15,13,16,0,0,0,.571,385,101,71,3,23,2,80,3,0,20,16,1.43
31635115,2013,中日,23,5,6,0,1,1,1,1,0,.455,434,97.2,105,11,44,4,63,0,0,48,45,4.15
31635115,2014,中日,27,13,5,0,0,0,1,1,0,.722,716,173.2,156,13,66,4,103,1,0,64,62,3.21
31635115,2015,中日,33,4,12,2,5,6,0,0,0,.250,589,140,132,13,50,2,79,7,0,69,61,3.92
31635115,2016,中日,33,1,8,0,7,8,0,0,0,.111,276,63.2,60,9,23,4,45,5,0,33,32,4.52
31635115,2017,中日,2,2,0,0,0,0,0,0,0,1.000,44,12,8,1,1,1,5,0,0,2,2,1.50
31635115,2018,中日,10,3,6,0,0,0,1,1,0,.333,259,62.1,55,12,21,1,43,2,0,28,28,4.04
31635115,2019,中日,13,3,5,0,0,0,0,0,0,.375,279,65,66,13,24,3,37,2,0,35,35,4.85
31635115,2020,中日,6,0,0,0,0,0,0,0,0,.000,42,8,12,1,5,1,5,1,0,8,8,9.00
31635115,2021,中日,1,0,0,0,0,0,0,0,0,.000,1,0.1,0,0,0,0,1,0,0,0,0,0.00
21625116,2008,中日,4,0,0,0,0,0,0,0,0,.000,38,9.1,9,3,2,0,12,0,0,6,6,5.79
21625116,2009,中日,1,0,0,0,0,0,0,0,0,.000,7,1.1,3,0,0,0,0,0,0,2,2,13.50
21625116,2010,中日,6,2,1,0,0,0,0,0,0,.667,146,35,24,2,18,1,18,0,0,13,8,2.06
21625116,2011,中日,11,3,2,0,1,1,1,1,0,.600,252,62.1,46,6,20,2,31,0,0,14,12,1.73
21625116,2012,中日,24,10,7,0,0,0,0,0,0,.588,589,148,128,8,32,4,68,4,0,42,40,2.43
21625116,2013,中日,9,2,4,0,0,0,0,0,0,.333,234,50.1,68,8,24,1,22,3,0,34,31,5.54
21625116,2014,中日,1,0,1,0,0,0,0,0,0,.000,26,4,8,1,5,0,2,1,0,7,5,11.25
21625116,2016,東北楽天,1,0,0,0,0,0,0,0,0,.000,1,0.1,0,0,0,0,0,0,0,0,0,0.00
41445131,2010,中日,1,0,0,0,0,0,0,0,0,.000,3,0.1,1,0,0,1,0,0,0,0,0,0.00
41445131,2011,中日,2,0,0,0,1,1,0,0,0,.000,12,2,4,0,2,0,0,0,0,2,2,9.00
41445131,2012,中日,5,0,0,0,0,0,0,0,0,.000,33,8.1,5,1,2,0,7,0,0,3,2,2.16
41445131,2013,中日,9,0,0,0,1,1,0,0,0,.000,45,11.2,9,2,1,1,9,1,1,5,5,3.86
41445131,2015,千葉ロッテ,10,0,0,0,1,1,0,0,0,.000,54,12,16,2,2,1,11,0,0,6,6,4.50
41845112,2006,中日,4,1,0,0,0,0,0,0,0,1.000,53,13.1,10,1,3,0,10,0,0,4,4,2.70
41845112,2007,中日,5,0,1,0,0,0,0,0,0,.000,74,14.2,25,5,7,0,14,1,0,14,12,7.36
41845112,2008,中日,35,10,3,0,10,13,3,2,0,.769,476,114.1,118,11,25,4,82,1,0,46,41,3.23
41845112,2009,中日,27,16,7,0,1,2,5,4,3,.696,750,189.1,166,10,33,3,147,6,1,52,42,2.00
41845112,2010,中日,25,12,9,0,0,0,1,1,0,.571,659,156.2,159,19,25,5,115,5,0,67,61,3.50
41845112,2011,中日,26,18,3,0,0,1,5,3,3,.857,734,190.2,143,8,23,4,120,0,0,38,35,1.65
41845112,2012,中日,19,13,4,0,0,0,6,2,3,.765,529,138.2,121,5,13,0,76,1,0,28,27,1.75
41845112,2013,中日,6,1,4,0,0,0,0,0,0,.200,157,36.1,40,5,10,0,29,0,0,19,19,4.71
41845112,2014,中日,3,0,1,0,0,0,0,0,0,.000,62,15,16,4,2,0,6,0,0,8,7,4.20
41845112,2015,中日,8,3,0,0,0,0,0,0,0,1.000,186,48,34,0,12,1,39,1,0,5,5,0.94
41845112,2016,中日,21,6,7,0,0,0,1,0,0,.462,535,131.1,134,11,27,0,81,1,0,49,45,3.08
41845112,2017,中日,14,3,7,0,0,0,0,0,0,.300,334,75.2,93,8,14,1,38,0,0,49,44,5.23
41845112,2018,中日,20,5,7,0,0,0,1,1,1,.417,516,125.2,136,15,24,4,61,1,1,54,54,3.87
41845112,2019,中日,5,1,1,0,0,0,0,0,0,.500,96,19.2,30,0,4,2,17,1,0,14,14,6.41
41845112,2020,中日,5,1,2,0,0,0,0,0,0,.333,77,17.2,21,6,3,2,10,0,0,11,11,5.60
11515133,2011,中日,1,0,1,0,0,0,0,0,0,.000,22,4,9,2,1,0,2,1,0,7,6,13.50
11515133,2012,中日,9,4,3,0,1,1,0,0,0,.571,188,44.2,40,1,14,3,41,3,0,15,13,2.62
11515133,2013,中日,25,10,10,0,0,0,1,0,1,.500,624,146.1,151,12,43,5,117,3,0,65,62,3.81
11515133,2014,中日,25,10,8,0,0,0,3,1,1,.556,682,165,156,14,47,6,119,3,0,60,53,2.89
11515133,2015,中日,28,11,10,0,1,1,6,3,1,.524,826,207.1,169,12,47,3,154,1,0,67,58,2.52
11515133,2016,中日,19,7,10,0,0,0,3,1,1,.412,547,129.2,126,11,37,2,85,0,0,59,51,3.54
11515133,2017,中日,24,7,8,0,0,0,2,1,0,.467,629,147.2,143,17,51,6,117,0,0,71,66,4.02
11515133,2018,中日,6,0,3,0,0,0,0,0,0,.000,130,27.1,32,7,19,0,21,1,0,27,26,8.56
11515133,2019,中日,25,9,8,0,0,0,2,2,0,.529,696,177.2,132,18,43,2,156,2,0,52,51,2.58
11515133,2020,中日,20,11,6,0,0,0,10,6,2,.647,559,148.2,106,13,23,0,148,3,0,33,30,1.82
11515133,2021,中日,22,7,11,0,0,0,1,0,1,.389,566,143.1,121,12,26,2,118,1,0,48,47,2.95
11515133,2022,中日,23,8,8,0,0,0,4,2,2,.500,625,157,126,7,37,6,108,1,0,50,43,2.46
11515133,2023,中日,1,0,1,0,0,0,0,0,0,.000,26,7,3,0,1,0,3,0,0,1,0,0.00
11515133,2024,中日,9,2,6,0,0,0,0,0,0,.250,192,44.1,50,5,12,2,27,1,0,27,24,4.87
11515133,2025,中日,20,11,4,0,0,0,1,0,0,.733,477,120,95,6,26,4,72,0,0,34,28,2.10
11515133,2026,中日,22,10,7,0,0,0,2,0,1,.588,571,143,110,18,39,5,96,0,0,43,39,2.45
91795112,2006,北海道日本ハム,2,0,1,0,0,0,0,0,0,.000,39,8.1,9,2,5,0,7,1,0,7,7,7.56
91795112,2007,北海道日本ハム,5,2,1,0,0,0,1,1,0,.667,119,30,27,3,7,0,11,1,0,8,8,2.40
91795112,2011,中日,1,0,0,0,0,0,0,0,0,.000,5,1,0,0,2,0,1,0,0,0,0,0.00
03505133,2011,中日,22,5,1,0,0,0,0,0,0,.833,311,78,65,4,19,2,59,0,0,18,15,1.73
03505133,2012,中日,18,4,1,0,3,3,0,0,0,.800,246,62.1,45,3,21,1,48,0,0,16,15,2.17
03505133,2013,横浜DeNA,8,1,3,0,1,1,0,0,0,.250,161,30.2,52,3,22,3,22,0,0,34,33,9.68
03505133,2014,横浜DeNA,26,1,1,1,8,9,0,0,0,.500,93,23,17,2,6,2,10,0,0,6,4,1.57
61665133,2011,中日,7,0,0,0,0,0,0,0,0,.000,37,8.2,9,2,3,0,7,0,0,4,4,4.15
61665133,2012,中日,33,4,0,0,3,7,0,0,0,1.000,167,41.2,33,1,10,1,31,2,1,15,14,3.02
61665133,2013,中日,58,2,2,0,10,12,0,0,0,.500,306,70,70,7,29,1,50,2,0,33,29,3.73
61665133,2014,中日,15,1,1,0,1,1,0,0,0,.500,101,25,18,2,9,2,18,0,0,10,10,3.60
61665133,2015,中日,8,2,3,0,0,1,0,0,0,.400,120,27.1,31,2,12,0,10,2,0,14,12,3.95
61665133,2016,中日,4,0,0,0,0,0,0,0,0,.000,28,5.1,9,0,3,0,3,0,0,3,2,3.38
61665133,2018,横浜DeNA,20,0,0,0,4,4,0,0,0,.000,101,23.2,20,4,12,2,15,1,0,17,17,6.46
61665133,2019,横浜DeNA,31,1,2,0,3,4,0,0,0,.333,159,38,31,4,18,1,28,1,0,17,14,3.32
61665133,2020,横浜DeNA,21,0,1,0,0,0,0,0,0,.000,154,31.1,42,3,18,1,22,1,0,29,26,7.47
61665133,2021,横浜DeNA,1,0,0,0,0,0,0,0,0,.000,1,0.1,0,0,0,0,1,0,0,0,0,0.00
41343886,1998,中日,26,14,6,0,,,4,3,2,.700,649,161.1,123,14,51,2,124,4,0,48,46,2.57
41343886,1999,中日,29,8,9,1,,,3,1,1,.471,695,162,173,20,43,2,102,3,0,84,80,4.44
41343886,2000,中日,14,2,3,0,,,0,0,0,.400,260,60.1,65,10,20,1,24,1,0,32,32,4.77
41343886,2001,中日,26,6,10,0,,,3,1,1,.375,608,145,153,12,36,4,127,4,0,61,60,3.72
41343886,2002,中日,27,12,6,0,,,3,3,1,.667,760,187.2,170,13,34,8,149,0,0,54,49,2.35
41343886,2003,中日,8,4,3,0,,,1,0,0,.571,234,53.2,60,2,14,1,37,3,0,22,18,3.02
41343886,2004,中日,27,17,7,0,,,5,2,1,.708,774,192.1,173,27,38,4,176,2,0,72,71,3.32
41343886,2005,中日,25,11,8,0,0,0,3,2,2,.579,738,180.1,186,20,28,4,138,1,0,75,75,3.74
41343886,2006,中日,29,17,7,0,0,1,6,3,2,.708,841,215,166,22,39,5,194,3,0,74,60,2.51
41343886,2007,中日,26,12,8,0,0,0,0,0,0,.600,696,167.1,175,18,23,6,145,1,0,72,66,3.55
41343886,2008,中日,20,9,5,0,1,2,1,0,0,.643,473,117.1,99,11,25,5,112,1,0,33,30,2.30
41343886,2012,中日,7,3,1,0,0,0,0,0,0,.750,121,28.2,25,3,10,2,17,0,0,10,9,2.83
41343886,2013,中日,5,1,1,0,0,0,0,0,0,.500,119,28,26,3,13,0,12,4,0,11,10,3.21
41343886,2014,中日,6,1,2,0,0,0,0,0,0,.333,142,32,33,2,17,2,24,1,1,18,17,4.78
21525135,2013,中日,1,0,0,0,0,0,0,0,0,.000,6,1,1,0,2,0,1,0,0,1,1,9.00
93395135,2012,中日,53,5,1,4,21,26,0,0,0,.833,260,63.1,54,1,19,1,50,1,0,17,13,1.85
93395135,2013,横浜DeNA,55,3,4,19,11,14,0,0,0,.429,249,60.1,51,2,21,0,54,3,0,20,12,1.79
93395135,2014,横浜DeNA,27,0,3,3,12,12,0,0,0,.000,118,23.2,35,2,14,1,14,2,0,15,13,4.94
21025135,2012,中日,56,5,3,0,30,35,0,0,0,.625,274,70.2,50,1,17,3,56,2,0,10,9,1.15
21025135,2013,中日,50,5,10,0,12,17,0,0,0,.333,286,64.1,66,3,32,4,60,3,1,37,34,4.76
21025135,2014,中日,42,3,5,0,9,12,0,0,0,.375,232,51,47,5,29,4,55,3,0,35,29,5.12
21025135,2015,中日,64,4,6,9,16,20,0,0,0,.400,316,75,68,4,25,6,62,5,0,25,19,2.28
21025135,2016,中日,59,3,4,17,18,21,0,0,0,.429,248,59,50,5,25,3,61,5,0,16,16,2.44
21025135,2017,中日,63,2,5,34,6,8,0,0,0,.286,249,62.2,40,6,25,3,46,5,0,20,20,2.87
21025135,2018,中日,30,0,4,15,1,1,0,0,0,.000,134,28.2,30,4,18,2,13,3,0,23,23,7.22
21025135,2019,中日,21,0,1,0,5,5,0,0,0,.000,91,21,18,5,8,2,22,4,0,16,16,6.86
21025135,2021,中日,22,2,1,0,8,10,0,0,0,.667,74,18.1,15,0,6,0,22,1,0,5,5,2.45
21025135,2022,中日,21,0,0,0,1,1,0,0,0,.000,97,21.2,22,2,8,1,9,1,0,13,11,4.57
21025135,2023,中日,32,1,2,0,10,11,0,0,0,.333,127,29.2,24,3,17,1,31,0,0,16,16,4.85
21025135,2024,中日,2,0,0,0,1,1,0,0,0,.000,6,0.1,4,0,1,0,1,0,0,4,4,108.00
31235135,2013,中日,13,0,0,0,0,0,0,0,0,.000,83,19.2,20,1,8,0,15,3,0,10,10,4.58
71475135,2012,中日,3,0,0,0,0,0,0,0,0,.000,24,7,1,1,2,0,4,0,0,1,1,1.29
71475135,2013,中日,12,1,6,0,0,0,0,0,0,.143,207,46,50,8,19,0,27,2,0,35,32,6.26
71475135,2015,中日,6,1,0,0,0,1,0,0,0,1.000,33,7.1,7,0,6,0,6,0,0,3,3,3.68
81185137,2013,中日,11,1,1,0,0,1,0,0,0,.500,57,12,17,1,5,2,11,0,0,6,6,4.50
01605137,2013,中日,20,6,5,0,0,0,0,0,0,.545,492,116.2,109,6,36,6,98,4,0,48,40,3.09
01605137,2014,中日,14,5,7,0,0,0,0,0,0,.417,342,77,77,4,39,4,59,3,1,41,35,4.09
71075137,2014,中日,16,5,3,0,0,0,1,1,0,.625,352,79.2,80,8,33,4,72,3,0,40,36,4.07
71075137,2015,中日,4,0,3,0,0,0,0,0,0,.000,72,15.2,10,3,16,0,9,0,0,13,13,7.47
71075137,2016,中日,1,0,1,0,0,0,0,0,0,.000,25,4,8,0,5,0,0,1,0,7,7,15.75
71075137,2020,中日,7,0,0,0,0,0,0,0,0,.000,27,5.1,7,2,3,1,5,0,0,4,4,6.75
21025137,2013,中日,9,0,1,0,3,3,0,0,0,.000,36,7.1,8,1,7,0,4,0,0,6,6,7.36
21025137,2014,中日,72,2,4,11,32,34,0,0,0,.333,298,74.2,54,2,26,1,72,4,2,15,15,1.81
21025137,2015,中日,42,3,4,19,4,7,0,0,0,.429,176,40,38,3,20,3,25,3,0,19,18,4.05
21025137,2016,中日,41,1,2,8,8,9,0,0,0,.333,171,40,45,6,9,2,23,5,0,18,18,4.05
21025137,2017,中日,25,1,1,0,2,3,0,0,0,.500,122,26.2,35,5,9,1,26,5,0,17,17,5.74
21025137,2018,中日,29,0,1,0,4,4,0,0,0,.000,114,27,31,5,7,0,28,0,0,16,15,5.00
21025137,2019,中日,1,0,0,0,0,0,0,0,0,.000,26,6,6,1,2,0,6,0,0,1,1,1.50
21025137,2020,中日,14,8,2,0,0,0,0,0,0,.800,359,92,81,7,13,1,72,2,0,27,27,2.64
21025137,2021,中日,18,5,10,0,0,0,1,0,1,.333,432,103.1,112,10,17,1,73,3,0,55,52,4.53
21025137,2022,中日,5,1,3,0,0,0,0,0,0,.250,119,23,42,3,9,0,14,4,0,27,23,9.00
21025137,2023,中日,14,3,4,0,0,0,0,0,0,.429,241,54,72,6,11,1,36,1,0,34,31,5.17
21025137,2024,中日,8,3,1,0,1,1,0,0,0,.750,121,29,30,3,7,0,16,1,0,12,12,3.72
21025137,2025,北海道日本ハム,14,1,1,0,2,3,0,0,0,.500,63,14.1,16,3,4,0,11,1,0,10,6,3.77
21025137,2026,北海道日本ハム,12,0,1,0,1,1,0,0,0,.000,54,12.2,15,4,3,0,6,0,0,6,6,4.26
91895137,2013,中日,14,2,2,0,2,2,0,0,0,.500,233,53.1,61,4,16,2,22,4,1,24,22,3.71
33335137,2013,中日,31,2,0,0,13,15,0,0,0,1.000,168,39,34,6,18,1,28,3,0,16,14,3.23
51655137,2014,中日,7,0,1,0,0,0,0,0,0,.000,72,16.1,19,0,6,0,5,1,0,13,9,4.96
51655137,2015,中日,23,10,4,0,0,1,2,1,0,.714,575,140,111,10,50,2,113,3,0,35,33,2.12
51655137,2016,中日,19,7,8,0,1,1,3,0,1,.467,497,115.1,127,10,37,0,85,3,0,55,52,4.06
51655137,2017,中日,7,1,4,0,0,0,0,0,0,.200,162,35.2,49,4,11,1,16,1,0,25,22,5.55
21125139,2016,中日,13,0,0,0,0,0,0,0,0,.000,59,14.1,12,2,4,1,14,1,0,4,4,2.51
21125139,2017,中日,4,0,1,0,0,0,0,0,0,.000,54,13,12,2,5,0,8,0,0,7,7,4.85
21125139,2019,中日,7,1,3,0,0,0,0,0,0,.250,146,34,37,11,13,1,21,0,0,22,22,5.82
81785139,2014,中日,5,0,0,0,0,0,0,0,0,.000,26,6,5,3,1,1,8,0,0,3,3,4.50
81785139,2015,中日,2,0,0,0,0,0,0,0,0,.000,20,4,6,0,3,0,2,0,0,3,3,6.75
81785139,2017,中日,15,5,5,0,0,0,0,0,0,.500,311,69,66,5,42,5,51,2,0,39,32,4.17
81785139,2018,中日,2,0,0,0,0,0,0,0,0,.000,44,8.2,11,1,6,2,3,1,0,5,5,5.19
91995139,2014,中日,54,0,3,0,11,11,0,0,0,.000,240,58.2,52,6,19,1,36,3,0,25,23,3.53
91995139,2015,中日,33,0,2,1,2,2,0,0,0,.000,144,33.1,32,1,7,2,28,2,0,10,10,2.70
91995139,2016,中日,46,0,4,0,12,12,0,0,0,.000,177,43,32,3,18,2,31,1,0,18,15,3.14
91995139,2017,中日,35,2,2,1,9,11,0,0,0,.500,173,42,38,1,17,0,26,0,0,12,12,2.57
91995139,2018,中日,51,2,2,0,17,19,0,0,0,.500,208,48.2,45,5,19,0,36,0,0,19,17,3.14
91995139,2019,中日,44,3,4,1,3,6,0,0,0,.429,187,46.1,42,3,14,1,27,2,0,16,16,3.11
91995139,2020,中日,54,2,0,3,28,30,0,0,0,1.000,195,50.1,42,1,7,0,35,2,0,10,10,1.79
91995139,2021,中日,55,1,2,5,19,20,0,0,0,.333,208,48.2,59,1,9,1,30,0,0,18,14,2.59
91995139,2022,中日,46,4,3,1,17,21,0,0,0,.571,179,42.2,42,3,13,1,32,1,0,21,18,3.80
91995139,2023,中日,45,3,5,0,13,16,0,0,0,.375,168,40.1,39,4,8,1,35,0,0,16,16,3.57
91995139,2024,中日,28,0,0,0,4,4,0,0,0,.000,116,28.1,26,4,6,0,15,1,0,13,9,2.86
91995139,2025,中日,19,0,0,0,1,1,0,0,0,.000,81,17.2,29,1,6,1,4,0,0,9,9,4.58
73175118,2009,中日,34,2,1,0,6,8,0,0,0,.667,126,30.1,17,3,17,1,39,0,1,9,7,2.08
73175118,2014,中日,23,0,2,0,3,3,0,0,0,.000,104,24.1,14,2,16,4,26,1,2,8,7,2.59
61265139,2014,中日,67,9,1,2,24,33,0,0,0,.900,321,81.1,50,3,28,4,104,1,0,20,20,2.21
61265139,2015,中日,63,6,6,0,30,36,0,0,0,.500,301,72.1,64,5,23,4,82,1,0,27,27,3.36
61265139,2016,中日,62,6,6,0,16,22,0,0,0,.500,239,54.2,58,3,17,3,55,1,0,22,17,2.80
61265139,2017,中日,50,8,3,0,21,26,1,1,0,.727,434,110,84,7,36,5,78,0,1,27,26,2.13
61265139,2018,中日,40,2,5,0,9,11,0,0,0,.286,187,41.1,54,6,17,1,28,1,0,30,30,6.53
61265139,2019,中日,26,3,3,0,3,6,0,0,0,.500,182,44.1,35,5,19,1,37,0,0,21,20,4.06
61265139,2020,中日,26,4,0,0,7,11,0,0,0,1.000,105,26,22,2,8,1,18,0,0,8,8,2.77
61265139,2021,中日,66,3,2,8,33,36,0,0,0,.600,245,63.1,47,2,22,1,41,0,0,11,9,1.28
61265139,2022,福岡ソフトバンク,31,3,3,1,14,17,0,0,0,.500,122,30,27,4,8,0,22,0,0,8,7,2.10
61265139,2023,福岡ソフトバンク,32,2,2,0,10,12,0,0,0,.500,113,28,21,2,10,2,15,1,0,7,7,2.25
61265139,2024,福岡ソフトバンク,40,1,1,0,6,7,0,0,0,.500,168,40.2,37,2,10,3,24,0,0,17,16,3.54
11715130,2015,中日,10,0,0,0,0,0,0,0,0,.000,58,13.2,17,0,1,1,12,0,1,6,6,3.95
11715130,2016,中日,1,0,0,0,0,0,0,0,0,.000,6,1,2,1,1,0,0,0,0,2,2,18.00
63765130,2015,中日,10,4,3,0,0,0,0,0,0,.571,220,52,48,5,19,4,41,0,1,22,22,3.81
63765130,2016,中日,7,1,2,0,0,0,0,0,0,.333,163,37,34,3,18,3,34,1,0,21,19,4.62
21425130,2015,中日,3,0,0,0,0,0,0,0,0,.000,19,2.2,8,0,3,0,1,0,0,6,3,10.13
41445130,2015,中日,1,0,0,0,0,0,0,0,0,.000,7,0.2,5,2,0,0,2,0,0,3,3,40.50
83385130,2015,中日,22,5,8,0,0,0,1,0,0,.385,560,133,130,6,36,2,93,1,0,56,47,3.18
83385130,2016,中日,20,6,7,0,0,0,0,0,0,.462,534,125.2,122,17,39,8,103,0,0,54,49,3.51
83385130,2017,中日,23,6,9,0,0,0,1,0,0,.400,625,146,139,13,47,7,83,1,0,73,61,3.76
61665112,2006,北海道日本ハム,26,12,8,0,0,0,5,3,3,.600,683,170.2,134,12,51,3,108,3,0,54,47,2.48
61665112,2007,北海道日本ハム,15,4,6,0,0,0,0,0,0,.400,370,85.1,99,12,20,4,36,1,1,45,43,4.54
61665112,2008,北海道日本ハム,2,1,1,0,0,0,0,0,0,.500,49,10.2,14,3,2,2,10,0,0,8,8,6.75
61665112,2009,北海道日本ハム,20,9,3,0,0,0,3,1,0,.750,501,122,115,16,40,5,76,3,0,41,39,2.88
61665112,2010,北海道日本ハム,9,1,4,0,0,0,0,0,0,.200,182,39,47,10,18,4,27,1,0,31,30,6.92
61665112,2011,北海道日本ハム,3,1,1,0,0,0,0,0,0,.500,68,15,17,0,4,2,4,2,0,7,7,4.20
61665112,2012,北海道日本ハム,13,6,3,0,0,0,1,1,0,.667,285,66.2,67,4,16,6,37,3,0,27,25,3.38
61665112,2013,オリックス,3,0,2,0,0,0,0,0,0,.000,51,11,15,3,4,0,8,0,0,11,10,8.18
61665112,2014,オリックス,3,0,0,0,0,0,0,0,0,.000,18,3.2,6,0,1,0,2,0,0,3,3,7.36
61665112,2015,中日,14,4,6,0,0,0,0,0,0,.400,257,59.2,63,10,22,2,45,4,0,30,26,3.92
61665112,2016,中日,1,0,0,0,0,0,0,0,0,.000,22,6,3,1,2,0,2,0,0,1,1,1.50
61665112,2017,中日,3,1,0,0,0,0,0,0,0,1.000,49,11,11,2,5,1,6,0,0,7,7,5.73
33135130,2015,中日,3,0,0,0,0,0,0,0,0,.000,22,4.1,7,1,2,0,2,0,0,5,5,10.38
41345116,2008,福岡ソフトバンク,13,3,5,0,0,0,2,2,2,.375,344,78,83,14,30,3,73,5,0,47,47,5.42
41345116,2009,福岡ソフトバンク,22,1,4,0,0,1,0,0,0,.200,322,74,61,5,43,3,77,4,0,36,35,4.26
41345116,2010,福岡ソフトバンク,4,0,1,0,0,0,0,0,0,.000,56,9.1,18,1,9,0,9,1,0,18,17,16.39
41345116,2011,福岡ソフトバンク,23,7,2,0,0,1,1,1,0,.778,293,70.2,52,4,25,6,51,2,0,22,20,2.55
41345116,2012,福岡ソフトバンク,10,2,5,0,0,0,1,0,0,.286,186,45.1,30,1,16,4,41,2,0,16,12,2.38
41345116,2013,福岡ソフトバンク,11,2,4,0,0,0,0,0,0,.333,224,51.1,45,2,24,4,29,7,1,33,30,5.26
41345116,2014,福岡ソフトバンク,2,0,0,0,0,0,0,0,0,.000,31,7.2,7,1,2,0,6,0,0,3,3,3.52
71575132,2016,中日,15,2,6,0,0,0,0,0,0,.250,310,72.1,56,7,40,2,58,4,0,30,27,3.36
71575132,2017,中日,22,5,8,0,0,0,1,0,0,.385,522,119,124,21,53,1,105,7,0,65,64,4.84
71575132,2018,中日,17,5,6,0,0,0,1,1,0,.455,466,107.1,108,15,47,3,73,2,0,53,49,4.11
71575132,2019,中日,7,3,1,0,0,0,0,0,0,.750,155,38.2,34,5,7,2,32,4,0,12,11,2.56
71575132,2020,中日,4,1,3,0,0,0,0,0,0,.250,85,19,22,4,8,1,16,0,0,17,15,7.11
71575132,2021,中日,25,8,10,0,0,0,0,0,0,.444,615,143.1,141,16,51,4,115,4,0,60,58,3.64
71575132,2022,中日,22,10,8,0,0,0,0,0,0,.556,592,146.2,127,9,39,1,142,4,0,47,45,2.76
71575132,2023,中日,25,7,12,0,0,0,1,1,0,.368,665,160.2,153,14,41,4,134,3,0,69,64,3.59
71575132,2024,中日,24,5,11,0,0,0,0,0,0,.313,602,144.1,151,9,22,4,82,2,0,59,50,3.12
71575132,2026,読売,11,5,4,0,0,0,1,1,0,.556,263,66.1,53,4,12,4,54,1,0,18,17,2.31
71975132,2016,中日,14,1,0,0,1,1,0,0,0,1.000,123,27,21,1,21,1,18,2,1,12,11,3.67
71975132,2017,中日,13,2,0,0,2,4,0,0,0,1.000,62,13.1,18,0,5,1,8,0,0,8,8,5.40
71975132,2018,中日,42,1,2,5,10,11,0,0,0,.333,184,43.1,27,2,23,3,51,2,0,15,10,2.08
71975132,2019,中日,7,1,0,0,0,1,0,0,0,1.000,45,9.2,9,0,7,0,6,2,0,7,7,6.52
71975132,2020,中日,14,0,0,0,4,4,0,0,0,.000,77,16.2,18,2,6,2,12,1,0,18,17,9.18
71975132,2021,中日,4,0,0,0,0,0,0,0,0,.000,32,5.1,13,1,2,0,4,1,0,11,8,13.50
71975132,2022,中日,4,0,0,0,0,0,0,0,0,.000,21,4,7,1,2,0,3,0,0,5,5,11.25
33535132,2016,中日,22,6,6,0,0,0,0,0,0,.500,523,121,111,12,54,8,108,5,0,62,57,4.24
33535132,2017,中日,18,6,4,0,0,0,0,0,0,.600,310,74.1,52,2,35,6,66,2,3,25,19,2.30
93095132,2016,中日,3,0,1,0,0,0,0,0,0,.000,30,6.1,8,0,3,0,1,1,0,4,3,4.26
41645132,2016,中日,27,1,2,0,4,5,0,0,0,.333,186,43.1,42,1,18,3,31,2,0,26,23,4.78
41645132,2017,中日,5,0,0,0,0,0,0,0,0,.000,27,5.2,8,2,2,0,7,0,0,6,5,7.94
41645132,2018,中日,1,0,0,0,0,0,0,0,0,.000,2,0.1,0,0,1,0,0,0,0,0,0,0.00
41645132,2019,中日,52,2,0,0,18,20,0,0,0,1.000,216,52.2,39,3,16,2,53,0,0,13,12,2.05
41645132,2020,中日,53,5,5,2,25,30,0,0,0,.500,217,50.2,43,4,23,1,39,1,0,24,20,3.55
41645132,2021,中日,57,2,2,0,20,22,0,0,0,.500,185,45.1,37,4,15,3,38,1,0,16,16,3.18
41645132,2022,中日,36,2,2,0,3,5,0,0,0,.500,123,27.2,25,3,12,2,25,1,0,15,14,4.55
41645132,2023,中日,29,1,0,0,12,13,0,0,0,1.000,76,17.2,12,1,8,1,15,0,0,8,5,2.55
41645132,2024,中日,13,0,0,0,0,0,0,0,0,.000,46,11.2,4,0,8,0,7,0,0,2,2,1.54
41645132,2025,中日,17,0,1,0,4,4,0,0,0,.000,72,16.2,12,0,10,0,11,0,0,2,1,0.54
41645132,2026,中日,3,0,0,0,0,0,0,0,0,.000,9,2.1,2,1,1,0,2,1,0,1,1,3.86
01805132,2017,中日,35,2,1,0,11,13,0,0,0,.667,174,37.2,35,1,27,6,29,0,0,17,17,4.06
01805132,2018,中日,4,0,0,0,0,0,0,0,0,.000,31,5.2,8,1,4,3,5,1,0,8,7,11.12
01805132,2019,中日,29,2,2,0,4,6,0,0,0,.500,143,34.2,30,6,13,2,31,1,0,13,13,3.38
01805132,2020,中日,4,0,0,0,0,0,0,0,0,.000,27,4.1,11,1,2,1,7,0,0,10,10,20.77
01805132,2021,中日,5,0,0,0,0,0,0,0,0,.000,28,5.1,10,1,1,0,6,1,0,5,4,6.75
03305134,2017,中日,6,1,0,0,0,1,0,0,0,1.000,38,8.1,9,1,3,2,6,0,1,6,6,6.48
31535134,2017,中日,18,1,3,0,0,0,1,0,0,.250,206,48.2,38,4,21,7,43,0,0,17,17,3.14
31535134,2018,中日,20,6,4,0,0,0,1,1,0,.600,479,108.2,100,12,49,6,88,2,0,52,50,4.14
31535134,2019,中日,8,3,2,0,0,0,0,0,0,.600,158,34.2,39,4,17,1,22,0,0,23,22,5.71
31535134,2021,中日,4,0,2,0,0,0,0,0,0,.000,94,20,20,4,17,0,13,1,0,14,14,6.30
31535134,2022,中日,4,1,2,0,0,0,0,0,0,.333,75,17,18,4,9,1,8,0,0,10,10,5.29
31535134,2023,横浜DeNA,2,0,2,0,0,0,0,0,0,.000,36,6,10,0,7,0,5,0,0,6,3,4.50
41545134,2018,中日,14,0,0,0,1,1,0,0,0,.000,73,16.2,17,2,9,0,18,1,0,10,10,5.40
41545134,2019,中日,5,0,0,0,0,0,0,0,0,.000,30,6.1,8,0,3,0,6,1,0,4,4,5.68
41545134,2020,中日,18,0,0,1,0,0,0,0,0,.000,81,17.2,19,1,12,1,24,1,0,9,8,4.08
31035118,2009,北海道日本ハム,24,2,0,0,3,5,0,0,0,1.000,127,27.2,25,4,20,1,20,1,1,18,17,5.53
31035118,2010,北海道日本ハム,14,1,2,0,2,3,0,0,0,.333,68,15.2,18,2,4,0,12,1,0,10,10,5.74
31035118,2011,北海道日本ハム,47,1,2,0,5,6,0,0,0,.333,199,47.1,51,4,16,1,45,2,0,13,13,2.47
31035118,2012,北海道日本ハム,28,2,2,0,7,8,0,0,0,.500,257,61.1,61,3,16,1,39,1,1,24,24,3.52
31035118,2013,北海道日本ハム,31,6,6,1,3,7,0,0,0,.500,388,89.1,92,10,38,2,53,2,0,45,39,3.93
31035118,2014,北海道日本ハム,52,5,1,1,12,17,0,0,0,.833,260,68,41,4,19,2,63,3,2,14,12,1.59
31035118,2015,北海道日本ハム,61,4,2,0,20,24,0,0,0,.667,241,56.2,54,0,15,2,47,1,0,21,20,3.18
31035118,2016,北海道日本ハム,58,3,2,3,28,31,0,0,0,.600,206,50.1,41,4,16,1,44,0,0,14,13,2.32
31035118,2017,北海道日本ハム,36,0,2,1,21,21,0,0,0,.000,141,32.2,26,3,16,1,24,0,1,15,12,3.31
31035118,2017,中日,18,0,1,0,6,6,0,0,0,.000,80,18,20,4,6,0,14,0,0,12,12,6.00
31035118,2018,中日,8,2,0,0,1,3,0,0,0,1.000,56,9.2,22,2,3,0,8,1,0,20,16,14.90
31035118,2019,中日,38,0,1,0,13,13,0,0,0,.000,143,29.1,31,2,21,5,24,3,0,17,17,5.22
31035118,2020,中日,36,1,3,0,13,14,0,0,0,.250,122,30,20,3,13,0,21,1,0,13,12,3.60
31035118,2021,中日,32,1,1,0,14,15,0,0,0,.500,92,22.1,23,3,1,1,18,0,0,6,5,2.01
31035118,2022,中日,34,0,0,1,6,6,0,0,0,.000,134,31,30,3,12,0,21,0,0,9,9,2.61
31035118,2023,中日,7,0,0,0,0,0,0,0,0,.000,28,5.1,5,1,6,0,2,0,0,8,5,8.44
21625134,2018,中日,19,3,1,0,0,0,0,0,0,.750,307,71.1,71,8,27,0,40,1,0,29,29,3.66
21625134,2019,中日,32,0,2,0,14,14,0,0,0,.000,114,29,19,1,7,2,35,0,0,8,8,2.48
21625134,2020,中日,26,1,0,1,3,4,0,0,0,1.000,103,25.1,21,5,9,1,21,2,0,11,11,3.91
21625134,2021,中日,48,1,0,0,5,6,0,0,0,1.000,200,51,35,3,13,0,38,1,0,9,9,1.59
21625134,2022,中日,50,2,1,0,10,12,0,0,0,.667,201,50.2,39,3,11,1,43,0,0,12,12,2.13
21625134,2023,中日,56,1,1,4,14,15,0,0,0,.500,196,50.2,34,1,14,1,46,1,0,10,6,1.07
21625134,2024,中日,50,3,3,0,14,17,0,0,0,.500,193,49,29,5,17,2,46,1,0,13,12,2.20
21625134,2025,中日,60,1,4,1,23,24,0,0,0,.200,221,52.2,48,3,16,0,34,1,0,21,19,3.25
21625134,2026,中日,45,3,2,0,7,10,0,0,0,.600,170,39.2,35,5,19,1,24,0,0,17,17,3.86
61865134,2017,中日,8,0,0,0,0,0,0,0,0,.000,57,12,16,2,6,1,10,0,0,13,11,8.25
23925134,2018,中日,7,1,3,0,0,0,0,0,0,.250,99,21.2,28,4,8,1,14,0,0,16,16,6.65
23925134,2019,中日,43,1,4,8,14,15,0,0,0,.200,171,40.2,34,2,14,2,48,1,0,13,12,2.66
23925134,2020,中日,40,2,0,21,7,9,0,0,0,1.000,155,40,24,2,12,1,49,2,0,5,5,1.13
23925134,2021,中日,49,1,4,23,0,1,0,0,0,.200,178,48,26,1,10,1,59,1,1,11,11,2.06
23925134,2022,中日,56,4,3,39,5,9,0,0,0,.571,213,55.2,30,2,12,4,62,0,0,6,6,0.97
23925134,2023,中日,48,3,1,32,9,12,0,0,0,.750,173,46.2,31,1,4,0,62,0,0,4,2,0.39
23925134,2024,中日,60,2,3,43,7,9,0,0,0,.400,217,58,35,1,12,2,59,0,1,8,7,1.09
23925134,2025,読売,58,3,2,46,3,6,0,0,0,.600,211,56.2,32,3,11,0,65,1,0,7,7,1.11
23925134,2026,読売,57,5,4,42,3,8,0,0,0,.556,197,52.1,30,2,13,1,56,0,0,10,8,1.38
63165134,2017,中日,11,1,4,0,0,0,0,0,0,.200,202,50.1,42,5,12,0,45,2,0,25,25,4.47
63165134,2018,中日,10,2,5,0,0,0,1,1,0,.286,237,53.1,59,2,18,2,42,0,0,34,31,5.23
63165134,2019,中日,26,11,7,0,0,0,1,0,0,.611,703,170.2,165,21,38,3,146,3,0,69,67,3.53
63165134,2020,中日,15,6,7,0,0,0,0,0,0,.462,365,85,87,10,29,6,88,3,0,38,34,3.60
63165134,2021,中日,26,11,6,0,0,0,2,2,0,.647,676,172,133,11,41,3,168,3,0,47,42,2.20
63165134,2022,中日,25,9,11,0,0,1,3,1,2,.450,648,153.1,154,17,37,5,124,8,0,64,62,3.64
63165134,2023,中日,24,4,11,0,0,0,2,0,2,.267,636,158.1,126,6,47,4,105,2,0,46,43,2.44
63165134,2024,中日,13,4,5,0,0,0,0,0,0,.444,286,67,75,5,20,0,34,3,0,29,28,3.76
63165134,2025,中日,14,3,5,0,0,0,0,0,0,.375,339,79.1,75,2,28,5,66,3,0,30,29,3.29
63165134,2026,中日,24,7,5,0,0,0,1,1,0,.583,614,150,138,11,38,3,122,3,0,40,39,2.34
93995134,2017,中日,4,0,0,0,0,0,0,0,0,.000,25,4.2,7,0,2,2,4,0,0,3,3,5.79
21125136,2018,中日,1,0,0,0,1,1,0,0,0,.000,3,1,0,0,0,0,0,0,0,0,0,0.00
41145136,2020,中日,3,0,0,0,0,0,0,0,0,.000,17,3,5,1,3,0,3,0,0,4,4,12.00
41145136,2022,中日,2,0,0,0,0,0,0,0,0,.000,15,3,5,0,2,0,0,0,0,4,4,12.00
33535136,2018,中日,27,13,9,0,0,0,2,2,0,.591,711,168.2,144,13,73,6,132,2,1,60,56,2.99
33535136,2019,阪神,21,6,8,0,0,3,1,1,0,.429,473,103.2,123,8,40,6,79,1,0,66,54,4.69
33535136,2020,阪神,14,2,6,0,0,0,0,0,0,.250,326,75.1,71,9,35,1,51,4,1,39,37,4.42
01905136,2018,中日,2,0,0,0,0,0,0,0,0,.000,10,2,3,0,2,0,2,0,0,2,2,9.00
01905136,2019,中日,8,2,2,0,0,0,0,0,0,.500,169,35.1,40,5,24,2,24,3,0,22,17,4.33
01905136,2020,中日,6,1,1,0,0,0,0,0,0,.500,92,21.1,15,3,15,0,21,1,0,9,8,3.38
01905136,2021,中日,1,0,1,0,0,0,0,0,0,.000,19,4,5,0,4,0,1,0,0,1,1,2.25
01905136,2022,中日,54,3,3,1,32,35,0,0,0,.500,194,50.1,28,1,17,1,51,2,0,17,17,3.04
01905136,2023,中日,50,3,3,0,25,28,0,0,0,.500,198,46.2,34,3,30,1,54,4,0,16,16,3.09
01905136,2024,中日,60,3,1,1,36,39,0,0,0,.750,229,58,41,1,18,1,52,5,0,12,9,1.40
01905136,2025,中日,55,4,1,4,30,34,0,0,0,.800,222,52.1,49,0,21,1,47,2,0,15,13,2.24
01905136,2026,中日,6,0,0,0,0,0,0,0,0,.000,35,5.1,15,1,5,0,4,0,0,8,7,11.81
73575136,2018,中日,4,0,3,0,0,0,2,0,0,.000,111,27,26,5,7,2,16,0,0,14,12,4.00
61965136,2018,中日,53,4,6,4,12,16,0,0,0,.400,219,49,46,7,27,1,42,1,0,28,24,4.41
61965136,2019,中日,25,0,2,14,1,1,0,0,0,.000,117,25,29,1,15,2,16,0,0,12,12,4.32
61965136,2020,中日,6,0,0,0,0,0,0,0,0,.000,44,7.2,14,2,6,0,4,0,0,12,11,12.91
61965136,2021,中日,18,2,0,0,0,2,0,0,0,1.000,91,20.1,22,2,5,2,11,0,1,12,12,5.31
61965136,2022,中日,3,0,1,0,1,1,0,0,0,.000,55,13,11,0,5,1,9,0,0,6,6,4.15
61965136,2023,中日,9,1,2,0,1,1,0,0,0,.333,106,24.1,23,1,12,2,5,0,0,12,11,4.07
61965136,2024,オリックス,32,1,1,0,9,10,0,0,0,.500,166,39.1,40,4,14,2,32,0,0,14,13,2.97
61965136,2025,オリックス,15,0,0,0,4,4,0,0,0,.000,58,12.1,16,1,6,0,6,0,0,9,9,6.57
61965136,2026,オリックス,21,3,0,0,0,3,0,0,0,1.000,136,35,27,2,14,1,21,0,0,12,9,2.31
31233888,1999,西武,25,16,5,0,,,6,2,0,.762,743,180,124,14,87,8,151,5,2,55,52,2.60
31233888,2000,西武,27,14,7,1,,,6,2,0,.667,727,167.2,132,12,95,4,144,2,0,85,74,3.97
31233888,2001,西武,33,15,15,0,,,12,2,1,.500,1004,240.1,184,27,117,8,214,9,1,104,96,3.60
31233888,2002,西武,14,6,2,0,,,2,0,0,.750,302,73.1,60,13,15,7,78,2,1,30,30,3.68
31233888,2003,西武,29,16,7,0,,,8,2,1,.696,801,194,165,13,63,9,215,4,0,71,61,2.83
31233888,2004,西武,23,10,6,0,,,10,5,0,.625,601,146,127,7,42,6,127,5,0,50,47,2.90
31233888,2005,西武,28,14,13,0,0,0,15,3,3,.519,868,215,172,13,49,10,226,9,0,63,55,2.30
31233888,2006,西武,25,17,5,0,0,0,13,2,2,.773,722,186.1,138,13,34,3,200,5,0,50,44,2.13
31233888,2016,福岡ソフトバンク,1,0,0,0,0,0,0,0,0,.000,10,1,3,0,2,2,2,1,0,5,2,18.00
31233888,2018,中日,11,6,4,0,0,0,0,0,0,.600,253,55.1,50,5,32,5,51,1,0,25,23,3.74
31233888,2019,中日,2,0,1,0,0,0,0,0,0,.000,32,5.1,12,0,2,3,2,0,0,10,10,16.88
31233888,2021,埼玉西武,1,0,0,0,0,0,0,0,0,.000,1,+,0,0,1,0,0,0,0,0,0,0.00
03105136,2018,中日,1,0,0,0,0,0,0,0,0,.000,8,2,1,0,2,0,3,0,0,0,0,0.00
03105136,2019,中日,9,3,3,0,0,0,0,0,0,.500,194,45.1,39,4,24,1,27,3,0,15,15,2.98
03105136,2020,中日,9,1,3,0,0,0,0,0,0,.250,133,29,31,4,17,1,25,0,0,20,18,5.59
03105136,2021,中日,9,1,0,0,0,1,0,0,0,1.000,67,14,16,1,8,1,12,0,0,10,10,6.43
03105136,2022,中日,30,1,0,0,4,5,0,0,0,1.000,131,30,24,2,17,1,19,1,0,13,12,3.60
03105136,2023,中日,14,0,1,0,0,0,0,0,0,.000,61,13,17,1,5,0,11,0,0,11,8,5.54
03105136,2023,北海道日本ハム,26,0,0,0,3,3,0,0,0,.000,97,24,23,2,6,0,19,1,0,4,4,1.50
03105136,2024,北海道日本ハム,36,6,0,0,3,9,0,0,0,1.000,161,39.2,35,2,9,2,30,1,0,9,8,1.82
03105136,2025,北海道日本ハム,27,2,2,1,0,2,0,0,0,.500,110,25.2,23,0,10,0,30,0,0,11,10,3.51
03105136,2026,北海道日本ハム,15,1,0,1,2,3,0,0,0,1.000,62,14.2,11,2,7,1,14,0,0,8,8,4.91
83985136,2018,中日,26,0,3,1,9,9,0,0,0,.000,116,27.1,22,1,14,1,26,1,0,9,7,2.30
83985136,2019,中日,64,3,4,1,41,44,0,0,0,.429,240,60.1,42,3,14,3,77,4,0,13,11,1.64
81185138,2019,中日,6,4,1,0,0,0,0,0,0,.800,140,34.2,28,3,11,3,34,2,0,9,9,2.34
81185138,2020,中日,7,2,3,0,0,0,1,0,0,.400,184,43.1,39,4,19,1,43,1,0,22,18,3.74
81185138,2021,中日,3,0,1,0,0,0,0,0,0,.000,51,11.1,6,0,10,2,7,1,0,3,2,1.59
81185138,2023,中日,3,1,1,0,0,0,0,0,0,.500,71,19,9,2,5,2,11,0,0,3,2,0.95
81185138,2024,中日,14,2,8,0,0,0,0,0,0,.200,327,77.1,76,3,31,2,72,3,0,35,35,4.07
21525138,2019,中日,3,1,2,0,0,0,0,0,0,.333,71,16.1,16,2,9,0,9,1,0,11,11,6.06
21525138,2020,中日,13,4,5,0,0,0,0,0,0,.444,298,72,74,7,17,2,56,7,0,32,31,3.88
21525138,2021,中日,17,3,6,0,0,0,0,0,0,.333,391,91.1,92,9,31,2,67,1,0,38,38,3.74
21525138,2022,中日,8,0,4,0,0,0,0,0,0,.000,183,43.2,46,6,13,1,36,0,0,24,22,4.53
21525138,2023,中日,50,5,2,1,20,25,0,0,0,.714,201,49.1,33,2,22,2,49,1,0,11,11,2.01
21525138,2024,中日,39,1,1,0,7,8,0,0,0,.500,174,41,44,1,14,0,33,2,0,16,16,3.51
21525138,2025,中日,25,4,4,0,5,9,0,0,0,.500,117,27,27,2,11,1,34,3,0,16,15,5.00
21525138,2026,中日,7,0,2,0,0,0,0,0,0,.000,33,5.2,6,1,7,0,9,0,0,7,6,9.53
81285138,2022,中日,25,0,0,0,1,1,0,0,0,.000,124,29,23,2,12,3,22,1,0,12,11,3.41
81285138,2023,中日,2,0,0,0,0,0,0,0,0,.000,51,12.2,9,0,8,0,4,0,0,5,1,0.71
81285138,2024,中日,3,0,1,0,0,0,0,0,0,.000,39,7.2,10,2,7,0,7,1,0,9,8,9.39
81285138,2025,中日,4,0,0,0,0,0,0,0,0,.000,27,5.2,9,2,2,0,5,0,0,5,5,7.94
81285138,2026,中日,9,1,1,0,0,1,0,0,0,.500,40,9,9,3,3,1,13,0,0,5,5,5.00
21225137,2013,オリックス,17,4,6,0,0,0,0,0,0,.400,316,73,65,5,35,2,44,3,1,35,34,4.19
21225137,2014,オリックス,21,8,1,0,0,0,0,0,0,.889,468,113.2,95,7,45,2,88,7,1,41,35,2.77
21225137,2015,オリックス,18,3,6,0,0,1,0,0,0,.333,360,80,81,8,47,1,42,3,0,42,38,4.28
21225137,2016,オリックス,28,7,9,0,0,1,1,0,0,.438,563,132.2,128,10,41,3,82,5,0,52,48,3.26
21225137,2017,オリックス,23,3,12,0,0,0,0,0,0,.200,552,133.1,133,16,32,2,72,6,1,70,66,4.46
21225137,2018,オリックス,8,2,1,0,0,0,0,0,0,.667,158,36.1,40,6,15,0,23,0,0,22,21,5.20
21225137,2019,オリックス,5,0,4,0,0,0,0,0,0,.000,104,22.2,26,3,9,3,13,0,0,16,14,5.56
21225137,2019,中日,1,0,0,0,0,0,0,0,0,.000,16,2.2,5,0,3,0,0,0,0,3,3,10.13
21225137,2020,中日,15,3,7,0,0,0,0,0,0,.300,319,73.1,86,9,17,2,50,4,0,33,33,4.05
21225137,2021,中日,14,6,5,0,0,0,0,0,0,.545,309,76,74,7,15,2,41,3,0,30,27,3.20
21225137,2022,中日,19,6,7,0,0,0,0,0,0,.462,404,100,96,4,18,2,51,0,0,38,37,3.33
21225137,2023,中日,11,1,4,0,0,0,0,0,0,.200,232,57.2,55,1,14,1,20,1,0,23,21,3.28
21225137,2024,中日,17,5,6,0,0,0,2,0,0,.455,381,93.1,85,8,24,2,50,2,0,33,32,3.09
21225137,2025,中日,23,7,11,0,0,0,1,0,0,.389,595,145.2,136,9,37,7,61,1,0,45,44,2.72
21225137,2026,中日,3,0,1,0,0,0,0,0,0,.000,71,16,17,2,5,1,9,1,0,10,10,5.63
03505138,2019,中日,21,8,10,0,0,0,0,0,0,.444,503,116.1,106,19,55,4,105,2,0,57,55,4.26
03505138,2021,千葉ロッテ,4,1,0,0,0,0,0,0,0,1.000,95,23.1,19,2,9,0,20,1,0,4,4,1.54
03505138,2022,千葉ロッテ,20,8,9,0,0,0,0,0,0,.471,481,115.1,107,7,38,2,77,0,2,52,43,3.36
61565151,2020,中日,11,2,2,0,0,0,0,0,0,.500,189,42.1,50,9,13,3,41,2,0,30,29,6.17
61565151,2021,中日,2,0,2,0,0,0,0,0,0,.000,40,8,13,0,2,1,3,0,0,10,8,9.00
61565151,2022,中日,4,1,3,0,0,0,0,0,0,.250,64,12.1,20,3,7,1,7,1,0,17,17,12.41
61565151,2023,中日,15,0,0,0,0,0,0,0,0,.000,92,22,22,3,2,3,19,1,0,14,14,5.73
43345151,2020,中日,28,0,0,0,4,4,0,0,0,.000,119,26.1,34,3,9,1,27,2,0,16,14,4.78
21425151,2020,中日,14,0,0,0,0,0,0,0,0,.000,80,17,20,3,13,1,13,1,0,15,14,7.41
21425151,2021,中日,28,0,0,0,1,1,0,0,0,.000,112,26.2,26,0,8,1,28,0,0,11,11,3.71
21425151,2022,中日,4,0,0,0,0,0,0,0,0,.000,39,8.1,12,2,3,3,5,0,0,9,9,9.72
21425151,2023,中日,13,1,0,0,0,1,0,0,0,1.000,64,15.1,9,0,10,3,9,1,0,2,2,1.17
21425151,2024,中日,47,3,1,0,5,8,0,0,0,.750,225,52,46,0,22,2,54,0,0,19,10,1.73
21425151,2025,中日,42,2,3,0,12,14,0,0,0,.400,167,40,38,3,12,1,40,2,0,16,15,3.38
21425151,2026,中日,45,4,4,0,18,22,0,0,0,.500,169,39.1,37,4,12,2,42,0,0,20,20,4.58
33935151,2020,中日,11,3,4,0,0,0,0,0,0,.429,248,59,50,4,21,5,67,2,2,30,27,4.12
33935151,2021,中日,12,1,4,0,0,0,0,0,0,.200,275,61.2,56,8,38,5,61,6,0,29,25,3.65
33935151,2022,中日,56,6,2,0,39,45,0,0,0,.750,218,54.2,32,0,18,4,60,1,0,9,7,1.15
41145115,2002,阪神,17,3,5,0,,,0,0,0,.375,253,59.2,51,7,22,3,40,5,1,31,25,3.77
41145115,2003,阪神,51,5,2,5,,,0,0,0,.714,245,61,44,2,19,1,60,1,0,11,11,1.62
41145115,2004,阪神,57,5,8,5,,,0,0,0,.385,254,60.1,53,10,20,3,72,1,0,25,24,3.58
41145115,2005,阪神,24,11,5,0,0,0,3,0,2,.688,592,146,142,15,25,7,119,2,0,56,55,3.39
41145115,2006,阪神,31,10,3,0,3,4,2,1,0,.769,546,129,139,7,31,4,103,5,1,52,48,3.35
41145115,2007,阪神,8,2,3,0,1,1,0,0,0,.400,141,33,30,4,14,1,17,1,0,17,16,4.36
41145115,2008,阪神,25,13,9,0,0,0,2,0,1,.591,656,154.2,158,8,41,8,111,2,1,57,55,3.20
41145115,2009,阪神,28,8,12,0,0,0,2,0,0,.400,714,164,180,18,51,6,97,5,1,80,71,3.90
41145115,2010,阪神,19,2,3,0,0,0,0,0,0,.400,246,52,78,9,14,0,31,4,1,45,42,7.27
41145115,2011,阪神,1,0,0,0,0,0,0,0,0,.000,12,1.2,5,0,2,0,1,0,1,3,3,16.20
41145115,2012,阪神,13,3,7,0,0,0,0,0,0,.300,310,73.1,78,6,15,1,42,2,1,36,33,4.05
41145115,2013,阪神,58,4,2,1,23,27,0,0,0,.667,219,51.1,53,1,18,3,32,0,0,14,13,2.28
41145115,2014,阪神,53,6,2,0,23,29,0,0,0,.750,206,47.1,53,2,16,0,41,2,0,21,20,3.80
41145115,2015,阪神,50,5,4,0,15,20,0,0,0,.556,184,44.2,43,4,11,2,32,1,0,17,15,3.02
41145115,2016,阪神,50,0,1,0,11,11,0,0,0,.000,164,42.2,29,4,12,0,24,0,0,13,12,2.53
41145115,2017,阪神,1,0,0,0,0,0,0,0,0,.000,2,0.1,1,1,0,0,0,0,0,1,1,27.00
51155117,2003,大阪近鉄,5,2,0,0,,,1,0,0,1.000,100,25,22,3,6,0,23,1,0,6,6,2.16
51155117,2004,大阪近鉄,2,0,1,0,,,0,0,0,.000,29,5.1,12,4,1,0,3,0,0,8,8,13.50
51155117,2005,オリックス,3,0,0,0,0,0,0,0,0,.000,22,5,6,2,1,1,7,0,0,4,4,7.20
51155117,2006,オリックス,5,0,0,0,0,0,0,0,0,.000,27,6.1,6,1,1,1,4,0,0,3,3,4.26
51155117,2008,阪神,32,0,1,0,1,1,0,0,0,.000,200,51.2,37,8,9,4,34,0,0,17,17,2.96
51155117,2009,阪神,19,0,1,0,0,0,0,0,0,.000,147,33,39,2,13,1,24,1,0,13,12,3.27
51155117,2012,東京ヤクルト,15,0,0,0,0,0,0,0,0,.000,62,15,12,1,6,0,9,0,0,6,6,3.60
51155117,2013,東京ヤクルト,18,1,0,0,3,4,0,0,0,1.000,83,20,19,3,5,0,18,1,0,10,10,4.50
51155117,2014,東京ヤクルト,11,0,0,0,0,0,0,0,0,.000,74,14.1,25,4,8,0,11,1,0,22,22,13.81
51155131,2010,阪神,7,4,3,0,0,0,1,1,1,.571,166,40.1,33,3,13,0,23,0,0,16,15,3.35
51155131,2011,阪神,2,0,1,0,0,0,0,0,0,.000,37,7.1,8,1,7,1,1,0,0,7,5,6.14
51155131,2012,阪神,2,1,1,0,0,0,0,0,0,.500,39,8,15,3,2,0,6,0,0,8,8,9.00
51155131,2013,阪神,8,0,3,0,0,0,0,0,0,.000,189,44.2,46,6,12,0,36,2,0,21,19,3.83
51155131,2014,阪神,3,0,1,0,0,0,0,0,0,.000,42,6.2,18,3,4,0,5,0,0,16,15,20.25
51155131,2015,阪神,3,0,1,0,0,0,0,0,0,.000,58,14.1,14,0,3,0,9,0,0,7,7,4.40
51155131,2016,阪神,8,1,1,0,0,0,0,0,0,.500,85,20,23,1,2,0,20,0,0,9,9,4.05
51155131,2017,阪神,25,12,6,0,0,0,2,0,0,.667,638,159.1,158,15,16,6,123,0,0,56,53,2.99
51155131,2018,阪神,17,5,10,0,0,0,2,1,1,.333,437,105,111,8,18,4,89,2,0,46,45,3.86
51155131,2019,阪神,10,4,3,0,0,0,0,0,0,.571,219,50.2,56,5,12,1,35,2,0,27,24,4.26
51155131,2020,阪神,18,11,3,0,0,0,2,0,1,.786,435,112,97,17,12,0,64,2,0,45,36,2.89
51155131,2021,阪神,24,10,7,0,0,0,1,0,1,.588,539,132.2,121,18,25,3,107,2,0,43,40,2.71
51155131,2022,阪神,5,1,3,0,0,0,0,0,0,.250,101,23,29,1,3,0,15,1,0,15,14,5.48
51155131,2023,阪神,2,0,1,0,0,0,0,0,0,.000,46,9.2,16,1,1,0,7,0,0,8,8,7.45
51355112,2006,阪神,1,0,1,0,0,0,0,0,0,.000,16,3,2,1,4,0,1,2,0,4,3,9.00
51355112,2007,阪神,4,0,1,0,0,0,0,0,0,.000,62,13.1,15,0,8,2,6,2,0,9,8,5.40
51355112,2008,阪神,27,10,10,0,0,0,2,0,1,.500,678,159.1,168,5,50,11,101,7,0,64,58,3.28
51355112,2009,阪神,16,7,5,0,0,0,4,2,0,.583,455,110.2,99,3,27,8,103,4,0,40,33,2.68
51355112,2011,阪神,25,9,13,0,0,0,2,2,0,.409,673,169,121,7,45,8,133,6,0,47,43,2.29
51355112,2012,阪神,25,8,14,0,0,0,0,0,0,.364,648,153.1,157,10,41,2,107,6,0,73,60,3.52
51355112,2013,阪神,9,2,5,0,0,0,0,0,0,.286,189,43.2,43,3,16,1,25,1,0,26,24,4.95
51355112,2014,阪神,22,9,8,0,0,0,1,0,1,.529,601,148.2,123,13,43,2,116,6,0,50,42,2.54
51355112,2015,阪神,27,8,10,0,0,0,2,1,0,.444,722,170.1,168,13,49,5,119,8,0,66,61,3.22
51355112,2016,阪神,6,0,3,0,0,0,0,0,0,.000,107,20.1,36,4,10,2,14,3,0,23,20,8.85
51355112,2017,阪神,10,3,2,0,0,0,0,0,0,.600,233,53,55,4,22,2,39,4,2,26,25,4.25
51355112,2018,阪神,6,0,4,0,0,0,0,0,0,.000,129,30.2,25,4,9,3,29,2,0,13,11,3.23
51355112,2019,阪神,14,3,4,0,0,0,1,0,0,.429,336,77.2,90,13,21,3,43,2,0,46,39,4.52
51355112,2020,阪神,5,1,2,0,0,0,0,0,0,.333,107,22.2,26,1,15,2,15,0,0,16,16,6.35
51355112,2021,阪神,3,0,0,0,0,0,0,0,0,.000,13,3,3,0,0,1,3,1,0,0,0,0.00
21125116,2008,阪神,7,2,0,0,0,0,0,0,0,1.000,99,25,22,1,7,0,16,0,0,6,6,2.16
21125116,2009,阪神,3,0,1,0,0,0,0,0,0,.000,47,10,12,1,4,0,11,1,0,8,8,7.20
21125116,2010,阪神,4,0,0,0,0,0,0,0,0,.000,21,4.2,6,0,2,0,3,2,0,3,3,5.79
51355114,2007,阪神,17,8,5,0,0,0,1,0,0,.615,348,85.2,70,9,32,1,83,4,0,28,23,2.42
51355114,2008,阪神,9,4,0,0,0,0,0,0,0,1.000,185,43,47,2,11,3,38,2,0,20,15,3.14
51355114,2009,阪神,1,0,0,0,0,0,0,0,0,.000,27,5.2,8,1,3,0,2,0,0,3,3,4.76
51355114,2010,阪神,25,3,4,0,0,1,0,0,0,.429,265,60.2,60,8,27,1,39,3,2,36,32,4.75
51355114,2012,東北楽天,1,0,1,0,0,0,0,0,0,.000,21,4.2,7,0,2,1,2,1,1,3,3,5.79
51355114,2013,東北楽天,5,0,3,0,0,0,0,0,0,.000,62,13.2,16,1,5,1,11,3,0,11,11,7.24
51355114,2014,東北楽天,9,0,1,0,2,2,0,0,0,.000,104,23,28,0,7,2,14,1,0,15,15,5.87
01305117,2003,阪神,1,0,0,0,,,0,0,0,.000,15,3,4,1,2,1,5,0,0,2,2,6.00
01305117,2004,阪神,9,0,0,0,,,0,0,0,.000,72,16.1,21,1,5,1,13,3,0,5,5,2.76
01305117,2005,阪神,51,4,3,0,6,10,0,0,0,.571,306,70.2,65,4,28,2,74,7,0,24,21,2.67
01305117,2006,阪神,36,5,6,0,5,5,1,0,0,.455,416,96.2,89,5,46,6,85,3,0,44,38,3.54
01305117,2007,阪神,50,5,0,0,5,10,0,0,0,1.000,269,60,57,4,33,4,82,1,0,16,13,1.95
01305117,2008,阪神,55,3,1,0,9,12,0,0,0,.750,251,58.1,55,3,29,1,54,3,0,18,18,2.78
01305117,2009,阪神,62,4,5,0,11,15,0,0,0,.444,274,63,50,3,40,2,65,5,2,21,19,2.71
01305117,2010,阪神,21,1,0,0,2,3,0,0,0,1.000,89,19.1,22,1,13,0,15,1,0,12,11,5.12
01305117,2011,埼玉西武,12,0,1,0,3,3,0,0,0,.000,41,8,7,0,9,0,6,0,0,8,5,5.63
01305117,2012,広島東洋,26,0,0,0,5,5,0,0,0,.000,86,20.1,17,2,9,0,15,0,1,11,10,4.43
01305117,2013,広島東洋,3,0,1,0,0,0,0,0,0,.000,17,3,6,2,1,0,1,0,0,5,3,9.00
01305117,2014,広島東洋,8,0,0,0,1,1,0,0,0,.000,29,6.2,6,0,3,0,6,0,0,2,2,2.70
01305117,2015,広島東洋,7,0,0,0,0,0,0,0,0,.000,35,8,7,0,4,1,7,0,0,2,2,2.25
01305117,2016,広島東洋,8,0,0,0,1,1,0,0,0,.000,38,9,8,1,4,1,5,0,0,6,6,6.00
71373880,1995,日本ハム,1,0,0,0,,,0,0,0,.000,8,1.1,3,0,2,0,1,0,0,3,3,20.25
71373880,1997,日本ハム,14,1,4,0,,,1,0,0,.200,215,52.1,38,5,18,5,38,0,0,23,23,3.96
71373880,1998,日本ハム,31,8,8,1,,,5,1,2,.500,556,135,124,12,37,4,85,0,0,46,41,2.73
71373880,1999,日本ハム,8,3,1,1,,,3,2,0,.750,169,43,31,5,15,0,27,0,0,12,11,2.30
71373880,2000,日本ハム,17,9,5,0,,,3,0,0,.643,426,101.1,91,11,42,4,61,2,0,46,45,4.00
71373880,2001,日本ハム,25,7,13,0,,,0,0,0,.350,639,141.2,164,20,66,2,94,7,0,81,77,4.89
71373880,2002,日本ハム,32,10,6,0,,,2,1,0,.625,693,167.2,153,19,53,3,143,4,0,65,59,3.17
71373880,2003,日本ハム,26,10,8,0,,,2,0,1,.556,665,157,149,24,56,1,103,6,0,79,74,4.24
71373880,2004,北海道日本ハム,25,13,8,0,,,1,1,0,.619,717,167.1,157,20,71,4,114,7,1,79,73,3.93
71373880,2005,北海道日本ハム,25,13,10,0,0,0,4,0,1,.565,730,174,186,21,54,2,96,3,1,73,70,3.62
71373880,2006,北海道日本ハム,23,9,6,0,0,0,1,1,0,.600,591,134.2,158,14,43,2,57,0,2,68,67,4.48
71373880,2007,北海道日本ハム,13,5,6,0,0,0,3,0,0,.455,341,78,88,9,30,1,33,1,0,44,41,4.73
71373880,2008,阪神,8,0,5,0,0,0,0,0,0,.000,186,41.1,49,5,11,2,38,3,0,25,19,4.14
71373880,2009,阪神,22,1,1,0,0,1,0,0,0,.500,135,32.2,34,3,8,0,23,1,0,12,10,2.76
71373880,2010,阪神,1,0,0,0,0,0,0,0,0,.000,16,2,6,1,3,0,0,0,0,6,5,22.50
01505112,2009,阪神,1,0,0,0,0,0,0,0,0,.000,5,1,0,0,2,0,1,1,0,0,0,0.00
61565112,2006,千葉ロッテ,4,0,0,0,0,0,0,0,0,.000,27,4.2,11,2,2,0,4,1,0,8,8,15.43
61565112,2007,千葉ロッテ,48,4,2,0,8,12,0,0,0,.667,213,54.2,40,3,9,1,39,0,0,13,10,1.65
61565112,2008,千葉ロッテ,65,2,5,1,29,31,0,0,0,.286,251,60,52,7,17,2,45,2,0,24,20,3.00
61565112,2009,千葉ロッテ,45,1,1,0,9,10,0,0,0,.500,195,43.2,50,5,18,3,24,1,0,23,23,4.74
61565112,2010,阪神,22,0,1,0,3,3,0,0,0,.000,64,13.1,23,1,4,0,14,0,0,10,10,6.75
61565112,2011,阪神,6,0,0,0,0,0,0,0,0,.000,22,4.2,5,1,3,0,3,0,0,4,4,7.71
61565112,2013,阪神,1,0,0,0,0,0,0,0,0,.000,13,2,3,0,3,1,2,0,0,2,2,9.00
61565112,2013,埼玉西武,8,0,0,0,0,0,0,0,0,.000,20,4.2,5,0,3,0,0,0,0,3,3,5.79
61565116,2011,阪神,1,0,1,0,0,0,0,0,0,.000,21,5,5,0,0,0,1,0,0,1,1,1.80
61565116,2013,阪神,3,0,0,0,0,0,0,0,0,.000,21,4,7,0,2,0,3,0,0,2,2,4.50
61765117,2003,阪神,26,5,5,0,,,0,0,0,.500,383,89.1,89,5,27,6,100,2,0,35,31,3.12
61765117,2004,阪神,28,4,4,4,,,1,0,1,.500,298,69,71,10,19,1,69,2,0,33,31,4.04
61765117,2005,阪神,68,5,4,27,3,8,0,0,0,.556,330,80.2,73,8,15,2,97,5,0,20,19,2.12
61765117,2006,阪神,47,5,7,16,2,7,0,0,0,.417,221,50,58,4,19,1,57,5,0,26,22,3.96
61765117,2007,阪神,90,9,3,0,46,55,0,0,0,.750,448,108,97,6,32,0,101,4,0,26,21,1.75
61765117,2008,阪神,69,6,3,0,31,37,0,0,0,.667,373,85.1,87,8,34,2,75,8,0,34,30,3.16
61765117,2009,阪神,1,0,1,0,0,0,0,0,0,.000,15,2.1,7,0,2,0,3,0,0,4,4,15.43
61765117,2010,阪神,71,6,3,0,28,34,0,0,0,.667,329,81.2,72,11,17,0,68,6,0,37,29,3.20
61765117,2011,阪神,23,1,2,0,6,7,0,0,0,.333,97,21.2,27,2,9,0,26,3,0,13,13,5.40
61765117,2012,阪神,4,0,0,0,0,0,0,0,0,.000,13,3,3,0,1,0,2,0,0,2,2,6.00
61765117,2013,阪神,17,0,2,0,1,1,0,0,0,.000,94,21,17,2,13,1,14,0,0,15,13,5.57
61565110,2005,千葉ロッテ,19,10,3,0,0,0,5,3,0,.769,506,121.2,120,13,26,6,84,5,0,52,46,3.40
61565110,2006,千葉ロッテ,23,7,13,0,0,0,1,0,0,.350,605,140.1,153,11,32,11,119,1,1,73,71,4.55
61565110,2007,千葉ロッテ,21,9,8,0,2,2,2,0,0,.529,532,128.1,139,11,11,8,82,6,0,62,57,4.00
61565110,2008,千葉ロッテ,33,4,7,0,7,8,1,0,0,.364,412,91,104,10,33,6,70,5,0,52,50,4.95
61565110,2009,阪神,26,9,8,0,0,0,1,1,0,.529,646,151.1,140,14,50,16,113,9,0,66,63,3.75
61565110,2010,阪神,29,14,5,0,0,0,4,1,0,.737,819,202.1,183,22,45,12,158,4,0,75,73,3.25
61565110,2011,阪神,20,8,8,0,0,0,0,0,0,.500,471,109.2,108,10,36,4,73,0,0,53,46,3.78
61565110,2012,阪神,18,4,7,0,0,0,1,0,0,.364,442,108,99,7,25,5,65,2,0,31,28,2.33
61565110,2013,阪神,44,3,4,6,11,14,0,0,0,.429,224,53.2,48,4,17,2,46,2,0,19,17,2.85
61565110,2014,横浜DeNA,28,12,6,0,0,0,2,1,1,.667,759,178.1,181,8,54,11,119,12,1,68,66,3.33
61565110,2015,横浜DeNA,21,8,7,0,0,0,2,1,1,.533,523,122.1,130,16,27,5,88,3,1,64,56,4.12
61565110,2016,横浜DeNA,15,5,8,0,0,0,1,1,1,.385,419,96.1,102,5,28,3,80,4,0,44,38,3.55
61565110,2017,横浜DeNA,7,4,2,0,0,0,0,0,0,.667,172,37,46,6,14,0,33,1,0,30,22,5.35
11915114,2007,阪神,5,2,3,0,0,0,0,0,0,.400,110,25,28,2,10,2,15,1,0,11,11,3.96
11915114,2009,阪神,1,0,0,0,0,0,0,0,0,.000,22,6,3,0,2,0,2,0,0,1,0,0.00
11915114,2010,阪神,4,0,3,0,0,0,0,0,0,.000,45,8.2,16,3,3,1,5,0,0,12,12,12.46
11915114,2011,阪神,36,1,2,0,5,5,0,0,0,.333,206,48.1,34,2,28,1,64,1,0,24,20,3.72
11915114,2012,阪神,4,0,0,0,0,0,0,0,0,.000,28,5.1,6,0,4,3,8,1,0,2,2,3.38
11915114,2013,阪神,3,1,1,0,0,0,0,0,0,.500,55,12,15,3,6,0,8,1,0,10,10,7.50
11915114,2014,阪神,6,0,0,0,0,0,0,0,0,.000,32,5.2,11,0,3,0,9,2,0,9,9,14.29
11915114,2015,阪神,5,0,0,0,0,0,0,0,0,.000,42,9,9,2,5,0,6,2,0,7,7,7.00
81585119,2004,阪神,44,2,0,2,,,0,0,0,1.000,230,54.1,57,6,13,4,52,2,0,21,21,3.48
81585119,2005,阪神,26,1,0,0,1,2,0,0,0,1.000,169,39.1,40,6,12,3,35,1,0,20,16,3.66
81585119,2006,阪神,15,1,0,0,2,3,0,0,0,1.000,68,17,12,1,5,1,19,0,0,6,6,3.18
81585119,2007,阪神,17,1,0,0,0,1,0,0,0,1.000,79,17.2,23,1,3,2,20,1,0,11,9,4.58
81585119,2009,阪神,15,0,1,0,0,0,0,0,0,.000,84,19,20,1,10,0,21,2,0,7,4,1.89
81585119,2010,阪神,6,0,1,0,0,0,0,0,0,.000,34,7,10,0,2,1,8,3,0,5,5,6.43
81283883,1991,福岡ダイエー,1,0,0,0,,,0,0,0,.000,7,0.2,1,0,4,0,0,0,0,4,4,54.00
81283883,1993,福岡ダイエー,50,4,8,5,,,1,0,0,.333,423,98,92,10,55,1,69,5,1,49,45,4.13
81283883,1994,福岡ダイエー,62,11,5,4,,,0,0,0,.688,473,105.2,111,5,53,2,89,7,0,54,53,4.51
81283883,1995,福岡ダイエー,24,2,3,0,,,1,0,0,.400,202,46.2,47,2,18,2,26,4,1,24,21,4.05
81283883,1996,日本ハム,23,1,2,2,,,0,0,0,.333,181,43,32,3,20,0,39,0,0,19,18,3.77
81283883,1997,日本ハム,65,9,4,0,,,0,0,0,.692,630,147,140,13,62,6,136,7,0,61,57,3.49
81283883,1998,日本ハム,66,2,3,5,,,0,0,0,.400,400,93.2,74,8,47,3,71,3,0,37,32,3.07
81283883,1999,日本ハム,62,1,4,6,,,0,0,0,.200,332,77.1,62,9,47,2,79,4,0,31,31,3.61
81283883,2000,日本ハム,36,8,4,0,,,3,1,0,.667,403,93.2,79,11,49,2,82,4,0,50,47,4.52
81283883,2001,日本ハム,21,9,8,0,,,3,1,0,.529,529,121,114,24,50,9,89,1,0,73,68,5.06
81283883,2002,日本ハム,17,2,7,0,,,0,0,0,.222,228,51.2,49,10,25,4,44,2,0,34,33,5.75
81283883,2003,阪神,26,10,5,0,,,3,1,0,.667,573,137.2,138,20,25,7,135,3,1,63,57,3.73
81283883,2004,阪神,22,7,5,0,,,0,0,0,.583,513,116,143,13,28,10,76,1,0,68,66,5.12
81283883,2005,阪神,24,15,3,0,0,0,1,0,0,.833,531,132.1,125,11,25,6,90,0,0,44,44,2.99
81283883,2006,阪神,25,12,11,0,0,0,1,0,0,.522,642,150.1,154,11,55,9,86,3,0,61,53,3.17
81283883,2007,阪神,25,10,8,0,0,0,0,0,0,.556,582,129.1,145,11,52,3,74,5,0,68,59,4.11
81283883,2008,阪神,27,11,6,0,0,0,1,0,1,.647,668,162.1,154,9,41,9,89,2,0,60,54,2.99
81283883,2009,阪神,22,8,8,0,0,0,1,1,0,.500,524,119.1,127,10,42,8,64,2,0,57,48,3.62
81283883,2010,阪神,19,7,8,0,0,0,0,0,0,.467,441,100,110,13,33,6,58,3,1,54,48,4.32
81283883,2011,阪神,6,0,2,0,0,0,0,0,0,.000,122,28,29,1,12,1,18,1,0,13,11,3.54
81283883,2012,東北楽天,4,0,2,0,0,0,0,0,0,.000,80,17,27,0,1,3,4,0,0,10,10,5.29
71975116,2011,阪神,2,0,0,0,1,1,0,0,0,.000,7,1.1,1,0,0,0,1,0,0,0,0,0.00
71975116,2012,阪神,2,0,0,0,0,0,0,0,0,.000,10,2.2,3,0,0,0,0,0,0,1,1,3.38
71975116,2013,阪神,2,1,0,0,0,0,0,0,0,1.000,34,8,10,0,2,0,3,1,0,3,3,3.38
71975116,2015,オリックス,43,2,2,0,2,4,0,0,0,.500,221,52,52,1,23,0,27,2,0,20,19,3.29
71975116,2016,オリックス,7,0,0,0,0,0,0,0,0,.000,34,6,9,1,6,0,2,1,0,8,7,10.50
41745118,2011,阪神,2,0,1,0,0,0,0,0,0,.000,34,8.1,7,1,4,0,7,0,0,4,2,2.16
13515118,2009,阪神,13,1,1,0,0,0,0,0,0,.500,137,31.1,39,4,6,0,18,1,0,20,19,5.46
13515118,2010,阪神,1,0,0,0,0,0,0,0,0,.000,4,1,1,0,1,0,0,0,0,0,0,0.00
13515118,2011,阪神,3,1,0,0,0,0,0,0,0,1.000,46,10.2,14,1,2,1,5,0,0,4,4,3.38
13515118,2012,阪神,10,0,0,0,1,1,0,0,0,.000,48,11,10,1,4,0,6,0,0,3,3,2.45
13515118,2013,横浜DeNA,6,0,2,0,0,0,0,0,0,.000,98,21,27,4,11,1,11,1,0,17,17,7.29
51055117,2003,阪神,3,0,2,0,,,0,0,0,.000,48,11.2,12,1,3,0,8,1,0,10,10,7.71
51055117,2004,阪神,13,2,2,0,,,0,0,0,.500,241,53.2,52,10,26,2,57,7,0,33,30,5.03
51055117,2005,阪神,23,9,6,0,0,0,1,1,0,.600,568,134.2,131,12,39,11,103,9,0,51,44,2.94
51055117,2006,阪神,17,4,4,0,0,0,3,0,1,.500,381,90.1,79,8,30,8,65,6,0,34,31,3.09
51055117,2007,阪神,20,4,5,0,0,1,1,1,0,.444,371,84,101,4,19,10,51,3,0,45,43,4.61
51055117,2008,阪神,9,2,3,0,0,0,0,0,0,.400,198,43.1,54,5,16,3,24,4,0,29,28,5.82
51055117,2009,阪神,2,0,1,0,0,0,0,0,0,.000,23,5,8,2,1,1,1,0,0,3,3,5.40
51055117,2010,阪神,7,0,0,0,0,0,0,0,0,.000,28,6.1,8,0,2,1,3,0,0,2,2,2.84
83585114,2007,福岡ソフトバンク,17,7,1,0,1,2,0,0,0,.875,233,54,51,0,23,1,35,2,2,22,18,3.00
83585114,2008,福岡ソフトバンク,3,0,2,0,0,0,0,0,0,.000,64,13,17,1,6,2,8,0,0,13,11,7.62
83585114,2010,阪神,23,11,5,0,0,0,2,1,1,.688,530,126.1,121,6,37,13,98,6,2,55,49,3.49
83585114,2011,阪神,25,9,7,0,0,0,3,2,0,.563,634,151,136,9,46,11,116,5,0,50,49,2.92
83585114,2012,阪神,25,7,12,0,0,0,1,0,0,.368,619,150.1,134,8,45,11,102,4,0,50,45,2.69
83585114,2013,阪神,26,8,12,0,0,0,2,2,1,.400,677,160.2,161,12,47,4,124,5,2,62,49,2.74
83585114,2014,福岡ソフトバンク,26,11,8,0,0,0,2,1,0,.579,725,172,156,13,57,10,129,3,1,68,63,3.30
83585114,2015,福岡ソフトバンク,23,10,7,0,0,0,1,1,0,.588,617,144.1,150,12,44,8,81,4,1,64,60,3.74
83585114,2016,千葉ロッテ,27,8,8,0,0,0,0,0,0,.500,686,162,168,13,45,8,99,6,1,72,64,3.56
83585114,2017,千葉ロッテ,14,4,6,0,0,0,0,0,0,.400,349,77,84,9,38,7,52,5,0,40,37,4.32
41945110,2006,阪神,1,0,0,0,0,0,0,0,0,.000,9,2,2,0,1,0,3,1,0,0,0,0.00
41945110,2007,阪神,2,0,0,0,0,0,0,0,0,.000,9,2,2,0,1,0,0,0,0,0,0,0.00
41945110,2008,阪神,3,0,0,0,0,0,0,0,0,.000,13,4,1,0,1,0,4,0,0,0,0,0.00
41945110,2013,阪神,7,0,0,0,1,1,0,0,0,.000,47,12.1,6,2,6,0,10,0,0,3,3,2.19
41945110,2014,阪神,5,0,0,0,1,1,0,0,0,.000,19,4.2,4,1,1,0,8,0,1,2,2,3.86
41945110,2015,阪神,2,0,0,0,0,0,0,0,0,.000,12,2.2,3,1,1,0,4,0,0,2,1,3.38
91995119,2004,阪神,1,1,0,0,,,0,0,0,1.000,24,5.1,7,0,2,0,6,1,0,1,1,1.69
91995119,2005,阪神,1,0,0,0,0,0,0,0,0,.000,16,3,4,1,3,1,4,0,0,2,2,6.00
91995119,2007,阪神,4,0,0,0,0,0,0,0,0,.000,28,5,8,0,5,0,3,0,0,6,6,10.80
91995119,2008,阪神,3,0,0,0,0,0,0,0,0,.000,19,4,5,1,1,1,5,0,0,1,1,2.25
91995119,2009,阪神,45,1,2,0,1,2,0,0,0,.333,232,53.1,45,5,22,4,45,1,0,25,22,3.71
91995119,2010,阪神,23,0,2,0,2,2,0,0,0,.000,103,21.2,27,3,9,3,15,1,0,18,16,6.65
91995119,2011,阪神,12,0,0,0,3,3,0,0,0,.000,57,14.1,13,1,4,1,12,0,0,2,2,1.26
91995119,2012,阪神,58,2,1,2,18,20,0,0,0,.667,209,50,45,3,19,3,46,1,0,19,18,3.24
91995119,2013,阪神,39,4,1,1,3,7,0,0,0,.800,179,45.1,34,4,11,1,39,0,0,13,13,2.58
91995119,2014,阪神,28,0,0,0,2,2,0,0,0,.000,146,34,31,2,14,1,33,2,0,22,19,5.03
91995119,2015,阪神,6,0,0,0,0,0,0,0,0,.000,25,5,8,0,3,0,7,0,0,3,3,5.40
91995119,2016,阪神,1,0,0,0,0,0,0,0,0,.000,5,1,1,0,2,0,0,0,0,1,1,9.00
41045112,2008,阪神,1,0,0,0,0,0,0,0,0,.000,6,+,5,0,1,0,0,0,0,6,6,----
41045112,2009,阪神,1,0,0,0,0,0,0,0,0,.000,5,1,1,0,1,0,0,0,0,0,0,0.00
41045112,2010,阪神,21,2,4,0,0,0,0,0,0,.333,337,76.1,76,7,30,5,46,5,0,36,32,3.77
41045112,2011,阪神,5,0,2,0,0,0,0,0,0,.000,92,22,19,0,8,1,16,0,0,9,9,3.68
41045112,2012,阪神,43,1,0,0,5,6,0,0,0,1.000,223,57,40,3,16,1,30,0,0,13,12,1.89
41045112,2013,阪神,20,3,1,0,1,3,0,0,0,.750,144,34.2,38,4,7,1,17,0,1,19,19,4.93
41045112,2014,阪神,19,3,1,0,0,2,0,0,0,.750,119,26.2,27,5,14,1,12,1,0,15,15,5.06
41045112,2015,阪神,5,0,0,0,0,0,0,0,0,.000,31,7.2,8,0,2,0,5,0,0,1,1,1.17
41045112,2016,阪神,2,0,0,0,0,0,0,0,0,.000,13,2.1,5,1,1,0,0,0,0,2,2,7.71
21225118,2009,阪神,6,0,0,0,0,0,0,0,0,.000,36,8,7,1,3,1,8,0,0,6,5,5.63
21225118,2010,阪神,65,7,3,0,14,21,0,0,0,.700,296,71.2,72,11,13,3,71,1,0,33,31,3.89
21225118,2011,阪神,21,1,0,0,1,2,0,0,0,1.000,96,26.1,17,0,4,1,21,1,0,6,5,1.71
21225118,2013,阪神,3,0,1,0,0,0,0,0,0,.000,7,1,2,0,2,0,0,0,0,3,3,27.00
61065110,2005,阪神,16,4,1,0,1,1,1,0,0,.800,293,64.2,78,10,27,1,64,3,0,40,40,5.57
61065110,2006,阪神,38,2,4,0,8,9,0,0,0,.333,210,47,49,4,16,3,46,2,0,27,26,4.98
61065110,2007,阪神,23,4,4,0,2,2,1,1,1,.500,330,74,79,7,30,4,51,2,0,39,36,4.38
61065110,2008,阪神,11,0,0,0,0,0,0,0,0,.000,54,11.1,15,1,6,0,10,1,0,6,6,4.76
61065110,2009,阪神,28,13,9,0,0,0,1,1,0,.591,675,165,142,11,44,5,154,3,1,61,48,2.62
61065110,2010,阪神,12,8,0,0,0,1,0,0,0,1.000,267,62.1,63,3,13,5,57,2,0,23,18,2.60
61065110,2011,阪神,29,12,9,0,1,1,5,1,1,.571,799,200.1,151,8,55,6,186,3,0,59,56,2.52
61065110,2012,阪神,29,10,10,0,0,0,3,2,1,.500,737,182,157,14,37,3,172,5,0,61,49,2.42
61065110,2013,阪神,25,11,7,0,0,0,6,2,1,.611,724,180.2,155,18,41,0,127,5,0,57,54,2.69
61065110,2014,阪神,26,9,13,0,0,0,3,1,0,.409,720,169.1,170,16,48,3,151,9,0,81,75,3.99
61065110,2015,阪神,27,11,13,0,0,0,1,1,1,.458,672,159.2,170,13,38,2,125,6,0,73,66,3.72
61065110,2016,阪神,26,8,12,0,1,1,2,1,0,.400,634,147.1,140,17,52,6,126,5,1,67,60,3.67
61065110,2017,阪神,23,6,6,0,0,0,1,0,0,.500,533,128.1,117,14,40,2,119,2,1,57,53,3.72
61065110,2018,阪神,45,4,3,1,16,20,0,0,0,.571,229,56.1,40,5,19,3,48,6,0,23,16,2.56
61065110,2019,阪神,51,1,2,0,18,19,0,0,0,.333,191,44,37,5,24,1,41,2,0,21,21,4.30
61065110,2020,阪神,34,1,0,1,4,5,0,0,0,1.000,109,24.2,25,6,12,1,19,1,0,14,13,4.74
61065110,2021,オリックス,26,0,0,2,5,5,0,0,0,.000,103,22.1,26,2,11,3,19,0,0,11,10,4.03
61065110,2022,オリックス,5,0,0,0,1,1,0,0,0,.000,15,3.2,2,0,2,0,2,0,0,1,1,2.45
81983888,1999,阪神,54,10,7,9,,,0,0,0,.588,303,70.1,70,6,27,1,53,3,0,33,32,4.09
81983888,2000,阪神,36,5,9,3,,,1,1,0,.357,500,117.2,109,10,42,3,119,4,0,55,43,3.29
81983888,2001,阪神,39,9,12,1,,,0,0,0,.429,569,129.1,120,5,71,4,104,7,1,55,45,3.13
81983888,2002,阪神,25,1,2,0,,,0,0,0,.333,128,30,33,1,7,3,30,3,0,20,17,5.10
81983888,2003,阪神,5,2,2,0,,,0,0,0,.500,96,22,20,3,10,0,27,0,0,9,7,2.86
81983888,2004,阪神,29,10,15,0,,,2,1,1,.400,779,181.1,190,13,58,4,148,13,0,88,78,3.87
81983888,2005,阪神,28,8,14,0,0,0,3,2,1,.364,721,171.2,172,20,45,6,124,3,1,74,67,3.51
81983888,2006,阪神,24,12,5,0,0,0,3,0,0,.706,636,154.2,143,8,42,6,119,4,0,44,36,2.09
81983888,2007,阪神,19,2,8,0,0,0,0,0,0,.200,329,71.2,101,5,19,3,42,4,0,53,52,6.53
81983888,2008,阪神,8,3,2,0,0,1,1,1,0,.600,145,34,38,4,12,0,17,3,0,13,13,3.44
81983888,2009,阪神,14,3,10,0,0,0,1,1,0,.231,328,74.1,77,9,27,3,45,1,1,47,40,4.84
81983888,2010,阪神,19,0,1,0,0,0,0,0,0,.000,104,24.1,25,5,10,0,20,3,0,15,14,5.18
81983888,2011,阪神,55,2,3,0,11,13,0,0,0,.400,204,48.2,41,5,16,1,59,1,0,20,14,2.59
81983888,2012,阪神,60,2,4,1,18,20,0,0,0,.333,216,51,48,2,12,4,43,3,0,13,10,1.76
81983888,2013,阪神,50,4,0,14,14,18,0,0,0,1.000,184,45,40,2,11,2,38,1,0,9,6,1.20
81983888,2014,阪神,60,4,6,0,38,42,0,0,0,.400,224,53.1,55,8,13,2,47,1,0,24,24,4.05
81983888,2015,阪神,61,6,4,1,33,39,0,0,0,.600,223,53.2,55,4,18,0,40,1,0,19,18,3.02
81983888,2016,阪神,9,0,0,0,4,4,0,0,0,.000,23,5.1,8,1,1,0,6,0,0,3,3,5.06
71073888,2000,阪神,19,0,0,0,,,0,0,0,.000,113,22.2,25,1,18,4,25,4,0,15,12,4.76
71073888,2002,阪神,12,1,5,0,,,0,0,0,.167,285,68,56,6,30,2,64,4,0,33,28,3.71
71073888,2003,阪神,17,1,1,0,,,0,0,0,.500,126,29.1,28,4,12,1,19,2,0,12,11,3.38
71073888,2004,阪神,26,2,0,0,,,0,0,0,1.000,129,31,26,3,11,2,35,0,0,10,9,2.61
71073888,2005,阪神,80,7,1,1,46,53,0,0,0,.875,349,92.1,57,5,20,1,139,5,0,20,14,1.36
71073888,2006,阪神,63,5,0,17,30,35,0,0,0,1.000,306,79.1,46,3,22,0,122,5,0,6,6,0.68
71073888,2007,阪神,71,5,5,46,6,11,0,0,0,.500,313,83,50,2,18,1,115,2,0,15,15,1.63
71073888,2008,阪神,63,8,1,38,5,13,0,0,0,.889,249,67.2,34,2,13,3,90,3,0,6,5,0.67
71073888,2009,阪神,49,5,3,25,3,8,0,0,0,.625,217,57.2,32,4,15,1,86,0,0,9,8,1.25
71073888,2010,阪神,58,3,4,28,5,8,0,0,0,.429,257,62.2,47,7,20,5,81,1,0,14,14,2.01
71073888,2011,阪神,56,3,3,41,5,8,0,0,0,.500,193,51,25,2,13,1,80,3,0,9,7,1.24
71073888,2012,阪神,48,2,2,24,2,4,0,0,0,.500,189,47.2,34,1,15,1,58,2,0,7,7,1.32
71073888,2016,阪神,43,5,6,3,10,14,0,0,0,.455,275,62.2,58,7,30,3,70,4,0,34,32,4.60
71073888,2017,阪神,52,3,0,0,6,9,0,0,0,1.000,232,56.2,41,3,24,5,71,2,0,15,14,2.22
71073888,2018,阪神,53,5,3,2,21,26,0,0,0,.625,229,54.1,29,3,37,1,67,2,0,20,14,2.32
71073888,2019,阪神,56,4,1,16,23,27,0,0,0,.800,226,56,29,3,32,0,83,4,0,11,11,1.77
71073888,2020,阪神,16,1,3,2,1,2,0,0,0,.250,65,13.1,16,3,9,1,15,1,0,11,9,6.08
71275131,2010,阪神,24,1,0,0,1,2,0,0,0,1.000,86,20,21,0,6,0,10,1,1,9,8,3.60
71275131,2011,阪神,19,0,0,0,3,3,0,0,0,.000,95,23.1,19,0,10,1,17,0,0,10,8,3.09
71275131,2012,阪神,5,0,0,0,0,0,0,0,0,.000,19,3.2,6,0,2,0,3,0,0,3,3,7.36
71275131,2013,阪神,10,0,0,0,0,0,0,0,0,.000,58,13.2,10,0,8,0,10,1,1,4,2,1.32
91295131,2012,阪神,4,0,1,0,0,0,0,0,0,.000,49,12.1,14,2,2,0,7,0,0,7,6,4.38
91295131,2014,阪神,11,0,2,0,1,1,0,0,0,.000,70,14.1,25,2,3,0,13,0,0,14,14,8.79
91295131,2015,阪神,12,0,0,0,0,0,0,0,0,.000,58,14,11,1,5,1,17,0,0,4,4,2.57
61865131,2010,阪神,12,2,5,0,0,0,0,0,0,.286,258,56.2,65,9,24,5,48,1,0,37,36,5.72
93195131,2010,阪神,26,5,6,0,1,1,0,0,0,.455,350,80.1,88,10,31,1,48,3,0,49,44,4.93
93195131,2011,阪神,25,12,7,0,0,0,1,0,0,.632,616,150,129,6,45,3,122,4,0,50,48,2.88
93195131,2012,阪神,30,10,11,0,0,1,3,2,0,.476,801,196.2,165,7,65,4,166,5,0,65,55,2.52
93195131,2013,阪神,30,12,8,0,0,0,6,3,3,.600,811,196.1,174,13,56,4,183,5,1,68,63,2.89
93195131,2014,阪神,31,13,10,0,0,0,3,3,0,.565,872,208.1,188,14,69,8,226,8,0,81,74,3.20
93195131,2015,阪神,29,9,12,0,0,0,0,0,0,.429,799,193.2,163,10,60,4,194,5,0,68,64,2.97
93195131,2016,阪神,28,12,11,0,0,0,2,1,0,.522,791,185.1,178,11,60,1,177,4,0,73,62,3.01
93195131,2017,阪神,22,11,5,0,0,0,1,1,0,.688,594,143,134,5,44,1,155,2,0,42,38,2.39
93195131,2018,阪神,28,11,7,0,0,0,0,0,0,.611,728,173.2,160,13,58,4,149,0,0,74,70,3.63
93195131,2019,阪神,14,3,7,0,0,0,1,0,0,.300,336,79,71,11,38,2,55,3,0,45,41,4.67
21825114,2010,阪神,2,0,0,0,0,0,0,0,0,.000,7,1,3,1,1,0,1,0,0,2,2,18.00
81885112,2007,阪神,2,0,1,0,0,0,0,0,0,.000,27,6.1,6,1,1,1,4,0,0,4,4,5.68
81885112,2010,阪神,4,0,0,0,0,0,0,0,0,.000,33,6,8,0,5,0,4,0,0,7,5,7.50
81885112,2011,阪神,2,0,0,0,0,0,0,0,0,.000,19,4,6,0,2,0,2,0,0,4,4,9.00
81885112,2012,北海道日本ハム,2,0,0,0,0,0,0,0,0,.000,14,2.1,3,1,3,1,0,0,0,1,1,3.86
33135112,2007,阪神,53,1,1,0,7,8,0,0,0,.500,246,58.1,53,2,23,4,52,3,0,19,16,2.47
33135112,2008,阪神,66,5,2,0,23,28,0,0,0,.714,282,67.1,52,2,28,1,60,2,0,24,20,2.67
33135112,2009,阪神,46,1,0,0,3,4,0,0,0,1.000,201,47.2,44,5,17,1,34,2,0,19,18,3.40
33135112,2010,阪神,61,2,2,0,8,10,0,0,0,.500,311,74.2,57,4,36,2,53,2,0,29,22,2.65
33135112,2011,阪神,56,5,1,0,12,17,0,0,0,.833,216,54.2,39,2,14,1,36,1,0,12,12,1.98
33135112,2012,阪神,50,0,0,0,4,4,0,0,0,.000,239,52.1,50,3,31,2,33,1,0,18,12,2.06
33135112,2013,阪神,15,1,0,0,2,3,0,0,0,1.000,64,14.1,11,2,10,1,8,2,0,6,6,3.77
33135112,2014,阪神,14,0,0,0,1,1,0,0,0,.000,64,14,12,2,11,0,7,1,0,10,7,4.50
33135112,2015,阪神,1,0,0,0,0,0,0,0,0,.000,7,1.1,1,0,2,0,1,0,0,0,0,0.00
71375133,2012,阪神,3,2,1,0,0,0,0,0,0,.667,76,18.2,11,0,11,1,11,2,0,1,0,0.00
71375133,2013,阪神,1,0,0,0,0,0,0,0,0,.000,17,4,4,0,3,0,2,0,0,2,2,4.50
71375133,2014,阪神,4,0,0,0,0,0,0,0,0,.000,16,3.2,3,0,2,0,1,1,0,2,2,4.91
71375133,2015,阪神,13,2,1,0,0,1,0,0,0,.667,144,31.2,37,1,15,1,20,0,0,13,13,3.69
71375133,2018,オリックス,17,1,2,0,5,6,0,0,0,.333,63,14.2,13,3,7,0,7,0,0,8,7,4.30
71375133,2019,オリックス,9,0,2,0,1,1,0,0,0,.000,43,7.1,9,2,11,0,5,2,0,12,12,14.73
01305133,2011,阪神,62,3,3,1,33,36,0,0,0,.500,259,63.1,43,3,28,4,71,4,0,19,16,2.27
01305133,2012,阪神,48,3,3,2,21,24,0,0,0,.500,188,42.1,36,2,20,8,37,2,0,13,11,2.34
01305133,2013,阪神,16,4,9,0,0,0,0,0,0,.308,389,92.1,70,11,38,8,78,5,0,39,37,3.61
01305133,2014,阪神,24,2,1,0,2,4,0,0,0,.667,216,44.2,60,2,20,6,42,3,0,38,35,7.05
01305133,2015,阪神,8,0,0,0,0,0,0,0,0,.000,42,8.2,9,1,4,1,8,0,0,11,10,10.38
01305133,2016,阪神,35,1,1,0,3,4,0,0,0,.500,174,39.2,39,6,16,3,32,2,0,19,19,4.31
01305133,2017,阪神,3,0,0,0,1,1,0,0,0,.000,30,6.1,10,0,2,0,6,0,0,2,1,1.42
01305133,2018,埼玉西武,23,11,4,0,0,0,0,0,0,.733,566,132.2,132,14,40,14,98,0,0,53,49,3.32
01305133,2019,埼玉西武,13,4,3,0,0,0,0,0,0,.571,319,69,86,12,21,9,33,2,0,54,50,6.52
01305133,2020,埼玉西武,5,1,1,0,0,0,0,0,0,.500,103,24,26,4,6,1,9,0,0,14,14,5.25
21525113,2001,千葉ロッテ,34,9,10,0,,,3,0,0,.474,616,140,134,13,68,5,109,5,2,75,64,4.11
21525113,2002,千葉ロッテ,32,11,15,0,,,1,1,0,.423,681,159,168,21,53,4,148,9,1,90,81,4.58
21525113,2003,千葉ロッテ,7,1,5,0,,,0,0,0,.167,119,24.2,28,7,21,0,12,1,0,25,22,8.03
21525113,2004,千葉ロッテ,2,0,1,0,,,0,0,0,.000,32,5.1,11,1,4,1,5,0,0,10,10,16.88
21525113,2005,千葉ロッテ,9,2,3,0,0,0,0,0,0,.400,166,40.2,31,5,16,1,30,1,0,17,17,3.76
21525113,2006,千葉ロッテ,10,1,3,0,1,2,0,0,0,.250,113,25.1,28,4,6,1,26,0,0,19,15,5.33
21525113,2007,オリックス,2,0,2,0,0,0,0,0,0,.000,45,11,8,0,5,0,11,0,0,5,5,4.09
21525113,2009,横浜,31,1,0,0,13,14,0,0,0,1.000,127,29.1,21,5,18,2,37,1,0,13,12,3.68
21525113,2010,横浜,49,0,2,0,7,7,0,0,0,.000,138,27.2,37,2,16,2,23,0,0,24,24,7.81
21525113,2011,阪神,4,0,0,0,0,0,0,0,0,.000,13,2.2,4,0,1,0,3,0,0,3,3,10.13
21525113,2012,阪神,41,0,0,0,7,7,0,0,0,.000,120,32.2,15,1,11,1,34,0,0,4,3,0.83
21525113,2013,阪神,61,1,2,1,16,17,0,0,0,.333,199,50.1,36,3,13,1,54,0,0,12,11,1.97
21525113,2014,阪神,32,3,0,0,10,13,0,0,0,1.000,115,23.2,31,2,10,2,15,1,0,12,12,4.56
21525113,2015,阪神,6,0,0,0,0,0,0,0,0,.000,13,2.1,4,0,2,0,2,0,0,5,3,11.57
61563884,1998,千葉ロッテ,2,0,0,0,,,0,0,0,.000,11,2.1,3,0,1,0,0,0,0,0,0,0.00
61563884,2001,千葉ロッテ,22,1,4,0,,,0,0,0,.200,238,56,49,11,23,1,45,3,0,24,23,3.70
61563884,2002,千葉ロッテ,58,7,4,0,,,0,0,0,.636,333,81.2,67,12,27,1,84,9,1,25,23,2.53
61563884,2003,千葉ロッテ,50,10,10,0,,,3,0,0,.500,592,145.1,135,17,36,3,117,7,1,66,62,3.84
61563884,2004,千葉ロッテ,24,9,7,0,,,2,0,0,.563,666,154.1,162,22,57,4,137,7,0,77,73,4.26
61563884,2005,千葉ロッテ,23,12,6,0,0,0,4,1,1,.667,666,160.2,157,14,28,6,129,6,0,60,59,3.30
61563884,2006,千葉ロッテ,20,10,7,0,0,0,3,1,0,.588,578,142.2,129,14,27,4,120,5,0,51,44,2.78
61563884,2007,千葉ロッテ,25,13,3,0,0,0,5,2,1,.813,699,170.2,157,9,38,4,163,7,0,56,51,2.69
61563884,2008,千葉ロッテ,23,5,12,0,0,0,1,0,0,.294,618,138,155,15,45,2,112,5,0,85,77,5.02
61563884,2009,千葉ロッテ,24,4,13,0,2,2,4,0,1,.235,582,134.1,142,16,35,7,120,7,0,70,64,4.29
61563884,2010,千葉ロッテ,57,3,3,29,5,8,0,0,0,.500,249,61,51,2,14,3,53,6,0,17,15,2.21
61563884,2011,阪神,42,1,5,0,21,22,0,0,0,.167,181,39,43,2,19,2,45,8,0,17,13,3.00
61563884,2014,埼玉西武,15,0,0,0,3,3,0,0,0,.000,59,11.1,16,1,8,0,10,2,0,15,10,7.94
53155133,2012,阪神,2,0,0,0,0,0,0,0,0,.000,12,2,4,0,1,0,2,0,2,3,2,9.00
53155133,2013,阪神,2,0,0,0,0,0,0,0,0,.000,9,1.2,2,0,2,0,1,0,1,1,1,5.40
51055133,2015,阪神,18,0,0,0,1,1,0,0,0,.000,93,18.1,31,6,8,1,12,0,0,19,18,8.84
51055133,2016,阪神,23,1,0,0,2,3,0,0,0,1.000,105,24.2,23,2,10,0,24,1,0,10,10,3.65
51055133,2018,阪神,1,0,0,0,0,0,0,0,0,.000,8,2,2,0,2,0,2,2,0,2,2,9.00
51055133,2019,阪神,63,4,0,1,11,15,0,0,0,1.000,229,59.1,42,4,14,4,60,0,0,13,11,1.67
51055133,2022,阪神,15,0,0,0,2,2,0,0,0,.000,56,14,12,1,2,0,11,0,0,4,4,2.57
51055133,2023,阪神,35,4,2,0,15,19,0,0,0,.667,100,26.2,19,0,3,1,20,0,0,6,5,1.69
51055133,2024,阪神,33,2,1,0,6,8,0,0,0,.667,113,25.2,27,1,10,1,10,1,0,9,8,2.81
51055133,2025,阪神,16,2,1,0,2,4,0,0,0,.667,56,14.1,12,1,3,1,6,0,0,3,3,1.88
51055133,2026,北海道日本ハム,46,2,3,2,22,24,0,0,0,.400,162,38,34,3,15,1,23,0,0,14,11,2.61
41145135,2012,阪神,1,0,1,0,0,0,0,0,0,.000,22,4,7,0,3,0,2,0,0,4,3,6.75
41145135,2014,阪神,6,0,0,0,0,0,0,0,0,.000,45,10,8,1,8,0,11,0,0,7,7,6.30
41145135,2016,阪神,5,0,0,0,0,0,0,0,0,.000,33,7.1,9,0,3,0,9,2,0,4,2,2.45
41145135,2017,阪神,9,0,0,0,0,0,0,0,0,.000,55,12.2,13,1,4,1,10,1,0,7,6,4.26
41145135,2018,阪神,14,0,1,0,0,0,0,0,0,.000,92,21.1,15,1,10,1,25,2,0,14,13,5.48
41145135,2020,阪神,15,1,1,0,1,2,0,0,0,.500,74,15.1,8,0,20,0,15,1,0,7,6,3.52
61765135,2012,阪神,1,0,0,0,0,0,0,0,0,.000,21,5,4,0,2,0,3,2,0,1,1,1.80
61765135,2013,阪神,5,0,0,0,0,0,0,0,0,.000,32,8,4,3,2,1,1,0,0,5,5,5.63
61765135,2014,阪神,13,1,3,0,0,1,0,0,0,.250,103,24,23,3,10,1,25,0,0,19,18,6.75
61765135,2015,阪神,29,1,1,0,2,3,0,0,0,.500,144,34.1,15,1,27,1,23,0,1,10,10,2.62
61765135,2016,阪神,9,0,0,0,2,2,0,0,0,.000,41,9,8,1,5,0,3,2,0,4,3,3.00
61765135,2020,東京ヤクルト,7,1,2,0,0,0,0,0,0,.333,157,33.2,49,2,13,1,21,0,0,17,16,4.28
31635112,2006,東北楽天,10,0,8,0,0,0,0,0,0,.000,165,31.2,45,6,21,2,21,0,2,40,27,7.67
31635112,2007,東北楽天,19,1,6,0,0,1,0,0,0,.143,200,45,49,8,19,2,26,3,1,28,25,5.00
31635112,2009,東北楽天,2,0,0,0,0,0,0,0,0,.000,7,1.1,2,1,1,0,3,0,0,1,1,6.75
31635112,2010,東北楽天,9,1,2,0,0,1,0,0,0,.333,128,24,37,4,13,2,16,0,0,27,19,7.13
31635112,2011,東北楽天,3,0,0,0,0,0,0,0,0,.000,20,5.1,4,0,1,0,3,0,0,0,0,0.00
01605135,2013,阪神,27,1,2,0,5,6,0,0,0,.333,125,29.2,34,6,6,0,29,1,0,14,14,4.25
01605135,2014,阪神,6,0,0,0,4,4,0,0,0,.000,19,4.2,3,0,2,0,3,1,0,1,1,1.93
01605135,2015,阪神,30,3,2,0,3,6,0,0,0,.600,143,31.1,36,4,15,1,31,1,0,20,20,5.74
01605135,2016,阪神,22,1,0,0,1,2,0,0,0,1.000,102,27,14,2,9,0,26,1,0,3,3,1.00
01605135,2017,阪神,26,1,2,0,1,2,0,0,0,.333,161,35.2,37,5,17,1,33,1,0,23,20,5.05
01605135,2018,福岡ソフトバンク,2,0,0,0,0,0,0,0,0,.000,14,3,2,0,3,0,6,0,0,2,2,6.00
01605135,2019,福岡ソフトバンク,51,2,4,0,5,7,0,0,0,.333,230,52,41,8,32,3,57,0,1,23,22,3.81
21525137,2014,阪神,40,5,1,0,0,4,0,0,0,.833,264,62.1,65,6,20,0,41,6,0,27,25,3.61
21525137,2015,阪神,10,1,0,0,0,1,0,0,0,1.000,53,9.2,19,1,6,0,8,0,0,11,8,7.45
21525137,2016,阪神,6,1,0,0,0,1,0,0,0,1.000,29,6,6,0,4,0,1,1,0,4,4,6.00
21525137,2017,オリックス,34,4,1,0,2,6,0,0,0,.800,170,39,42,3,10,1,34,1,0,19,18,4.15
21525137,2018,オリックス,10,0,0,0,0,0,0,0,0,.000,65,12.1,20,2,8,1,14,2,0,10,10,7.30
21525137,2019,オリックス,6,1,0,0,0,1,0,0,0,1.000,36,7.1,12,0,3,0,4,1,0,4,4,4.91
21525137,2020,オリックス,6,0,0,0,0,0,0,0,0,.000,39,8.1,10,1,7,0,7,0,0,6,6,6.48
21525137,2021,オリックス,9,0,0,0,0,0,0,0,0,.000,45,10.1,8,3,5,2,6,0,0,5,5,4.35
11015112,2006,横浜,18,2,6,0,1,1,0,0,0,.250,250,55.1,74,8,19,1,29,0,0,46,42,6.83
11015112,2007,横浜,22,0,0,0,3,3,0,0,0,.000,91,18.2,27,4,9,2,12,3,1,16,16,7.71
11015112,2008,横浜,10,1,0,0,0,1,0,0,0,1.000,28,5.2,9,0,2,1,2,0,0,7,7,11.12
11015112,2009,横浜,11,0,1,0,2,2,0,0,0,.000,36,8,9,3,5,0,6,0,0,4,4,4.50
11015112,2010,横浜,21,0,0,0,3,3,0,0,0,.000,56,10.1,18,0,1,5,11,0,0,7,6,5.23
11015112,2011,オリックス,20,0,0,0,1,1,0,0,0,.000,96,22.2,22,0,6,4,21,0,0,10,10,3.97
11015112,2012,オリックス,1,0,0,0,0,0,0,0,0,.000,4,1,2,1,0,0,0,0,0,1,1,9.00
11015112,2013,阪神,1,0,0,0,0,0,0,0,0,.000,6,1,3,2,0,0,1,0,0,3,3,27.00
11015112,2014,阪神,22,1,0,0,2,3,0,0,0,1.000,78,18.2,18,3,3,1,14,1,0,7,6,2.89
11015112,2015,阪神,52,2,0,0,8,10,0,0,0,1.000,157,35.2,35,2,15,3,27,2,0,14,12,3.03
11015112,2016,阪神,16,0,1,0,1,1,0,0,0,.000,64,12.2,19,1,7,0,10,1,0,9,9,6.39
01905137,2016,阪神,4,0,1,0,1,1,0,0,0,.000,20,4.1,5,0,3,0,2,0,0,3,3,6.23
41045137,2013,阪神,24,10,6,0,0,0,0,0,0,.625,563,137.2,119,10,44,2,126,8,0,48,42,2.75
41045137,2014,阪神,25,11,8,0,0,0,2,0,0,.579,704,163,150,6,64,11,172,6,0,79,64,3.53
41045137,2015,阪神,28,14,7,0,0,0,7,4,1,.667,840,199,162,9,82,11,221,9,0,70,53,2.40
41045137,2016,阪神,26,7,11,0,0,0,2,1,0,.389,734,169,152,11,70,8,176,6,1,78,61,3.25
41045137,2017,阪神,11,3,5,0,0,0,0,0,0,.375,271,59,53,5,45,8,41,5,0,30,27,4.12
41045137,2018,阪神,13,5,3,0,0,0,1,1,0,.625,326,71,70,5,47,4,70,5,0,45,42,5.32
41045137,2019,阪神,1,0,0,0,0,0,0,0,0,.000,23,4.1,4,0,6,2,3,0,0,1,1,2.08
41045137,2020,阪神,24,1,6,0,7,7,0,0,0,.143,341,76.1,71,5,40,2,85,4,0,47,34,4.01
41045137,2021,阪神,21,3,3,0,4,5,0,0,0,.500,238,48.1,47,4,40,4,52,8,1,29,28,5.21
41045137,2022,阪神,16,3,5,0,0,1,0,0,0,.375,276,66.2,58,6,21,3,65,5,0,28,25,3.38
41045137,2025,横浜DeNA,6,1,0,0,0,0,0,0,0,1.000,95,22,20,1,9,2,19,3,0,10,10,4.09
41045137,2026,横浜DeNA,3,0,1,0,0,0,0,0,0,.000,57,10,12,0,14,1,12,0,0,7,7,6.30
83185137,2013,阪神,22,3,1,0,0,3,0,0,0,.750,104,27,20,3,4,0,21,0,0,8,8,2.67
31335139,2014,阪神,17,5,4,0,0,0,0,0,0,.556,379,90,85,6,26,4,76,1,0,37,35,3.50
31335139,2015,阪神,15,3,10,0,0,0,0,0,0,.231,326,77,74,7,19,5,57,0,0,39,30,3.51
31335139,2016,阪神,16,3,5,0,0,0,0,0,0,.375,319,74.1,73,10,27,2,59,3,0,33,30,3.63
31335139,2017,阪神,66,4,1,0,15,19,0,0,0,.800,311,71.2,63,2,27,5,88,0,0,28,19,2.39
31335139,2018,阪神,61,1,3,0,10,11,0,0,0,.250,275,62,66,8,25,4,70,5,0,37,34,4.94
31335139,2019,阪神,48,3,0,0,26,29,0,0,0,1.000,204,53.2,24,5,17,3,58,1,0,11,6,1.01
31335139,2020,阪神,41,5,2,2,17,22,0,0,0,.714,163,39.2,26,2,15,2,37,3,0,9,8,1.82
31335139,2021,阪神,62,3,4,1,41,44,0,0,0,.429,230,57.2,47,6,15,0,51,3,0,21,17,2.65
31335139,2022,阪神,57,1,6,28,11,12,0,0,0,.143,239,55,63,1,10,2,44,0,0,16,12,1.96
31335139,2023,阪神,60,3,3,35,12,15,0,0,0,.500,217,56,32,3,14,2,62,0,0,13,11,1.77
31335139,2024,阪神,60,4,4,23,17,21,0,0,0,.500,231,57.1,48,3,15,0,46,1,0,14,14,2.20
31335139,2025,阪神,53,1,3,31,8,9,0,0,0,.250,211,51.1,49,1,13,0,40,0,0,15,12,2.10
31335139,2026,阪神,46,3,3,11,16,19,0,0,0,.500,174,43,38,2,14,1,37,0,0,13,13,2.72
51355139,2014,阪神,6,1,4,0,0,0,0,0,0,.200,127,29.1,24,2,15,0,21,0,0,18,15,4.60
51355139,2015,阪神,5,1,1,0,0,0,0,0,0,.500,95,20.2,24,2,11,2,11,3,0,12,10,4.35
51355139,2016,阪神,25,10,9,0,0,0,2,2,0,.526,644,158.1,119,10,55,3,156,6,0,56,51,2.90
51355139,2017,阪神,18,5,10,0,0,0,0,0,0,.333,428,98,93,14,44,4,93,3,0,56,54,4.96
51355139,2018,阪神,23,7,10,0,0,0,1,0,0,.412,554,132,128,18,32,1,122,1,0,56,51,3.48
51355139,2019,阪神,8,2,4,0,0,0,0,0,0,.333,173,40.1,43,4,15,0,33,0,0,19,18,4.02
51355139,2020,阪神,38,7,3,0,8,13,0,0,0,.700,298,71,67,7,23,0,63,3,0,32,26,3.30
51355139,2021,阪神,46,4,0,0,12,16,0,0,0,1.000,174,38.2,42,4,14,3,33,1,0,21,20,4.66
51355139,2022,阪神,53,2,1,0,11,13,0,0,0,.667,176,42,34,1,12,2,38,1,0,16,12,2.57
51355139,2023,阪神,50,1,0,0,24,25,0,0,0,1.000,177,43.1,36,2,12,2,30,0,0,15,13,2.70
51355139,2024,阪神,2,0,1,0,0,0,0,0,0,.000,9,1.2,1,0,2,1,2,0,0,2,1,5.40
51355139,2025,阪神,29,3,1,0,4,7,0,0,0,.750,123,29.2,30,1,7,0,22,1,0,7,7,2.12
51355139,2026,阪神,1,0,0,0,0,0,0,0,0,.000,7,0.2,3,0,1,0,0,0,0,3,1,13.50
51855139,2014,阪神,64,2,4,39,5,7,0,0,0,.333,258,66.2,41,5,13,1,81,7,0,18,13,1.76
51855139,2015,阪神,63,2,3,41,7,9,0,0,0,.400,289,69.1,64,6,16,2,66,2,0,21,21,2.73
61763888,1999,日本ハム,22,6,5,0,,,1,1,0,.545,442,106,101,11,29,1,62,0,0,43,34,2.89
61763888,2000,日本ハム,28,6,8,0,,,2,0,0,.429,396,89.1,106,15,29,2,55,1,0,57,55,5.54
61763888,2001,日本ハム,10,1,0,0,,,0,0,0,1.000,72,14.1,22,5,9,2,9,0,0,17,17,10.67
61763888,2002,日本ハム,45,3,2,4,,,0,0,0,.600,231,59,40,7,13,4,41,1,0,16,15,2.29
61763888,2003,日本ハム,32,2,1,15,,,0,0,0,.667,138,37.1,24,5,4,0,31,2,0,9,9,2.17
61763888,2004,北海道日本ハム,41,1,3,0,,,0,0,0,.250,190,46.1,39,4,7,2,39,1,0,17,12,2.33
61763888,2005,北海道日本ハム,45,4,6,2,10,14,0,0,0,.400,211,51.1,50,10,8,2,35,1,0,22,21,3.68
61763888,2006,北海道日本ハム,46,3,3,0,8,11,0,0,0,.500,193,47,42,6,10,2,30,1,1,18,16,3.06
61763888,2007,北海道日本ハム,7,2,4,0,0,0,1,0,0,.333,167,41,33,7,9,5,31,0,0,20,19,4.17
61763888,2008,北海道日本ハム,58,1,2,2,22,23,0,0,0,.333,276,67.1,61,3,12,4,53,1,0,23,23,3.07
61763888,2009,北海道日本ハム,46,5,7,0,19,24,0,0,0,.417,209,47.2,53,3,15,1,43,1,0,24,20,3.78
61763888,2010,北海道日本ハム,58,1,2,4,25,26,0,0,0,.333,218,55,43,3,11,2,59,0,0,11,11,1.80
61763888,2014,阪神,8,0,0,0,0,0,0,0,0,.000,31,7.1,9,0,1,1,3,0,0,3,3,3.68
81485139,2014,阪神,2,0,0,0,0,0,0,0,0,.000,6,1,3,0,0,0,1,0,0,1,1,9.00
81485139,2015,阪神,7,1,0,0,0,0,0,0,0,1.000,46,10.2,11,0,3,0,10,0,0,5,5,4.22
81485139,2016,阪神,6,0,0,0,0,0,0,0,0,.000,14,3.1,3,0,1,0,1,0,0,2,2,5.40
81485139,2017,阪神,6,0,0,0,0,0,0,0,0,.000,38,7.2,10,1,3,0,3,1,0,6,5,5.87
81485139,2018,阪神,1,0,0,0,0,0,0,0,0,.000,17,3,4,2,4,0,1,0,0,5,5,15.00
31635113,2001,横浜,7,0,1,0,,,0,0,0,.000,53,10.1,15,1,7,1,4,0,0,11,11,9.58
31635113,2002,横浜,27,11,8,0,,,5,1,3,.579,788,188,196,25,47,5,138,6,0,80,76,3.64
31635113,2003,横浜,17,3,10,0,,,0,0,0,.231,392,81.2,117,25,36,0,68,2,0,82,76,8.38
31635113,2004,横浜,22,7,5,0,,,1,1,0,.583,464,106,114,21,35,6,70,7,0,65,62,5.26
31635113,2005,横浜,12,4,2,0,0,0,0,0,0,.667,256,59.2,57,6,22,0,30,0,0,31,28,4.22
31635113,2006,横浜,17,2,9,0,0,0,2,0,0,.182,441,103.1,108,15,32,2,78,1,1,60,50,4.35
31635113,2007,横浜,38,3,4,0,3,4,1,1,0,.429,440,97,118,9,34,9,62,3,1,48,46,4.27
31635113,2008,横浜,41,3,6,0,7,7,1,0,0,.333,380,86.2,96,15,28,6,56,2,0,51,51,5.30
31635113,2009,横浜,27,3,4,0,1,1,0,0,0,.429,383,88.1,93,11,28,4,73,3,0,46,42,4.28
31635113,2010,横浜,1,0,0,0,0,0,0,0,0,.000,9,1.1,5,0,1,0,0,0,0,4,4,27.00
31635113,2010,千葉ロッテ,21,6,7,0,0,0,1,1,0,.462,409,88.2,111,10,30,5,76,4,0,55,51,5.18
31635113,2011,千葉ロッテ,24,1,3,0,1,1,0,0,0,.250,205,46,56,3,19,1,34,5,0,21,19,3.72
31635113,2012,千葉ロッテ,8,1,2,0,0,0,0,0,0,.333,135,31.1,30,3,13,0,16,0,0,18,18,5.17
31635113,2013,千葉ロッテ,5,0,1,0,0,0,0,0,0,.000,85,18.2,20,4,10,0,12,1,0,8,8,3.86
81185130,2015,阪神,8,0,0,0,1,1,0,0,0,.000,54,11.1,12,1,8,1,11,0,0,9,9,7.15
81185130,2016,阪神,10,0,0,0,3,3,0,0,0,.000,42,10.2,6,0,7,0,6,0,0,2,2,1.69
81185130,2017,阪神,26,1,1,0,4,5,0,0,0,.500,123,30.2,16,1,15,2,32,1,0,4,4,1.17
81185130,2018,阪神,12,0,0,0,1,1,0,0,0,.000,65,15,10,2,10,1,23,0,0,7,7,4.20
81185130,2019,阪神,2,0,0,0,0,0,0,0,0,.000,6,1.1,2,0,1,0,0,0,0,1,1,6.75
81185130,2019,千葉ロッテ,2,0,0,0,0,0,0,0,0,.000,10,2,4,0,1,0,0,1,0,2,2,9.00
81185130,2020,千葉ロッテ,12,0,1,0,2,2,0,0,0,.000,69,14,12,2,15,0,19,1,0,14,14,9.00
31735116,2008,横浜,30,3,6,0,1,3,1,1,0,.333,345,76,85,8,33,7,52,2,0,44,40,4.74
31735116,2009,横浜,11,0,0,0,0,0,0,0,0,.000,117,30.2,18,2,9,2,17,0,0,6,6,1.76
31735116,2010,横浜,18,1,2,0,1,2,0,0,0,.333,118,25,25,4,16,4,19,0,0,17,17,6.12
31735116,2011,オリックス,10,0,0,0,0,0,0,0,0,.000,78,18,16,3,8,3,18,1,0,7,7,3.50
31735116,2012,オリックス,2,0,0,0,0,0,0,0,0,.000,8,2,0,0,1,1,1,0,0,0,0,0.00
31735116,2013,オリックス,6,0,0,0,0,0,0,0,0,.000,42,8.2,8,0,6,2,10,0,0,8,6,6.23
31735116,2014,オリックス,4,0,0,0,0,0,0,0,0,.000,26,5.1,7,0,3,0,6,0,0,1,1,1.69
31735116,2015,阪神,6,0,0,0,0,0,0,0,0,.000,34,6.1,9,1,6,0,5,1,0,6,6,8.53
31735116,2017,阪神,67,4,2,0,39,43,0,0,0,.667,261,65.2,52,2,10,3,63,2,0,11,11,1.51
31735116,2018,阪神,62,5,3,0,32,37,0,0,0,.625,239,57,52,6,12,4,65,1,0,19,17,2.68
31735116,2019,阪神,7,2,0,0,3,5,0,0,0,1.000,28,5,10,1,3,1,6,0,0,9,5,9.00
31735116,2020,阪神,12,0,0,0,2,2,0,0,0,.000,43,10.1,7,2,4,0,8,1,0,4,4,3.48
31735116,2021,阪神,7,0,0,0,0,0,0,0,0,.000,33,7,8,2,4,1,7,1,0,7,7,9.00
83585130,2015,阪神,3,1,0,0,0,0,0,0,0,1.000,76,16.2,20,2,7,0,7,0,0,8,8,4.32
51855130,2016,阪神,4,0,1,0,0,0,0,0,0,.000,44,8.1,16,2,4,0,7,0,0,8,8,8.64
51855130,2017,阪神,1,0,0,0,0,0,0,0,0,.000,2,+,2,0,0,0,0,0,0,1,1,----
51855130,2018,阪神,4,0,0,0,0,0,0,0,0,.000,26,4.2,9,1,3,0,2,0,0,6,6,11.57
51855130,2019,阪神,57,2,2,0,7,9,0,0,0,.500,217,54,45,3,17,0,53,2,0,19,18,3.00
51855130,2020,阪神,3,0,0,0,0,0,0,0,0,.000,23,4,6,1,4,2,3,0,0,5,5,11.25
51855130,2021,阪神,2,0,0,0,0,0,0,0,0,.000,16,3,5,1,1,1,3,0,0,4,4,12.00
53155130,2015,阪神,4,0,2,0,0,0,0,0,0,.000,66,13.1,15,2,11,1,12,1,0,10,10,6.75
53155130,2016,阪神,3,2,0,0,0,0,0,0,0,1.000,63,15.1,11,2,8,0,16,1,0,7,5,2.93
53155130,2017,阪神,1,1,0,0,0,0,0,0,0,1.000,22,5,6,0,2,0,5,0,0,1,1,1.80
53155130,2020,阪神,1,0,0,0,0,0,0,0,0,.000,6,1,2,1,1,0,0,0,0,2,2,18.00
71175132,2016,阪神,13,4,5,0,0,0,0,0,0,.444,289,68.1,41,1,40,8,52,2,0,31,25,3.29
71175132,2017,阪神,12,4,4,0,0,0,0,0,0,.500,282,64.1,53,2,28,10,50,0,0,32,23,3.22
71175132,2018,阪神,4,1,1,0,0,0,0,0,0,.500,93,21.2,23,1,6,0,22,1,0,8,8,3.32
71175132,2019,阪神,25,9,9,0,0,0,1,1,0,.500,601,143.1,145,14,42,12,100,0,1,56,50,3.14
71175132,2020,阪神,21,7,9,0,0,0,1,0,0,.438,510,120.2,111,4,44,5,88,2,0,51,45,3.36
71175132,2021,阪神,25,13,6,0,0,0,0,0,0,.684,651,156.1,143,11,48,3,104,0,0,48,43,2.48
71175132,2022,阪神,24,13,4,0,0,0,4,2,0,.765,644,162.1,126,7,32,8,132,0,0,46,37,2.05
71175132,2023,阪神,18,8,6,0,0,0,0,0,0,.571,439,100.1,102,6,38,9,64,3,0,54,51,4.57
71175132,2024,阪神,12,2,3,0,0,0,0,0,0,.400,269,61,66,2,21,6,35,1,1,31,25,3.69
71175132,2025,東京ヤクルト,3,0,2,0,0,0,0,0,0,.000,65,13.1,14,3,11,3,9,0,0,12,12,8.10
23025132,2016,阪神,20,1,1,0,6,7,0,0,0,.500,88,21,19,0,8,0,18,0,0,8,6,2.57
21025132,2017,阪神,1,1,0,0,0,1,0,0,0,1.000,3,1,0,0,0,0,1,0,0,0,0,0.00
21025132,2018,阪神,2,0,0,0,0,0,0,0,0,.000,27,8,5,0,1,0,2,0,0,2,2,2.25
21025132,2019,オリックス,10,3,2,0,0,0,1,1,0,.600,234,54,63,5,17,5,37,1,0,28,27,4.50
21025132,2020,オリックス,2,1,0,0,0,0,0,0,0,1.000,40,9,8,0,5,1,3,0,0,5,3,3.00
21025132,2021,オリックス,17,3,2,0,0,2,0,0,0,.600,207,48.2,48,4,19,1,26,0,0,26,24,4.44
21025132,2022,オリックス,6,2,0,0,0,0,0,0,0,1.000,111,26,27,1,10,0,20,2,0,13,11,3.81
21025132,2023,オリックス,2,0,2,0,0,0,0,0,0,.000,26,4.1,12,0,3,1,1,0,0,5,5,10.38
03505132,2016,阪神,34,3,3,8,9,12,0,0,0,.500,138,34,19,0,16,2,36,1,0,11,8,2.12
03505132,2017,阪神,63,4,4,37,5,9,0,0,0,.500,259,63,53,1,17,1,85,8,0,22,19,2.71
03505132,2018,阪神,55,1,7,32,4,5,0,0,0,.125,229,53.2,50,4,17,2,56,3,0,22,17,2.85
03505132,2019,阪神,56,5,4,19,10,15,0,0,0,.556,213,55.1,36,1,11,1,50,7,0,16,13,2.11
03505132,2025,阪神,20,2,2,0,5,7,0,0,0,.500,74,18.2,14,1,5,0,16,0,0,4,4,1.93
03505132,2026,阪神,52,2,3,19,19,21,0,0,0,.400,204,48.2,39,1,21,0,58,3,0,11,10,1.85
83785132,2016,阪神,52,1,3,20,7,8,0,0,0,.250,226,55,40,2,24,2,56,2,1,12,11,1.80
83785132,2017,阪神,63,7,4,0,36,43,0,0,0,.636,252,59,49,2,17,3,62,1,0,26,18,2.75
83785132,2018,阪神,17,0,1,0,4,4,0,0,0,.000,73,14.2,19,2,11,1,13,1,0,11,11,6.75
81885132,2016,阪神,1,0,0,0,0,0,0,0,0,.000,4,1,1,0,0,0,1,0,0,0,0,0.00
81885132,2018,阪神,37,0,0,0,0,0,0,0,0,.000,190,44,46,7,17,2,40,2,0,24,21,4.30
81885132,2019,阪神,8,1,1,0,0,0,0,0,0,.500,142,31.1,33,4,16,3,26,3,0,15,14,4.02
81885132,2020,阪神,16,0,0,0,0,0,0,0,0,.000,81,19,18,2,8,0,18,3,0,11,11,5.21
81385134,2017,阪神,15,2,7,0,0,0,0,0,0,.222,343,78.2,78,6,40,5,63,4,0,38,38,4.35
81385134,2018,阪神,23,7,7,0,0,0,0,0,0,.500,573,126.1,133,10,81,3,96,10,0,71,67,4.77
81385134,2019,阪神,14,0,1,0,5,5,0,0,0,.000,58,11.2,11,0,13,1,6,0,0,3,3,2.31
81385134,2021,阪神,12,0,0,0,0,0,0,0,0,.000,71,14.2,17,1,8,1,14,0,0,13,13,7.98
81385134,2022,阪神,5,0,0,0,0,0,0,0,0,.000,25,5,7,1,3,0,7,0,0,3,1,1.80
81385134,2023,オリックス,5,0,0,0,0,0,0,0,0,.000,35,6,6,0,10,1,0,0,0,4,4,6.00
41745134,2017,阪神,2,0,0,0,1,1,0,0,0,.000,13,2.2,2,0,3,0,3,0,0,0,0,0.00
41745134,2018,阪神,22,6,10,0,1,2,0,0,0,.375,368,82,81,12,38,5,85,5,0,46,42,4.61
41745134,2019,阪神,3,2,1,0,0,0,0,0,0,.667,70,15.1,20,0,5,0,14,0,0,8,8,4.70
41745134,2022,阪神,9,4,1,0,0,0,1,1,0,.800,186,47,40,4,11,0,43,0,0,10,8,1.53
41745134,2023,阪神,19,8,5,0,1,1,1,1,0,.615,473,118.2,88,8,36,2,107,3,0,29,24,1.82
41745134,2024,阪神,25,13,3,0,0,0,4,3,1,.813,671,167.2,140,4,38,0,137,4,0,35,34,1.83
41745134,2025,阪神,24,12,6,0,0,0,3,2,2,.667,636,157,123,6,44,1,122,1,0,29,27,1.55
41745134,2026,阪神,24,10,5,0,0,0,1,1,0,.667,602,151,117,12,29,2,172,4,0,44,39,2.32
71675134,2019,阪神,21,2,1,0,0,2,0,0,0,.667,128,28,35,4,8,0,27,0,0,21,19,6.11
71675134,2020,阪神,1,0,0,0,0,0,0,0,0,.000,4,1,1,0,0,0,0,0,0,0,0,0.00
71675134,2021,阪神,4,0,0,0,0,0,0,0,0,.000,26,6,8,0,2,0,6,2,0,3,3,4.50
71675134,2022,阪神,52,1,3,0,21,22,0,0,0,.250,181,47.1,38,3,5,0,38,0,0,9,6,1.14
71675134,2023,阪神,30,3,1,0,6,9,0,0,0,.750,121,27.2,32,6,6,0,23,0,0,18,18,5.86
71675134,2024,阪神,18,0,0,0,0,0,0,0,0,.000,83,21.1,17,2,2,0,9,1,0,6,5,2.11
71675134,2025,横浜DeNA,3,0,0,0,0,0,0,0,0,.000,12,3,2,2,1,0,5,0,0,2,2,6.00
71675134,2026,横浜DeNA,31,1,0,0,20,21,0,0,0,1.000,115,30.2,20,1,6,0,19,0,0,6,4,1.17
01605134,2017,阪神,1,0,0,0,0,0,0,0,0,.000,25,4,10,1,3,0,3,1,0,6,5,11.25
01605134,2018,阪神,2,0,0,0,0,0,0,0,0,.000,13,2,6,1,2,0,0,0,0,5,5,22.50
01605134,2019,阪神,3,0,0,0,0,0,0,0,0,.000,13,2,6,1,1,0,3,0,0,5,5,22.50
01605134,2020,阪神,1,0,0,0,0,0,0,0,0,.000,6,1,3,0,0,0,1,1,0,2,2,18.00
43145139,2014,北海道日本ハム,26,7,13,0,0,0,1,0,0,.350,698,162,170,6,45,10,119,13,1,75,70,3.89
43145139,2015,北海道日本ハム,26,10,8,0,1,1,1,0,1,.556,626,148.2,134,8,62,8,85,6,1,63,58,3.51
43145139,2016,北海道日本ハム,23,7,8,0,1,1,0,0,0,.467,573,132.1,135,13,45,4,77,7,0,64,57,3.88
43145139,2017,北海道日本ハム,20,3,7,0,0,0,0,0,0,.300,437,99.2,106,9,38,8,56,5,0,45,44,3.97
43145139,2017,阪神,4,0,2,0,0,0,0,0,0,.000,90,21,22,2,6,1,15,1,0,12,12,5.14
53955134,2017,阪神,8,0,0,0,1,1,0,0,0,.000,45,9.2,12,1,3,1,9,0,1,9,7,6.52
31835112,2006,福岡ソフトバンク,10,0,0,0,1,1,0,0,0,.000,52,13.1,5,0,10,0,9,0,0,1,1,0.68
31835112,2007,福岡ソフトバンク,44,4,1,2,9,13,0,0,0,.800,212,51.1,41,5,18,4,47,1,0,19,19,3.33
31835112,2008,福岡ソフトバンク,30,1,2,3,6,7,0,0,0,.333,141,29.2,41,5,13,1,23,5,0,24,17,5.16
31835112,2009,福岡ソフトバンク,3,0,0,0,0,0,0,0,0,.000,25,4,10,1,3,1,2,2,0,9,8,18.00
31835112,2012,福岡ソフトバンク,35,0,1,2,15,15,0,0,0,.000,112,27.2,22,1,7,2,37,1,0,7,5,1.63
31835112,2013,福岡ソフトバンク,44,4,0,1,11,15,0,0,0,1.000,163,41.1,31,1,11,1,36,1,0,7,7,1.52
31835112,2014,福岡ソフトバンク,40,1,1,0,8,9,0,0,0,.500,140,33.2,23,2,15,3,27,4,0,10,10,2.67
31835112,2015,福岡ソフトバンク,8,1,1,0,2,3,0,0,0,.500,44,9.2,9,0,6,0,13,1,0,3,3,2.79
31835112,2016,福岡ソフトバンク,2,0,0,0,0,0,0,0,0,.000,10,2,4,0,0,0,1,0,0,1,1,4.50
31835112,2017,阪神,2,0,0,0,0,0,0,0,0,.000,16,1.2,9,3,2,0,0,0,0,8,8,43.20
01105137,2014,福岡ソフトバンク,12,2,5,0,0,0,0,0,0,.286,244,58.1,47,5,29,0,59,3,1,23,21,3.24
01105137,2015,福岡ソフトバンク,35,0,1,0,4,4,0,0,0,.000,176,41.1,30,3,22,1,44,2,0,16,16,3.48
01105137,2016,福岡ソフトバンク,30,1,0,0,4,5,0,0,0,1.000,174,41,36,3,14,1,35,4,0,15,15,3.29
01105137,2017,福岡ソフトバンク,19,0,0,0,2,2,0,0,0,.000,98,22.1,18,2,15,2,17,2,0,6,6,2.42
01105137,2018,福岡ソフトバンク,1,0,0,0,0,0,0,0,0,.000,3,0.1,0,0,1,1,0,0,0,2,2,54.00
01105137,2018,阪神,1,0,0,0,0,0,0,0,0,.000,16,3,5,1,2,0,3,0,0,4,4,12.00
01105137,2019,阪神,3,1,0,0,0,1,0,0,0,1.000,20,3.1,5,0,5,0,6,0,0,4,4,10.80
01105137,2020,オリックス,4,1,0,0,0,1,0,0,0,1.000,24,4,11,0,1,0,5,1,0,7,7,15.75
01105136,2020,阪神,1,0,0,0,0,0,0,0,0,.000,7,1,2,0,2,0,0,0,0,1,1,9.00
31535131,2010,埼玉西武,10,0,0,0,0,0,0,0,0,.000,48,9.2,15,1,5,0,6,3,0,10,9,8.38
31535131,2012,埼玉西武,1,0,1,0,0,0,0,0,0,.000,18,3,7,0,1,1,1,3,0,5,5,15.00
31535131,2013,埼玉西武,32,4,4,0,6,9,1,0,0,.500,333,77.1,83,5,24,5,55,3,0,35,33,3.84
31535131,2014,埼玉西武,22,2,6,0,0,0,0,0,0,.250,371,84.1,96,8,32,2,53,5,0,47,38,4.06
31535131,2015,埼玉西武,42,1,2,0,6,6,0,0,0,.333,284,68.1,62,12,20,6,43,1,2,34,33,4.35
31535131,2016,埼玉西武,4,0,0,0,0,0,0,0,0,.000,27,4.2,10,0,4,0,1,1,0,10,10,19.29
31535131,2017,埼玉西武,14,6,3,1,0,0,0,0,0,.667,286,64,65,15,23,7,35,1,0,42,38,5.34
31535131,2018,阪神,34,1,0,0,2,3,0,0,0,1.000,192,44.2,46,3,11,5,30,0,0,19,19,3.83
31535131,2019,阪神,3,0,0,0,0,0,0,0,0,.000,26,5.1,6,2,3,1,4,0,0,5,5,8.44
61365134,2017,横浜DeNA,11,1,1,0,0,1,0,0,0,.500,96,19.1,22,2,15,0,17,3,0,16,14,6.52
61365134,2018,阪神,12,0,1,0,0,0,0,0,0,.000,51,11.2,13,1,4,0,14,1,0,6,5,3.86
61365134,2019,阪神,5,0,0,0,0,0,0,0,0,.000,26,5.2,6,1,5,1,6,0,0,4,4,6.35
61365134,2020,阪神,4,0,0,0,0,0,0,0,0,.000,21,4.1,6,0,2,0,2,0,0,3,3,6.23
61365134,2022,阪神,1,0,0,0,0,0,0,0,0,.000,11,2,4,0,1,0,2,0,0,2,2,9.00
61365134,2023,東京ヤクルト,11,0,1,0,0,0,0,0,0,.000,72,15.2,21,2,7,1,8,1,0,9,9,5.17
61365134,2024,東京ヤクルト,1,0,0,0,0,0,0,0,0,.000,10,2,3,1,2,0,0,0,0,4,4,18.00
91095136,2018,阪神,6,2,3,0,0,0,0,0,0,.400,150,34.2,34,4,14,0,27,1,0,18,14,3.63
91095136,2019,阪神,19,3,9,0,1,1,0,0,0,.250,474,109.2,115,9,38,0,125,4,0,56,46,3.78
91095136,2020,阪神,12,5,4,0,0,0,1,0,1,.556,306,76,67,4,17,1,75,1,0,25,21,2.49
91095136,2021,阪神,7,4,2,0,0,0,2,2,1,.667,181,49,30,1,5,0,55,0,0,10,9,1.65
91095136,2024,阪神,5,4,1,0,0,0,0,0,0,.800,114,29.2,20,0,4,1,28,1,0,5,5,1.52
91095136,2025,阪神,8,3,1,0,0,0,0,0,0,.750,174,43.1,38,3,8,0,48,0,0,16,11,2.28
91095136,2026,阪神,23,16,3,0,0,0,5,4,2,.842,615,159,123,9,17,2,150,2,1,37,33,1.87
31235136,2018,阪神,7,1,1,0,0,1,0,0,0,.500,62,12.2,17,2,7,2,11,0,0,12,11,7.82
31235136,2019,阪神,4,0,0,0,0,0,0,0,0,.000,34,7.1,8,0,3,0,4,2,0,4,3,3.68
31235136,2020,阪神,14,0,0,0,0,0,0,0,0,.000,61,14.1,13,2,4,2,15,1,0,8,8,5.02
31235136,2021,北海道日本ハム,9,1,0,0,0,1,0,0,0,1.000,43,10.1,9,1,4,0,8,1,0,7,6,5.23
31235136,2022,北海道日本ハム,9,0,0,0,0,0,0,0,0,.000,41,9.1,10,1,3,0,8,0,0,5,4,3.86
41445136,2018,阪神,2,0,1,0,0,0,0,0,0,.000,41,8.2,12,2,4,1,7,0,0,5,5,5.19
41445136,2019,阪神,2,0,0,0,0,0,0,0,0,.000,17,3.1,7,3,1,0,4,0,1,4,4,10.80
41445136,2020,阪神,32,2,1,0,9,11,0,0,0,.667,136,30.1,28,1,16,1,27,4,0,12,7,2.08
41445136,2021,阪神,44,3,0,0,10,13,0,0,0,1.000,198,47.1,43,5,17,0,39,0,0,23,20,3.80
41445136,2022,阪神,7,0,1,0,0,0,0,0,0,.000,36,7,12,1,3,0,7,2,0,4,4,5.14
41445136,2023,阪神,19,2,1,0,3,5,0,0,0,.667,89,22,17,2,8,0,22,0,0,8,6,2.45
41445136,2024,読売,1,0,0,0,0,0,0,0,0,.000,3,0.2,1,0,0,0,1,0,0,0,0,0.00
41445136,2025,読売,8,0,0,0,0,0,0,0,0,.000,32,7.1,6,0,4,0,5,1,0,4,3,3.68
41445136,2026,横浜DeNA,11,3,1,0,1,4,0,0,0,.750,45,11.1,9,0,5,0,12,1,0,4,4,3.18
73775136,2018,阪神,8,0,0,0,3,3,0,0,0,.000,28,6.2,8,0,3,0,6,0,0,2,2,2.70
11715138,2024,阪神,1,0,0,0,0,0,0,0,0,.000,5,1,1,0,1,0,2,0,0,0,0,0.00
21725138,2019,阪神,1,0,0,0,0,0,0,0,0,.000,10,2,1,0,3,0,2,0,0,0,0,0.00
21725138,2020,阪神,5,0,0,0,0,0,0,0,0,.000,35,7,9,1,5,0,11,3,0,6,6,7.71
21725138,2021,阪神,19,1,1,0,1,2,0,0,0,.500,103,23.1,23,1,12,0,26,3,0,14,12,4.63
21725138,2022,阪神,20,0,1,0,0,0,0,0,0,.000,107,23.1,23,2,10,3,27,0,0,14,13,5.01
21725138,2024,北海道日本ハム,25,1,1,1,5,6,0,0,0,.500,115,26.1,23,2,12,0,25,3,0,6,5,1.71
21725138,2025,北海道日本ハム,47,1,2,3,14,15,0,0,0,.333,180,46.2,31,1,14,2,37,1,0,7,7,1.35
21725138,2026,北海道日本ハム,17,0,1,0,2,2,0,0,0,.000,71,14.2,21,2,10,0,10,0,0,15,15,9.20
63165138,2019,阪神,58,2,3,0,40,42,0,0,0,.400,224,58.2,34,2,13,1,91,4,0,12,9,1.38
31035132,2016,千葉ロッテ,14,1,0,0,2,3,0,0,0,1.000,75,15.1,15,1,15,0,7,1,0,10,10,5.87
31035132,2017,千葉ロッテ,8,0,0,0,0,0,0,0,0,.000,60,10.2,18,1,7,2,7,2,0,16,14,11.81
31035132,2018,千葉ロッテ,17,1,0,0,0,1,0,0,0,1.000,73,17.1,23,1,4,0,10,1,0,8,8,4.15
31035132,2019,千葉ロッテ,2,0,0,0,0,0,0,0,0,.000,8,1.1,3,2,1,0,0,0,0,2,2,13.50
31035132,2019,阪神,4,0,0,0,1,1,0,0,0,.000,25,5.2,6,0,1,1,6,0,0,4,3,4.76
71275118,2009,オリックス,3,0,0,0,0,0,0,0,0,.000,13,4,0,0,1,0,2,0,0,0,0,0.00
71275118,2010,オリックス,18,0,0,0,1,1,0,0,0,.000,128,31.2,21,3,14,1,31,0,0,12,12,3.41
71275118,2011,オリックス,25,10,7,1,0,1,1,0,1,.588,537,130.2,109,8,26,16,106,1,0,49,44,3.03
71275118,2012,オリックス,19,8,3,0,0,0,2,1,0,.727,503,123,106,3,33,5,87,2,0,41,38,2.78
71275118,2013,オリックス,28,9,8,0,0,0,3,0,1,.529,708,166,178,13,42,14,137,5,0,74,67,3.63
71275118,2014,オリックス,24,12,10,0,0,0,3,1,2,.545,640,156,146,11,35,7,119,1,0,65,57,3.29
71275118,2015,オリックス,24,10,6,0,0,0,3,2,0,.625,655,162.2,140,11,43,6,143,3,0,46,43,2.38
71275118,2016,オリックス,26,10,12,0,0,0,2,1,0,.455,712,165.1,171,4,48,8,108,2,0,80,76,4.14
71275118,2017,オリックス,17,5,6,0,0,0,3,1,0,.455,483,117.2,108,14,29,7,88,0,0,46,45,3.44
71275118,2018,オリックス,25,10,13,0,0,0,0,0,0,.435,679,162.1,162,15,36,6,119,1,0,66,65,3.60
71275118,2019,阪神,26,10,8,0,0,0,1,1,0,.556,702,172.1,159,12,36,9,112,2,0,60,56,2.92
71275118,2020,阪神,21,11,5,0,0,0,4,2,2,.688,582,147.2,116,15,28,4,115,1,1,44,37,2.26
71275118,2021,阪神,24,6,9,0,0,0,2,0,1,.400,610,143.2,143,12,40,4,95,2,0,68,60,3.76
71275118,2022,阪神,23,9,9,0,0,0,2,2,1,.500,599,148.1,132,8,26,5,93,2,0,40,36,2.18
71275118,2023,阪神,18,8,5,0,0,0,2,1,0,.615,452,108.1,106,8,24,8,56,0,1,47,43,3.57
71275118,2024,阪神,21,6,7,0,0,0,1,1,1,.462,511,124.2,113,5,23,5,71,0,0,39,31,2.24
71275118,2025,阪神,1,0,1,0,0,0,0,0,0,.000,23,4.2,7,0,2,0,2,0,0,3,3,5.79
71275118,2026,阪神,8,3,4,0,0,0,0,0,0,.429,164,38.1,38,4,12,4,22,0,0,15,14,3.29
41845138,2021,阪神,3,0,0,0,0,0,0,0,0,.000,21,3,10,0,2,0,2,2,0,7,6,18.00
41845138,2022,阪神,59,2,3,0,43,45,0,0,0,.400,221,58,38,1,12,0,67,2,0,7,7,1.09
41845138,2023,阪神,15,0,2,8,3,3,0,0,0,.000,67,14.1,15,3,8,0,15,0,0,8,7,4.40
41845138,2025,阪神,40,4,4,0,22,26,0,0,0,.500,144,35.2,26,1,15,2,27,1,0,10,10,2.52
41845138,2026,阪神,25,3,0,0,2,5,0,0,0,1.000,96,24.1,21,2,10,0,20,1,0,9,9,3.33
53355151,2020,阪神,23,0,1,0,12,12,0,0,0,.000,86,22.2,17,2,3,2,17,0,0,6,6,2.38
53355151,2021,阪神,7,0,0,0,0,0,0,0,0,.000,31,7,6,1,4,0,7,0,0,3,2,2.57
11715151,2020,阪神,21,0,0,0,0,0,0,0,0,.000,101,21,28,1,13,0,18,5,0,15,11,4.71
11715151,2021,阪神,19,1,0,0,2,3,0,0,0,1.000,83,21.1,15,2,7,0,19,0,0,7,7,2.95
11715151,2022,阪神,6,0,2,0,0,0,0,0,0,.000,100,24.2,16,3,9,3,22,1,0,12,12,4.38
91795151,2021,阪神,39,2,3,0,10,12,0,0,0,.400,169,39,31,4,24,2,38,4,0,18,16,3.69
91795151,2022,阪神,1,0,0,0,0,0,0,0,0,.000,4,1,1,1,0,0,0,0,0,1,1,9.00
91795151,2023,阪神,33,3,1,0,7,10,0,0,0,.750,147,36.1,28,2,14,2,40,1,0,10,9,2.23
91795151,2024,阪神,9,1,3,0,0,0,1,0,0,.250,121,29.1,25,2,10,0,23,2,0,11,9,2.76
91795151,2025,阪神,66,6,3,1,46,52,0,0,0,.667,237,62,34,2,17,2,66,1,1,8,6,0.87
91795151,2026,阪神,44,2,1,0,9,11,0,0,0,.667,175,41.1,41,5,12,2,27,1,0,21,18,3.92
93395151,2020,阪神,28,2,4,0,11,13,0,0,0,.333,232,56.2,54,6,13,3,39,0,0,21,20,3.18
93395151,2021,阪神,20,9,3,0,0,0,0,0,0,.750,465,113,99,10,24,3,87,0,0,39,37,2.95
93395151,2022,阪神,16,5,5,0,0,0,1,0,1,.500,372,92.1,80,6,16,3,52,1,0,32,28,2.73
93395151,2023,福岡ソフトバンク,5,0,1,0,0,0,0,0,0,.000,80,17,21,3,5,2,11,0,0,14,11,5.82
21725134,2017,オリックス,35,2,1,0,1,3,0,0,0,.667,174,40.2,36,4,15,2,46,2,0,22,18,3.98
21725134,2018,オリックス,7,0,0,0,1,1,0,0,0,.000,50,9,20,4,5,0,9,0,0,13,11,11.00
21725134,2019,オリックス,20,0,2,0,3,3,0,0,0,.000,82,17.1,23,4,5,0,17,3,0,15,11,5.71
21725134,2020,オリックス,7,0,0,0,0,0,0,0,0,.000,35,6.2,11,0,5,1,5,0,0,3,3,4.05
21725134,2020,阪神,2,0,0,0,0,0,0,0,0,.000,14,3,3,0,2,0,5,0,0,0,0,0.00
21725134,2021,阪神,22,0,1,0,4,4,0,0,0,.000,86,20,17,1,11,0,16,0,0,8,5,2.25
21725134,2022,阪神,10,0,0,0,0,0,0,0,0,.000,47,11.1,12,1,4,0,9,0,0,2,2,1.59
21725134,2023,阪神,1,0,0,0,0,0,0,0,0,.000,4,1,1,0,0,0,1,0,0,0,0,0.00
53555132,2016,福岡ソフトバンク,58,2,6,1,26,28,0,0,0,.250,223,53.2,49,5,18,1,64,2,0,21,19,3.19
53555132,2018,福岡ソフトバンク,11,1,1,0,3,4,0,0,0,.500,51,10,15,1,5,1,10,0,0,7,7,6.30
53555132,2019,福岡ソフトバンク,9,0,4,0,0,0,0,0,0,.000,126,26.2,28,6,20,1,27,2,0,18,17,5.74
53555132,2020,阪神,51,3,1,25,8,11,0,0,0,.750,208,52.1,36,2,19,0,50,2,0,15,13,2.24
53555132,2021,阪神,62,1,1,42,0,1,0,0,0,.500,229,62.1,40,0,8,0,58,1,0,9,8,1.16
91495151,2021,阪神,2,1,1,0,0,0,0,0,0,.500,34,8,4,0,7,0,2,0,0,3,3,3.38
91495151,2022,阪神,14,6,3,0,0,0,1,0,1,.667,309,77.1,67,7,19,1,60,2,0,24,23,2.68
91495151,2023,阪神,17,5,2,0,0,0,1,0,1,.714,316,72.1,79,9,28,3,45,0,0,33,31,3.86
91495151,2024,阪神,4,0,1,0,0,0,0,0,0,.000,28,6.2,5,0,3,0,0,0,0,2,2,2.70
31135111,2000,西武,17,0,2,1,,,0,0,0,.000,141,34.2,32,3,11,1,5,1,0,10,10,2.60
31135111,2001,西武,46,4,1,0,,,0,0,0,.800,225,54.2,58,2,9,2,33,0,0,21,18,2.96
31135111,2002,西武,36,4,1,0,,,0,0,0,.800,163,36.2,46,5,7,2,25,0,0,22,19,4.66
31135111,2003,西武,4,0,0,0,,,0,0,0,.000,32,4,15,2,4,1,2,0,0,11,11,24.75
31135111,2004,西武,4,0,0,0,,,0,0,0,.000,28,5,9,2,4,0,7,1,0,8,8,14.40
31135111,2005,西武,6,0,0,0,0,0,0,0,0,.000,35,6.2,16,1,1,1,3,0,0,8,8,10.80
31135111,2006,広島東洋,8,0,0,0,2,2,0,0,0,.000,30,8.2,4,0,0,0,4,0,0,0,0,0.00
31135111,2007,広島東洋,43,1,1,0,15,16,0,0,0,.500,138,36,29,4,4,0,17,1,0,12,12,3.00
31135111,2008,広島東洋,11,0,1,0,1,1,0,0,0,.000,53,11,17,1,2,2,6,0,0,4,4,3.27
31135111,2009,広島東洋,29,0,0,0,4,4,0,0,0,.000,99,23.2,25,3,4,1,10,0,0,10,10,3.80
31135111,2010,広島東洋,6,0,0,0,0,0,0,0,0,.000,49,10.2,11,2,3,1,4,0,0,8,7,5.91
31135112,2010,広島東洋,3,0,1,0,0,0,0,0,0,.000,21,3.1,10,1,2,0,3,0,0,7,6,16.20
31135112,2011,広島東洋,2,0,0,0,0,0,0,0,0,.000,5,1,3,0,1,0,0,0,0,0,0,0.00
65563868,1989,横浜大洋,17,1,1,0,,,0,0,0,.500,142,30.1,34,2,19,0,19,0,0,14,12,3.56
65563868,1990,横浜大洋,2,0,1,0,,,0,0,0,.000,19,4,6,0,2,1,0,0,0,5,4,9.00
65563868,1991,横浜大洋,9,0,2,0,,,0,0,0,.000,77,14.2,23,3,8,3,4,0,0,16,15,9.20
11315112,2009,広島東洋,9,1,3,0,0,0,0,0,0,.250,186,45.2,38,4,15,1,28,1,0,20,19,3.74
11315112,2010,広島東洋,11,0,4,0,0,0,0,0,0,.000,167,37.1,42,7,18,3,24,1,0,26,22,5.30
11315112,2011,広島東洋,11,1,2,0,0,0,0,0,0,.333,134,30.1,34,0,7,3,22,1,0,11,10,2.97
11315112,2012,広島東洋,24,4,8,1,1,1,1,1,0,.333,405,96,86,8,34,1,70,3,0,35,30,2.81
11315112,2013,広島東洋,33,2,2,0,2,3,0,0,0,.500,267,61.1,58,6,26,5,50,5,0,27,22,3.23
11315112,2014,広島東洋,11,0,0,0,0,0,0,0,0,.000,90,17,26,1,11,1,20,1,0,16,12,6.35
11315112,2015,広島東洋,11,0,1,0,1,1,0,0,0,.000,71,18,16,2,2,1,11,0,0,7,6,3.00
11315112,2017,広島東洋,4,0,0,0,0,0,0,0,0,.000,23,5,7,1,2,0,5,0,0,3,3,5.40
11315131,2010,広島東洋,5,0,0,0,0,0,0,0,0,.000,22,4.2,4,0,3,0,3,0,0,4,4,7.71
51355131,2010,広島東洋,2,0,1,0,0,0,0,0,0,.000,26,4,7,1,6,1,0,0,0,8,7,15.75
51355131,2011,広島東洋,54,3,8,2,13,16,0,0,0,.273,399,94,97,10,30,1,76,6,0,50,49,4.69
51355131,2012,広島東洋,69,2,2,4,26,28,0,0,0,.500,344,85.2,73,4,18,4,89,0,0,21,18,1.89
51355131,2013,広島東洋,57,2,5,3,18,20,0,0,0,.286,283,65.1,70,2,28,2,56,2,1,26,24,3.31
51355131,2014,広島東洋,17,1,1,0,0,1,0,0,0,.500,88,20.2,17,3,9,0,16,0,0,10,10,4.35
51355131,2015,広島東洋,21,1,1,0,1,2,0,0,0,.500,115,26,24,1,13,0,22,1,0,14,10,3.46
51355131,2016,広島東洋,67,3,4,2,22,25,0,0,0,.429,299,73.2,60,3,22,0,87,4,0,20,20,2.44
51355131,2017,広島東洋,68,3,5,23,17,20,0,0,0,.375,270,64.1,53,6,27,0,69,3,0,19,17,2.38
51355131,2018,広島東洋,43,3,2,1,13,16,0,0,0,.600,173,38.1,37,5,21,1,35,0,0,26,22,5.17
51355131,2019,広島東洋,27,3,1,1,4,7,0,0,0,.750,101,25.1,18,2,9,1,17,0,0,10,10,3.55
51355131,2020,広島東洋,6,0,0,0,1,1,0,0,0,.000,25,4.1,10,0,2,0,1,1,0,6,6,12.46
81185110,2005,広島東洋,33,1,1,0,5,6,0,0,0,.500,136,32,30,3,12,2,18,0,0,12,9,2.53
81185110,2006,広島東洋,23,0,1,1,9,9,0,0,0,.000,84,22,14,0,7,0,23,1,0,3,3,1.23
81185110,2007,広島東洋,47,2,3,0,21,23,0,0,0,.400,193,44.1,39,5,20,1,36,1,0,27,26,5.28
81185110,2008,広島東洋,64,0,3,1,21,21,0,0,0,.000,236,58.1,44,6,18,2,49,0,0,18,17,2.62
81185110,2009,広島東洋,26,2,1,0,9,11,0,0,0,.667,94,24.2,17,1,4,0,16,0,0,6,5,1.82
81185110,2010,広島東洋,46,0,1,0,6,6,0,0,0,.000,186,40.1,47,9,17,3,24,0,0,33,26,5.80
81185110,2011,広島東洋,23,3,1,0,4,7,0,0,0,.750,82,20,21,1,3,3,11,1,0,6,6,2.70
81185110,2012,広島東洋,9,0,0,0,1,1,0,0,0,.000,38,6.2,11,0,4,3,5,1,0,5,3,4.05
81185110,2013,広島東洋,8,0,0,0,0,0,0,0,0,.000,42,10.1,9,0,4,1,6,0,0,6,6,5.23
81185110,2014,広島東洋,11,0,0,0,0,0,0,0,0,.000,80,18.1,22,1,6,1,9,0,0,12,12,5.89
81185110,2015,東北楽天,1,0,0,0,0,0,0,0,0,.000,7,1,4,1,0,0,1,0,0,3,3,27.00
01305114,2007,広島東洋,31,1,1,0,7,8,0,0,0,.500,132,28,34,3,15,3,21,1,1,16,14,4.50
01305114,2008,広島東洋,42,2,2,0,8,10,0,0,0,.500,220,48.2,59,5,19,1,29,1,0,28,26,4.81
01305114,2009,広島東洋,8,0,0,0,0,0,0,0,0,.000,36,7.2,13,1,1,0,3,1,0,6,6,7.04
01305114,2010,広島東洋,27,1,2,2,7,8,0,0,0,.333,121,27.1,34,7,8,1,11,0,0,17,15,4.94
01305114,2011,広島東洋,31,2,2,0,4,6,0,0,0,.500,128,27.2,32,3,11,2,19,1,0,17,17,5.53
01305114,2013,広島東洋,14,2,0,0,1,3,0,0,0,1.000,79,16.2,25,3,6,3,10,0,1,13,13,7.02
01305114,2014,広島東洋,1,0,0,0,0,0,0,0,0,.000,12,2,5,0,2,0,0,0,0,3,3,13.50
61365115,2005,広島東洋,7,2,2,0,0,0,0,0,0,.500,130,27,33,4,16,3,22,1,0,25,25,8.33
61365115,2006,広島東洋,5,0,2,0,0,0,0,0,0,.000,88,16,32,6,10,0,5,0,0,23,23,12.94
61365115,2007,広島東洋,1,0,1,0,0,0,0,0,0,.000,19,3.1,9,1,0,0,3,0,0,6,6,16.20
61365115,2008,広島東洋,16,0,4,0,0,0,0,0,0,.000,143,31.2,35,1,14,0,16,1,0,19,14,3.98
61365115,2009,広島東洋,7,0,0,0,0,0,0,0,0,.000,47,9.2,15,4,1,1,9,1,0,14,13,12.10
61365115,2010,広島東洋,53,1,5,3,9,10,0,0,0,.167,252,56,61,7,21,6,46,3,0,33,32,5.14
61365115,2011,広島東洋,7,0,0,0,1,1,0,0,0,.000,46,11,10,0,3,1,8,2,0,2,2,1.64
61365115,2012,広島東洋,1,0,0,0,0,0,0,0,0,.000,2,0.1,0,0,1,0,0,0,0,0,0,0.00
21325111,2000,広島東洋,10,1,4,0,,,0,0,0,.200,188,42.1,55,4,15,0,20,2,0,26,20,4.25
21325111,2001,広島東洋,8,2,3,0,,,0,0,0,.400,140,29.1,43,5,12,2,24,1,0,27,24,7.36
21325111,2002,広島東洋,14,1,7,0,,,0,0,0,.125,244,56.2,61,8,22,1,53,3,1,32,32,5.08
21325111,2003,広島東洋,7,2,2,0,,,0,0,0,.500,170,38.1,37,10,16,2,34,0,0,25,23,5.40
21325111,2004,広島東洋,23,8,9,0,,,1,0,0,.471,558,119.2,139,18,64,6,111,6,0,92,76,5.72
21325111,2006,広島東洋,15,0,1,0,7,7,0,0,0,.000,65,15.1,15,1,6,1,15,0,0,5,3,1.76
21325111,2007,広島東洋,14,0,0,0,6,6,0,0,0,.000,42,9,8,2,5,3,8,0,0,5,5,5.00
21325111,2012,広島東洋,28,1,0,0,3,4,0,0,0,1.000,73,17.1,12,2,8,0,13,0,0,6,4,2.08
21325111,2013,広島東洋,34,1,1,0,7,8,0,0,0,.500,75,17.1,11,2,10,3,15,0,0,9,8,4.15
21325111,2014,広島東洋,12,0,1,0,0,0,0,0,0,.000,46,10,11,2,2,3,6,1,0,6,4,3.60
21325111,2015,広島東洋,1,0,0,0,0,0,0,0,0,.000,3,0.1,2,0,0,0,0,0,0,1,1,27.00
91595110,2005,横浜,15,0,0,0,0,0,0,0,0,.000,84,19.1,17,2,13,1,11,0,0,10,10,4.66
91595110,2006,横浜,6,0,1,0,0,0,0,0,0,.000,72,15.1,21,0,7,2,11,0,1,9,8,4.70
91595110,2007,横浜,3,0,0,0,0,0,0,0,0,.000,17,4,5,2,0,0,4,0,0,2,2,4.50
91595110,2008,広島東洋,37,2,2,0,4,6,0,0,0,.500,163,35.1,37,2,18,3,27,4,0,25,21,5.35
91595110,2010,広島東洋,51,1,2,0,10,11,0,0,0,.333,286,60.1,86,6,21,5,45,3,3,44,40,5.97
91595110,2011,広島東洋,42,3,2,0,10,13,0,0,0,.600,193,45.1,38,1,19,4,46,3,1,21,21,4.17
91595110,2012,広島東洋,27,0,2,0,3,3,0,0,0,.000,114,24,24,1,17,0,27,2,0,20,18,6.75
11715110,2005,広島東洋,2,0,0,0,0,0,0,0,0,.000,37,8,8,1,6,0,5,0,0,5,5,5.63
11715110,2006,広島東洋,4,0,2,0,0,0,0,0,0,.000,91,21,25,3,2,1,12,0,0,13,13,5.57
11715110,2007,広島東洋,1,0,0,0,0,0,0,0,0,.000,8,0.2,4,1,2,0,0,0,0,4,3,40.50
11715110,2010,広島東洋,4,0,0,0,0,0,0,0,0,.000,10,2,3,0,1,1,0,0,0,1,1,4.50
51755118,2009,広島東洋,25,5,3,0,0,3,0,0,0,.625,271,60,75,9,19,4,41,3,0,37,35,5.25
51755118,2010,広島東洋,5,1,3,0,0,0,0,0,0,.250,110,22.2,36,5,8,1,19,1,0,21,20,7.94
01705110,2006,広島東洋,1,0,1,0,0,0,0,0,0,.000,16,2.1,5,2,2,2,1,0,0,9,9,34.71
81785112,2006,広島東洋,2,1,0,0,0,0,0,0,0,1.000,39,10.1,6,1,2,0,7,0,0,1,1,0.87
81785112,2007,広島東洋,2,0,1,0,0,0,0,0,0,.000,8,1.2,2,0,1,0,1,0,0,1,1,5.40
81785112,2008,広島東洋,6,3,1,0,0,0,0,0,0,.750,134,32.1,21,4,16,1,26,1,0,13,12,3.34
81785112,2009,広島東洋,27,9,11,0,0,0,0,0,0,.450,582,133,140,14,48,3,71,4,0,69,59,3.99
81785112,2010,広島東洋,23,4,7,0,1,1,2,0,0,.364,459,100,135,13,37,3,49,3,0,63,62,5.58
81785112,2012,広島東洋,6,2,3,0,0,0,0,0,0,.400,123,27.2,24,2,16,1,13,1,0,17,16,5.20
61563880,1997,広島東洋,2,0,1,0,,,0,0,0,.000,15,2.1,5,0,5,0,1,0,0,3,2,7.71
11915116,2008,広島東洋,15,3,4,0,0,0,0,0,0,.429,279,64.2,71,5,20,1,41,0,0,33,31,4.31
11915116,2009,広島東洋,13,2,1,0,1,1,1,1,1,.667,153,39.2,29,3,8,0,29,0,0,8,8,1.82
11915116,2010,広島東洋,34,6,6,0,4,5,0,0,0,.500,478,108.2,119,13,44,4,58,7,0,56,54,4.47
11915116,2011,広島東洋,17,5,7,0,0,0,1,1,0,.417,395,93.2,94,8,28,0,49,5,0,50,43,4.13
11915116,2012,広島東洋,7,1,3,0,0,0,0,0,0,.250,127,27.2,39,4,11,1,12,2,0,15,15,4.88
11915116,2013,広島東洋,1,0,1,0,0,0,0,0,0,.000,28,5,10,2,3,0,0,1,0,7,6,10.80
11915116,2014,広島東洋,12,3,4,0,0,0,0,0,0,.429,223,51.2,61,5,14,1,24,0,0,29,27,4.70
21825116,2008,広島東洋,55,3,4,0,18,21,0,0,0,.429,222,53,47,1,20,0,43,2,0,20,19,3.23
21825116,2009,広島東洋,73,5,3,1,35,40,0,0,0,.625,298,75,57,0,22,0,72,2,0,19,19,2.28
21825116,2010,広島東洋,11,0,1,7,1,1,0,0,0,.000,43,10.1,10,0,2,0,8,1,0,5,4,3.48
21825116,2011,広島東洋,19,0,0,0,9,9,0,0,0,.000,82,17,22,1,11,1,7,1,0,7,2,1.06
21825116,2013,オリックス,1,0,0,0,0,0,0,0,0,.000,3,1,0,0,0,0,1,0,0,0,0,0.00
11815131,2010,広島東洋,20,8,8,0,0,0,1,0,0,.500,501,119.1,110,14,37,7,97,4,5,60,54,4.07
11815131,2011,広島東洋,18,3,7,0,0,0,0,0,0,.300,417,99.1,82,5,34,7,88,3,7,33,30,2.72
11815131,2012,横浜DeNA,8,1,6,0,0,0,0,0,0,.143,179,39,46,2,18,2,42,0,0,18,17,3.92
83185131,2010,広島東洋,21,6,10,0,0,0,0,0,0,.375,560,124.1,149,23,46,3,87,2,0,74,70,5.07
03505118,2010,広島東洋,10,2,3,0,0,0,1,1,0,.400,199,46,45,8,18,1,27,3,0,23,22,4.30
03505118,2011,広島東洋,8,1,1,0,0,0,0,0,0,.500,101,24.2,15,3,10,0,12,1,1,11,10,3.65
71773880,1995,広島東洋,39,4,4,0,,,0,0,0,.500,393,90,85,12,45,0,54,1,1,44,39,3.90
71773880,1996,広島東洋,24,2,1,1,,,0,0,0,.667,233,52.2,57,4,20,1,40,4,0,33,29,4.96
71773880,1997,広島東洋,34,3,4,0,,,0,0,0,.429,282,62,69,8,34,0,35,3,0,37,33,4.79
71773880,1998,広島東洋,41,3,8,0,,,0,0,0,.273,431,101,92,10,46,2,76,5,1,45,43,3.83
71773880,1999,広島東洋,36,3,7,0,,,2,1,0,.300,448,102,102,21,40,2,90,9,0,64,53,4.68
71773880,2000,広島東洋,50,5,9,4,,,2,1,0,.357,482,112.1,89,13,57,3,88,6,0,56,49,3.93
71773880,2001,広島東洋,30,10,8,0,,,5,1,0,.556,736,173,165,23,60,8,132,6,0,89,82,4.27
71773880,2002,広島東洋,26,9,14,0,,,6,3,0,.391,758,173.1,197,22,38,3,142,2,0,92,74,3.84
71773880,2003,広島東洋,24,9,8,0,,,6,1,3,.529,706,167,174,26,36,8,127,2,0,76,68,3.66
71773880,2004,広島東洋,18,3,10,0,,,0,0,0,.231,428,96,122,24,24,2,66,0,1,66,59,5.53
71773880,2005,広島東洋,14,0,2,0,0,0,0,0,0,.000,133,26.2,43,7,9,1,14,1,0,28,28,9.45
71773880,2006,広島東洋,54,2,3,0,15,17,0,0,0,.400,201,46,46,9,16,1,40,0,0,27,24,4.70
71773880,2007,広島東洋,22,5,4,0,0,0,0,0,0,.556,481,112,116,18,36,5,74,3,0,54,46,3.70
71773880,2008,広島東洋,21,8,5,0,0,0,1,1,0,.615,503,115.2,124,11,42,5,71,1,0,50,45,3.50
71773880,2010,広島東洋,26,4,5,0,8,12,0,0,0,.444,144,30,37,8,19,0,17,0,0,32,31,9.30
71975131,2010,広島東洋,5,0,0,0,0,0,0,0,0,.000,30,6.1,7,2,5,0,1,1,0,5,5,7.11
71975131,2013,広島東洋,5,0,1,0,0,0,0,0,0,.000,68,16,9,3,11,0,8,1,0,8,7,3.94
71975131,2015,広島東洋,1,0,0,0,0,0,0,0,0,.000,21,4,7,0,2,0,1,0,0,4,4,9.00
43345131,2010,広島東洋,16,2,0,1,2,4,0,0,0,1.000,88,18.2,24,0,7,1,12,0,3,15,12,5.79
01205117,2003,広島東洋,40,3,3,25,,,0,0,0,.500,178,41.2,40,3,16,2,50,7,1,20,18,3.89
01205117,2004,広島東洋,22,3,4,4,,,0,0,0,.429,201,41.2,53,10,30,0,48,7,0,39,37,7.99
01205117,2005,広島東洋,57,3,5,2,14,17,0,0,0,.375,311,69,72,2,33,3,79,6,0,30,24,3.13
01205117,2006,広島東洋,65,5,6,27,9,14,0,0,0,.455,283,70.2,45,5,24,0,86,7,0,15,13,1.66
01205117,2007,広島東洋,61,4,7,31,4,8,0,0,0,.364,270,61.2,51,5,33,2,74,11,0,28,21,3.06
01205117,2008,広島東洋,56,4,1,38,5,9,0,0,0,.800,239,61,33,3,24,1,64,3,0,12,12,1.77
01205117,2009,広島東洋,56,3,6,36,3,6,0,0,0,.333,241,56,53,3,21,1,48,4,0,20,17,2.73
01205117,2010,広島東洋,10,1,2,1,1,2,0,0,0,.333,58,11.1,13,1,9,1,10,2,0,6,5,3.97
01205117,2011,広島東洋,19,1,2,0,0,1,0,0,0,.333,99,22.2,25,3,8,0,22,2,0,14,13,5.16
01205117,2013,広島東洋,29,3,1,0,13,16,0,0,0,.750,138,35.1,29,3,5,2,28,5,0,8,8,2.04
01205117,2014,広島東洋,52,3,4,1,15,18,0,0,0,.429,227,55.2,51,9,13,4,48,3,0,26,25,4.04
01205117,2015,広島東洋,26,1,1,0,9,10,0,0,0,.500,119,26.1,27,2,14,3,27,0,0,14,14,4.78
01205117,2016,広島東洋,11,2,0,0,1,3,0,0,0,1.000,46,10,14,1,2,1,8,0,0,7,7,6.30
01205117,2018,広島東洋,22,2,0,0,5,7,0,0,0,1.000,81,18.2,19,2,5,1,13,0,0,11,10,4.82
01205117,2019,広島東洋,1,0,0,0,0,0,0,0,0,.000,1,0.1,0,0,0,0,0,0,0,0,0,0.00
31235118,2010,広島東洋,13,1,1,0,0,1,0,0,0,.500,112,25,20,5,14,2,17,1,0,13,12,4.32
31235118,2011,広島東洋,2,0,0,0,0,0,0,0,0,.000,36,7,10,0,3,0,4,1,1,6,5,6.43
31235118,2012,広島東洋,27,1,0,0,3,4,0,0,0,1.000,151,34.2,38,3,12,1,26,2,0,15,15,3.89
31235118,2013,広島東洋,15,0,0,0,3,3,0,0,0,.000,109,24.2,25,2,9,2,21,1,0,8,8,2.92
31235118,2014,広島東洋,66,9,8,0,18,27,0,0,0,.529,334,78.2,78,9,25,3,69,2,0,34,34,3.89
31235118,2015,広島東洋,5,1,0,0,0,1,0,0,0,1.000,20,5,4,0,3,0,4,0,0,0,0,0.00
31235118,2016,広島東洋,8,1,1,0,1,2,0,0,0,.500,23,4.1,5,1,4,1,6,0,0,8,8,16.62
31235118,2017,広島東洋,53,2,4,0,13,15,0,0,0,.333,196,46.2,37,4,20,1,50,0,0,15,14,2.70
31235118,2018,広島東洋,15,0,1,0,3,3,0,0,0,.000,67,12.1,22,2,8,0,12,2,0,19,18,13.14
31235118,2019,広島東洋,8,0,0,0,0,0,0,0,0,.000,36,5.2,8,1,6,1,4,1,0,11,6,9.53
31235118,2020,広島東洋,32,0,1,0,4,4,0,0,0,.000,116,27.1,28,6,8,0,22,0,0,13,13,4.28
31235118,2021,広島東洋,23,0,0,0,6,6,0,0,0,.000,89,19,20,3,12,1,16,2,0,14,10,4.74
71973882,1997,広島東洋,2,1,0,0,,,0,0,0,1.000,46,10.1,12,1,4,0,10,0,0,7,7,6.10
71973882,1998,広島東洋,1,0,0,0,,,0,0,0,.000,8,1,3,0,2,0,2,0,0,4,4,36.00
71973882,1999,広島東洋,10,1,3,0,,,0,0,0,.250,108,22.2,29,1,11,2,7,3,0,17,15,5.96
71973882,2000,広島東洋,10,0,2,0,,,0,0,0,.000,108,23,25,3,14,0,20,1,0,14,8,3.13
71973882,2001,広島東洋,22,9,6,0,,,2,0,0,.600,600,137,130,13,63,1,114,7,0,57,49,3.22
71973882,2002,広島東洋,30,13,10,0,,,5,1,1,.565,827,194.1,212,23,42,4,153,7,0,92,83,3.84
71973882,2003,広島東洋,20,2,10,0,,,0,0,0,.167,428,97,105,23,41,0,78,4,0,63,57,5.29
71973882,2004,広島東洋,4,2,1,0,,,0,0,0,.667,91,19.2,22,2,11,0,20,0,0,12,12,5.49
71973882,2005,広島東洋,23,2,10,0,1,2,0,0,0,.167,403,86,98,16,49,2,73,9,0,67,62,6.49
71973882,2006,広島東洋,29,1,3,0,6,6,0,0,0,.250,238,54.2,62,8,16,0,57,2,0,29,24,3.95
71973882,2007,広島東洋,26,5,5,0,1,1,0,0,0,.500,538,128.1,125,15,35,2,83,7,2,48,42,2.95
71973882,2008,広島東洋,14,3,6,0,1,2,0,0,0,.333,272,59.2,80,14,22,0,28,4,0,47,46,6.94
71973882,2009,広島東洋,10,3,1,0,0,2,0,0,0,.750,146,32,35,4,17,0,24,3,0,15,14,3.94
71973882,2010,広島東洋,2,0,1,0,0,0,0,0,0,.000,27,5.1,6,3,5,0,4,0,0,9,7,11.81
71973882,2010,オリックス,6,0,3,0,0,0,1,0,0,.000,129,29.1,30,3,15,1,15,0,0,16,14,4.30
11213886,2001,広島東洋,1,0,0,0,,,0,0,0,.000,15,3,3,1,1,2,0,0,0,2,2,6.00
11213886,2002,広島東洋,1,0,0,0,,,0,0,0,.000,9,1.2,5,1,0,0,2,0,0,3,3,16.20
11213886,2003,広島東洋,13,1,0,0,,,0,0,0,1.000,72,16,17,1,5,2,10,1,0,10,5,2.81
11213886,2004,広島東洋,47,1,1,1,,,0,0,0,.500,211,45.2,51,7,21,4,37,0,0,24,21,4.14
11213886,2005,広島東洋,5,0,0,0,0,0,0,0,0,.000,17,3.2,7,0,1,0,2,0,0,3,3,7.36
11213886,2006,広島東洋,61,2,4,0,12,14,0,0,0,.333,273,65.1,59,7,25,7,44,1,0,30,26,3.58
11213886,2007,広島東洋,57,3,2,0,16,19,0,0,0,.600,204,48.1,48,4,19,2,28,0,0,19,19,3.54
11213886,2008,広島東洋,17,0,0,0,3,3,0,0,0,.000,76,18,20,4,6,0,13,0,0,9,9,4.50
11213886,2009,広島東洋,46,0,2,0,5,5,0,0,0,.000,220,48.1,55,5,19,4,27,1,0,28,23,4.28
11213886,2010,広島東洋,26,0,1,0,1,1,0,0,0,.000,120,25.2,40,4,7,1,19,0,0,17,17,5.96
11213886,2011,広島東洋,2,0,0,0,0,0,0,0,0,.000,7,2.1,0,0,0,0,5,1,0,0,0,0.00
41943888,1999,広島東洋,17,0,0,0,,,0,0,0,.000,54,11,15,1,6,1,4,1,0,7,7,5.73
41943888,2000,広島東洋,26,0,1,0,,,0,0,0,.000,102,18.1,33,3,14,0,14,2,0,17,17,8.35
41943888,2001,広島東洋,6,0,0,0,,,0,0,0,.000,16,2.1,7,0,3,0,0,3,0,3,3,11.57
41943888,2002,広島東洋,42,1,0,0,,,0,0,0,1.000,198,45.1,47,5,21,1,32,2,0,24,23,4.57
41943888,2003,広島東洋,5,0,3,0,,,0,0,0,.000,76,15,23,4,10,0,10,2,0,19,16,9.60
41943888,2004,広島東洋,19,2,2,1,,,0,0,0,.500,151,35,32,2,10,1,24,2,0,13,10,2.57
41943888,2005,広島東洋,41,0,1,0,9,9,0,0,0,.000,223,41.1,69,9,26,2,33,3,0,52,37,8.06
41943888,2006,広島東洋,47,4,2,0,9,13,0,0,0,.667,258,59,64,4,18,2,35,3,0,27,21,3.20
41943888,2007,広島東洋,32,2,2,0,7,9,0,0,0,.500,131,27.1,40,6,10,1,19,0,0,22,19,6.26
41943888,2008,広島東洋,10,0,0,0,0,0,0,0,0,.000,55,12.1,13,2,6,1,10,1,0,7,7,5.11
41943888,2010,広島東洋,3,0,1,0,0,0,0,0,0,.000,6,1,3,1,0,0,0,1,0,3,3,27.00
41445119,2004,広島東洋,25,11,10,0,,,1,0,0,.524,702,160.1,165,16,62,8,173,4,0,86,75,4.21
41445119,2005,広島東洋,51,2,1,24,0,2,0,0,0,.667,227,53.2,44,9,16,5,72,1,0,24,19,3.19
41445119,2006,広島東洋,30,1,2,6,7,8,0,0,0,.333,183,43,45,5,11,0,46,1,0,16,14,2.93
41445119,2010,広島東洋,30,0,3,1,4,4,0,0,0,.000,124,26.2,29,3,15,3,21,0,0,23,21,7.09
51655114,2008,広島東洋,19,9,2,0,0,0,1,1,1,.818,462,109.2,103,10,35,3,55,0,1,43,39,3.20
51655114,2009,広島東洋,29,8,14,0,0,0,3,1,1,.364,795,193,194,22,29,3,147,2,0,82,72,3.36
51655114,2010,広島東洋,28,15,8,0,0,0,6,2,1,.652,848,215.2,166,15,46,7,174,2,0,55,53,2.21
51655114,2011,広島東洋,31,10,12,0,0,0,4,2,0,.455,864,216,178,14,43,6,192,4,0,61,59,2.46
51655114,2012,広島東洋,29,14,7,0,0,0,5,2,0,.667,820,206.1,161,6,44,9,171,2,0,46,35,1.53
51655114,2013,広島東洋,26,15,7,0,0,0,3,1,1,.682,690,175.2,129,13,40,2,158,1,0,46,41,2.10
51655114,2014,広島東洋,27,11,9,0,0,0,1,1,0,.550,746,187,164,12,41,2,161,4,1,61,54,2.60
51655114,2015,広島東洋,29,15,8,0,0,0,5,0,0,.652,821,206.1,168,5,41,6,175,3,0,49,48,2.09
51655114,2026,東北楽天,14,5,4,0,0,0,1,1,1,.556,316,80.1,65,5,18,1,64,2,0,23,20,2.24
21625114,2007,広島東洋,31,3,5,0,5,7,0,0,0,.375,314,72.2,74,11,26,5,45,1,0,41,39,4.83
21625114,2008,広島東洋,12,1,6,0,0,1,0,0,0,.143,222,47,55,4,25,6,21,2,0,38,36,6.89
81485110,2005,広島東洋,15,0,2,0,1,1,0,0,0,.000,98,21.1,24,3,9,1,18,3,0,16,13,5.48
81485110,2007,広島東洋,4,0,1,0,1,1,0,0,0,.000,17,3.2,5,1,1,0,4,1,0,2,2,4.91
81485110,2008,広島東洋,2,0,0,0,0,0,0,0,0,.000,7,1.1,2,0,1,0,1,0,0,0,0,0.00
81485110,2009,広島東洋,3,1,0,0,0,1,0,0,0,1.000,12,1.2,6,0,0,1,0,0,0,5,3,16.20
81485110,2010,広島東洋,3,0,0,0,0,0,0,0,0,.000,19,3.1,8,0,2,0,2,0,0,3,3,8.10
11213880,1997,広島東洋,56,10,5,1,,,0,0,0,.667,399,93.2,79,7,39,3,104,8,0,35,34,3.27
11213880,1998,広島東洋,24,2,1,1,,,0,0,0,.667,147,35,23,1,19,1,43,7,1,13,10,2.57
11213880,1999,広島東洋,23,7,4,0,,,5,1,0,.636,453,108,104,15,33,0,108,3,0,42,41,3.42
11213880,2000,広島東洋,3,1,0,0,,,1,0,1,1.000,59,16,7,0,1,1,17,1,0,2,1,0.56
11213880,2001,広島東洋,21,2,6,0,,,0,0,0,.250,382,85.2,89,11,40,4,49,0,0,49,39,4.10
11213880,2002,広島東洋,6,1,4,0,,,0,0,0,.200,143,30.1,44,10,7,2,24,1,1,32,29,8.60
11213880,2003,広島東洋,13,0,2,0,,,0,0,0,.000,96,21.1,23,4,11,2,19,1,0,15,15,6.33
11213880,2004,広島東洋,3,0,1,0,,,0,0,0,.000,36,8.1,8,3,2,0,9,0,0,5,3,3.24
11213880,2005,広島東洋,29,1,1,0,6,7,0,0,0,.500,153,37,27,1,12,1,28,0,1,9,9,2.19
11213880,2006,広島東洋,48,4,5,1,13,17,0,0,0,.444,241,55.2,62,11,18,0,53,1,1,31,30,4.85
11213880,2007,広島東洋,60,3,3,0,15,18,0,0,0,.500,295,72,53,10,28,4,57,2,0,29,21,2.63
11213880,2008,広島東洋,38,5,1,3,16,21,0,0,0,.833,165,42,27,3,14,2,34,1,0,9,7,1.50
11213880,2009,広島東洋,69,3,8,0,31,34,0,0,0,.273,270,64,57,5,26,2,56,2,0,27,25,3.52
11213880,2010,広島東洋,46,3,2,11,8,11,0,0,0,.600,206,50,37,3,17,3,48,2,0,12,9,1.62
11213880,2011,広島東洋,2,0,0,0,0,0,0,0,0,.000,8,1,3,0,2,0,1,0,0,5,5,45.00
11213880,2012,広島東洋,23,2,0,0,5,7,0,0,0,1.000,86,21.2,11,0,9,3,15,0,0,2,1,0.42
11213880,2013,広島東洋,37,1,1,0,15,16,0,0,0,.500,166,39,36,5,16,1,24,0,0,14,14,3.23
11213880,2014,広島東洋,6,1,0,0,1,2,0,0,0,1.000,34,6.2,12,2,3,1,3,1,0,6,6,8.10
21125133,2014,広島東洋,2,0,0,0,0,0,0,0,0,.000,9,2,2,0,2,0,0,0,0,0,0,0.00
51355133,2011,広島東洋,8,1,0,0,0,1,0,0,0,1.000,64,12.1,16,2,11,2,11,4,0,7,7,5.11
51355133,2013,広島東洋,3,0,0,0,0,0,0,0,0,.000,12,3.1,0,0,4,0,4,0,0,0,0,0.00
21323887,1997,広島東洋,1,0,0,0,,,0,0,0,.000,14,2.1,3,0,3,1,0,1,0,3,3,11.57
21323887,1998,広島東洋,7,0,1,0,,,0,0,0,.000,50,10,14,1,6,0,13,1,0,11,6,5.40
21323887,1999,広島東洋,21,3,5,0,,,0,0,0,.375,179,36,48,6,27,1,22,1,1,32,31,7.75
21323887,2000,広島東洋,9,0,2,0,,,0,0,0,.000,80,15,24,0,10,1,12,1,0,21,18,10.80
21323887,2001,広島東洋,78,2,2,0,,,0,0,0,.500,226,51.1,48,9,21,3,51,2,0,29,28,4.91
21323887,2002,広島東洋,4,0,0,0,,,0,0,0,.000,7,1,2,1,1,0,0,0,0,3,3,27.00
21323887,2003,広島東洋,30,2,0,0,,,0,0,0,1.000,77,18.1,15,2,6,2,16,2,0,9,7,3.44
21323887,2004,広島東洋,29,0,1,0,,,0,0,0,.000,106,25.1,23,7,3,3,30,0,0,13,13,4.62
21323887,2005,オリックス,71,3,1,1,33,36,0,0,0,.750,231,58.2,43,3,18,3,59,4,0,12,9,1.38
21323887,2006,オリックス,45,1,3,2,22,23,0,0,0,.250,144,34,31,2,11,0,30,1,0,13,13,3.44
21323887,2007,オリックス,28,3,2,0,13,16,0,0,0,.600,114,28.1,23,0,9,3,19,2,0,9,9,2.86
21323887,2008,オリックス,55,0,3,0,19,19,0,0,0,.000,179,42.1,43,3,10,4,27,0,0,16,14,2.98
21323887,2009,オリックス,45,0,3,0,12,12,0,0,0,.000,161,38,45,4,8,2,29,1,0,24,22,5.21
21323887,2010,オリックス,18,0,1,0,4,4,0,0,0,.000,51,9,16,2,7,0,7,1,0,12,10,10.00
21323887,2011,広島東洋,5,0,0,0,0,0,0,0,0,.000,15,3.2,2,0,1,1,1,1,0,1,1,2.45
21323887,2012,広島東洋,14,0,1,0,3,3,0,0,0,.000,37,7.2,7,0,4,1,3,1,0,4,4,4.70
21323887,2013,広島東洋,14,1,1,0,1,2,0,0,0,.500,54,12,17,3,2,1,8,0,0,6,6,4.50
33135133,2011,広島東洋,57,1,3,35,1,2,0,0,0,.250,232,60.2,40,2,16,0,82,0,0,10,9,1.34
33135133,2012,広島東洋,47,2,5,9,4,6,0,0,0,.286,221,49.2,43,1,24,6,44,3,0,24,16,2.90
33135133,2013,埼玉西武,58,9,1,10,16,25,0,0,0,.900,229,57.2,29,4,24,4,66,1,0,13,12,1.87
33135133,2014,福岡ソフトバンク,64,7,1,37,7,14,0,0,0,.875,272,68.1,50,0,22,1,96,1,1,10,8,1.05
33135133,2015,福岡ソフトバンク,65,5,1,41,9,14,0,0,0,.833,235,64.2,27,4,14,1,102,2,0,8,8,1.11
33135133,2016,福岡ソフトバンク,64,0,7,43,8,8,0,0,0,.000,237,62.1,40,4,11,0,73,1,0,15,13,1.88
33135133,2017,福岡ソフトバンク,66,2,2,54,3,5,0,0,0,.500,238,66,34,3,10,1,102,0,0,9,8,1.09
33135133,2018,福岡ソフトバンク,6,1,0,5,0,1,0,0,0,1.000,25,6,4,0,3,0,9,0,0,2,2,3.00
11215133,2011,広島東洋,4,0,0,0,0,0,0,0,0,.000,22,4,5,0,4,1,0,1,0,4,2,4.50
31235133,2012,広島東洋,12,0,1,0,1,1,0,0,0,.000,84,21,15,1,8,1,14,1,0,7,6,2.57
31235133,2013,広島東洋,17,2,7,0,1,2,0,0,0,.222,273,60.1,67,7,31,1,40,1,0,41,39,5.82
31235133,2014,広島東洋,32,2,3,1,10,12,0,0,0,.400,193,43.2,45,2,15,3,32,0,0,20,19,3.92
31235133,2015,広島東洋,69,0,6,29,11,11,0,0,0,.000,300,73,65,4,23,1,61,0,0,20,19,2.34
31235133,2016,広島東洋,61,3,4,34,7,10,0,0,0,.429,251,61.1,50,2,19,2,54,0,0,11,9,1.32
31235133,2017,広島東洋,59,4,1,10,25,29,0,0,0,.800,218,57.2,33,2,20,0,36,0,0,9,9,1.40
31235133,2018,広島東洋,68,4,2,32,6,10,0,0,0,.667,293,66.1,66,7,29,1,56,0,0,23,20,2.71
31235133,2019,広島東洋,36,3,3,9,5,8,0,0,0,.500,171,35.1,44,3,17,2,23,0,0,24,16,4.08
31235133,2020,広島東洋,6,1,0,0,0,1,0,0,0,1.000,25,5,8,3,3,0,3,0,0,5,5,9.00
31235133,2021,広島東洋,4,0,0,0,0,0,0,0,0,.000,24,4,9,0,2,0,1,0,0,8,6,13.50
31235133,2022,広島東洋,28,2,5,0,7,9,0,0,0,.286,108,23.2,27,6,10,1,18,0,0,19,17,6.46
31235133,2023,広島東洋,35,1,0,0,7,8,0,0,0,1.000,132,33,25,1,6,2,24,0,0,13,10,2.73
31235133,2024,広島東洋,24,1,1,0,3,4,0,0,0,.500,94,23,24,1,2,1,16,1,0,5,5,1.96
31235133,2025,広島東洋,51,3,2,0,14,17,0,0,0,.600,172,42,36,2,9,4,29,1,0,12,11,2.36
31235133,2026,広島東洋,27,1,4,6,6,7,0,0,0,.200,108,25.1,19,2,13,1,21,0,0,9,9,3.20
91295133,2011,広島東洋,3,0,2,0,0,0,0,0,0,.000,57,13.1,12,0,7,0,4,2,1,6,6,4.05
91295133,2012,広島東洋,8,0,0,0,0,0,0,0,0,.000,56,13,10,0,8,1,6,2,0,8,7,4.85
91295133,2013,広島東洋,12,1,5,0,0,0,0,0,0,.167,230,52.1,43,6,37,1,31,4,0,24,23,3.96
91295133,2015,広島東洋,1,0,1,0,0,0,0,0,0,.000,18,3.1,7,1,1,0,3,0,0,5,4,10.80
91295133,2016,広島東洋,8,1,1,0,0,0,0,0,0,.500,156,35,41,3,18,0,17,0,0,21,21,5.40
91295133,2018,広島東洋,8,0,1,0,0,0,0,0,0,.000,75,14.1,20,0,14,0,11,0,0,12,12,7.53
91295133,2019,広島東洋,43,0,1,0,12,12,0,0,0,.000,181,44.1,31,5,17,2,58,0,0,16,13,2.64
91295133,2020,広島東洋,14,0,0,0,1,1,0,0,0,.000,44,9.1,7,0,8,1,4,0,0,1,1,0.96
83185133,2011,広島東洋,30,13,11,0,0,0,3,2,1,.542,832,204.1,183,8,43,18,136,4,0,61,55,2.42
83185133,2012,広島東洋,29,7,14,0,0,0,0,0,0,.333,733,175.2,166,8,44,5,137,2,0,79,63,3.23
83185133,2013,広島東洋,28,11,9,0,0,0,0,0,0,.550,710,172.2,154,17,41,14,117,0,1,67,62,3.23
83185133,2014,広島東洋,23,9,8,0,0,0,1,0,1,.529,566,131.2,145,14,32,10,85,1,1,77,67,4.58
83185133,2015,オリックス,14,5,3,0,0,0,1,1,0,.625,305,73.2,60,3,24,8,46,0,0,30,27,3.30
31435133,2011,広島東洋,27,8,10,0,0,0,2,0,0,.444,640,146.1,133,14,68,8,120,11,2,76,67,4.12
31435133,2012,広島東洋,17,2,3,0,0,0,0,0,0,.400,264,58.2,52,6,37,1,53,2,1,28,28,4.30
31435133,2013,広島東洋,12,0,2,0,0,0,0,0,0,.000,98,19.2,29,1,11,1,14,1,0,23,19,8.69
31435133,2014,広島東洋,11,4,5,0,0,0,1,0,0,.444,268,60,58,2,29,9,36,5,0,30,29,4.35
31435133,2015,広島東洋,21,9,6,0,0,0,0,0,0,.600,541,131.1,106,10,53,5,99,7,1,53,52,3.56
31435133,2016,広島東洋,13,5,4,0,0,0,0,0,0,.556,345,76.2,84,9,30,4,63,0,0,38,37,4.34
31435133,2017,広島東洋,5,1,3,0,0,0,0,0,0,.250,131,27.2,36,1,12,2,15,0,0,24,22,7.16
31435133,2018,広島東洋,3,0,3,0,0,0,0,0,0,.000,67,15,18,5,5,0,13,1,0,14,14,8.40
31435133,2019,東北楽天,8,3,1,0,0,0,0,0,0,.750,150,33,31,3,24,2,20,1,0,19,19,5.18
31435133,2020,東北楽天,7,0,4,0,0,0,0,0,0,.000,128,29.2,26,2,14,2,18,0,0,18,18,5.46
31435133,2021,東北楽天,19,0,0,0,0,0,0,0,0,.000,82,20.1,17,3,6,0,21,1,0,10,10,4.43
31435133,2022,東北楽天,11,0,0,0,1,1,0,0,0,.000,49,11,14,1,4,0,7,1,0,5,5,4.09
21225135,2012,広島東洋,1,0,1,0,0,0,0,0,0,.000,15,3,4,0,2,0,0,0,0,2,2,6.00
21225135,2013,広島東洋,3,0,1,0,0,0,0,0,0,.000,28,4.1,9,1,6,1,4,0,0,6,6,12.46
21225135,2014,広島東洋,30,4,2,0,6,8,0,0,0,.667,243,57,59,7,22,2,36,3,0,24,21,3.32
21225135,2015,広島東洋,34,3,3,0,5,7,0,0,0,.500,273,62,59,4,29,0,44,2,1,31,25,3.63
21225135,2016,広島東洋,17,4,0,1,0,2,1,1,0,1.000,226,54.2,49,5,18,4,42,2,0,17,17,2.80
21225135,2017,広島東洋,3,0,0,0,1,1,0,0,0,.000,34,7.1,10,1,1,0,7,0,0,9,9,11.05
21225135,2018,広島東洋,7,0,0,0,0,0,0,0,0,.000,82,17.1,22,3,9,0,13,0,0,11,10,5.19
21425135,2012,広島東洋,27,9,11,0,0,0,0,0,0,.450,704,172.2,143,6,52,2,103,3,2,46,38,1.98
21425135,2013,広島東洋,23,12,6,0,0,0,2,0,1,.667,620,149.1,142,13,37,7,103,3,0,70,62,3.74
21425135,2014,広島東洋,19,7,8,0,0,0,0,0,0,.467,465,104.2,114,10,37,3,75,0,0,64,51,4.39
21425135,2015,広島東洋,15,5,8,0,0,0,0,0,0,.385,384,87.1,110,11,23,3,51,1,0,53,45,4.64
21425135,2016,広島東洋,25,16,3,0,0,0,1,1,0,.842,633,152.2,139,11,37,6,91,3,0,50,46,2.71
21425135,2017,広島東洋,25,9,5,0,0,0,0,0,0,.643,645,155.1,152,12,38,4,106,4,0,53,48,2.78
21425135,2018,広島東洋,20,7,6,0,0,0,0,0,0,.538,514,119.1,136,10,30,2,60,1,0,62,56,4.22
21425135,2019,広島東洋,18,6,5,0,0,0,0,0,0,.545,414,95.1,96,6,34,2,65,0,0,52,43,4.06
21425135,2020,広島東洋,13,6,3,0,0,0,0,0,0,.667,309,70.2,81,9,22,3,35,0,0,36,36,4.58
21425135,2021,広島東洋,8,0,4,0,0,0,0,0,0,.000,171,35.2,48,6,17,2,29,2,0,25,25,6.31
21425135,2022,広島東洋,9,2,3,0,0,0,0,0,0,.400,191,41.1,55,4,14,0,18,0,0,27,24,5.23
21425135,2023,広島東洋,6,1,1,0,0,0,0,0,0,.500,130,31,30,1,4,1,14,0,0,9,4,1.16
21425135,2024,広島東洋,3,0,1,0,0,0,0,0,0,.000,46,11,11,1,2,0,8,0,0,4,3,2.45
83185135,2012,広島東洋,61,3,5,21,15,18,0,0,0,.375,227,58,42,4,14,3,54,0,0,19,18,2.79
83185135,2013,広島東洋,57,2,4,27,6,8,0,0,0,.333,242,57.1,48,3,22,0,39,3,0,24,13,2.04
83185135,2014,広島東洋,51,1,1,25,7,8,0,0,0,.500,194,47.2,39,1,18,0,29,0,0,15,13,2.45
83185135,2016,東北楽天,45,5,1,0,23,28,0,0,0,.833,181,45.1,37,3,6,4,29,1,0,13,12,2.38
31835137,2013,広島東洋,11,0,2,0,2,2,0,0,0,.000,42,11.1,6,0,4,0,6,0,1,3,1,0.79
61365139,2014,広島東洋,26,10,8,0,0,0,3,1,0,.556,648,151,165,20,40,3,116,5,0,80,68,4.05
61365139,2015,広島東洋,51,3,8,2,20,22,2,0,0,.273,475,109.1,111,5,31,1,97,4,0,53,38,3.13
61365139,2016,広島東洋,17,3,1,0,4,7,0,0,0,.750,87,21.2,15,2,6,1,24,1,0,8,8,3.32
61365139,2017,広島東洋,24,10,2,0,0,0,0,0,0,.833,617,145.2,143,12,43,1,109,9,0,68,59,3.65
61365139,2018,広島東洋,27,15,7,0,0,0,2,0,1,.682,727,182,143,22,41,4,159,4,0,65,53,2.62
61365139,2019,広島東洋,26,11,9,0,0,0,6,2,3,.550,712,173.1,176,22,35,4,136,4,0,72,68,3.53
61365139,2020,広島東洋,11,5,4,0,0,0,2,0,0,.556,272,63.1,70,6,14,1,38,0,0,33,31,4.41
61365139,2021,広島東洋,23,10,5,0,0,0,1,1,0,.667,600,146.2,136,12,31,5,102,1,0,57,50,3.07
61365139,2022,広島東洋,23,8,9,0,0,0,3,2,3,.471,583,135.1,156,18,27,2,97,0,0,73,71,4.72
61365139,2023,広島東洋,23,6,11,0,0,0,0,0,0,.353,539,129.2,117,15,33,4,103,2,0,53,52,3.61
61365139,2024,広島東洋,25,6,6,0,0,0,2,1,0,.500,627,155,118,5,49,3,98,0,0,37,32,1.86
61365139,2025,広島東洋,23,7,9,0,0,0,0,0,0,.438,571,134.2,131,11,38,2,88,4,0,57,52,3.48
61365139,2026,広島東洋,15,1,2,0,5,6,0,0,0,.333,83,19.1,20,1,7,0,21,2,0,11,11,5.12
71775139,2014,広島東洋,20,2,5,0,0,0,0,0,0,.286,366,83.1,93,9,31,6,50,3,2,45,37,4.00
71775139,2015,広島東洋,7,0,1,0,1,1,0,0,0,.000,75,16,19,3,7,1,10,1,0,10,8,4.50
71775139,2016,広島東洋,27,2,2,0,0,1,0,0,0,.500,351,80,79,9,37,1,52,0,0,47,40,4.50
71775139,2017,広島東洋,35,9,5,0,2,6,0,0,0,.643,494,116.1,111,7,44,4,97,1,0,51,47,3.64
71775139,2018,広島東洋,24,8,4,0,0,0,1,0,1,.667,524,120.1,129,13,41,4,86,2,0,60,57,4.26
71775139,2019,広島東洋,27,8,8,0,3,4,1,1,1,.500,498,118,107,11,41,4,96,1,0,50,46,3.51
71775139,2020,広島東洋,20,8,6,0,0,0,2,1,0,.571,544,130.2,116,11,44,0,106,4,0,46,43,2.96
71775139,2021,広島東洋,25,13,9,0,0,0,2,0,1,.591,647,149,150,18,51,8,102,4,1,73,63,3.81
71775139,2022,広島東洋,26,6,9,0,0,1,0,0,0,.400,609,140.1,147,13,53,8,121,1,0,55,52,3.33
71775139,2023,広島東洋,26,8,8,0,0,0,3,3,2,.500,706,174.1,142,8,49,10,129,2,0,58,49,2.53
71775139,2024,広島東洋,23,7,10,0,0,0,1,1,0,.412,529,131.2,115,12,29,4,95,1,0,49,47,3.21
71775139,2025,オリックス,25,11,8,0,0,0,2,1,0,.579,678,164.1,155,7,48,6,114,1,2,49,44,2.41
71775139,2026,オリックス,26,9,11,0,0,0,1,1,0,.450,663,157.2,134,13,62,11,143,2,0,65,56,3.20
71075139,2017,広島東洋,15,5,4,0,0,0,0,0,0,.556,312,74.2,68,7,26,2,54,1,0,33,31,3.74
71075139,2018,広島東洋,9,3,4,0,0,0,0,0,0,.429,205,44.2,50,8,21,5,31,1,0,33,30,6.04
71075139,2019,広島東洋,2,0,0,0,0,0,0,0,0,.000,32,5.2,11,3,5,0,4,1,0,8,8,12.71
71075139,2020,広島東洋,8,3,4,0,0,0,0,0,0,.429,191,46.2,42,8,11,2,37,1,0,12,12,2.31
71075139,2021,広島東洋,3,0,3,0,0,0,0,0,0,.000,65,13,21,3,5,0,6,0,0,17,16,11.08
71075139,2023,広島東洋,5,0,0,0,0,0,0,0,0,.000,31,7,9,1,1,0,3,0,0,5,1,1.29
71075139,2024,埼玉西武,27,0,1,0,0,0,0,0,0,.000,134,32,26,2,12,2,17,2,0,12,11,3.09
71075139,2025,埼玉西武,20,0,2,0,0,0,0,0,0,.000,101,26,21,1,9,0,23,1,0,4,3,1.04
71075139,2026,埼玉西武,23,1,1,0,2,3,0,0,0,.500,106,28.2,15,4,4,2,33,0,0,7,6,1.88
01005139,2014,広島東洋,11,0,0,0,0,0,0,0,0,.000,79,16.1,23,2,5,2,13,0,0,14,12,6.61
01005139,2015,広島東洋,3,0,0,0,0,0,0,0,0,.000,11,2.1,3,0,0,1,3,0,0,0,0,0.00
01005139,2016,広島東洋,2,0,0,0,0,0,0,0,0,.000,27,5,12,1,1,0,2,0,0,7,7,12.60
23525139,2014,広島東洋,7,3,0,0,0,0,0,0,0,1.000,171,41.2,29,3,20,0,35,2,2,11,11,2.38
23525139,2015,広島東洋,43,3,6,4,10,13,0,0,0,.333,205,49.2,43,3,19,0,59,2,1,14,13,2.36
23525139,2018,埼玉西武,42,4,1,13,9,13,0,0,0,.800,158,39.2,28,4,8,3,53,2,0,11,11,2.50
23525139,2019,埼玉西武,34,2,3,2,7,9,0,0,0,.400,135,31.1,26,2,14,2,34,2,0,15,13,3.73
53155139,2014,広島東洋,9,1,0,0,0,1,0,0,0,1.000,46,11,8,1,3,1,7,0,1,4,4,3.27
91195130,2015,広島東洋,16,0,0,0,0,0,0,0,0,.000,72,17,12,1,10,0,11,0,0,6,5,2.65
91195130,2016,広島東洋,2,0,0,0,0,0,0,0,0,.000,14,3.1,4,0,0,0,4,0,0,0,0,0.00
91195130,2017,広島東洋,8,0,0,0,1,1,0,0,0,.000,41,7,15,0,5,0,8,0,0,8,8,10.29
91195130,2018,広島東洋,14,0,0,0,0,0,0,0,0,.000,62,13,17,3,6,0,16,1,0,9,9,6.23
21523884,1997,広島東洋,23,6,9,0,,,4,1,0,.400,601,135,147,17,63,4,64,8,1,72,66,4.40
21523884,1998,広島東洋,18,1,4,0,,,0,0,0,.200,199,45,53,5,24,1,25,1,0,34,33,6.60
21523884,1999,広島東洋,21,5,8,0,,,2,1,0,.385,406,87.2,106,20,39,3,55,4,0,70,66,6.78
21523884,2000,広島東洋,29,9,6,0,,,7,1,0,.600,623,144,147,21,61,1,116,3,0,73,69,4.31
21523884,2001,広島東洋,27,12,8,0,,,13,3,3,.600,786,190,175,19,45,8,146,7,0,72,64,3.03
21523884,2002,広島東洋,23,10,10,0,,,8,2,1,.500,671,164.1,166,16,34,1,144,1,0,69,67,3.67
21523884,2003,広島東洋,28,13,9,0,,,8,1,4,.591,827,205.2,197,18,45,3,137,5,1,77,71,3.11
21523884,2004,広島東洋,21,7,9,0,,,7,1,1,.438,639,147,187,17,29,2,138,1,0,81,76,4.65
21523884,2005,広島東洋,29,15,12,0,0,1,11,1,3,.556,852,212.2,183,17,42,7,165,7,0,76,75,3.17
21523884,2006,広島東洋,26,13,6,1,0,0,7,2,3,.684,744,189.1,169,12,21,7,144,5,0,49,39,1.85
21523884,2007,広島東洋,26,12,8,0,0,0,7,1,2,.600,738,179.2,176,20,42,5,123,1,0,78,71,3.56
21523884,2015,広島東洋,26,11,8,0,0,0,1,0,0,.579,685,169.2,158,8,29,7,106,3,0,53,48,2.55
21523884,2016,広島東洋,24,10,8,0,0,0,1,1,0,.556,623,151.2,152,14,30,3,98,3,0,54,52,3.09
61765116,2008,横浜,16,0,1,0,0,0,0,0,0,.000,122,28.2,27,7,6,5,16,0,0,14,13,4.08
61765116,2010,横浜,8,0,0,0,0,0,0,0,0,.000,23,5.2,4,0,0,2,4,0,0,2,2,3.18
61765116,2011,横浜,10,0,0,0,3,3,0,0,0,.000,18,4,4,0,3,0,4,0,0,2,2,4.50
61765116,2012,横浜DeNA,6,0,0,0,1,1,0,0,0,.000,31,7,9,1,3,0,4,0,0,5,5,6.43
61765116,2013,横浜DeNA,8,0,0,0,0,0,0,0,0,.000,32,7.1,8,0,5,0,3,0,0,1,1,1.23
61765116,2016,広島東洋,2,0,0,0,0,0,0,0,0,.000,14,2.1,5,0,1,1,3,0,0,2,2,7.71
61765116,2017,広島東洋,6,0,0,0,0,0,0,0,0,.000,30,6.2,6,1,5,0,6,0,0,3,3,4.05
61765116,2018,広島東洋,7,0,0,0,0,0,0,0,0,.000,36,7.1,8,0,4,1,6,0,0,8,7,8.59
13315130,2015,広島東洋,19,0,0,0,6,6,0,0,0,.000,66,15,13,1,7,0,16,0,0,5,4,2.40
13315130,2016,横浜DeNA,32,3,1,0,3,6,0,0,0,.750,151,32.2,37,3,19,0,34,0,1,19,18,4.96
53355130,2015,広島東洋,28,14,7,0,0,0,1,1,1,.667,773,194.1,146,5,67,2,150,3,1,43,40,1.85
53355130,2016,広島東洋,26,15,7,0,0,0,3,2,0,.682,736,180.1,154,11,49,3,141,3,0,50,43,2.15
53355130,2017,広島東洋,13,6,3,0,0,0,0,0,0,.667,328,76.1,79,4,25,2,53,2,0,40,34,4.01
53355130,2018,広島東洋,24,11,5,0,0,0,0,0,0,.688,609,144.2,137,9,48,5,113,3,0,55,50,3.11
53355130,2019,広島東洋,27,11,8,0,0,0,1,1,0,.579,650,156.2,132,12,58,4,132,3,0,50,45,2.59
53355130,2020,広島東洋,10,0,7,0,0,0,0,0,0,.000,237,51.2,60,3,25,1,35,5,0,38,35,6.10
51655130,2017,広島東洋,2,0,0,0,1,1,0,0,0,.000,5,1.2,0,0,0,0,1,0,0,0,0,0.00
51655130,2018,広島東洋,8,1,0,0,0,1,0,0,0,1.000,73,14.2,20,2,7,1,21,0,0,11,10,6.14
51655130,2019,広島東洋,4,0,0,0,0,0,0,0,0,.000,41,6.1,13,0,9,0,8,0,0,10,10,14.21
51655130,2022,福岡ソフトバンク,55,5,1,3,22,27,0,0,0,.833,218,56.1,18,4,27,1,81,1,0,9,7,1.12
51655130,2023,福岡ソフトバンク,34,5,3,0,9,9,0,0,0,.625,288,69.2,46,3,33,7,84,1,0,21,18,2.33
51655130,2024,福岡ソフトバンク,40,2,1,1,19,21,0,0,0,.667,170,40,28,2,20,1,45,3,0,11,8,1.80
51655130,2025,福岡ソフトバンク,51,2,3,2,19,21,0,0,0,.400,195,50,32,2,14,2,75,2,0,9,8,1.44
21625130,2016,広島東洋,3,0,1,0,0,0,0,0,0,.000,28,6.1,6,2,4,1,6,0,0,8,8,11.37
21625130,2019,広島東洋,11,0,1,0,0,0,0,0,0,.000,95,20.2,20,4,14,1,23,0,0,14,14,6.10
21625130,2020,広島東洋,52,3,4,0,19,22,0,0,0,.429,224,49.2,50,7,31,1,41,4,0,26,23,4.17
21625130,2021,広島東洋,51,5,4,0,17,22,0,0,0,.556,202,42.1,48,4,25,1,29,3,0,25,20,4.25
21625130,2022,広島東洋,26,3,2,0,6,9,0,0,0,.600,73,17.1,13,1,8,1,8,5,0,6,6,3.12
21625130,2023,広島東洋,8,0,0,0,2,2,0,0,0,.000,33,7,10,1,3,0,10,0,0,4,4,5.14
21625130,2024,広島東洋,53,2,0,0,16,18,0,0,0,1.000,174,40,39,0,16,4,38,1,0,13,7,1.58
21625130,2025,広島東洋,28,0,1,1,8,8,0,0,0,.000,104,21.2,26,2,8,3,28,1,0,13,13,5.40
21625130,2026,広島東洋,28,1,2,0,0,1,0,0,0,.333,127,31.1,23,1,13,2,32,1,0,12,12,3.45
91895130,2015,広島東洋,6,1,2,0,0,0,0,0,0,.333,120,25,25,3,20,2,18,1,0,16,16,5.76
91895130,2016,広島東洋,16,3,1,0,0,1,0,0,0,.750,137,31,21,3,22,2,21,3,0,9,9,2.61
91895130,2017,広島東洋,38,15,3,0,3,6,2,2,0,.833,536,129,102,10,51,4,115,4,0,42,37,2.58
91895130,2018,広島東洋,9,2,1,0,0,1,0,0,0,.667,134,26.2,28,4,32,1,18,3,0,22,17,5.74
91895130,2019,広島東洋,4,0,2,0,0,0,0,0,0,.000,62,12.2,17,4,10,0,6,0,0,13,13,9.24
91895130,2020,広島東洋,28,1,2,0,2,2,0,0,0,.333,213,47,44,5,31,0,33,6,0,25,24,4.60
91895130,2021,広島東洋,1,0,0,0,0,0,0,0,0,.000,20,4.2,3,0,5,0,2,1,0,2,2,3.86
91895130,2022,広島東洋,18,1,0,0,1,2,0,0,0,1.000,103,24,19,2,14,1,16,1,0,11,11,4.13
91895130,2023,広島東洋,3,0,0,0,0,0,0,0,0,.000,21,4,5,1,3,2,2,1,0,4,4,9.00
91595132,2016,広島東洋,18,4,3,0,1,1,1,0,0,.571,375,89.1,89,6,25,0,60,4,2,34,30,3.02
91595132,2017,広島東洋,24,12,5,0,0,0,2,0,1,.706,604,141.2,134,9,63,4,109,3,4,68,63,4.00
91595132,2018,広島東洋,26,8,7,0,1,1,0,0,0,.533,603,138,137,13,62,4,114,4,1,84,78,5.09
91595132,2019,広島東洋,3,0,2,0,0,0,0,0,0,.000,39,7,9,2,11,0,4,0,0,12,11,14.14
61265132,2016,広島東洋,23,2,0,0,1,3,0,0,0,1.000,105,22.2,32,3,7,1,13,0,0,17,16,6.35
61265132,2017,広島東洋,2,0,0,0,0,0,0,0,0,.000,6,1.2,1,0,0,0,0,0,0,1,1,5.40
13515132,2016,広島東洋,67,5,4,0,37,42,0,0,0,.556,271,68.1,46,4,23,0,89,1,0,15,13,1.71
13515132,2017,広島東洋,60,2,2,1,30,32,0,0,0,.500,243,62,43,5,19,1,55,2,0,16,14,2.03
13515132,2018,広島東洋,48,3,2,1,25,28,0,0,0,.600,201,45.2,42,6,26,1,48,0,0,16,14,2.76
13515132,2020,千葉ロッテ,7,0,0,1,3,3,0,0,0,.000,29,7,4,1,3,0,12,0,0,3,3,3.86
91095132,2017,広島東洋,10,0,2,0,0,0,0,0,0,.000,67,14,18,1,6,0,9,0,0,15,10,6.43
91095132,2018,広島東洋,9,0,0,1,1,1,0,0,0,.000,102,21.1,31,4,7,1,17,0,0,16,14,5.91
91095132,2020,広島東洋,18,0,0,0,0,0,0,0,0,.000,94,18.2,31,3,8,1,15,1,0,18,17,8.20
91095132,2021,広島東洋,27,0,0,0,0,0,0,0,0,.000,108,26.1,20,3,10,1,16,1,0,10,4,1.37
43045132,2016,広島東洋,2,0,0,0,0,0,0,0,0,.000,6,2,0,0,0,0,4,0,0,0,0,0.00
93795132,2016,広島東洋,50,7,5,0,19,24,0,0,0,.583,342,83.1,71,4,33,3,33,4,0,32,27,2.92
93795132,2017,広島東洋,11,0,0,0,0,0,0,0,0,.000,73,15,24,1,7,0,10,2,1,12,11,6.60
23125132,2016,広島東洋,6,2,2,0,0,0,0,0,0,.500,123,26.1,30,3,12,5,17,2,0,19,16,5.47
31135134,2018,広島東洋,53,6,2,0,5,11,0,0,0,.750,293,67.1,62,4,36,2,30,2,0,29,28,3.74
31135134,2019,広島東洋,19,3,5,0,0,0,1,0,1,.375,404,91.2,101,14,27,4,52,2,0,52,44,4.32
31135134,2023,広島東洋,14,1,0,0,1,2,0,0,0,1.000,67,16.2,15,1,2,1,13,0,0,6,6,3.24
31135134,2024,広島東洋,20,6,4,0,0,0,1,1,0,.600,452,106.1,102,9,29,5,61,0,0,43,37,3.13
31135134,2025,広島東洋,4,0,3,0,0,0,0,0,0,.000,88,19,26,2,5,1,11,0,0,14,11,5.21
31135134,2026,広島東洋,6,0,2,0,0,0,0,0,0,.000,86,17.2,25,3,6,2,17,1,0,13,13,6.62
71575134,2017,広島東洋,7,1,3,0,0,0,0,0,0,.250,136,29.1,20,2,31,1,28,3,0,14,14,4.30
71575134,2019,広島東洋,5,0,0,0,0,0,0,0,0,.000,40,8,10,2,6,0,11,0,0,5,5,5.63
71575134,2020,広島東洋,6,0,0,0,0,0,0,0,0,.000,39,7.2,11,3,5,1,10,2,0,9,8,9.39
71575134,2021,広島東洋,4,0,0,0,0,0,0,0,0,.000,34,7,7,1,7,0,6,0,0,9,9,11.57
71575134,2022,広島東洋,47,2,0,1,17,19,0,0,0,1.000,204,49.1,35,2,25,0,51,2,0,12,10,1.82
71575134,2023,広島東洋,54,4,2,24,10,14,0,0,0,.667,221,51.1,48,5,24,0,38,0,0,17,16,2.81
71575134,2024,広島東洋,26,1,1,0,10,11,0,0,0,.500,108,25,22,2,13,1,17,0,0,10,10,3.60
71575134,2025,東京ヤクルト,45,2,0,0,12,14,0,0,0,1.000,162,42,26,1,14,0,34,1,0,9,9,1.93
71575134,2026,東京ヤクルト,7,0,0,0,0,0,0,0,0,.000,36,6.2,12,2,4,0,6,1,0,10,10,13.50
01005134,2018,広島東洋,6,1,2,0,0,0,0,0,0,.333,110,21,30,5,16,0,17,0,0,23,22,9.43
01005134,2021,広島東洋,15,5,7,0,0,0,0,0,0,.417,326,73.1,85,9,24,2,54,1,0,44,43,5.28
01005134,2024,広島東洋,1,0,0,1,0,0,0,0,0,.000,3,1,0,0,0,0,1,0,0,0,0,0.00
01005134,2025,広島東洋,24,2,1,0,1,3,0,0,0,.667,141,35,31,2,9,2,26,1,0,13,10,2.57
11415134,2017,広島東洋,3,1,1,0,0,0,0,0,0,.500,71,17.1,16,2,3,0,16,0,0,10,10,5.19
11415134,2019,広島東洋,25,7,6,0,0,0,1,0,0,.538,590,139.2,131,17,48,5,101,2,0,54,46,2.96
11415134,2020,広島東洋,15,5,8,0,0,0,0,0,0,.385,343,76.2,101,10,23,0,56,1,0,51,42,4.93
11415134,2021,広島東洋,16,5,4,0,1,1,1,1,0,.556,374,87.1,91,5,24,2,80,1,0,32,31,3.19
11415134,2022,広島東洋,17,8,6,0,0,0,1,1,0,.571,446,114,87,10,28,4,74,2,1,36,36,2.84
11415134,2023,広島東洋,24,11,7,0,0,0,2,2,0,.611,636,156,144,13,28,5,86,3,0,46,38,2.19
11415134,2024,広島東洋,26,11,9,0,0,0,0,0,0,.550,693,167,170,9,48,4,95,0,0,52,46,2.48
11415134,2025,広島東洋,26,9,12,0,0,0,6,3,3,.429,705,171.1,158,13,42,1,102,5,0,64,60,3.15
11415134,2026,広島東洋,23,8,6,0,0,0,1,0,1,.571,598,143.1,141,14,36,2,84,2,0,55,44,2.76
51455134,2018,広島東洋,4,0,0,0,0,0,0,0,0,.000,19,3.1,4,1,5,0,0,1,0,5,5,13.50
63765134,2017,広島東洋,26,2,1,1,2,4,0,0,0,.667,132,30,32,3,8,0,19,0,0,13,10,3.00
71375136,2019,広島東洋,34,1,1,1,6,7,0,0,0,.500,188,42.2,36,1,25,1,38,3,1,19,15,3.16
71375136,2020,広島東洋,19,5,6,0,0,0,2,0,1,.455,464,107,90,13,52,4,97,2,1,53,46,3.87
71375136,2021,広島東洋,2,0,0,0,0,0,0,0,0,.000,36,6.2,9,2,6,1,11,0,0,6,5,6.75
71375136,2022,広島東洋,20,4,7,0,0,0,0,0,0,.364,434,105.1,104,17,18,3,78,0,0,47,42,3.59
71375136,2023,広島東洋,8,1,5,0,0,0,1,1,0,.167,174,41,36,7,15,2,22,0,0,20,20,4.39
71375136,2024,広島東洋,3,0,0,0,0,0,0,0,0,.000,17,4,5,0,3,0,0,0,0,2,2,4.50
71375136,2025,広島東洋,7,1,2,0,0,0,0,0,0,.333,68,14,19,2,6,0,15,0,0,10,9,5.79
71375136,2026,広島東洋,58,5,2,0,21,26,0,0,0,.714,232,57.2,44,6,16,1,60,1,1,15,15,2.34
53555136,2018,広島東洋,1,0,0,0,0,0,0,0,0,.000,4,1,1,0,1,0,0,0,0,0,0,0.00
71775136,2019,広島東洋,1,0,0,0,0,0,0,0,0,.000,5,1,1,0,1,0,1,0,0,0,0,0.00
71775136,2020,広島東洋,41,1,1,0,11,12,0,0,0,.500,212,51,37,3,23,1,55,3,0,22,22,3.88
71775136,2021,広島東洋,40,2,2,0,12,14,0,0,0,.500,175,39.1,45,4,15,2,28,2,0,20,20,4.58
71775136,2022,広島東洋,43,4,0,0,14,18,0,0,0,1.000,172,39.1,37,1,18,3,37,1,0,21,14,3.20
71775136,2023,広島東洋,24,2,0,0,1,3,0,0,0,1.000,113,26.2,24,1,13,0,25,2,0,12,11,3.71
71775136,2024,広島東洋,5,0,0,0,0,0,0,0,0,.000,25,5,6,0,5,0,5,0,0,1,1,1.80
33935136,2022,中日,3,0,0,0,0,0,0,0,0,.000,15,3,4,0,2,1,4,0,0,2,2,6.00
21625136,2020,広島東洋,3,0,0,0,0,0,0,0,0,.000,14,3,4,0,1,0,4,0,0,2,2,6.00
21625136,2021,広島東洋,5,0,0,0,0,0,0,0,0,.000,32,5.2,11,1,3,1,7,0,0,8,8,12.71
21625136,2022,広島東洋,12,0,1,0,0,0,0,0,0,.000,62,14,10,1,9,1,15,1,0,6,6,3.86
53955136,2018,広島東洋,47,3,4,1,19,22,0,0,0,.429,267,65,38,3,34,2,81,0,2,16,12,1.66
53955136,2019,広島東洋,67,8,6,12,18,26,0,0,0,.571,308,71.2,55,8,32,7,94,1,0,29,22,2.76
53955136,2020,広島東洋,53,2,3,19,7,9,0,0,0,.400,217,55,39,7,17,1,62,1,0,18,15,2.45
53955136,2021,広島東洋,8,1,2,0,1,2,0,0,0,.333,31,5.2,9,1,5,0,5,0,0,6,6,9.53
53955136,2022,広島東洋,3,0,0,0,0,0,0,0,0,.000,18,3.1,2,0,5,1,4,1,0,3,3,8.10
23925136,2018,広島東洋,7,0,0,0,2,2,0,0,0,.000,33,8,4,0,5,1,10,0,0,1,1,1.13
23925136,2019,広島東洋,5,1,0,0,1,2,0,0,0,1.000,13,3.2,2,0,1,0,2,0,0,0,0,0.00
53155136,2019,広島東洋,9,1,3,0,0,0,0,0,0,.250,117,26,25,3,13,3,21,2,0,14,14,4.85
41545116,2010,東北楽天,2,1,1,0,0,0,0,0,0,.500,46,11,7,3,5,2,10,0,0,5,5,4.09
41545116,2011,東北楽天,2,0,1,0,0,0,0,0,0,.000,25,3.1,5,1,8,1,3,0,0,6,5,13.50
41545116,2012,東北楽天,4,1,1,0,0,0,0,0,0,.500,110,25,30,2,5,1,24,3,0,9,8,2.88
41545116,2013,東北楽天,14,1,5,0,0,0,0,0,0,.167,158,33.1,38,3,23,1,22,4,0,28,24,6.48
41545116,2014,東北楽天,12,4,1,0,0,0,0,0,0,.800,211,51.1,40,5,18,3,36,8,0,23,23,4.03
41545116,2015,東北楽天,18,4,5,0,0,0,0,0,0,.444,448,103,96,5,42,5,71,5,0,47,43,3.76
41545116,2016,東北楽天,7,1,1,0,0,0,0,0,0,.500,111,22.2,33,4,13,1,14,2,0,16,13,5.16
41545116,2017,東北楽天,7,0,0,0,1,1,0,0,0,.000,35,7.1,8,0,4,0,9,1,0,7,4,4.91
41545116,2018,東北楽天,3,0,0,0,0,0,0,0,0,.000,55,13,11,1,4,1,15,0,0,2,2,1.38
41545116,2019,広島東洋,58,1,3,0,15,16,0,0,0,.250,240,61,39,4,23,0,43,4,0,21,19,2.80
41545116,2020,広島東洋,44,1,0,1,4,5,0,0,0,1.000,189,42,41,6,19,3,53,3,0,24,21,4.50
41545116,2021,広島東洋,33,2,1,0,3,5,0,0,0,.667,140,31.2,31,3,13,3,25,0,0,7,6,1.71
41545116,2022,広島東洋,8,0,0,0,2,2,0,0,0,.000,39,8,10,2,4,1,6,0,0,5,5,5.63
31935138,2019,広島東洋,25,0,0,0,0,0,0,0,0,.000,127,28.2,19,1,19,2,33,1,0,15,14,4.40
31935138,2020,広島東洋,38,1,0,0,4,5,0,0,0,1.000,166,37.2,29,1,28,1,48,1,0,23,19,4.54
31935138,2021,広島東洋,51,0,2,0,15,15,0,0,0,.000,205,49,44,4,14,0,51,2,0,20,17,3.12
31935138,2022,広島東洋,22,0,3,0,7,7,0,0,0,.000,91,19,21,2,11,1,20,2,0,13,8,3.79
31935138,2023,広島東洋,62,3,3,2,39,42,0,0,0,.500,235,58.1,50,3,17,0,64,4,1,17,15,2.31
31935138,2024,広島東洋,58,11,6,0,24,35,0,0,0,.647,238,55.1,43,2,27,2,53,4,0,20,17,2.77
31935138,2025,広島東洋,60,4,2,1,29,33,0,0,0,.667,224,57.2,30,1,21,1,57,2,0,11,9,1.40
31935138,2026,広島東洋,12,0,1,0,1,1,0,0,0,.000,51,11,8,0,9,2,11,1,0,5,5,4.09
31035138,2020,広島東洋,2,0,0,0,0,0,0,0,0,.000,8,2,1,0,1,0,0,0,0,0,0,0.00
13715138,2019,広島東洋,2,0,2,0,0,0,0,0,0,.000,29,4.1,11,1,4,0,8,1,0,8,7,14.54
13715138,2020,広島東洋,1,0,0,0,0,0,0,0,0,.000,6,1,3,0,0,0,0,0,0,2,2,18.00
73575138,2019,広島東洋,52,6,3,0,15,21,0,0,0,.667,265,59.1,53,7,34,3,67,0,1,25,22,3.34
93595138,2019,広島東洋,1,0,1,0,0,0,0,0,0,.000,23,5,4,1,4,0,3,0,0,6,6,10.80
53955151,2021,広島東洋,50,1,2,0,10,11,0,0,0,.333,269,61.1,56,8,28,3,79,1,0,31,26,3.82
53955151,2022,広島東洋,12,0,0,0,0,0,0,0,0,.000,66,15.1,15,2,4,1,19,0,0,6,6,3.52
53955151,2023,広島東洋,8,1,4,0,0,0,0,0,0,.200,191,42.1,46,2,18,2,23,3,1,25,24,5.10
53955151,2024,広島東洋,16,0,0,0,0,0,0,0,0,.000,71,17,15,1,7,0,14,0,0,7,5,2.65
93595151,2020,広島東洋,14,0,0,0,1,1,0,0,0,.000,69,13.2,19,0,8,1,13,3,0,10,7,4.61
93595151,2020,東北楽天,16,1,0,0,4,5,0,0,0,1.000,62,14.2,13,2,6,0,16,3,0,6,5,3.07
03505151,2020,広島東洋,7,0,3,0,0,0,0,0,0,.000,49,8,17,1,8,1,7,0,0,14,14,15.75
41245151,2021,広島東洋,17,4,7,0,0,0,0,0,0,.364,432,101,95,13,40,1,67,0,0,47,43,3.83
41245151,2022,広島東洋,9,2,2,0,0,0,0,0,0,.500,188,43.2,46,2,13,1,21,0,0,19,19,3.92
41245151,2023,広島東洋,9,3,1,0,0,0,0,0,0,.750,199,45.1,52,9,11,2,44,0,0,28,25,4.96
41245151,2024,広島東洋,15,4,5,0,0,0,2,0,1,.444,311,76,77,3,11,2,58,1,0,32,25,2.96
41245151,2025,広島東洋,17,6,8,0,0,0,0,0,0,.429,368,88.1,92,3,13,3,71,0,0,40,38,3.87
41245151,2026,広島東洋,15,2,6,0,0,0,0,0,0,.250,316,78.1,69,7,16,4,56,1,1,27,24,2.76
53155151,2020,広島東洋,18,10,3,0,0,0,2,1,1,.769,485,122.2,102,6,32,4,124,2,0,30,26,1.91
53155151,2021,広島東洋,24,8,7,0,0,0,1,1,0,.533,672,163.1,144,16,52,3,132,6,0,55,54,2.98
53155151,2022,広島東洋,27,10,8,0,0,0,3,2,0,.556,764,178.2,195,13,44,8,133,3,1,67,63,3.17
53155151,2023,広島東洋,20,9,6,0,0,0,3,1,0,.600,544,131.2,127,10,36,2,94,3,0,49,44,3.01
53155151,2024,広島東洋,23,10,10,0,0,0,2,1,1,.500,612,151.2,137,6,29,7,98,2,0,46,43,2.55
53155151,2025,広島東洋,22,6,14,0,0,0,3,0,1,.300,622,152.1,140,6,37,5,92,1,0,53,42,2.48
53155151,2026,広島東洋,22,7,11,0,0,0,2,1,0,.389,561,132.2,116,13,49,3,110,1,0,56,51,3.46
41445113,2001,福岡ダイエー,10,2,2,0,,,1,1,0,.500,218,48.1,43,5,32,3,25,4,0,29,29,5.40
41445113,2002,福岡ダイエー,18,5,6,0,,,1,0,0,.455,403,91,92,17,39,5,82,3,1,55,53,5.24
41445113,2003,福岡ダイエー,24,2,1,0,,,0,0,0,.667,121,26,25,3,17,5,20,1,0,12,12,4.15
41445113,2004,福岡ダイエー,35,6,2,1,,,0,0,0,.750,244,57.2,53,7,24,1,53,0,0,25,25,3.90
41445113,2005,福岡ソフトバンク,4,0,0,0,0,0,0,0,0,.000,28,5.1,5,0,5,1,5,2,0,4,1,1.69
41445113,2007,福岡ソフトバンク,6,0,0,0,0,0,0,0,0,.000,25,6,5,2,3,0,4,0,0,3,3,4.50
41445113,2008,福岡ソフトバンク,1,0,0,0,0,0,0,0,0,.000,5,0.2,1,0,2,0,0,0,0,1,1,13.50
41445113,2010,千葉ロッテ,28,1,0,0,2,3,0,0,0,1.000,146,31.1,31,3,20,6,29,5,0,17,17,4.88
71175112,2006,千葉ロッテ,1,0,0,0,0,0,0,0,0,.000,10,2,2,0,1,1,0,1,0,2,2,9.00
71175112,2008,千葉ロッテ,4,0,0,0,0,0,0,0,0,.000,22,5,3,1,4,0,2,0,0,3,3,5.40
71175112,2010,千葉ロッテ,2,0,0,0,0,0,0,0,0,.000,10,2.1,2,0,0,1,3,1,0,3,3,11.57
71175116,2011,千葉ロッテ,3,0,2,0,0,0,0,0,0,.000,50,8.1,17,1,7,2,3,0,0,12,12,12.96
71175116,2012,千葉ロッテ,6,0,2,0,0,0,0,0,0,.000,111,27.1,28,3,5,0,6,0,0,13,12,3.95
71175116,2013,千葉ロッテ,5,2,0,0,0,0,0,0,0,1.000,91,21.1,25,1,10,1,7,0,0,10,10,4.22
71175116,2015,千葉ロッテ,14,1,1,0,0,1,0,0,0,.500,89,20,26,3,8,0,11,2,0,10,10,4.50
71175116,2016,千葉ロッテ,13,0,0,0,0,0,0,0,0,.000,85,17.1,22,2,11,0,6,0,0,10,9,4.67
71175116,2017,千葉ロッテ,2,0,0,0,0,0,0,0,0,.000,10,2,3,2,1,0,1,0,0,3,3,13.50
71175116,2018,千葉ロッテ,5,0,1,0,0,0,0,0,0,.000,21,4,4,0,4,0,2,0,0,3,1,2.25
71175116,2019,千葉ロッテ,4,0,0,0,2,2,0,0,0,.000,14,4,1,0,2,0,2,0,0,0,0,0.00
11315116,2008,千葉ロッテ,51,0,0,0,9,9,0,0,0,.000,253,59,55,1,23,3,52,5,0,24,20,3.05
11315116,2009,千葉ロッテ,56,2,6,0,12,14,0,0,0,.250,261,57.1,62,6,24,6,63,3,0,32,29,4.55
11315116,2010,千葉ロッテ,65,1,2,1,30,31,0,0,0,.333,272,64.2,55,2,26,2,65,2,0,27,25,3.48
11315116,2011,千葉ロッテ,50,1,1,0,15,16,0,0,0,.500,227,55,49,2,18,2,48,1,0,17,14,2.29
11315116,2012,千葉ロッテ,6,0,1,0,2,2,0,0,0,.000,24,6,8,0,1,0,3,0,0,4,2,3.00
11315116,2013,千葉ロッテ,17,1,3,0,2,3,0,0,0,.250,95,18.2,32,1,9,0,14,0,0,23,22,10.61
11315116,2014,千葉ロッテ,5,1,0,0,0,1,0,0,0,1.000,23,5,4,0,3,1,3,0,0,0,0,0.00
11315116,2015,千葉ロッテ,7,0,0,0,1,1,0,0,0,.000,33,6.2,8,1,1,4,1,0,0,4,4,5.40
61165119,2004,千葉ロッテ,4,0,1,0,,,0,0,0,.000,81,16,21,4,12,1,15,2,0,19,19,10.69
61165119,2006,千葉ロッテ,15,0,0,0,0,0,0,0,0,.000,89,20.2,19,2,7,1,15,1,0,8,7,3.05
61165119,2009,千葉ロッテ,31,3,1,1,6,9,0,0,0,.750,112,26,25,3,12,1,29,4,0,18,18,6.23
61165119,2010,千葉ロッテ,15,2,0,0,4,6,0,0,0,1.000,85,20,14,1,10,1,20,2,0,12,10,4.50
61165119,2011,千葉ロッテ,21,1,1,0,10,11,0,0,0,.500,100,24.2,17,1,7,2,24,1,0,6,6,2.19
61165119,2012,千葉ロッテ,27,1,1,4,9,10,0,0,0,.500,102,25,23,2,4,3,23,0,0,7,5,1.80
61165119,2013,千葉ロッテ,26,1,0,2,13,14,0,0,0,1.000,102,25.2,18,0,10,0,26,1,0,3,3,1.05
61165119,2014,千葉ロッテ,5,0,0,0,1,1,0,0,0,.000,28,5.1,9,1,2,0,6,0,0,4,3,5.06
61165119,2015,千葉ロッテ,22,1,1,6,7,8,0,0,0,.500,88,21.1,18,0,8,2,21,1,0,5,3,1.27
61165119,2016,千葉ロッテ,34,3,1,1,19,22,0,0,0,.750,125,32.1,17,3,12,0,34,1,0,5,5,1.39
61165119,2017,千葉ロッテ,50,5,1,16,11,16,0,0,0,.833,211,49,36,5,28,0,44,1,0,16,16,2.94
61165119,2018,千葉ロッテ,58,3,5,26,7,10,0,0,0,.375,241,58.2,51,5,19,1,54,2,0,25,25,3.84
51355116,2015,千葉ロッテ,2,0,2,0,0,0,0,0,0,.000,40,8,11,1,7,1,8,0,0,7,7,7.88
91395118,2009,千葉ロッテ,16,1,1,0,0,1,0,0,0,.500,135,29.2,31,1,15,0,23,0,0,14,13,3.94
91395118,2010,千葉ロッテ,7,0,0,0,0,0,0,0,0,.000,67,15,16,0,7,0,6,0,0,7,7,4.20
91395118,2011,千葉ロッテ,14,4,7,0,0,0,1,1,1,.364,349,83.2,82,3,19,4,36,1,2,36,33,3.55
91395118,2012,千葉ロッテ,5,0,1,0,0,0,0,0,0,.000,104,26,24,2,6,2,11,0,1,9,8,2.77
91395118,2013,千葉ロッテ,42,3,0,0,2,5,0,0,0,1.000,269,61.2,65,6,25,0,41,0,0,23,21,3.06
91395118,2014,千葉ロッテ,31,2,1,0,0,2,0,0,0,.667,185,44.1,44,12,12,1,24,1,0,23,22,4.47
91395118,2015,千葉ロッテ,2,1,0,0,0,1,0,0,0,1.000,9,2,2,0,1,0,3,0,0,2,2,9.00
71373889,1997,千葉ロッテ,1,0,0,0,,,0,0,0,.000,14,3,1,0,4,0,2,0,0,0,0,0.00
71373889,1998,千葉ロッテ,1,0,0,0,,,0,0,0,.000,5,1,0,0,2,0,0,1,0,0,0,0.00
71373889,1999,千葉ロッテ,10,3,3,0,,,1,0,0,.500,191,45.2,41,6,19,3,31,1,0,22,22,4.34
71373889,2000,千葉ロッテ,26,13,5,0,,,4,1,0,.722,717,167,160,8,74,1,96,8,0,77,64,3.45
71373889,2001,千葉ロッテ,27,10,9,0,,,2,1,0,.526,709,163.2,164,18,64,8,96,5,0,80,68,3.74
71373889,2002,千葉ロッテ,19,5,8,0,,,2,0,0,.385,457,108.1,106,12,27,5,69,2,0,53,41,3.41
71373889,2003,千葉ロッテ,10,2,4,0,,,1,0,0,.333,238,53,70,7,14,0,40,5,0,35,31,5.26
71373889,2004,千葉ロッテ,32,4,3,0,,,0,0,0,.571,267,60,70,6,23,6,35,0,0,24,23,3.45
71373889,2005,千葉ロッテ,24,10,4,0,2,5,2,0,0,.714,452,112,106,9,18,5,55,1,0,39,35,2.81
71373889,2006,千葉ロッテ,22,7,7,0,0,0,3,1,1,.500,582,145.2,131,11,29,8,61,2,0,49,43,2.66
71373889,2007,千葉ロッテ,22,7,9,0,0,0,1,0,0,.438,574,135.2,150,9,28,8,59,2,1,54,49,3.25
71373889,2008,千葉ロッテ,15,5,4,0,0,0,1,0,0,.556,337,73.1,100,9,28,3,32,1,0,55,53,6.50
71373889,2009,千葉ロッテ,23,8,7,0,0,0,3,0,1,.533,610,144,158,16,37,5,77,1,0,65,61,3.81
71373889,2010,千葉ロッテ,27,5,4,0,8,10,0,0,0,.556,262,59,62,3,22,8,37,0,0,30,26,3.97
71373889,2011,千葉ロッテ,19,4,5,0,0,0,0,0,0,.444,321,72.2,81,6,22,1,31,1,0,38,36,4.46
71373889,2012,千葉ロッテ,15,2,5,0,0,1,0,0,0,.286,336,81,74,6,17,5,42,2,0,32,31,3.44
01505114,2007,千葉ロッテ,1,0,0,0,0,0,0,0,0,.000,21,4,7,1,1,1,4,0,0,5,5,11.25
01505114,2008,千葉ロッテ,7,2,2,0,0,0,0,0,0,.500,137,32.2,32,5,8,1,23,2,0,19,19,5.23
01505114,2009,千葉ロッテ,16,5,6,0,0,0,2,1,0,.455,428,95,115,11,35,5,59,2,0,62,61,5.78
01505114,2010,千葉ロッテ,13,3,6,0,0,0,2,1,0,.333,320,71.1,78,12,34,3,52,1,0,48,41,5.17
01505114,2011,千葉ロッテ,1,0,1,0,0,0,0,0,0,.000,11,1.1,3,1,4,0,1,0,0,5,5,33.75
01505114,2013,千葉ロッテ,10,4,2,0,0,0,1,1,0,.667,197,43.1,43,2,26,2,29,1,0,23,22,4.57
01505114,2014,千葉ロッテ,13,3,4,0,0,0,0,0,0,.429,241,54.2,60,4,20,1,31,2,0,32,21,3.46
01505114,2015,千葉ロッテ,24,8,7,0,0,0,1,1,1,.533,574,133.1,141,8,46,5,70,1,0,49,47,3.17
01505114,2016,千葉ロッテ,14,1,3,0,1,1,0,0,0,.250,175,34.2,47,1,26,2,14,1,0,31,25,6.49
01505114,2017,千葉ロッテ,20,2,2,0,0,2,0,0,0,.500,142,30.2,33,4,22,0,21,0,0,19,13,3.82
01505114,2020,千葉ロッテ,2,0,1,0,0,0,0,0,0,.000,45,9,15,1,6,0,9,0,0,9,9,9.00
01505114,2021,千葉ロッテ,8,1,1,0,0,1,0,0,0,.500,51,11,15,1,2,0,7,2,0,6,5,4.09
21525114,2007,千葉ロッテ,58,1,3,1,20,21,0,0,0,.250,214,53,43,2,13,2,35,2,0,15,13,2.21
21525114,2008,千葉ロッテ,58,5,5,30,1,6,0,0,0,.500,245,58.2,51,3,20,3,41,2,0,19,16,2.45
21525114,2009,千葉ロッテ,53,3,3,9,10,13,0,0,0,.500,210,49.1,48,6,13,2,39,3,0,23,20,3.65
21525114,2012,千葉ロッテ,5,0,0,0,1,1,0,0,0,.000,23,5.2,5,2,1,0,3,0,0,2,2,3.18
21525114,2013,千葉ロッテ,4,0,0,0,0,0,0,0,0,.000,26,5.2,6,1,3,0,2,0,0,4,4,6.35
41345131,2010,千葉ロッテ,11,1,1,0,1,2,0,0,0,.500,70,15,22,2,4,0,5,0,0,12,12,7.20
41345131,2011,千葉ロッテ,34,3,9,0,5,5,0,0,0,.250,497,120,123,8,23,3,78,1,0,49,45,3.38
41345131,2012,千葉ロッテ,42,4,6,0,5,7,0,0,0,.400,345,81.2,84,1,19,1,44,2,0,30,29,3.20
41345131,2013,千葉ロッテ,14,2,5,0,0,0,0,0,0,.286,222,47.2,59,8,16,4,27,0,0,38,37,6.99
41345131,2014,千葉ロッテ,49,2,2,0,23,25,0,0,0,.500,230,60.1,45,2,10,4,40,0,0,13,13,1.94
41345131,2015,千葉ロッテ,56,3,1,0,32,35,0,0,0,.750,250,64,57,4,5,2,53,1,0,21,17,2.39
41345131,2016,千葉ロッテ,32,1,3,0,13,14,0,0,0,.250,135,31.1,32,2,10,1,15,0,0,14,12,3.45
41345131,2017,千葉ロッテ,55,3,2,0,23,26,0,0,0,.600,214,52,47,5,14,1,33,1,0,20,18,3.12
41345131,2018,千葉ロッテ,45,1,3,0,18,19,0,0,0,.250,191,41.2,50,9,17,1,36,2,0,25,25,5.40
41345131,2019,千葉ロッテ,2,0,2,0,0,0,0,0,0,.000,10,1.2,2,0,2,0,1,0,0,3,2,10.80
11513888,1999,オリックス,26,11,8,0,,,8,2,1,.579,730,177,159,14,47,1,134,2,0,75,56,2.85
11513888,2000,オリックス,15,8,6,0,,,2,1,0,.571,400,92.2,100,5,31,0,71,3,0,43,39,3.79
11513888,2001,オリックス,14,1,5,0,,,1,0,0,.167,320,69.2,92,10,27,0,46,3,0,53,47,6.07
11513888,2002,オリックス,34,3,15,0,,,0,0,0,.167,528,117,148,13,36,4,71,2,0,71,64,4.92
11513888,2003,オリックス,7,0,3,0,,,0,0,0,.000,156,34,41,6,12,0,18,0,0,21,18,4.76
11513888,2004,オリックス,22,7,9,0,,,3,0,1,.438,603,144.2,161,17,30,3,91,2,0,69,67,4.17
11513888,2005,オリックス,24,6,8,0,0,1,3,1,1,.429,557,132.2,142,17,25,4,89,3,0,64,54,3.66
11513888,2006,オリックス,24,9,9,0,0,0,3,0,1,.500,671,163.1,169,14,29,6,74,1,0,64,57,3.14
11513888,2007,オリックス,24,4,7,0,0,0,1,1,0,.364,562,129.1,161,20,26,5,75,1,1,79,75,5.22
11513888,2008,オリックス,51,2,3,0,13,14,0,0,0,.400,322,74.1,80,7,17,3,52,0,0,42,33,4.00
11513888,2009,オリックス,24,0,1,0,1,1,0,0,0,.000,141,31.2,45,4,5,1,17,0,0,20,17,4.83
11513888,2010,千葉ロッテ,15,3,2,0,0,1,0,0,0,.600,144,29.1,49,4,3,2,14,0,0,25,24,7.36
11513888,2011,千葉ロッテ,18,0,0,0,2,2,0,0,0,.000,77,19.2,17,0,2,0,15,2,0,4,3,1.37
21525116,2008,千葉ロッテ,15,5,4,0,0,0,1,0,1,.556,358,81.2,102,8,12,3,57,1,0,52,44,4.85
21525116,2009,千葉ロッテ,21,5,8,0,0,0,3,1,2,.385,596,143.1,145,11,28,6,115,0,0,62,58,3.64
21525116,2010,千葉ロッテ,11,6,3,0,0,0,2,1,0,.667,306,73,69,3,20,4,51,1,0,24,22,2.71
21525116,2011,千葉ロッテ,24,12,6,0,0,0,5,3,2,.667,681,168.1,146,6,35,8,122,1,0,50,45,2.41
21525116,2012,千葉ロッテ,12,8,2,0,0,0,3,0,1,.800,341,84.2,81,4,15,2,32,0,1,26,25,2.66
21525116,2013,千葉ロッテ,27,9,11,0,0,0,0,0,0,.450,728,168,185,12,46,3,80,2,0,85,78,4.18
21525116,2014,千葉ロッテ,23,4,9,0,1,1,1,0,0,.308,520,116,146,10,33,8,62,3,1,65,60,4.66
21525116,2015,千葉ロッテ,12,5,4,0,0,0,0,0,0,.556,288,62.2,78,9,27,3,31,1,0,45,44,6.32
21525116,2016,千葉ロッテ,15,6,6,0,0,0,1,1,0,.500,373,88.2,84,2,37,3,64,1,3,30,28,2.84
21525116,2017,千葉ロッテ,21,5,10,0,0,0,1,0,0,.333,555,126.1,135,18,37,7,86,1,2,69,63,4.49
21525116,2018,千葉ロッテ,25,1,3,0,4,4,0,0,0,.250,188,47.2,43,5,10,1,31,0,0,17,15,2.83
21525116,2019,千葉ロッテ,40,5,3,0,14,19,0,0,0,.625,168,37.2,47,7,6,1,30,0,0,25,22,5.26
21525116,2020,千葉ロッテ,32,1,1,0,14,15,0,0,0,.500,118,30.1,22,1,9,0,23,0,0,4,4,1.19
21525116,2021,千葉ロッテ,38,4,2,0,22,26,0,0,0,.667,150,36.1,29,4,13,1,26,1,0,11,11,2.72
21525116,2022,千葉ロッテ,17,2,1,0,8,10,0,0,0,.667,63,15.1,14,3,2,1,8,0,0,9,9,5.28
21525116,2023,千葉ロッテ,6,0,1,0,1,1,0,0,0,.000,37,7.2,15,1,1,0,2,0,0,6,6,7.04
21525116,2024,千葉ロッテ,8,3,2,0,0,0,0,0,0,.600,147,38,28,5,3,2,31,0,0,10,10,2.37
21525116,2025,千葉ロッテ,2,1,1,0,0,0,0,0,0,.500,38,9,10,0,1,0,6,0,0,4,4,4.00
21525116,2026,千葉ロッテ,1,0,1,0,0,0,0,0,0,.000,21,5,5,3,1,0,4,0,0,4,4,7.20
71575118,2010,千葉ロッテ,3,1,1,0,0,0,0,0,0,.500,57,10.1,23,1,4,1,6,0,0,12,12,10.45
71575118,2012,千葉ロッテ,2,1,1,0,0,0,0,0,0,.500,40,8.1,10,0,6,0,5,0,0,8,5,5.40
71575118,2013,千葉ロッテ,7,1,0,0,0,1,0,0,0,1.000,43,9.2,13,1,2,0,1,0,0,5,4,3.72
71575118,2014,千葉ロッテ,2,0,0,0,0,0,0,0,0,.000,11,3,1,0,0,0,3,0,0,0,0,0.00
71575118,2015,千葉ロッテ,40,1,1,1,2,3,0,0,0,.500,221,52.1,51,4,16,2,36,0,0,18,17,2.92
71575118,2016,千葉ロッテ,11,0,0,0,1,1,0,0,0,.000,51,10.2,16,2,4,0,4,0,0,11,10,8.44
41545118,2011,千葉ロッテ,13,0,1,0,1,1,0,0,0,.000,61,16,12,0,3,0,10,0,0,6,6,3.38
41545118,2012,千葉ロッテ,4,0,0,0,0,0,0,0,0,.000,31,6.2,7,1,3,1,7,0,0,3,3,4.05
41545118,2014,千葉ロッテ,19,0,1,0,0,0,0,0,0,.000,177,37,48,4,19,2,24,0,0,23,22,5.35
41545118,2015,千葉ロッテ,5,1,3,0,0,0,0,0,0,.250,82,17.1,23,2,8,1,7,2,0,16,15,7.79
41545118,2016,千葉ロッテ,6,0,1,0,0,0,0,0,0,.000,50,10.2,17,2,3,0,8,1,0,5,5,4.22
51855119,2004,読売,21,1,1,0,,,0,0,0,.500,112,23,30,3,10,2,17,0,0,18,14,5.48
51855119,2010,千葉ロッテ,14,4,4,0,0,0,0,0,0,.500,194,44.1,48,8,17,2,30,0,1,28,24,4.87
11015119,2006,千葉ロッテ,13,5,5,0,0,0,2,1,0,.500,326,78.1,75,6,21,4,83,2,0,33,30,3.45
11015119,2007,千葉ロッテ,24,16,1,0,0,0,6,4,2,.941,675,173.1,132,10,27,4,138,0,0,36,35,1.82
11015119,2008,千葉ロッテ,22,8,6,0,0,0,3,0,0,.571,616,150.2,126,12,35,3,119,3,0,57,54,3.23
11015119,2009,千葉ロッテ,23,11,5,0,0,0,5,1,2,.688,627,153.2,146,14,28,3,156,2,0,61,56,3.28
11015119,2010,千葉ロッテ,28,13,11,0,0,0,7,1,4,.542,817,203.2,173,29,34,4,192,8,1,78,75,3.31
11015119,2011,千葉ロッテ,26,10,12,0,0,0,6,3,4,.455,765,189.2,188,15,18,1,151,3,0,75,69,3.27
11015119,2012,千葉ロッテ,28,12,11,0,0,0,5,2,1,.522,806,200.2,176,21,34,2,122,4,0,71,63,2.83
11015119,2013,千葉ロッテ,14,6,4,0,0,0,1,0,0,.600,364,87,81,13,25,2,51,1,0,36,29,3.00
11015119,2014,千葉ロッテ,23,9,11,0,0,0,2,0,0,.450,614,142.2,153,18,41,4,88,4,1,78,74,4.67
11015119,2015,東京ヤクルト,14,3,8,0,0,0,0,0,0,.273,339,79.1,83,16,21,1,46,2,0,46,42,4.76
11015119,2016,東京ヤクルト,22,3,2,0,0,0,0,0,0,.600,319,72.1,82,13,27,5,42,1,0,46,45,5.60
11015119,2017,東京ヤクルト,12,0,1,0,0,0,0,0,0,.000,70,16.2,16,4,5,0,10,0,0,11,10,5.40
11015119,2019,オリックス,6,0,1,0,0,0,0,0,0,.000,90,19.2,24,3,8,1,13,0,0,16,16,7.32
21025110,2005,横浜,8,1,2,0,0,0,0,0,0,.333,109,22,32,5,12,0,16,1,0,22,20,8.18
21025110,2006,横浜,16,3,8,0,0,0,0,0,0,.273,417,95.1,92,11,49,1,66,8,0,49,43,4.06
21025110,2007,横浜,63,4,5,1,12,16,0,0,0,.444,276,61.2,68,6,26,1,43,5,0,29,26,3.79
21025110,2008,横浜,22,5,12,0,0,0,0,0,0,.294,369,80.2,98,16,33,4,55,5,0,61,58,6.47
21025110,2009,横浜,12,0,0,0,2,2,0,0,0,.000,34,7,9,1,5,0,5,1,0,9,9,11.57
41245114,2007,千葉ロッテ,6,0,0,0,0,0,0,0,0,.000,28,5,8,0,5,0,2,0,0,3,3,5.40
41245114,2008,千葉ロッテ,2,0,0,0,0,0,0,0,0,.000,10,2.2,1,0,2,0,3,0,0,1,1,3.38
41245114,2009,千葉ロッテ,14,0,0,0,0,0,0,0,0,.000,73,16,19,2,7,1,17,1,0,7,7,3.94
41245114,2011,千葉ロッテ,24,0,1,0,0,0,0,0,0,.000,112,26,29,2,6,2,19,0,0,14,11,3.81
41245114,2012,千葉ロッテ,44,3,1,0,6,9,0,0,0,.750,276,68,54,4,18,5,36,1,1,21,19,2.51
41245114,2013,千葉ロッテ,37,2,2,0,15,17,0,0,0,.500,153,35.1,34,3,12,1,31,0,0,15,13,3.31
41245114,2014,埼玉西武,14,1,0,0,1,2,0,0,0,1.000,109,22.1,31,5,11,0,7,2,0,16,16,6.45
01205118,2013,千葉ロッテ,24,9,6,0,0,0,0,0,0,.600,588,139.2,140,5,40,3,106,8,0,61,59,3.80
01205118,2014,千葉ロッテ,57,1,1,31,9,10,0,0,0,.500,219,58,33,4,15,0,63,3,0,12,12,1.86
01205118,2015,千葉ロッテ,54,1,2,34,4,5,0,0,0,.333,219,54,44,1,12,1,71,8,0,13,11,1.83
01205118,2016,千葉ロッテ,42,3,6,21,5,8,0,0,0,.333,180,43,39,4,11,1,36,2,0,17,16,3.35
01205118,2017,千葉ロッテ,5,2,3,0,0,0,0,0,0,.400,123,26.2,31,2,14,0,17,2,0,15,14,4.73
01205118,2018,千葉ロッテ,14,0,0,0,0,0,0,0,0,.000,75,16,20,2,6,0,19,2,0,12,11,6.19
01205118,2019,千葉ロッテ,37,2,3,2,5,5,1,1,0,.400,277,70,56,6,23,0,64,1,0,23,23,2.96
01205118,2022,千葉ロッテ,37,3,3,0,15,18,0,0,0,.500,152,36.1,28,4,17,0,35,1,0,8,7,1.73
01205118,2023,千葉ロッテ,18,8,5,0,0,0,1,0,0,.615,464,117,109,4,23,4,92,1,0,39,35,2.69
01205118,2024,千葉ロッテ,20,9,8,0,0,0,1,0,0,.529,510,122.1,120,8,31,4,77,1,0,46,44,3.24
01205118,2025,千葉ロッテ,9,0,4,0,0,0,0,0,0,.000,207,49.2,49,3,11,2,29,0,0,17,17,3.08
01205118,2026,千葉ロッテ,6,1,2,0,0,0,0,0,0,.333,144,34.2,37,5,7,0,18,0,0,19,17,4.41
91295116,2008,千葉ロッテ,25,0,3,0,3,3,0,0,0,.000,88,18.2,25,2,10,0,10,3,0,15,14,6.75
91295116,2009,千葉ロッテ,4,1,0,0,0,1,0,0,0,1.000,21,4.1,7,0,1,0,2,0,0,2,2,4.15
91295116,2010,千葉ロッテ,10,0,0,0,0,0,0,0,0,.000,62,14.2,13,0,4,2,10,0,0,5,3,1.84
91295116,2011,北海道日本ハム,2,0,0,0,0,0,0,0,0,.000,9,2,2,0,2,0,1,0,0,2,2,9.00
91295116,2012,北海道日本ハム,7,0,0,0,0,0,0,0,0,.000,44,12.1,8,0,4,0,6,0,0,0,0,0.00
91295116,2013,北海道日本ハム,6,0,0,0,0,0,0,0,0,.000,37,8.2,7,3,5,1,3,1,0,4,4,4.15
11215110,2005,阪神,51,2,2,1,9,11,0,0,0,.500,273,66.2,47,5,27,1,67,8,0,21,17,2.30
11215110,2006,阪神,2,1,0,0,0,1,0,0,0,1.000,9,1.1,5,0,1,0,0,0,0,3,3,20.25
11215110,2007,阪神,46,3,2,0,6,9,0,0,0,.600,228,49.1,52,7,28,2,61,6,0,31,26,4.74
11215110,2008,阪神,10,0,0,0,0,0,0,0,0,.000,59,13,17,2,6,0,15,2,0,8,8,5.54
11215110,2009,千葉ロッテ,2,0,0,0,0,0,0,0,0,.000,10,2,3,1,1,0,1,0,0,2,2,9.00
11215110,2010,千葉ロッテ,9,0,1,0,1,1,0,0,0,.000,25,5.2,4,1,4,1,5,0,0,4,4,6.35
11215110,2012,千葉ロッテ,13,0,0,0,1,1,0,0,0,.000,70,15,13,1,8,2,12,1,1,9,7,4.20
21225116,2010,千葉ロッテ,8,0,0,0,0,0,0,0,0,.000,36,5.2,15,0,4,0,5,0,0,9,9,14.29
21225116,2011,千葉ロッテ,5,0,0,0,1,1,0,0,0,.000,8,1.2,4,0,0,0,1,0,0,2,2,10.80
21225116,2013,千葉ロッテ,51,2,1,0,20,22,0,0,0,.667,139,32,31,1,10,3,21,1,1,12,12,3.38
21225116,2014,千葉ロッテ,9,0,0,0,1,1,0,0,0,.000,48,8.2,14,2,8,2,3,0,0,8,8,8.31
91495112,2006,千葉ロッテ,1,0,1,0,0,0,0,0,0,.000,13,2,6,1,1,0,1,0,0,3,3,13.50
91495112,2009,千葉ロッテ,4,0,0,0,0,0,0,0,0,.000,29,5.1,8,0,4,2,3,1,0,7,7,11.81
91495112,2010,千葉ロッテ,58,3,0,0,11,14,0,0,0,1.000,245,55.2,48,4,30,2,52,3,0,19,18,2.91
91495112,2011,千葉ロッテ,21,1,0,0,3,4,0,0,0,1.000,91,19,25,0,9,1,14,1,0,16,12,5.68
91495112,2012,千葉ロッテ,10,0,0,0,0,0,0,0,0,.000,48,9.1,15,2,6,0,2,0,0,6,6,5.79
91495112,2013,千葉ロッテ,15,9,1,0,0,0,1,1,0,.900,359,89,67,5,29,6,76,3,0,28,27,2.73
91495112,2014,千葉ロッテ,23,7,5,0,0,1,1,1,0,.583,461,101.1,110,8,44,6,68,2,0,53,49,4.35
91495112,2015,千葉ロッテ,11,3,4,0,0,0,0,0,0,.429,235,53,50,7,28,3,39,1,0,27,26,4.42
91495112,2016,千葉ロッテ,5,0,4,0,0,0,0,0,0,.000,92,18.1,25,1,11,0,6,0,0,19,18,8.84
23325131,2010,千葉ロッテ,8,1,3,0,0,0,0,0,0,.250,193,46.1,45,6,16,2,27,0,0,21,19,3.69
23325131,2011,千葉ロッテ,4,2,2,0,0,0,0,0,0,.500,111,26,26,1,6,0,15,1,0,13,10,3.46
23325131,2012,千葉ロッテ,4,1,2,0,0,0,0,0,0,.333,87,20.1,21,0,7,0,15,1,0,11,9,3.98
91695114,2008,千葉ロッテ,18,1,0,0,1,2,0,0,0,1.000,68,15.2,18,0,6,0,16,0,1,10,9,5.17
91695114,2009,千葉ロッテ,6,0,1,0,1,1,0,0,0,.000,21,2.2,10,1,3,1,1,0,0,9,9,30.38
91695114,2010,千葉ロッテ,10,0,0,0,1,1,0,0,0,.000,61,11.2,20,4,6,1,6,0,0,16,15,11.57
91695114,2012,千葉ロッテ,3,0,0,0,0,0,0,0,0,.000,13,2.1,5,0,1,0,1,0,0,2,2,7.71
91695114,2013,オリックス,12,0,2,0,0,0,0,0,0,.000,46,8,17,2,5,0,10,0,0,11,10,11.25
73175131,2010,千葉ロッテ,38,12,6,0,5,5,1,0,0,.667,627,144,127,9,84,3,125,11,1,61,60,3.75
73175131,2011,千葉ロッテ,10,2,5,0,0,0,0,0,0,.286,236,52,56,1,20,2,33,1,2,30,23,3.98
71273882,1996,千葉ロッテ,18,4,6,0,,,1,1,1,.400,376,92,79,8,29,3,58,5,0,39,37,3.62
71273882,1997,千葉ロッテ,25,5,9,0,,,4,0,0,.357,621,146.1,144,16,48,2,74,7,2,69,64,3.94
71273882,1998,千葉ロッテ,17,2,9,0,,,2,0,0,.182,448,100.1,123,15,40,1,45,8,6,61,54,4.84
71273882,1999,千葉ロッテ,12,5,4,0,,,0,0,0,.556,260,57,68,9,30,2,33,3,1,33,31,4.89
71273882,2000,千葉ロッテ,2,0,1,0,,,0,0,0,.000,31,6.2,9,3,2,0,3,0,0,10,10,13.50
71273882,2001,千葉ロッテ,27,4,6,0,,,0,0,0,.400,414,97.1,94,15,40,3,70,4,0,46,42,3.88
71273882,2002,千葉ロッテ,3,1,2,0,,,0,0,0,.333,52,11.1,16,4,4,0,8,0,0,11,11,8.74
71273882,2003,千葉ロッテ,17,5,6,0,,,0,0,0,.455,304,68.2,74,12,27,2,44,3,0,45,45,5.90
71273882,2004,千葉ロッテ,66,3,4,2,,,0,0,0,.429,328,77.1,62,4,34,3,71,2,1,26,24,2.79
71273882,2005,千葉ロッテ,51,7,4,2,19,26,0,0,0,.636,220,55.2,42,7,13,2,54,1,0,20,19,3.07
71273882,2006,千葉ロッテ,47,4,2,1,18,22,0,0,0,.667,232,55,43,3,26,0,48,0,0,19,16,2.62
71273882,2007,千葉ロッテ,58,4,6,4,34,38,0,0,0,.400,264,62.2,64,5,10,2,45,1,0,21,19,2.73
71273882,2010,千葉ロッテ,63,2,5,1,28,30,0,0,0,.286,277,65.2,59,9,22,3,57,2,0,26,23,3.15
71273882,2011,千葉ロッテ,53,1,2,31,5,6,0,0,0,.333,217,56.2,38,4,13,0,57,1,0,11,11,1.75
71273882,2012,千葉ロッテ,61,1,6,26,8,9,0,0,0,.143,250,56.2,58,4,22,3,43,0,0,22,21,3.34
31835118,2011,千葉ロッテ,11,0,0,0,0,0,0,0,0,.000,77,16,23,0,7,1,12,0,0,10,10,5.63
81485131,2010,千葉ロッテ,1,0,0,0,0,0,0,0,0,.000,10,2,1,0,2,1,0,0,0,2,0,0.00
71675113,2001,千葉ロッテ,13,2,2,0,,,1,1,0,.500,211,50.2,41,5,23,3,31,0,0,18,15,2.66
71675113,2002,千葉ロッテ,8,0,3,0,,,0,0,0,.000,155,34,41,6,12,6,26,1,0,26,24,6.35
71675113,2003,千葉ロッテ,20,9,4,0,,,6,0,0,.692,566,140,114,19,31,9,74,0,0,60,57,3.66
71675113,2004,千葉ロッテ,23,12,6,0,,,4,0,1,.667,637,150.1,145,12,42,12,101,0,0,66,60,3.59
71675113,2005,千葉ロッテ,23,15,4,0,0,0,8,3,3,.789,722,187,152,14,27,4,101,0,0,48,45,2.17
71675113,2006,千葉ロッテ,23,5,11,0,0,0,4,0,1,.313,638,147,155,12,35,14,105,0,0,79,71,4.35
71675113,2007,千葉ロッテ,25,9,6,0,0,0,8,2,1,.600,707,177,154,14,34,3,93,1,0,57,48,2.44
71675113,2008,千葉ロッテ,26,13,8,0,0,0,3,2,1,.619,733,172.2,195,17,29,13,104,1,0,81,80,4.17
71675113,2009,千葉ロッテ,25,3,13,0,1,1,3,0,0,.188,621,144.1,144,9,46,13,74,0,1,69,65,4.05
71675113,2010,千葉ロッテ,26,8,8,0,0,1,3,0,0,.500,651,148.1,171,10,45,7,63,1,0,77,74,4.49
71675113,2011,千葉ロッテ,24,7,9,0,0,0,1,0,1,.438,566,132,139,11,39,6,43,1,0,58,54,3.68
71675113,2012,千葉ロッテ,13,4,4,0,0,0,1,0,1,.500,302,69.2,80,7,13,2,22,0,0,36,34,4.39
71675113,2013,千葉ロッテ,6,0,4,0,0,0,0,0,0,.000,125,25.1,34,2,9,4,9,0,0,19,13,4.62
63565133,2011,千葉ロッテ,62,3,4,1,25,28,0,0,0,.429,297,73.2,62,2,19,3,48,1,2,17,17,2.08
63565133,2012,千葉ロッテ,16,0,1,0,1,1,0,0,0,.000,77,15,24,2,6,1,13,1,0,13,10,6.00
63565133,2013,千葉ロッテ,52,0,1,0,27,27,0,0,0,.000,199,47.2,46,3,11,2,48,0,0,11,11,2.08
63565133,2014,千葉ロッテ,45,1,4,0,15,16,0,0,0,.200,177,41.2,35,5,17,1,27,0,2,17,14,3.02
63565133,2015,千葉ロッテ,29,1,3,0,11,12,0,0,0,.250,126,29,33,4,11,0,21,0,0,16,16,4.97
41745133,2013,千葉ロッテ,1,0,0,0,0,0,0,0,0,.000,9,2,4,0,0,0,1,0,0,0,0,0.00
41745133,2014,千葉ロッテ,1,0,0,0,0,0,0,0,0,.000,20,4,5,0,3,1,0,0,0,3,3,6.75
41745133,2015,千葉ロッテ,6,0,1,0,0,0,0,0,0,.000,53,12.1,15,1,2,0,4,0,0,6,4,2.92
41745133,2016,千葉ロッテ,4,0,0,0,0,0,0,0,0,.000,28,6,9,1,1,0,3,1,0,3,3,4.50
41745133,2017,千葉ロッテ,2,0,0,0,0,0,0,0,0,.000,12,2,5,1,0,1,1,0,1,4,3,13.50
11915133,2011,千葉ロッテ,9,1,5,0,0,0,0,0,0,.167,160,35.2,42,5,10,0,22,2,0,25,23,5.80
61465110,2005,オリックス,17,7,4,0,0,0,1,1,0,.636,412,89.2,112,11,33,5,49,0,0,59,51,5.12
61465110,2007,オリックス,2,0,2,0,0,0,0,0,0,.000,42,7,14,1,7,1,3,1,0,13,10,12.86
61465110,2008,オリックス,2,0,1,0,0,0,0,0,0,.000,19,1.2,8,1,5,1,0,1,0,11,11,59.40
61465110,2009,オリックス,3,1,2,0,0,0,0,0,0,.333,37,8.1,7,1,4,1,3,1,0,7,7,7.56
61465110,2010,オリックス,1,0,0,0,0,0,0,0,0,.000,5,1,2,2,0,0,0,0,0,2,2,18.00
61465110,2011,千葉ロッテ,3,0,3,0,0,0,0,0,0,.000,65,12.2,23,2,6,1,3,2,0,13,11,7.82
91695133,2012,千葉ロッテ,26,1,0,0,6,7,0,0,0,1.000,110,25,19,0,15,1,22,1,0,1,1,0.36
91695133,2013,千葉ロッテ,28,3,0,0,3,6,0,0,0,1.000,151,31.1,30,1,29,0,28,7,0,14,14,4.02
91695133,2014,千葉ロッテ,14,0,0,0,0,0,0,0,0,.000,103,22.2,18,3,15,1,23,3,0,18,17,6.75
91695133,2016,千葉ロッテ,57,5,4,0,16,21,0,0,0,.556,253,62.1,48,4,19,1,58,2,1,20,19,2.74
91695133,2017,千葉ロッテ,19,0,1,0,5,5,0,0,0,.000,81,17.2,21,3,10,0,13,0,0,11,10,5.09
91695133,2018,千葉ロッテ,35,2,2,0,6,8,0,0,0,.500,152,33,37,0,17,1,29,2,0,13,11,3.00
91695133,2019,千葉ロッテ,4,0,1,0,0,0,0,0,0,.000,18,3.2,4,1,4,0,3,0,0,5,5,12.27
91695133,2020,千葉ロッテ,6,0,0,0,0,0,0,0,0,.000,32,7.1,5,2,5,0,6,1,0,4,4,4.91
91695133,2021,千葉ロッテ,1,0,0,0,1,1,0,0,0,.000,1,0.1,0,0,0,0,1,0,0,0,0,0.00
51855114,2007,北海道日本ハム,12,0,1,0,0,0,0,0,0,.000,94,21.1,20,2,12,2,15,0,0,16,16,6.75
51855114,2009,北海道日本ハム,3,0,0,0,0,0,0,0,0,.000,10,2.1,2,1,1,0,3,1,0,2,2,7.71
51855114,2010,北海道日本ハム,6,0,0,0,0,0,0,0,0,.000,44,10,8,1,8,0,9,0,0,6,6,5.40
51855114,2011,千葉ロッテ,14,1,0,0,0,1,0,0,0,1.000,67,15.2,14,2,5,1,12,0,0,5,5,2.87
81285135,2012,千葉ロッテ,27,2,0,0,5,7,0,0,0,1.000,96,20.1,21,1,13,4,15,0,1,11,11,4.87
81285135,2013,千葉ロッテ,5,0,1,0,1,1,0,0,0,.000,9,1,1,0,5,0,0,0,0,2,2,18.00
81285135,2014,千葉ロッテ,5,0,1,0,0,0,0,0,0,.000,19,4,3,0,5,0,1,1,0,4,3,6.75
81285135,2018,横浜DeNA,8,0,0,0,1,1,0,0,0,.000,35,7.1,7,0,6,1,4,1,0,3,3,3.68
81285135,2019,横浜DeNA,4,0,0,0,0,0,0,0,0,.000,12,2.2,3,0,2,0,1,0,0,1,1,3.38
71675135,2012,千葉ロッテ,72,2,2,1,41,43,0,0,0,.500,308,75.1,61,2,19,2,57,2,0,25,14,1.67
71675135,2013,千葉ロッテ,68,2,6,33,9,11,0,0,0,.250,268,62,65,3,16,4,66,3,0,24,19,2.76
71675135,2014,千葉ロッテ,52,7,3,1,23,30,0,0,0,.700,226,51,56,3,16,2,57,2,0,28,28,4.94
71675135,2015,千葉ロッテ,51,3,2,0,11,14,0,0,0,.600,227,53,48,2,21,2,42,7,0,23,23,3.91
71675135,2016,千葉ロッテ,61,3,2,14,21,24,0,0,0,.600,238,59,53,2,16,0,36,1,0,13,12,1.83
71675135,2017,千葉ロッテ,38,0,4,9,6,6,0,0,0,.000,162,35.1,46,8,15,0,29,1,0,20,20,5.09
71675135,2018,千葉ロッテ,70,2,6,3,17,19,0,0,0,.250,264,64.1,44,6,27,3,61,2,0,26,22,3.08
71675135,2019,千葉ロッテ,60,4,5,27,12,16,0,0,0,.444,229,58.2,36,5,22,2,56,1,0,15,14,2.15
71675135,2020,千葉ロッテ,54,3,5,31,5,8,0,0,0,.375,214,52,42,1,17,2,53,4,0,15,13,2.25
71675135,2021,千葉ロッテ,67,3,6,38,0,3,0,0,0,.333,248,64.1,43,5,15,0,68,2,0,17,16,2.24
71675135,2022,千葉ロッテ,52,1,2,25,8,9,0,0,0,.333,224,52,46,6,19,3,47,8,0,21,19,3.29
71675135,2023,千葉ロッテ,58,2,5,36,13,15,0,0,0,.286,222,53.1,49,9,14,1,54,4,0,23,22,3.71
71675135,2024,千葉ロッテ,44,1,4,25,6,7,0,0,0,.200,172,41.2,27,2,14,3,35,2,0,16,12,2.59
71675135,2025,千葉ロッテ,22,1,4,5,2,3,0,0,0,.200,89,20.2,19,1,8,1,17,2,0,10,10,4.35
71675135,2026,千葉ロッテ,38,1,0,2,3,4,0,0,0,1.000,154,38.1,29,5,12,2,25,0,0,13,13,3.05
93595135,2012,千葉ロッテ,6,1,4,0,0,0,0,0,0,.200,124,26.1,41,2,8,0,14,1,2,19,19,6.49
03505135,2012,千葉ロッテ,1,0,0,0,0,0,0,0,0,.000,7,1,2,0,1,0,1,0,0,3,2,18.00
03505135,2013,千葉ロッテ,26,3,3,0,3,6,0,0,0,.500,137,30.2,31,2,13,2,22,1,0,12,11,3.23
01205137,2013,千葉ロッテ,58,4,1,1,28,30,0,0,0,.800,323,76.2,68,4,27,3,65,2,0,23,18,2.11
01205137,2014,千葉ロッテ,46,4,3,0,12,16,0,0,0,.571,185,41.1,48,3,16,5,21,2,0,17,15,3.27
01205137,2015,千葉ロッテ,41,0,0,0,13,13,0,0,0,.000,123,29,24,3,13,4,24,1,0,13,12,3.72
01205137,2016,千葉ロッテ,53,3,0,0,10,13,0,0,0,1.000,173,39,35,0,18,4,27,2,0,18,15,3.46
01205137,2017,千葉ロッテ,50,1,3,0,18,19,0,0,0,.250,153,36.1,33,1,12,1,31,4,0,16,13,3.22
01205137,2018,千葉ロッテ,60,2,5,0,26,28,0,0,0,.286,172,40,40,1,18,2,35,0,0,15,14,3.15
01205137,2019,千葉ロッテ,46,2,3,0,25,27,0,0,0,.400,144,34.2,25,3,17,3,32,1,0,13,10,2.60
01205137,2020,千葉ロッテ,5,0,0,0,3,3,0,0,0,.000,15,3.1,3,0,3,0,3,0,0,0,0,0.00
41145139,2014,千葉ロッテ,25,10,8,0,0,0,2,1,1,.556,669,160,165,10,37,4,111,3,0,72,61,3.43
41145139,2015,千葉ロッテ,27,12,12,0,0,0,3,2,0,.500,751,178.2,191,15,34,5,126,2,0,68,65,3.27
41145139,2016,千葉ロッテ,23,14,5,0,0,0,5,3,1,.737,643,162.1,142,16,22,6,104,4,0,40,39,2.16
41145139,2017,千葉ロッテ,16,3,11,0,0,0,1,0,1,.214,424,97.1,113,9,23,2,73,0,0,62,55,5.09
41145139,2018,千葉ロッテ,21,9,8,0,0,0,1,0,0,.529,559,133.1,137,15,29,3,77,0,0,61,58,3.92
41145139,2019,千葉ロッテ,27,8,5,0,5,5,0,0,0,.615,503,118.2,129,9,28,4,81,2,0,50,48,3.64
41145139,2020,千葉ロッテ,21,7,6,0,0,0,0,0,0,.538,555,133.1,138,19,26,4,77,3,0,65,63,4.25
41145139,2021,千葉ロッテ,12,6,3,0,0,0,2,0,1,.667,310,80,73,10,9,0,42,0,0,30,30,3.38
41145139,2022,千葉ロッテ,20,7,7,0,0,0,0,0,0,.500,504,123,128,12,20,4,67,0,0,48,40,2.93
41145139,2024,千葉ロッテ,5,3,1,0,0,0,0,0,0,.750,105,24.1,30,2,6,1,11,0,0,10,10,3.70
41345119,2007,北海道日本ハム,15,4,1,0,0,4,0,0,0,.800,87,23,20,0,3,0,9,0,0,6,6,2.35
41345119,2008,北海道日本ハム,10,0,1,0,0,0,0,0,0,.000,52,12,14,1,5,0,7,1,0,7,6,4.50
41345119,2009,北海道日本ハム,18,0,0,0,2,2,0,0,0,.000,86,21.1,17,0,8,1,9,0,0,2,2,0.84
41345119,2010,北海道日本ハム,17,1,1,0,0,0,0,0,0,.500,170,35.1,50,10,14,1,22,3,1,28,26,6.62
41345119,2014,千葉ロッテ,10,0,0,0,0,0,0,0,0,.000,51,9.1,16,2,9,0,3,1,0,10,10,9.64
41345119,2015,千葉ロッテ,16,1,0,0,1,2,0,0,0,1.000,95,20.2,29,4,6,1,17,1,0,13,13,5.66
41345119,2016,千葉ロッテ,1,0,0,0,0,0,0,0,0,.000,9,1,5,0,1,0,1,0,0,4,4,36.00
21225139,2015,千葉ロッテ,1,0,0,0,0,0,0,0,0,.000,20,5,4,0,2,0,3,0,0,1,1,1.80
21225139,2016,千葉ロッテ,22,7,9,0,0,0,1,0,0,.438,518,116.1,143,12,34,2,81,5,0,74,69,5.34
21225139,2017,千葉ロッテ,23,7,9,0,0,0,5,0,1,.438,588,143.1,136,14,35,2,128,2,1,58,54,3.39
21225139,2018,千葉ロッテ,16,4,7,0,0,0,3,1,0,.364,416,100.2,90,9,35,2,90,4,0,49,44,3.93
21225139,2019,千葉ロッテ,22,7,10,0,0,0,1,0,0,.412,538,128.2,127,16,30,6,115,3,0,68,63,4.41
21225139,2020,千葉ロッテ,15,9,3,0,0,0,1,1,1,.750,361,92.2,72,7,12,3,79,3,0,36,35,3.40
21225139,2021,千葉ロッテ,22,5,7,0,0,0,0,0,0,.417,494,117,119,24,28,4,77,3,0,61,57,4.38
21225139,2022,千葉ロッテ,9,2,4,0,0,0,0,0,0,.333,208,47.1,48,6,20,3,42,4,0,24,22,4.18
21225139,2025,千葉ロッテ,1,0,1,0,0,0,0,0,0,.000,7,1,2,1,1,1,0,0,0,4,4,36.00
21625139,2014,千葉ロッテ,6,1,1,0,0,1,0,0,0,.500,46,9.1,15,3,5,0,3,1,0,10,10,9.64
31635110,2005,西武,13,1,6,0,0,0,0,0,0,.143,253,55.1,62,11,23,4,57,2,0,45,45,7.32
31635110,2006,西武,26,12,8,0,0,0,8,1,2,.600,734,178,161,16,53,8,136,7,1,79,64,3.24
31635110,2007,西武,28,17,10,0,0,0,11,1,3,.630,877,213,199,14,50,8,141,7,0,71,66,2.79
31635110,2008,埼玉西武,25,10,11,0,0,0,5,0,1,.476,738,173,173,16,51,8,122,11,0,80,75,3.90
31635110,2009,埼玉西武,27,16,6,0,0,0,11,4,0,.727,863,211.2,162,12,76,9,199,5,0,57,54,2.30
31635110,2010,埼玉西武,27,14,8,0,0,0,6,2,1,.636,828,196.1,191,21,54,9,154,6,0,85,80,3.67
31635110,2011,埼玉西武,26,9,12,0,0,0,5,1,2,.429,744,178.1,184,9,41,8,108,7,0,71,58,2.93
31635110,2012,埼玉西武,55,1,5,30,3,4,0,0,0,.167,271,63,66,1,22,2,40,1,0,27,26,3.71
31635110,2013,埼玉西武,45,5,7,7,13,15,1,0,1,.417,398,92.1,89,4,29,8,79,5,0,51,40,3.90
31635110,2014,千葉ロッテ,26,8,12,0,0,0,1,0,0,.400,708,164.2,158,9,63,10,116,7,1,81,77,4.21
31635110,2015,千葉ロッテ,28,15,9,0,0,0,1,0,1,.625,786,188.2,178,11,57,8,117,6,0,79,71,3.39
31635110,2016,千葉ロッテ,26,10,7,0,0,0,5,0,1,.588,793,188.2,195,15,48,4,118,1,0,73,63,3.01
31635110,2017,千葉ロッテ,25,5,11,0,0,0,1,1,0,.313,675,158,156,20,53,7,115,6,0,74,70,3.99
31635110,2018,千葉ロッテ,22,7,9,0,0,0,1,1,0,.438,629,150.2,155,16,43,2,99,3,0,65,62,3.70
31635110,2019,千葉ロッテ,18,3,7,0,0,0,2,1,1,.300,462,104,121,14,27,6,87,3,0,58,52,4.50
31635110,2020,東北楽天,20,11,4,0,0,0,1,1,0,.733,529,130,110,17,38,3,110,3,0,53,52,3.60
31635110,2021,東北楽天,21,6,8,0,0,0,0,0,0,.429,420,96.1,110,7,26,2,76,4,0,57,54,5.04
31635110,2022,東北楽天,10,4,3,0,0,0,1,0,1,.571,224,56,50,6,10,1,35,0,0,23,22,3.54
31635110,2023,中日,21,5,13,0,0,0,0,0,0,.278,479,111,116,9,30,2,89,1,0,53,49,3.97
31635110,2024,中日,16,3,5,0,0,0,0,0,0,.375,349,85,79,4,23,2,46,3,0,31,29,3.07
31635110,2025,中日,12,4,6,0,0,0,0,0,0,.400,267,63.1,63,4,19,6,41,2,0,31,29,4.12
31635110,2026,中日,12,4,3,0,0,0,0,0,0,.571,268,64.1,74,9,7,1,46,1,0,29,28,3.92
91395130,2018,千葉ロッテ,18,1,3,0,6,6,0,0,0,.250,117,25.2,28,0,13,1,17,1,0,14,13,4.56
91395130,2019,千葉ロッテ,21,5,3,0,1,1,0,0,0,.625,406,96.1,80,14,47,2,74,2,0,44,39,3.64
91395130,2020,千葉ロッテ,17,7,7,0,0,1,0,0,0,.500,393,90,98,11,35,3,74,4,1,44,42,4.20
91395130,2021,千葉ロッテ,23,8,8,0,1,1,0,0,0,.500,514,120,110,14,46,2,87,7,0,59,59,4.43
91395130,2022,千葉ロッテ,14,1,0,0,3,4,0,0,0,1.000,61,16.1,6,1,8,0,9,1,0,1,1,0.55
91395130,2023,千葉ロッテ,27,1,0,0,3,4,0,0,0,1.000,130,30.2,25,2,14,1,28,3,0,11,10,2.93
91395130,2024,千葉ロッテ,21,2,0,0,3,5,0,0,0,1.000,85,21.2,13,2,9,0,13,2,0,7,7,2.91
93195130,2015,千葉ロッテ,37,9,9,0,4,6,0,0,0,.500,536,119.2,121,11,63,3,106,8,1,63,51,3.84
93195130,2016,千葉ロッテ,3,0,0,0,1,1,0,0,0,.000,25,5,6,1,4,1,2,0,0,5,4,7.20
81085130,2015,千葉ロッテ,2,0,1,0,0,0,0,0,0,.000,37,6,12,0,7,0,5,1,0,9,9,13.50
23525133,2014,横浜DeNA,1,0,0,0,0,0,0,0,0,.000,14,2.1,5,2,2,0,3,0,0,4,3,11.57
23525133,2015,千葉ロッテ,14,5,4,0,0,1,0,0,0,.556,259,61.1,61,4,23,2,47,2,0,24,22,3.23
23525133,2016,千葉ロッテ,7,1,1,0,0,0,0,0,0,.500,104,24.2,25,3,10,0,23,2,0,14,11,4.01
23525133,2017,千葉ロッテ,27,3,4,0,4,6,0,0,0,.429,270,63,56,5,32,0,59,5,0,26,23,3.29
23525133,2018,千葉ロッテ,24,0,1,0,1,1,0,0,0,.000,178,41.1,40,6,20,0,27,0,0,20,18,3.92
23525133,2019,千葉ロッテ,44,1,1,0,5,6,0,0,0,.500,253,57,54,2,27,2,45,2,0,28,23,3.63
23525133,2020,千葉ロッテ,19,1,0,0,2,3,0,0,0,1.000,89,19.2,20,1,13,0,12,0,0,8,7,3.20
81685130,2016,千葉ロッテ,2,0,0,0,0,0,0,0,0,.000,6,2,0,0,0,0,2,0,0,0,0,0.00
81685130,2017,千葉ロッテ,6,0,0,0,0,0,0,0,0,.000,43,8,11,0,3,3,7,0,0,9,7,7.88
11015132,2016,千葉ロッテ,16,5,6,0,0,0,0,0,0,.455,391,88,100,8,34,5,58,2,0,58,54,5.52
11015132,2017,千葉ロッテ,10,2,4,0,1,2,0,0,0,.333,209,45,57,3,17,1,38,2,0,21,19,3.80
11015132,2018,千葉ロッテ,2,0,0,0,0,0,0,0,0,.000,21,5,5,0,1,0,2,0,0,3,3,5.40
01005112,2010,埼玉西武,11,0,1,0,0,0,0,0,0,.000,60,12.2,16,1,6,0,7,0,0,9,7,4.97
01005112,2012,埼玉西武,5,0,0,0,0,0,0,0,0,.000,40,8.1,10,1,6,0,6,0,0,6,6,6.48
01005112,2014,埼玉西武,8,0,1,0,0,0,0,0,0,.000,35,7,11,1,5,1,2,0,0,5,5,6.43
01005112,2015,埼玉西武,18,1,1,1,0,1,0,0,0,.500,105,26.2,23,1,7,0,13,0,0,4,4,1.35
01005112,2016,千葉ロッテ,17,0,1,0,1,1,0,0,0,.000,68,16.1,16,2,5,2,11,1,0,5,5,2.76
01005112,2017,千葉ロッテ,13,1,0,1,0,1,0,0,0,1.000,50,13.2,5,0,4,1,6,1,0,3,3,1.98
01005112,2018,千葉ロッテ,32,2,1,0,5,7,0,0,0,.667,113,26.1,27,3,5,1,16,1,0,13,13,4.44
01005112,2019,千葉ロッテ,44,4,1,0,2,6,0,0,0,.800,166,39.2,42,2,12,3,29,0,0,12,12,2.72
01005112,2020,千葉ロッテ,8,1,0,0,2,3,0,0,0,1.000,30,7.1,5,1,4,0,8,0,0,2,2,2.45
01005112,2021,千葉ロッテ,38,1,2,0,10,11,0,0,0,.333,156,33.2,42,3,13,2,20,3,0,18,17,4.54
01005112,2022,千葉ロッテ,15,0,1,0,2,2,0,0,0,.000,75,14,25,2,10,0,6,2,0,17,13,8.36
21225132,2016,千葉ロッテ,11,0,0,0,1,1,0,0,0,.000,62,11.2,14,1,14,2,6,0,0,13,13,10.03
21225132,2017,千葉ロッテ,12,0,0,0,1,1,0,0,0,.000,78,17,18,1,11,2,17,1,0,13,13,6.88
21225132,2018,千葉ロッテ,11,0,0,0,2,2,0,0,0,.000,42,11.2,6,2,4,0,10,0,0,2,2,1.54
21225132,2019,千葉ロッテ,58,1,0,0,16,17,0,0,0,1.000,232,52.1,52,7,21,7,53,1,0,26,22,3.78
21225132,2020,千葉ロッテ,39,1,1,0,5,6,0,0,0,.500,121,28.1,25,3,12,4,26,0,0,10,8,2.54
21225132,2021,千葉ロッテ,5,0,0,0,1,1,0,0,0,.000,20,3.1,7,0,5,0,0,0,0,2,2,5.40
21225132,2022,千葉ロッテ,59,4,4,0,30,34,0,0,0,.500,227,56.1,51,3,10,4,63,1,0,14,13,2.08
21225132,2023,千葉ロッテ,11,0,0,1,2,2,0,0,0,.000,45,9.2,12,1,5,0,10,1,0,9,8,7.45
51455132,2017,千葉ロッテ,4,0,2,0,1,1,0,0,0,.000,52,12.1,12,2,4,1,8,0,0,8,6,4.38
51455132,2018,千葉ロッテ,5,0,0,0,0,0,0,0,0,.000,17,4,3,0,2,0,1,1,0,2,2,4.50
51455132,2020,千葉ロッテ,3,0,0,0,0,0,0,0,0,.000,15,3,5,2,0,1,3,0,0,6,6,18.00
51455132,2021,千葉ロッテ,3,0,0,0,0,0,0,0,0,.000,14,3,3,0,2,0,3,0,0,0,0,0.00
51455132,2023,東京ヤクルト,3,0,0,0,0,0,0,0,0,.000,17,3.1,4,0,1,2,2,1,0,2,2,5.40
51155134,2017,千葉ロッテ,53,2,5,1,16,18,0,0,0,.286,222,53.1,48,4,14,3,27,0,0,17,17,2.87
51155134,2018,千葉ロッテ,29,6,5,0,2,2,0,0,0,.545,462,106,118,15,31,4,54,2,0,50,44,3.74
51155134,2019,千葉ロッテ,2,0,2,0,0,0,0,0,0,.000,37,7.1,12,4,5,0,2,0,0,11,11,13.50
51155134,2020,千葉ロッテ,3,1,1,0,0,0,0,0,0,.500,49,11,15,1,2,0,5,0,0,6,6,4.91
51155134,2021,横浜DeNA,1,0,1,0,0,0,0,0,0,.000,27,6.2,8,1,0,0,3,0,0,2,2,2.70
51155134,2022,横浜DeNA,1,0,1,0,0,0,0,0,0,.000,18,4,4,0,1,1,1,0,0,3,3,6.75
61765134,2017,千葉ロッテ,19,5,1,0,1,1,2,0,1,.833,315,74.2,75,11,20,3,48,0,0,28,26,3.13
61765134,2018,千葉ロッテ,15,2,6,0,0,0,0,0,0,.250,373,83.2,91,12,35,4,55,0,2,57,52,5.59
61765134,2019,千葉ロッテ,54,5,4,0,20,25,0,0,0,.556,248,57.2,51,9,25,1,60,1,0,28,28,4.37
61765134,2020,東北楽天,46,3,2,0,12,15,0,0,0,.600,188,44.1,38,4,18,3,34,1,0,20,18,3.65
61765134,2021,東北楽天,54,4,3,3,28,32,0,0,0,.571,206,51.1,33,3,24,0,44,1,0,15,13,2.28
61765134,2022,東北楽天,34,1,1,0,1,2,0,0,0,.500,141,32.2,23,4,17,4,32,2,0,12,12,3.31
61765134,2023,東北楽天,47,5,3,1,20,25,0,0,0,.625,184,42.1,36,1,25,0,30,1,0,17,14,2.98
61765134,2024,東北楽天,49,2,2,0,26,28,0,0,0,.500,185,46.1,35,0,15,2,29,0,0,13,12,2.33
71975134,2017,千葉ロッテ,15,4,7,0,0,0,1,0,0,.364,363,85.1,75,9,48,1,59,3,1,41,40,4.22
71975134,2019,千葉ロッテ,7,2,1,0,0,0,0,0,0,.667,130,32,26,2,12,1,22,0,0,11,9,2.53
71975134,2020,千葉ロッテ,5,0,0,0,0,0,0,0,0,.000,23,4.1,7,1,2,1,5,1,0,4,4,8.31
71975134,2021,千葉ロッテ,54,8,1,1,26,34,0,0,0,.889,222,57,36,4,14,2,28,0,0,13,8,1.26
71975134,2022,千葉ロッテ,23,2,3,0,1,3,0,0,0,.400,120,25.1,35,2,11,0,17,1,0,18,18,6.39
71975134,2023,千葉ロッテ,2,0,0,0,0,0,0,0,0,.000,15,3,6,0,0,1,0,0,0,2,1,3.00
71975134,2024,横浜DeNA,28,0,1,1,6,6,0,0,0,.000,158,37,30,3,17,2,28,0,0,9,8,1.95
71975134,2025,横浜DeNA,20,2,1,0,4,6,0,0,0,.667,94,21.2,20,1,11,1,20,0,0,10,10,4.15
71975134,2026,横浜DeNA,5,1,0,0,0,1,0,0,0,1.000,22,5,3,0,2,2,4,0,0,0,0,0.00
71275134,2018,千葉ロッテ,7,0,4,0,0,0,1,0,0,.000,169,38.1,42,5,13,1,28,4,0,28,26,6.10
71275134,2019,千葉ロッテ,26,8,2,0,2,2,0,0,0,.800,506,116.2,114,11,51,2,135,5,0,47,42,3.24
71275134,2020,千葉ロッテ,7,3,2,0,0,0,1,1,0,.600,198,46.2,43,7,15,5,41,0,0,18,18,3.47
71275134,2022,千葉ロッテ,1,0,0,0,0,0,0,0,0,.000,16,3,5,1,4,0,2,1,0,3,3,9.00
71275134,2023,千葉ロッテ,23,10,7,0,0,0,0,0,0,.588,571,136.2,124,12,45,7,157,3,0,56,52,3.42
71275134,2024,千葉ロッテ,23,7,8,0,0,0,2,0,1,.467,612,147.1,128,5,38,9,148,4,1,55,50,3.05
71275134,2025,千葉ロッテ,24,9,8,0,0,0,2,0,0,.529,666,160.2,134,13,50,6,161,9,0,55,47,2.63
71275134,2026,千葉ロッテ,2,0,0,0,0,0,0,0,0,.000,28,7.2,6,0,0,0,7,0,0,0,0,0.00
31435134,2017,千葉ロッテ,18,0,1,0,2,2,0,0,0,.000,98,19.1,25,4,12,2,14,3,0,22,20,9.31
31435134,2018,千葉ロッテ,6,2,1,0,0,0,0,0,0,.667,125,28.1,30,4,16,0,16,3,0,16,16,5.08
31435134,2019,千葉ロッテ,6,1,0,0,0,0,0,0,0,1.000,137,31.2,35,4,12,0,28,1,0,12,11,3.13
31435134,2021,千葉ロッテ,1,0,1,0,0,0,0,0,0,.000,11,2,6,1,0,0,0,0,0,3,3,13.50
31435134,2022,千葉ロッテ,1,1,0,0,0,1,0,0,0,1.000,6,1,2,0,1,0,0,0,0,0,0,0.00
51555114,2007,福岡ソフトバンク,8,2,4,0,0,0,0,0,0,.333,196,43.2,43,7,24,2,33,3,0,30,29,5.98
51555114,2008,福岡ソフトバンク,22,11,8,0,0,1,6,2,2,.579,621,155.2,122,16,39,5,138,1,0,58,54,3.12
51555114,2009,福岡ソフトバンク,26,8,10,0,0,0,0,0,0,.444,565,129.1,144,19,41,5,107,2,0,73,66,4.59
51555114,2010,福岡ソフトバンク,20,4,9,0,0,0,0,0,0,.308,482,110.2,116,12,43,1,91,4,1,57,53,4.31
51555114,2011,福岡ソフトバンク,9,3,0,0,0,0,0,0,0,1.000,133,34.2,22,2,4,3,33,1,0,9,9,2.34
51555114,2012,福岡ソフトバンク,25,12,8,0,0,0,6,3,1,.600,705,177.1,147,9,46,4,134,4,0,45,40,2.03
51555114,2013,福岡ソフトバンク,7,3,3,0,0,0,0,0,0,.500,179,42.2,42,3,10,1,29,0,0,19,16,3.38
51555114,2014,福岡ソフトバンク,9,3,1,0,0,0,1,1,0,.750,204,55,34,2,14,2,45,0,0,11,10,1.64
51555114,2015,福岡ソフトバンク,11,5,4,0,0,0,3,2,1,.556,300,74.1,62,9,15,6,35,1,0,25,21,2.54
51555114,2016,福岡ソフトバンク,1,1,0,0,0,0,0,0,0,1.000,25,6,4,0,2,2,4,0,0,1,1,1.50
51555114,2017,福岡ソフトバンク,1,0,1,0,0,0,0,0,0,.000,20,3.2,9,3,1,0,1,0,0,6,6,14.73
51555114,2018,千葉ロッテ,2,0,2,0,0,0,0,0,0,.000,14,1.2,8,2,0,0,0,0,0,8,7,37.80
63365136,2018,千葉ロッテ,2,0,2,0,0,0,0,0,0,.000,33,7,9,0,6,0,5,1,0,9,6,7.71
93595136,2018,千葉ロッテ,25,1,3,1,9,9,0,0,0,.250,171,37.2,45,2,17,2,34,0,0,21,19,4.54
41245136,2018,千葉ロッテ,4,0,0,0,0,0,0,0,0,.000,15,4,1,0,4,0,3,0,0,0,0,0.00
41245136,2019,千葉ロッテ,5,0,1,0,3,3,0,0,0,.000,15,4,3,0,2,1,2,0,0,2,2,4.50
41245136,2020,千葉ロッテ,13,0,0,0,0,0,0,0,0,.000,73,15,16,0,13,0,14,2,0,9,9,5.40
13715136,2018,千葉ロッテ,20,13,2,0,0,0,2,1,0,.867,477,117.2,100,7,43,1,84,0,0,44,40,3.06
13715136,2019,千葉ロッテ,20,4,6,0,0,0,0,0,0,.400,465,103,105,14,52,5,86,3,0,61,53,4.63
61865136,2022,千葉ロッテ,3,0,1,0,0,0,0,0,0,.000,39,8,11,1,5,0,4,0,0,9,9,10.13
61865136,2023,千葉ロッテ,7,1,4,0,0,0,0,0,0,.200,153,33,41,3,10,2,29,0,0,23,22,6.00
61865136,2026,千葉ロッテ,1,0,1,0,0,0,0,0,0,.000,19,2.2,8,0,2,1,3,0,0,3,3,10.13
93195136,2018,千葉ロッテ,1,0,1,0,0,0,0,0,0,.000,17,3,5,0,4,0,1,0,0,4,2,6.00
93195136,2020,千葉ロッテ,12,0,0,0,0,0,0,0,0,.000,54,13.2,11,1,6,0,7,0,0,4,4,2.63
93195136,2022,東京ヤクルト,5,0,0,0,0,0,0,0,0,.000,27,5.2,10,3,1,0,4,0,0,5,5,7.94
93195136,2023,東京ヤクルト,42,2,0,0,9,11,0,0,0,1.000,148,35.1,32,4,13,3,26,2,0,11,10,2.55
93195136,2024,東京ヤクルト,44,3,0,1,12,15,0,0,0,1.000,126,31.2,18,0,15,0,31,2,0,6,5,1.42
93195136,2025,東京ヤクルト,17,0,0,0,1,1,0,0,0,.000,74,15.2,19,1,6,1,6,1,0,12,9,5.17
53355136,2018,千葉ロッテ,6,0,1,0,0,0,0,0,0,.000,129,28,37,2,10,0,12,2,0,18,15,4.82
31135138,2019,千葉ロッテ,24,3,2,0,7,10,0,0,0,.600,92,21,19,2,13,0,16,2,0,11,11,4.71
31135138,2020,千葉ロッテ,13,0,0,0,1,1,0,0,0,.000,69,15,10,2,14,0,4,0,0,5,5,3.00
31135138,2021,千葉ロッテ,37,1,0,0,4,5,0,0,0,1.000,149,34.1,38,4,9,2,29,2,1,16,11,2.88
31135138,2022,千葉ロッテ,3,0,0,0,0,0,0,0,0,.000,21,4,9,2,2,0,1,1,0,4,3,6.75
31135138,2023,千葉ロッテ,36,0,1,0,11,11,0,0,0,.000,141,34,29,3,12,1,28,4,0,11,11,2.91
31135138,2024,千葉ロッテ,6,0,1,0,0,0,0,0,0,.000,37,7.1,13,2,2,1,7,1,0,9,9,11.05
31135138,2025,千葉ロッテ,6,0,0,0,1,1,0,0,0,.000,28,5.1,10,0,3,0,4,0,0,4,4,6.75
31135138,2026,千葉ロッテ,1,0,0,0,0,0,0,0,0,.000,14,2,7,0,1,0,0,0,0,5,2,9.00
11515138,2019,千葉ロッテ,10,3,5,0,0,0,0,0,0,.375,232,54.1,55,5,20,1,45,0,0,28,26,4.31
11515138,2020,千葉ロッテ,20,7,8,0,0,0,0,0,0,.467,479,113.1,106,12,47,3,83,0,1,50,47,3.73
11515138,2021,千葉ロッテ,24,10,4,0,0,0,3,2,2,.714,606,146,123,16,51,6,92,2,0,65,61,3.76
11515138,2022,千葉ロッテ,24,3,11,0,0,0,0,0,0,.214,599,143.1,140,10,43,4,89,1,0,57,50,3.14
11515138,2023,千葉ロッテ,25,10,6,0,0,0,0,0,0,.625,657,158.1,143,14,57,6,114,2,0,64,61,3.47
11515138,2024,千葉ロッテ,25,12,10,0,0,0,5,1,1,.545,671,163.1,157,15,36,7,132,5,0,68,65,3.58
11515138,2025,千葉ロッテ,24,8,10,0,0,0,0,0,0,.444,619,145,144,20,54,3,92,3,0,67,60,3.72
11515138,2026,千葉ロッテ,19,5,9,0,0,0,1,0,0,.357,473,110.1,105,13,37,8,88,3,0,52,45,3.67
01005138,2021,千葉ロッテ,14,0,0,0,0,0,0,0,0,.000,65,14.1,15,3,11,1,10,0,0,12,12,7.53
01205138,2019,千葉ロッテ,10,1,1,0,3,4,0,0,0,.500,103,25,23,2,8,1,21,3,2,12,12,4.32
01205138,2020,千葉ロッテ,16,2,5,0,0,0,0,0,0,.286,278,64,61,11,31,0,40,4,0,41,34,4.78
01205138,2021,千葉ロッテ,14,0,2,0,0,0,0,0,0,.000,172,38,40,3,18,1,27,3,2,19,13,3.08
01205138,2022,千葉ロッテ,10,0,0,0,1,1,0,0,0,.000,64,12.1,17,0,9,1,10,1,0,11,11,8.03
01205138,2023,千葉ロッテ,17,3,1,0,0,3,0,0,0,.750,99,23.1,22,0,6,1,19,1,0,6,6,2.31
01205138,2024,千葉ロッテ,17,1,0,0,0,1,0,0,0,1.000,139,34,30,1,9,1,17,0,1,14,14,3.71
01205138,2025,千葉ロッテ,15,0,0,0,0,0,0,0,0,.000,87,20,19,2,10,0,8,0,0,8,7,3.15
01205138,2026,福岡ソフトバンク,7,0,0,0,0,0,0,0,0,.000,38,10,7,1,0,1,8,0,0,3,3,2.70
03305133,2011,横浜,12,1,1,0,1,1,0,0,0,.500,98,23.1,19,1,8,3,17,0,0,3,3,1.16
03305133,2012,横浜DeNA,16,2,8,0,0,0,0,0,0,.200,301,69.1,66,3,29,3,42,1,1,43,41,5.32
03305133,2019,千葉ロッテ,14,0,2,0,3,3,0,0,0,.000,75,16,16,1,12,1,20,0,0,9,7,3.94
51655138,2020,千葉ロッテ,2,0,1,0,0,0,0,0,0,.000,30,6.1,6,1,7,1,7,3,0,3,3,4.26
53555138,2019,千葉ロッテ,2,0,0,0,0,0,0,0,0,.000,12,1.2,3,1,3,1,1,0,0,5,5,27.00
51555130,2015,東北楽天,4,0,0,0,0,0,0,0,0,.000,27,5,10,1,4,1,0,1,0,8,8,14.40
51555130,2016,東北楽天,11,0,0,0,0,0,0,0,0,.000,69,13.1,20,1,9,0,7,3,0,14,13,8.78
51555130,2017,東北楽天,2,0,0,0,0,0,0,0,0,.000,8,2,2,2,0,0,1,0,0,2,2,9.00
51555130,2018,東北楽天,9,0,1,0,0,0,0,0,0,.000,42,10.1,9,1,4,2,9,0,0,4,4,3.48
51555130,2019,東北楽天,13,0,0,0,0,0,0,0,0,.000,87,18.2,26,3,5,2,14,1,0,13,13,6.27
51555130,2020,千葉ロッテ,40,2,2,0,4,6,0,0,0,.500,162,39,31,2,18,1,32,0,0,18,14,3.23
51555130,2021,千葉ロッテ,49,0,3,0,8,8,0,0,0,.000,220,51.2,37,4,26,2,56,5,0,25,20,3.48
51555130,2022,千葉ロッテ,44,0,0,0,18,18,0,0,0,.000,176,40.2,36,2,16,1,33,2,0,11,9,1.99
51555130,2023,千葉ロッテ,10,0,1,0,4,4,0,0,0,.000,41,9.2,9,0,3,1,6,2,0,5,5,4.66
51555130,2024,千葉ロッテ,3,0,0,0,0,0,0,0,0,.000,13,3,4,0,1,0,1,1,0,1,1,3.00
51555130,2025,千葉ロッテ,47,2,2,0,10,12,0,0,0,.500,180,41.2,40,1,13,2,41,1,0,15,12,2.59
51555130,2026,千葉ロッテ,40,2,3,0,6,8,0,0,0,.400,170,43.1,30,4,12,3,39,2,0,11,11,2.28
31035151,2021,千葉ロッテ,11,3,2,0,0,0,0,0,0,.600,258,63.1,51,5,16,0,68,3,0,24,16,2.27
31035151,2022,千葉ロッテ,20,9,4,0,0,0,2,1,1,.692,490,129.1,80,7,23,7,173,4,1,31,29,2.02
31035151,2023,千葉ロッテ,15,7,4,0,0,0,0,0,0,.636,345,91,51,1,17,5,135,12,0,19,18,1.78
31035151,2024,千葉ロッテ,18,10,5,0,0,0,1,0,1,.667,450,111,83,2,32,8,129,9,0,34,29,2.35
93795134,2017,東北楽天,56,3,1,1,33,36,0,0,0,.750,222,53,48,8,13,3,58,2,4,20,16,2.72
93795134,2018,東北楽天,47,2,3,18,12,14,0,0,0,.400,183,45.1,36,2,17,2,44,4,0,13,10,1.99
93795134,2019,東北楽天,50,5,3,0,21,26,0,0,0,.625,184,47.1,31,5,16,0,49,2,0,16,16,3.04
93795134,2020,千葉ロッテ,38,3,2,1,23,26,0,0,0,.600,149,37.2,28,2,12,0,37,4,0,9,9,2.15
93795134,2021,千葉ロッテ,45,1,1,0,24,25,0,0,0,.500,189,43.1,47,7,13,1,38,3,0,26,25,5.19
43745151,2020,千葉ロッテ,14,2,2,0,1,3,0,0,0,.500,108,22.1,27,3,16,0,25,2,0,19,19,7.66
43745151,2021,千葉ロッテ,10,1,0,0,0,1,0,0,0,1.000,52,13,9,0,5,0,11,2,0,3,2,1.38
01605133,2011,東北楽天,23,2,1,0,5,7,0,0,0,.667,102,26.1,19,1,4,1,13,2,0,9,9,3.08
01605133,2012,東北楽天,23,8,10,0,0,1,2,0,0,.444,633,154.2,142,12,36,5,108,5,0,55,53,3.08
01605133,2013,東北楽天,18,6,5,0,0,0,0,0,0,.545,430,98.1,118,11,31,8,63,7,0,46,45,4.12
01605133,2014,東北楽天,14,2,9,0,0,0,0,0,0,.182,327,72.2,84,4,25,7,51,0,0,41,39,4.83
01605133,2015,東北楽天,16,3,7,0,0,0,0,0,0,.300,380,86.1,102,9,21,1,62,5,0,45,33,3.44
01605133,2016,東北楽天,26,9,9,0,0,0,1,1,1,.500,678,155,181,14,32,8,116,5,1,80,74,4.30
01605133,2017,東北楽天,26,11,8,0,0,0,3,1,1,.579,684,171.1,155,18,33,4,134,4,1,66,62,3.26
01605133,2018,東北楽天,14,2,6,0,0,0,0,0,0,.250,340,79,88,12,23,3,41,1,0,42,40,4.56
01605133,2019,東北楽天,25,8,5,0,0,0,2,0,1,.615,600,143.2,146,19,24,4,112,3,0,69,64,4.01
01605133,2020,千葉ロッテ,19,10,4,0,0,0,1,0,1,.714,517,123,130,9,25,0,88,3,0,62,54,3.95
01605133,2021,千葉ロッテ,21,6,7,0,0,0,0,0,0,.462,506,115.1,139,15,32,4,92,4,0,72,63,4.92
01605133,2022,千葉ロッテ,20,10,6,0,0,0,1,1,1,.625,481,117.2,107,9,29,3,86,6,0,40,38,2.91
01605133,2023,千葉ロッテ,18,3,9,0,0,0,0,0,0,.250,429,98.1,106,13,32,3,67,1,0,55,52,4.76
01605133,2024,千葉ロッテ,3,0,2,0,0,0,0,0,0,.000,69,13.1,17,2,9,0,8,0,0,12,11,7.43
01605133,2025,千葉ロッテ,1,0,0,0,0,0,0,0,0,.000,1,0.1,0,0,0,0,1,0,0,0,0,0.00
13115151,2021,千葉ロッテ,8,1,2,0,0,0,0,0,0,.333,164,37.2,41,7,15,2,17,0,0,20,20,4.78
13115151,2022,千葉ロッテ,12,3,2,0,0,1,0,0,0,.600,254,56,61,14,26,2,40,2,1,32,29,4.66
13115151,2023,千葉ロッテ,1,0,0,0,0,0,0,0,0,.000,22,5,4,1,4,0,5,0,0,2,2,3.60
23125151,2021,千葉ロッテ,10,0,0,0,0,0,0,0,0,.000,48,9.2,14,1,3,2,11,0,0,6,5,4.66
23125151,2022,千葉ロッテ,1,0,0,0,0,0,0,0,0,.000,5,0.2,2,0,1,0,1,0,0,2,2,27.00
23125151,2023,千葉ロッテ,38,2,3,1,8,10,0,0,0,.400,172,39.1,41,3,18,1,42,3,0,25,23,5.26
23125151,2024,千葉ロッテ,43,3,1,3,18,21,0,0,0,.750,169,42,27,1,13,5,37,2,0,8,8,1.71
23125151,2025,千葉ロッテ,50,2,4,12,20,21,0,0,0,.333,227,56.1,37,3,16,5,47,3,0,14,13,2.08
23125151,2026,千葉ロッテ,53,2,3,34,7,9,0,0,0,.400,220,51.1,42,2,20,5,34,4,0,17,14,2.45
71175110,2005,中日,24,3,1,0,5,7,0,0,0,.750,163,32.1,49,3,18,1,27,2,0,22,21,5.85
71175110,2006,中日,11,2,1,0,0,2,0,0,0,.667,101,24.2,20,1,10,2,24,1,0,11,11,4.01
71175110,2007,中日,16,2,2,0,4,6,0,0,0,.500,74,18.1,13,1,11,0,14,0,0,6,6,2.95
71175110,2008,横浜,35,2,0,0,14,15,0,0,0,1.000,177,45.1,28,3,16,2,40,0,0,12,12,2.38
71175110,2009,横浜,28,0,6,6,3,3,0,0,0,.000,114,25.1,26,4,11,1,18,0,0,15,12,4.26
71175110,2010,北海道日本ハム,13,0,0,0,5,5,0,0,0,.000,43,10.2,8,0,2,1,8,1,0,3,3,2.53
71175110,2011,北海道日本ハム,39,3,1,0,9,12,0,0,0,.750,138,34.1,27,1,11,0,22,0,0,6,5,1.31
71175110,2012,北海道日本ハム,18,2,1,0,6,8,0,0,0,.667,65,17,8,2,6,0,18,0,0,3,3,1.59
71175110,2013,北海道日本ハム,51,4,6,0,17,21,0,0,0,.400,202,46,45,2,23,0,35,1,0,18,14,2.74
71175110,2014,北海道日本ハム,13,1,0,0,0,1,0,0,0,1.000,49,9.2,14,1,8,0,6,0,0,7,5,4.66
71175110,2015,北海道日本ハム,51,0,1,0,7,7,0,0,0,.000,151,35,31,0,14,1,26,0,1,15,8,2.06
71175110,2016,北海道日本ハム,22,0,0,0,12,12,0,0,0,.000,63,16.1,11,0,4,0,16,0,0,3,3,1.65
71175110,2017,北海道日本ハム,8,0,0,0,0,0,0,0,0,.000,31,6,9,2,2,0,4,0,0,7,6,9.00
71175110,2018,北海道日本ハム,1,0,0,0,1,1,0,0,0,.000,1,0.1,0,0,0,0,0,0,0,0,0,0.00
21125114,2009,北海道日本ハム,13,4,5,0,0,0,2,0,0,.444,295,71,53,8,27,8,43,0,0,40,36,4.56
21125114,2010,北海道日本ハム,8,2,2,0,0,0,0,0,0,.500,159,36.1,38,10,10,4,17,0,0,29,27,6.69
21125114,2011,北海道日本ハム,5,2,1,0,0,0,1,1,0,.667,118,26,33,2,3,5,14,0,0,15,13,4.50
21125114,2012,北海道日本ハム,1,0,0,0,0,0,0,0,0,.000,3,0.1,1,0,1,0,0,0,0,0,0,0.00
21325114,2008,北海道日本ハム,2,0,0,0,0,0,0,0,0,.000,15,3,3,0,3,1,0,1,0,1,1,3.00
21325114,2009,北海道日本ハム,1,0,0,0,0,0,0,0,0,.000,20,3,7,1,4,0,2,2,0,5,5,15.00
21325114,2012,北海道日本ハム,9,1,0,0,0,1,0,0,0,1.000,51,12,8,1,7,1,12,0,0,5,5,3.75
91395131,2011,北海道日本ハム,1,0,0,0,0,0,0,0,0,.000,5,1,2,1,0,0,0,0,0,1,1,9.00
71675131,2010,北海道日本ハム,42,4,3,3,8,9,0,0,0,.571,255,62.1,66,5,13,3,24,0,0,24,21,3.03
71675131,2011,北海道日本ハム,26,12,11,0,0,0,1,0,0,.522,645,150,161,4,36,11,90,3,0,64,60,3.60
71675131,2012,北海道日本ハム,26,10,9,0,0,0,1,0,0,.526,628,149,155,2,40,6,83,0,0,49,44,2.66
71675131,2013,北海道日本ハム,22,9,6,0,0,0,1,1,0,.600,550,130,134,6,32,5,60,4,0,50,44,3.05
71675131,2014,福岡ソフトバンク,8,4,2,0,0,0,0,0,0,.667,196,47.1,44,5,14,0,32,1,0,19,16,3.04
71675131,2015,福岡ソフトバンク,2,0,1,0,0,0,0,0,0,.000,47,9,18,1,4,0,3,0,0,11,11,11.00
71675131,2016,埼玉西武,4,4,0,0,0,0,0,0,0,1.000,96,23.2,26,3,4,1,8,0,0,9,8,3.04
71675131,2017,埼玉西武,23,9,4,0,0,0,0,0,0,.692,532,125.1,132,11,36,1,74,7,0,69,52,3.73
71675131,2018,埼玉西武,14,4,4,0,0,0,0,0,0,.500,290,66,88,10,18,1,40,4,0,42,35,4.77
41345115,2002,日本ハム,2,0,0,0,,,0,0,0,.000,6,1.2,2,1,0,0,1,0,0,1,1,5.40
41345115,2003,日本ハム,3,0,1,0,,,0,0,0,.000,50,11.2,15,2,3,0,7,0,0,8,8,6.17
41345115,2004,北海道日本ハム,9,5,1,0,,,0,0,0,.833,215,49.1,57,8,15,2,20,1,0,32,29,5.29
41345115,2005,北海道日本ハム,17,6,4,0,0,0,1,1,0,.600,383,84,109,9,31,5,49,5,0,59,54,5.79
41345115,2006,北海道日本ハム,10,4,4,0,0,0,2,0,0,.500,233,56.1,62,6,13,1,30,1,1,28,28,4.47
41345115,2007,北海道日本ハム,42,7,4,1,4,11,0,0,0,.636,205,48.2,52,2,10,1,38,4,0,21,18,3.33
41345115,2009,北海道日本ハム,45,2,1,0,12,14,0,0,0,.667,198,45,40,5,25,2,39,3,0,16,16,3.20
41345115,2010,北海道日本ハム,2,0,0,0,0,0,0,0,0,.000,10,1.1,6,0,0,0,0,0,0,5,4,27.00
41345115,2010,横浜,54,1,2,0,13,14,0,0,0,.333,236,53.1,57,4,16,6,33,1,0,32,25,4.22
41345115,2011,横浜,65,2,2,0,22,24,0,0,0,.500,226,56.2,47,6,11,3,38,2,0,14,13,2.06
41345115,2012,横浜DeNA,2,0,0,0,0,0,0,0,0,.000,20,4,7,2,3,0,3,0,0,6,6,13.50
41345115,2013,福岡ソフトバンク,23,1,1,0,2,3,0,0,0,.500,100,24,28,1,5,0,18,1,1,9,9,3.38
41345115,2014,福岡ソフトバンク,3,0,0,0,0,0,0,0,0,.000,25,5.2,8,1,0,0,2,0,0,4,4,6.35
61365131,2011,北海道日本ハム,3,0,1,0,0,0,0,0,0,.000,42,7.1,16,1,2,1,5,0,0,7,7,8.59
61365131,2013,北海道日本ハム,8,0,0,0,0,0,0,0,0,.000,42,9.2,11,1,4,0,5,0,0,5,5,4.66
61365131,2014,北海道日本ハム,14,1,0,0,2,3,0,0,0,1.000,91,20,18,3,14,1,9,2,0,11,11,4.95
61365131,2015,北海道日本ハム,2,0,0,0,0,0,0,0,0,.000,13,3,1,0,3,0,1,0,0,1,1,3.00
21625113,2001,阪神,28,7,10,0,,,0,0,0,.412,652,153.1,151,22,64,1,111,2,2,73,66,3.87
21625113,2002,阪神,3,0,2,0,,,0,0,0,.000,65,14.1,17,1,5,1,13,1,0,12,12,7.53
21625113,2010,北海道日本ハム,7,0,3,0,0,0,0,0,0,.000,125,27.2,35,2,11,1,14,1,1,18,15,4.88
41545117,2003,横浜,44,4,2,5,,,0,0,0,.667,252,61.2,59,5,6,4,63,0,0,23,19,2.77
41545117,2004,横浜,43,6,6,2,,,0,0,0,.500,421,101,99,6,23,4,97,1,0,46,44,3.92
41545117,2005,横浜,46,4,6,0,9,12,0,0,0,.400,372,90.1,89,13,17,5,85,1,0,34,33,3.29
41545117,2006,横浜,65,8,7,1,27,35,0,0,0,.533,316,76.1,64,8,24,2,72,1,0,24,21,2.48
41545117,2007,横浜,52,8,4,1,11,18,0,0,0,.667,366,82,88,10,29,3,87,0,0,43,41,4.50
41545117,2008,横浜,14,0,1,0,0,0,0,0,0,.000,52,12,17,1,2,0,12,0,0,8,8,6.00
41545117,2009,横浜,9,0,1,0,0,0,0,0,0,.000,53,11,15,2,5,0,11,2,0,7,7,5.73
41545117,2010,北海道日本ハム,21,0,1,0,1,1,0,0,0,.000,81,20,18,3,7,1,16,1,0,9,9,4.05
31433868,1989,読売,8,2,1,0,,,1,0,0,.667,164,37,41,6,14,1,26,2,0,19,19,4.62
31433868,1990,読売,32,12,8,7,,,13,1,2,.600,711,182.2,130,21,51,4,182,5,0,56,55,2.71
31433868,1991,読売,19,4,7,1,,,2,0,0,.364,235,50.1,51,8,31,2,44,5,0,41,36,6.44
31433868,1992,読売,29,3,6,0,,,2,1,0,.333,409,93.1,103,16,35,1,87,2,0,48,47,4.53
31433868,1993,読売,35,7,7,2,,,1,1,1,.500,538,131.2,129,11,40,1,97,6,0,50,49,3.35
31433868,1994,読売,28,6,8,1,,,1,0,0,.429,376,87.2,86,11,37,2,61,3,0,52,48,4.93
31433868,1995,読売,40,7,9,0,,,2,0,0,.438,506,121.2,117,16,31,8,97,2,0,49,46,3.40
31433868,1996,読売,33,7,9,2,,,3,2,1,.438,517,123.2,121,15,34,5,99,4,0,53,52,3.78
31433868,1997,読売,39,2,2,7,,,0,0,0,.500,216,49.2,47,3,22,2,53,5,0,13,11,1.99
31433868,1998,オリックス,36,4,7,16,,,1,0,0,.364,420,97.1,97,9,36,4,74,6,1,54,50,4.62
31433868,2000,オリックス,24,3,3,3,,,0,0,0,.500,196,41.1,55,7,18,1,31,1,0,29,26,5.66
31433868,2001,オリックス,13,2,1,1,,,0,0,0,.667,80,19.1,15,4,9,0,18,4,0,9,8,3.72
31433868,2006,東京ヤクルト,56,3,5,8,23,26,0,0,0,.375,253,58.1,66,5,18,3,47,4,1,22,20,3.09
31433868,2007,東京ヤクルト,50,1,3,2,16,17,0,0,0,.250,221,48.2,51,4,19,6,44,1,2,21,17,3.14
31433868,2008,東京ヤクルト,19,2,0,0,3,5,0,0,0,1.000,81,20.2,13,4,8,3,12,2,0,7,7,3.05
31433868,2009,東京ヤクルト,30,3,4,0,5,7,0,0,0,.429,223,48.2,58,6,17,5,31,0,0,32,30,5.55
31433868,2010,北海道日本ハム,21,5,2,0,3,5,0,0,0,.714,235,52.2,63,7,23,3,30,2,0,28,28,4.78
31433868,2011,北海道日本ハム,3,0,0,0,0,0,0,0,0,.000,18,4,4,0,2,0,3,0,0,2,2,4.50
31433868,2012,北海道日本ハム,1,0,0,0,0,0,0,0,0,.000,5,1,2,0,1,0,0,0,0,0,0,0.00
51555110,2005,北海道日本ハム,1,0,0,0,0,0,0,0,0,.000,3,1,0,0,0,0,1,0,0,0,0,0.00
51555110,2007,北海道日本ハム,1,0,0,0,0,0,0,0,0,.000,8,2,1,0,1,0,3,0,0,0,0,0.00
51555110,2008,北海道日本ハム,11,0,0,0,0,0,0,0,0,.000,49,10,17,1,3,0,4,0,0,11,11,9.90
51555110,2009,北海道日本ハム,58,5,2,0,21,26,0,0,0,.714,252,61.1,59,5,11,2,62,2,0,25,25,3.67
51555110,2010,北海道日本ハム,17,1,1,0,1,2,0,0,0,.500,80,18.2,18,0,6,0,13,0,0,4,3,1.45
51555110,2012,横浜DeNA,63,3,2,1,14,17,0,0,0,.600,204,49.1,34,2,24,2,19,1,0,15,13,2.37
51555110,2013,横浜DeNA,24,0,1,0,4,4,0,0,0,.000,95,20,28,2,7,2,12,0,0,13,11,4.95
51555110,2014,横浜DeNA,2,0,1,0,0,0,0,0,0,.000,2,0.1,1,1,0,0,0,0,0,1,1,27.00
41645131,2010,北海道日本ハム,25,12,8,0,0,0,2,1,0,.600,669,158.2,156,10,53,9,85,7,0,67,59,3.35
41645131,2011,北海道日本ハム,26,14,6,0,0,0,0,0,0,.700,695,162,162,10,56,12,66,1,0,66,58,3.22
41645131,2012,北海道日本ハム,2,0,1,0,0,0,0,0,0,.000,31,6,12,0,2,0,2,0,0,6,6,9.00
41645131,2013,北海道日本ハム,8,2,5,0,0,0,0,0,0,.286,171,36.2,41,3,20,4,16,1,0,28,25,6.14
91795118,2009,北海道日本ハム,10,0,1,0,1,1,0,0,0,.000,123,26.2,37,5,8,1,23,0,0,19,18,6.08
91795118,2010,北海道日本ハム,39,10,1,0,6,16,0,0,0,.909,275,72,60,3,11,0,54,1,0,22,21,2.63
91795118,2011,北海道日本ハム,60,1,3,0,23,24,0,0,0,.250,233,59.2,39,1,16,3,36,0,0,12,11,1.66
91795118,2012,北海道日本ハム,17,0,0,0,2,2,0,0,0,.000,94,21.1,23,2,8,0,18,3,0,9,7,2.95
91795118,2013,北海道日本ハム,2,0,0,0,0,0,0,0,0,.000,17,4,4,0,2,0,2,0,0,3,0,0.00
91795118,2014,オリックス,11,0,0,0,0,0,0,0,0,.000,63,15,15,1,6,0,8,0,0,4,3,1.80
91795118,2015,オリックス,7,0,1,0,0,0,0,0,0,.000,23,5,5,0,3,0,5,0,0,5,5,9.00
41045117,2003,日本ハム,13,1,0,0,,,0,0,0,1.000,66,17.2,10,0,4,1,15,0,0,6,6,3.06
41045117,2004,北海道日本ハム,7,0,0,0,,,0,0,0,.000,39,7.1,7,0,11,0,3,0,0,6,5,6.14
41045117,2005,北海道日本ハム,23,2,0,2,5,7,0,0,0,1.000,124,34.1,23,1,4,1,21,0,0,3,3,0.79
41045117,2006,北海道日本ハム,75,5,3,3,40,45,0,0,0,.625,321,81.2,71,1,8,4,61,0,0,20,19,2.09
41045117,2007,北海道日本ハム,64,7,6,2,28,35,0,0,0,.538,302,74.1,68,2,16,6,53,1,0,20,20,2.42
41045117,2008,北海道日本ハム,62,4,7,6,21,25,0,0,0,.364,269,61.1,68,9,19,1,40,0,0,31,30,4.40
41045117,2009,北海道日本ハム,55,3,0,34,4,7,0,0,0,1.000,243,60,54,1,14,0,38,0,0,10,8,1.20
41045117,2010,北海道日本ハム,58,1,5,19,4,5,0,0,0,.167,241,56.1,63,5,16,5,37,2,0,28,24,3.83
41045117,2011,北海道日本ハム,53,2,2,37,1,3,0,0,0,.500,191,52.1,32,0,9,1,28,0,0,6,6,1.03
41045117,2012,北海道日本ハム,56,4,4,32,3,7,0,0,0,.500,230,54.1,56,2,19,0,34,2,0,14,14,2.32
41045117,2013,北海道日本ハム,47,2,2,31,1,3,0,0,0,.500,227,47.1,64,3,16,3,28,3,0,13,12,2.28
41045117,2014,北海道日本ハム,9,0,1,1,0,0,0,0,0,.000,48,7.2,16,0,5,0,7,1,0,10,7,8.22
41045117,2016,北海道日本ハム,5,0,0,0,0,0,0,0,0,.000,27,4.1,11,0,1,2,0,0,0,7,7,14.54
41045117,2017,北海道日本ハム,7,0,0,0,0,0,0,0,0,.000,36,7.1,11,1,3,0,3,0,0,4,3,3.68
61965110,2005,北海道日本ハム,14,5,5,0,0,0,2,1,0,.500,410,94.1,97,7,48,3,52,2,0,37,37,3.53
61965110,2006,北海道日本ハム,25,12,5,0,1,1,3,2,0,.706,627,149.2,128,12,64,6,115,5,1,55,48,2.89
61965110,2007,北海道日本ハム,26,15,5,0,0,0,12,3,1,.750,790,207.2,123,9,49,13,210,4,0,48,42,1.82
61965110,2008,北海道日本ハム,25,16,4,0,0,0,10,2,2,.800,764,200.2,136,11,44,9,208,4,1,44,42,1.88
61965110,2009,北海道日本ハム,23,15,5,0,0,0,8,2,1,.750,701,182,118,9,45,6,167,5,0,36,35,1.73
61965110,2010,北海道日本ハム,26,12,8,0,0,0,10,2,3,.600,805,202,158,5,47,7,222,6,0,48,40,1.78
61965110,2011,北海道日本ハム,28,18,6,0,0,0,10,6,2,.750,885,232,156,5,36,6,276,10,1,42,37,1.44
71075112,2006,北海道日本ハム,29,5,2,1,5,7,0,0,0,.714,326,84,68,5,15,3,54,1,0,20,19,2.04
71075112,2007,北海道日本ハム,35,9,4,0,8,10,1,0,1,.692,569,149,113,18,17,6,101,0,0,42,42,2.54
71075112,2008,北海道日本ハム,20,8,7,0,0,0,1,0,0,.533,493,121.2,110,18,19,5,68,1,0,44,40,2.96
71075112,2009,北海道日本ハム,24,10,9,0,0,0,2,0,1,.526,592,144.1,150,17,20,4,99,0,1,58,57,3.55
71075112,2010,北海道日本ハム,26,14,7,0,0,0,3,1,3,.667,661,168.1,161,12,19,1,106,0,0,47,45,2.41
71075112,2011,北海道日本ハム,25,11,12,0,0,0,3,0,2,.478,647,164.2,143,7,18,3,87,0,0,51,45,2.46
71075112,2012,北海道日本ハム,28,11,7,0,0,0,4,2,2,.611,709,182.2,159,10,30,4,90,0,0,50,48,2.36
71075112,2013,北海道日本ハム,22,8,7,0,0,0,2,0,0,.533,546,129,139,11,27,4,47,2,0,62,56,3.91
71075112,2014,北海道日本ハム,25,3,4,0,2,3,0,0,0,.429,278,61.2,72,12,20,2,33,0,0,43,41,5.98
71075112,2015,北海道日本ハム,9,3,2,0,0,0,0,0,0,.600,168,37,51,6,5,4,15,1,0,26,24,5.84
71075112,2016,北海道日本ハム,1,0,0,0,0,0,0,0,0,.000,1,0.1,0,0,0,0,1,0,0,0,0,0.00
71075114,2008,北海道日本ハム,1,0,0,0,0,0,0,0,0,.000,22,5,4,0,3,0,2,0,0,1,0,0.00
71075114,2010,北海道日本ハム,1,0,1,0,0,0,0,0,0,.000,14,2.1,4,0,4,0,1,0,0,3,3,11.57
81985116,2008,北海道日本ハム,19,7,7,0,0,0,0,0,0,.500,439,105.1,107,18,22,1,61,4,7,57,56,4.78
81985116,2009,北海道日本ハム,13,5,5,0,0,0,1,1,0,.500,302,70.1,71,10,27,3,46,3,2,45,45,5.76
81985116,2010,北海道日本ハム,2,0,1,0,0,0,0,0,0,.000,39,8.2,10,0,3,0,8,1,0,5,5,5.19
81985116,2011,北海道日本ハム,19,0,0,0,1,1,0,0,0,.000,139,34.1,35,4,6,3,17,0,1,12,12,3.15
81985116,2012,北海道日本ハム,18,6,5,0,1,1,0,0,0,.545,372,90,92,9,17,1,48,2,1,41,37,3.70
81985116,2013,北海道日本ハム,4,0,2,0,0,0,0,0,0,.000,81,19.1,11,3,11,1,6,2,0,8,6,2.79
81985116,2014,北海道日本ハム,5,0,0,0,0,0,0,0,0,.000,25,5.1,9,0,0,0,1,1,0,3,3,5.06
91095118,2010,北海道日本ハム,3,0,0,0,0,0,0,0,0,.000,33,5.1,12,3,5,1,3,0,0,10,10,16.88
91095118,2012,北海道日本ハム,1,0,1,0,0,0,0,0,0,.000,5,+,4,1,1,0,0,0,0,5,5,----
91095118,2013,横浜DeNA,7,2,1,0,0,2,0,0,0,.667,47,9.2,15,3,3,1,7,1,1,8,7,6.52
91095118,2014,横浜DeNA,7,0,1,0,1,1,0,0,0,.000,35,6.2,11,0,3,1,3,0,0,7,4,5.40
01005116,2008,北海道日本ハム,2,0,0,0,0,0,0,0,0,.000,8,2,1,0,1,0,0,0,0,0,0,0.00
21025131,2010,北海道日本ハム,4,1,2,0,0,0,0,0,0,.333,81,18,18,2,10,0,14,0,0,11,11,5.50
21025131,2011,北海道日本ハム,2,0,1,0,0,0,0,0,0,.000,47,11,10,1,4,0,7,0,1,3,3,2.45
21025131,2012,北海道日本ハム,8,2,2,0,0,0,0,0,0,.500,184,45.1,36,2,16,1,29,1,0,10,9,1.79
21025131,2013,北海道日本ハム,13,1,4,0,0,0,0,0,0,.200,192,44,46,3,25,3,18,1,0,25,25,5.11
21025131,2014,北海道日本ハム,18,8,2,0,0,0,1,1,0,.800,420,97.1,89,12,48,5,43,1,0,43,41,3.79
21025131,2015,北海道日本ハム,10,2,4,0,0,0,1,0,0,.333,218,49.2,41,5,33,3,26,0,0,23,23,4.17
21025131,2016,北海道日本ハム,2,0,1,0,0,0,0,0,0,.000,52,12,10,2,6,0,9,1,0,8,8,6.00
21025131,2017,北海道日本ハム,2,1,0,0,0,0,0,0,0,1.000,48,10,9,2,9,1,4,0,0,5,5,4.50
21025131,2019,北海道日本ハム,1,0,1,0,0,0,0,0,0,.000,14,2,3,1,4,0,0,0,0,6,6,27.00
21025131,2022,オリックス,3,0,1,0,0,0,0,0,0,.000,33,6.1,12,0,3,1,4,0,0,6,6,8.53
01205115,2003,読売,15,3,3,0,,,0,0,0,.500,316,72.2,73,10,25,5,87,1,0,28,26,3.22
01205115,2004,読売,25,3,9,0,,,0,0,0,.250,483,106.2,117,14,49,6,91,5,0,65,58,4.89
01205115,2005,読売,54,2,2,18,15,17,0,0,0,.500,280,67,45,6,35,2,67,6,1,13,12,1.61
01205115,2006,読売,62,4,4,0,20,24,0,0,0,.500,227,56.1,45,4,16,2,54,3,0,22,18,2.88
01205115,2007,読売,41,2,1,3,13,15,0,0,0,.667,157,38.1,34,6,9,0,42,1,0,14,14,3.29
01205115,2008,読売,11,0,0,0,1,1,0,0,0,.000,62,10.2,15,3,12,1,14,2,0,12,8,6.75
01205115,2009,北海道日本ハム,46,3,2,0,9,12,0,0,0,.600,197,46,35,3,25,3,42,4,0,17,17,3.33
01205115,2010,北海道日本ハム,36,2,2,0,14,16,0,0,0,.500,123,30.2,20,3,9,0,25,0,0,12,9,2.64
01205115,2011,北海道日本ハム,5,0,0,0,2,2,0,0,0,.000,22,4,10,0,3,0,2,0,0,6,6,13.50
01205115,2012,横浜DeNA,32,0,0,0,4,4,0,0,0,.000,132,33,26,2,12,0,26,4,1,7,7,1.91
01205115,2013,横浜DeNA,14,0,0,0,2,2,0,0,0,.000,48,12,9,1,4,2,8,1,0,4,4,3.00
01205115,2014,横浜DeNA,56,2,2,1,15,17,0,0,0,.500,175,40,45,4,14,0,34,1,0,17,14,3.15
01205115,2015,横浜DeNA,24,1,1,0,4,5,0,0,0,.500,89,18.2,26,1,6,0,10,2,0,15,15,7.23
71475110,2009,横浜,9,0,1,0,0,0,0,0,0,.000,62,15.2,11,3,3,3,12,0,0,8,8,4.60
71475110,2010,北海道日本ハム,5,0,0,0,0,0,0,0,0,.000,31,6.1,5,1,9,0,3,0,0,3,3,4.26
81285131,2010,北海道日本ハム,13,3,4,0,0,0,0,0,0,.429,274,60,62,9,31,4,34,5,0,31,29,4.35
81285131,2011,北海道日本ハム,56,0,4,0,34,34,0,0,0,.000,216,53.2,38,2,19,0,58,3,1,11,11,1.84
81285131,2012,北海道日本ハム,73,5,5,7,45,50,0,0,0,.500,298,71.2,65,2,25,0,69,4,0,26,22,2.76
81285131,2013,北海道日本ハム,66,4,4,4,28,32,0,0,0,.500,273,63,71,3,16,3,63,2,0,28,26,3.71
81285131,2014,北海道日本ハム,56,5,6,23,10,15,0,0,0,.455,243,58,47,5,24,1,59,5,0,16,16,2.48
81285131,2015,北海道日本ハム,56,0,1,39,4,4,0,0,0,.000,238,60,44,1,19,0,71,4,1,11,10,1.50
81285131,2016,北海道日本ハム,30,10,3,10,1,5,2,1,0,.769,333,81,71,5,26,3,71,3,0,22,22,2.44
81285131,2017,北海道日本ハム,52,6,1,27,7,13,0,0,0,.857,215,52.2,47,6,11,0,82,5,0,15,14,2.39
81285131,2018,オリックス,63,2,5,35,9,11,0,0,0,.286,278,65,55,4,33,1,69,7,0,18,18,2.49
81285131,2019,オリックス,53,1,4,18,14,15,0,0,0,.200,230,50.1,51,5,24,1,64,1,0,29,27,4.83
81285131,2020,オリックス,16,2,2,0,5,5,0,0,0,.500,153,35.2,27,3,20,1,29,1,0,13,12,3.03
81285131,2021,オリックス,15,3,6,0,1,1,0,0,0,.333,309,71,77,8,29,2,45,2,0,47,39,4.94
81285131,2022,オリックス,2,0,2,0,0,0,0,0,0,.000,42,9.1,13,0,4,0,11,2,0,4,4,3.86
41645114,2008,北海道日本ハム,9,0,0,0,0,0,0,0,0,.000,40,8.1,11,0,4,0,6,2,0,9,5,5.40
41645114,2009,北海道日本ハム,12,0,0,0,1,1,0,0,0,.000,62,14.2,14,1,7,1,3,0,0,6,5,3.07
41645114,2010,北海道日本ハム,1,0,0,0,0,0,0,0,0,.000,1,+,1,0,0,0,0,0,0,0,0,0.00
41445116,2008,北海道日本ハム,50,2,4,0,8,10,0,0,0,.333,198,45.1,47,5,15,2,25,2,1,24,22,4.37
41445116,2009,北海道日本ハム,58,7,2,0,13,20,0,0,0,.778,189,46.2,39,6,15,1,55,0,0,15,15,2.89
41445116,2010,北海道日本ハム,61,2,1,1,23,25,0,0,0,.667,181,47.2,29,1,9,4,49,0,0,9,9,1.70
41445116,2011,北海道日本ハム,61,1,2,0,14,15,0,0,0,.333,218,53,38,3,14,8,56,2,0,15,13,2.21
41445116,2012,北海道日本ハム,66,2,2,0,39,41,0,0,0,.500,244,60,51,4,14,4,56,0,0,18,15,2.25
41445116,2013,北海道日本ハム,57,3,1,0,30,33,0,0,0,.750,197,46.2,40,1,16,2,39,1,0,12,9,1.74
41445116,2014,北海道日本ハム,62,1,5,0,41,42,0,0,0,.167,218,50,47,2,23,4,46,0,0,14,12,2.16
41445116,2015,北海道日本ハム,50,3,3,0,25,28,0,0,0,.500,163,40,29,4,11,1,30,1,0,19,12,2.70
41445116,2016,北海道日本ハム,58,3,1,2,39,42,0,0,0,.750,190,47.1,28,0,22,5,36,1,0,11,8,1.52
41445116,2017,北海道日本ハム,51,4,5,0,25,29,0,0,0,.444,164,40.2,34,3,12,0,24,2,0,19,15,3.32
41445116,2018,北海道日本ハム,55,4,3,0,37,41,0,0,0,.571,186,45,29,1,20,5,39,0,0,11,9,1.80
41445116,2019,北海道日本ハム,55,1,2,0,43,44,0,0,0,.333,182,47.1,32,1,6,3,51,1,0,13,9,1.71
41445116,2020,北海道日本ハム,50,2,1,8,21,23,0,0,0,.667,197,48.1,34,4,22,4,53,1,0,12,11,2.05
41445116,2021,北海道日本ハム,50,1,2,0,15,16,0,0,0,.333,189,44.1,42,3,15,4,49,3,0,20,18,3.65
41445116,2022,北海道日本ハム,24,0,3,1,7,7,0,0,0,.000,91,20.2,20,1,11,1,14,1,0,13,13,5.66
41445116,2023,北海道日本ハム,31,1,3,1,13,14,0,0,0,.250,111,23.2,29,3,10,3,24,1,0,7,7,2.66
41445116,2024,北海道日本ハム,30,0,1,0,19,19,0,0,0,.000,105,25.2,18,2,10,0,24,2,0,10,6,2.10
41445116,2025,北海道日本ハム,31,1,1,0,12,13,0,0,0,.500,91,19.2,23,1,8,0,14,3,0,9,7,3.20
41445116,2026,北海道日本ハム,8,0,0,0,0,0,0,0,0,.000,38,7.2,11,0,5,0,6,0,0,4,4,4.70
21325133,2011,北海道日本ハム,1,0,0,0,0,0,0,0,0,.000,6,1,2,0,1,0,1,0,0,1,1,9.00
21325133,2013,北海道日本ハム,9,1,0,0,0,1,0,0,0,1.000,47,12.1,8,1,2,1,9,0,0,5,5,3.65
21325133,2014,北海道日本ハム,1,0,0,0,0,0,0,0,0,.000,3,0.1,1,0,1,0,0,0,0,2,2,54.00
21325133,2016,北海道日本ハム,16,1,0,0,0,1,0,0,0,1.000,119,27.2,22,5,17,1,21,1,0,11,11,3.58
21325133,2017,北海道日本ハム,8,0,1,0,0,0,0,0,0,.000,51,11.1,14,1,4,0,6,2,0,3,3,2.38
91995133,2013,北海道日本ハム,5,0,0,0,0,0,0,0,0,.000,15,3.1,1,0,4,0,3,0,0,3,2,5.40
91995133,2014,北海道日本ハム,4,0,0,0,0,0,0,0,0,.000,20,4,4,0,4,0,4,0,0,3,3,6.75
01905133,2011,北海道日本ハム,19,6,6,0,0,0,1,0,0,.500,472,107,122,5,35,5,62,6,0,41,32,2.69
01905133,2012,北海道日本ハム,19,5,8,0,0,0,2,1,0,.385,480,104,126,8,48,2,59,5,0,60,46,3.98
01905133,2013,北海道日本ハム,1,0,1,0,0,0,0,0,0,.000,23,4,5,0,5,1,1,1,0,6,6,13.50
01905133,2014,北海道日本ハム,6,2,1,0,0,0,0,0,0,.667,118,26,28,4,16,1,20,0,0,15,14,4.85
01905133,2015,北海道日本ハム,12,1,3,0,0,0,0,0,0,.250,190,42.1,52,5,14,1,24,0,0,28,27,5.74
01905133,2016,北海道日本ハム,11,0,1,0,0,0,0,0,0,.000,104,23.2,26,2,11,2,14,3,0,12,12,4.56
01905133,2017,北海道日本ハム,6,1,3,0,0,0,0,0,0,.250,126,28,39,3,5,2,14,0,0,23,21,6.75
01905133,2018,北海道日本ハム,3,0,1,0,0,0,0,0,0,.000,45,8.2,8,2,12,2,3,0,0,8,7,7.27
01905133,2019,北海道日本ハム,11,0,2,0,0,0,0,0,0,.000,87,21,19,1,8,0,12,2,0,12,11,4.71
01905133,2021,北海道日本ハム,1,0,0,0,0,0,0,0,0,.000,1,+,0,0,1,0,0,0,0,0,0,0.00
51355135,2014,北海道日本ハム,23,8,8,0,1,1,2,1,0,.500,559,135.1,113,14,45,7,105,2,2,49,48,3.19
51355135,2015,北海道日本ハム,13,5,6,0,0,0,1,0,0,.455,335,75.1,75,6,30,5,43,1,1,41,35,4.18
51355135,2017,北海道日本ハム,15,4,9,0,0,0,0,0,0,.308,388,91.2,84,11,32,2,74,2,1,39,35,3.44
51355135,2018,北海道日本ハム,25,11,6,0,0,0,4,3,1,.647,670,165.1,146,15,38,5,151,3,0,62,58,3.16
51355135,2019,北海道日本ハム,11,5,3,0,0,0,0,0,0,.625,307,71.1,69,5,27,1,64,3,0,34,25,3.15
51355135,2020,北海道日本ハム,15,8,6,0,0,0,1,0,0,.571,411,97,85,6,38,1,90,4,0,40,33,3.06
51355135,2021,北海道日本ハム,24,12,6,0,0,0,1,0,0,.667,643,160.1,119,8,48,4,135,5,2,53,50,2.81
51355135,2022,北海道日本ハム,23,8,9,0,0,0,3,0,0,.471,631,152,129,15,50,9,127,2,0,61,57,3.38
51355135,2023,北海道日本ハム,24,9,9,0,0,0,2,2,0,.500,696,170,152,14,41,5,124,5,1,66,56,2.96
51355135,2025,福岡ソフトバンク,23,12,6,0,0,0,1,0,0,.667,577,144.2,113,12,36,5,115,0,0,52,44,2.74
51355135,2026,福岡ソフトバンク,22,10,4,0,0,0,0,0,0,.714,557,135.1,121,13,30,6,129,4,1,44,36,2.39
71875135,2012,北海道日本ハム,56,0,1,0,16,16,0,0,0,.000,247,60.2,49,6,24,0,37,1,0,27,27,4.01
71875135,2013,北海道日本ハム,5,0,0,0,0,0,0,0,0,.000,47,9,13,3,6,0,6,0,0,9,7,7.00
71875135,2014,北海道日本ハム,5,0,0,0,0,0,0,0,0,.000,20,4.1,3,0,3,1,2,0,0,0,0,0.00
71875135,2015,北海道日本ハム,2,0,0,0,0,0,0,0,0,.000,8,2,2,0,0,0,2,0,0,0,0,0.00
73575135,2012,北海道日本ハム,23,2,1,0,9,11,0,0,0,.667,91,22,20,1,8,0,18,0,3,8,8,3.27
73575135,2013,北海道日本ハム,5,0,0,0,0,0,0,0,0,.000,34,7.1,9,1,2,1,5,0,1,4,3,3.68
91195137,2013,北海道日本ハム,1,0,1,0,0,0,0,0,0,.000,24,4.1,10,2,0,0,3,0,0,7,7,14.54
91195137,2014,北海道日本ハム,2,0,0,0,0,0,0,0,0,.000,23,4,7,2,2,1,3,0,0,10,7,15.75
91195137,2015,北海道日本ハム,3,1,2,0,0,0,0,0,0,.333,46,11,14,5,1,0,8,0,0,8,8,6.55
91195137,2016,北海道日本ハム,4,0,0,0,0,0,0,0,0,.000,39,9.1,12,1,0,1,7,0,0,4,4,3.86
91195137,2017,北海道日本ハム,1,0,0,0,0,0,0,0,0,.000,4,1,1,0,0,0,0,0,0,0,0,0.00
91195137,2018,北海道日本ハム,1,0,0,0,0,0,0,0,0,.000,11,2,4,0,1,0,1,0,0,2,2,9.00
01305137,2013,北海道日本ハム,13,3,0,0,0,0,0,0,0,1.000,274,61.2,57,4,33,8,46,2,0,30,29,4.23
01305137,2014,北海道日本ハム,24,11,4,0,0,0,3,2,0,.733,639,155.1,125,7,57,4,179,6,1,50,45,2.61
01305137,2015,北海道日本ハム,22,15,5,0,0,0,5,3,0,.750,621,160.2,100,7,46,3,196,9,0,40,40,2.24
01305137,2016,北海道日本ハム,21,10,4,0,1,1,4,1,1,.714,548,140,89,4,45,8,174,6,0,33,29,1.86
01305137,2017,北海道日本ハム,5,3,2,0,0,0,1,1,0,.600,105,25.1,13,2,19,0,29,1,0,9,9,3.20
41545137,2013,北海道日本ハム,33,0,2,0,11,11,0,0,0,.000,135,32.1,24,1,20,3,24,1,0,13,8,2.23
41545137,2014,北海道日本ハム,23,1,0,0,1,2,0,0,0,1.000,81,17,18,2,13,2,14,0,0,8,8,4.24
71775117,2003,読売,25,10,7,0,,,7,2,3,.588,736,175,168,18,44,7,180,6,1,74,65,3.34
71775117,2004,読売,31,7,8,5,,,2,0,0,.467,643,139.2,168,20,50,11,154,1,0,92,78,5.03
71775117,2005,読売,14,0,1,5,0,0,0,0,0,.000,56,13.2,13,1,3,0,17,0,0,6,6,3.95
71775117,2006,読売,3,0,3,0,0,0,0,0,0,.000,54,10.1,24,3,2,0,7,0,0,11,11,9.58
71775117,2007,読売,26,12,9,0,0,0,0,0,0,.571,613,148.2,144,17,35,0,131,1,0,60,51,3.09
71775117,2008,読売,14,6,5,0,0,0,1,0,0,.545,318,74,87,15,19,1,53,3,0,36,34,4.14
71775117,2009,読売,1,0,0,0,0,0,0,0,0,.000,12,2.2,4,2,0,0,2,0,0,3,3,10.13
71775117,2010,オリックス,28,10,12,0,0,0,4,1,0,.455,767,174.1,174,9,71,13,140,11,1,85,77,3.98
71775117,2011,オリックス,19,2,7,0,0,0,0,0,0,.222,322,72.1,86,5,22,2,60,4,0,42,37,4.60
71775117,2012,オリックス,24,5,9,0,0,0,5,1,1,.357,628,152.1,138,8,42,3,96,5,0,47,44,2.60
71775117,2013,北海道日本ハム,24,9,8,0,0,0,2,1,1,.529,620,145,141,10,50,5,95,8,0,64,59,3.66
71775117,2014,北海道日本ハム,5,1,3,0,0,0,0,0,0,.250,115,26,29,1,7,0,21,1,0,12,9,3.12
71775117,2015,北海道日本ハム,1,0,0,0,0,0,0,0,0,.000,3,1,0,0,0,0,2,0,0,0,0,0.00
93395137,2013,北海道日本ハム,3,0,2,0,0,0,0,0,0,.000,53,10.1,13,0,9,1,6,1,0,14,10,8.71
61465137,2013,北海道日本ハム,3,1,0,0,0,1,0,0,0,1.000,26,4.2,10,0,4,0,3,1,0,6,6,11.57
61465137,2015,北海道日本ハム,18,2,0,0,1,3,0,0,0,1.000,104,25,24,3,6,1,11,0,0,15,11,3.96
61465137,2017,東京ヤクルト,2,0,0,0,0,0,0,0,0,.000,9,1,6,1,0,0,0,0,0,6,6,54.00
61465137,2019,東京ヤクルト,1,0,0,0,0,0,0,0,0,.000,5,1,2,1,0,0,1,0,0,2,2,18.00
63365139,2014,北海道日本ハム,48,0,5,1,20,20,0,0,0,.000,195,45.1,42,2,24,0,33,2,0,20,20,3.97
41345139,2014,北海道日本ハム,20,7,4,0,0,0,1,0,0,.636,473,115,104,13,36,3,78,4,0,51,47,3.68
41345139,2015,北海道日本ハム,12,3,3,0,0,0,0,0,0,.500,195,43,51,5,19,0,33,1,0,26,23,4.81
41345139,2017,北海道日本ハム,7,3,3,0,0,0,0,0,0,.500,147,33,42,4,10,0,17,2,0,18,16,4.36
41345139,2018,北海道日本ハム,36,2,2,7,9,11,0,0,0,.500,167,41.2,33,3,9,0,44,1,0,11,10,2.16
41345139,2019,北海道日本ハム,25,3,1,0,7,8,0,0,0,.750,143,34.1,37,11,7,0,34,1,0,20,19,4.98
41345139,2020,北海道日本ハム,1,0,0,0,0,0,0,0,0,.000,1,0.1,0,0,0,0,1,0,0,0,0,0.00
81585139,2014,北海道日本ハム,6,0,0,0,0,0,0,0,0,.000,34,6,13,1,2,1,5,0,0,7,7,10.50
81585139,2015,北海道日本ハム,4,0,0,0,0,0,0,0,0,.000,12,3.1,2,0,1,0,1,0,0,0,0,0.00
81585139,2016,北海道日本ハム,1,0,0,0,0,0,0,0,0,.000,4,0.2,0,0,1,1,0,0,0,0,0,0.00
21825139,2014,北海道日本ハム,61,4,5,6,30,34,0,0,0,.444,241,58.1,49,4,16,5,36,1,2,23,17,2.62
21825139,2015,北海道日本ハム,30,2,2,0,7,9,0,0,0,.500,145,28.2,36,2,19,5,18,1,0,24,21,6.59
21925139,2015,北海道日本ハム,2,0,1,0,0,0,0,0,0,.000,31,7.1,5,1,3,1,7,0,1,5,3,3.68
21925139,2016,北海道日本ハム,37,10,2,0,1,3,1,1,1,.833,439,109.2,79,6,36,4,86,0,0,30,29,2.38
21925139,2017,北海道日本ハム,22,7,7,0,0,1,1,1,0,.500,504,117.1,110,13,40,3,100,6,1,51,48,3.68
21925139,2018,北海道日本ハム,18,5,7,0,0,0,1,0,0,.417,459,110,110,21,28,3,78,2,0,61,55,4.50
21925139,2019,東京ヤクルト,21,5,7,0,0,1,0,0,0,.417,358,78,90,13,34,4,82,7,0,56,54,6.23
21925139,2020,東京ヤクルト,18,3,6,0,0,0,0,0,0,.333,412,94,101,11,38,0,84,3,0,43,43,4.12
21925139,2021,東京ヤクルト,12,4,1,0,0,0,0,0,0,.800,264,62,62,11,15,3,56,1,0,28,25,3.63
21925139,2022,東京ヤクルト,20,7,9,0,0,0,1,1,0,.438,447,102.2,103,11,41,6,84,2,0,51,49,4.30
21925139,2023,東京ヤクルト,15,0,3,0,1,1,0,0,0,.000,170,40.1,42,6,10,1,30,1,0,23,21,4.69
21925139,2024,東京ヤクルト,8,1,4,0,0,0,0,0,0,.200,158,37,44,7,8,1,37,2,0,19,17,4.14
21925139,2025,東京ヤクルト,17,3,6,0,0,0,0,0,0,.333,402,95.2,95,7,25,4,77,4,1,40,33,3.10
21925139,2026,東京ヤクルト,14,6,2,0,0,0,0,0,0,.750,334,79.2,74,9,22,4,71,1,0,29,24,2.71
41045139,2014,北海道日本ハム,10,1,0,1,0,1,0,0,0,1.000,49,11,9,1,6,1,10,0,0,4,4,3.27
41045139,2015,北海道日本ハム,50,1,1,0,13,14,0,0,0,.500,233,57.2,42,6,19,3,66,3,0,16,13,2.03
41045139,2016,北海道日本ハム,22,3,1,0,1,4,0,0,0,.750,101,24,20,3,14,1,19,1,0,7,7,2.63
41045139,2017,北海道日本ハム,24,1,3,1,1,2,0,0,0,.250,137,33.1,24,4,14,1,29,3,1,17,16,4.32
41045139,2018,北海道日本ハム,3,0,0,0,0,0,0,0,0,.000,23,4.2,8,1,1,0,4,1,0,6,5,9.64
71475112,2006,福岡ソフトバンク,62,5,3,1,26,31,0,0,0,.625,270,65.2,51,0,21,6,65,0,0,20,19,2.60
71475112,2007,福岡ソフトバンク,36,1,2,0,7,8,0,0,0,.333,146,31.1,39,3,16,1,25,3,0,19,17,4.88
71475112,2008,福岡ソフトバンク,11,0,0,0,0,0,0,0,0,.000,31,8,7,0,1,1,4,0,0,4,3,3.38
71475112,2009,福岡ソフトバンク,38,5,8,0,2,2,0,0,0,.385,434,101.2,98,10,38,4,82,5,0,57,52,4.60
71475112,2010,福岡ソフトバンク,32,1,2,0,1,1,0,0,0,.333,236,54,56,1,21,3,57,3,0,29,27,4.50
71475112,2011,福岡ソフトバンク,5,1,0,0,0,1,0,0,0,1.000,42,8.1,10,1,5,2,8,1,0,9,9,9.72
71475112,2012,福岡ソフトバンク,39,1,0,0,8,9,0,0,0,1.000,175,45.1,36,0,9,0,34,1,0,8,6,1.19
71475112,2013,福岡ソフトバンク,32,4,0,0,6,10,0,0,0,1.000,121,28.2,29,0,12,1,15,3,0,9,8,2.51
71475112,2014,北海道日本ハム,9,1,0,0,2,3,0,0,0,1.000,57,12,18,0,4,0,8,0,0,8,7,5.25
71475112,2015,北海道日本ハム,6,0,0,0,0,0,0,0,0,.000,35,7.2,11,1,2,0,2,0,0,4,4,4.70
71475112,2016,北海道日本ハム,1,0,0,0,0,0,0,0,0,.000,4,0.2,2,0,0,0,1,0,0,2,2,27.00
71475112,2016,横浜DeNA,9,0,1,0,2,2,0,0,0,.000,31,8,7,0,2,0,3,0,0,2,1,1.13
71475112,2017,横浜DeNA,6,1,0,0,0,1,0,0,0,1.000,23,4.1,6,0,4,1,3,0,0,2,2,4.15
71475112,2018,横浜DeNA,15,1,0,0,1,2,0,0,0,1.000,67,14.2,15,1,5,2,9,0,0,10,10,6.14
71475112,2019,横浜DeNA,32,1,0,0,1,2,0,0,0,1.000,126,29,27,2,15,0,23,2,0,6,6,1.86
71475112,2020,横浜DeNA,4,0,0,0,1,1,0,0,0,.000,12,1.2,4,0,3,0,3,0,0,4,4,21.60
71675114,2007,東京ヤクルト,6,1,1,0,1,1,0,0,0,.500,125,29.1,27,6,11,3,21,2,0,15,14,4.30
71675114,2008,東京ヤクルト,12,3,3,0,0,0,0,0,0,.500,242,55.1,54,8,22,6,25,1,0,27,26,4.23
71675114,2009,東京ヤクルト,1,0,1,0,0,0,0,0,0,.000,27,5,8,1,6,0,4,2,0,7,7,12.60
71675114,2010,東京ヤクルト,57,2,3,0,20,22,0,0,0,.400,259,60.1,46,5,36,1,50,1,0,22,18,2.69
71675114,2011,東京ヤクルト,27,7,11,0,0,1,0,0,0,.389,575,134.1,140,8,46,7,91,2,0,64,63,4.22
71675114,2012,東京ヤクルト,49,2,7,0,8,9,0,0,0,.222,331,73.2,80,6,34,2,63,5,0,45,44,5.38
71675114,2013,東京ヤクルト,5,0,0,0,0,0,0,0,0,.000,29,5.1,8,0,3,0,3,1,0,5,4,6.75
51155130,2015,北海道日本ハム,18,8,6,0,0,0,1,1,1,.571,453,103.1,113,13,32,3,81,2,0,60,55,4.79
51155130,2016,北海道日本ハム,22,11,9,0,0,0,2,1,1,.550,640,156,150,13,38,2,103,3,1,52,51,2.94
51155130,2017,北海道日本ハム,25,10,13,0,0,0,4,0,3,.435,726,169,194,21,39,4,88,5,0,97,89,4.74
51155130,2018,北海道日本ハム,20,8,5,2,1,1,1,0,0,.615,471,110.2,124,17,15,5,87,0,0,60,56,4.55
51155130,2019,北海道日本ハム,24,15,8,0,0,0,1,1,1,.652,639,164.1,111,14,40,9,161,9,0,49,45,2.46
51155130,2020,北海道日本ハム,20,8,9,0,0,0,3,1,1,.471,547,132.2,125,11,30,6,106,2,0,56,51,3.46
51155130,2023,福岡ソフトバンク,17,10,5,0,0,0,1,1,0,.667,490,120.2,105,13,25,7,74,1,0,40,31,2.31
51155130,2024,福岡ソフトバンク,26,14,7,0,0,0,3,2,0,.667,718,182.2,142,12,37,8,137,1,0,56,48,2.36
51155130,2025,福岡ソフトバンク,26,14,9,0,0,0,1,1,0,.609,724,175,167,10,41,6,121,2,0,67,59,3.03
51155130,2026,北海道日本ハム,17,7,9,0,0,0,2,2,1,.438,438,103.1,114,11,24,5,67,2,0,59,51,4.44
61165130,2016,北海道日本ハム,1,0,0,0,1,1,0,0,0,.000,4,1,0,0,1,0,0,0,0,0,0,0.00
61165130,2017,北海道日本ハム,37,0,1,0,7,7,0,0,0,.000,228,49.2,53,8,28,0,51,4,0,24,24,4.35
61165130,2018,北海道日本ハム,52,1,2,19,18,19,0,0,0,.333,204,48.2,44,4,17,0,53,1,0,16,14,2.59
61165130,2019,北海道日本ハム,60,3,2,5,21,24,0,0,0,.600,220,54.1,39,6,16,1,75,3,0,20,20,3.31
61165130,2022,北海道日本ハム,36,2,2,6,8,10,0,0,0,.500,135,32,26,1,13,1,37,3,0,14,14,3.94
61165130,2023,北海道日本ハム,16,0,0,1,3,3,0,0,0,.000,67,15.1,17,1,4,1,12,3,0,10,10,5.87
43145130,2015,北海道日本ハム,13,3,1,0,0,2,0,0,0,.750,116,26.1,20,0,17,4,19,3,1,9,5,1.71
11015130,2015,北海道日本ハム,9,0,0,0,0,0,0,0,0,.000,47,10.2,11,0,5,0,9,0,0,4,4,3.38
11015130,2016,北海道日本ハム,1,0,0,0,0,0,0,0,0,.000,3,1,0,0,1,0,0,0,0,0,0,0.00
61065130,2018,北海道日本ハム,1,0,0,0,0,0,0,0,0,.000,3,1,0,0,0,0,1,0,0,0,0,0.00
73775130,2015,北海道日本ハム,16,0,0,0,1,1,0,0,0,.000,89,18.2,19,0,15,1,22,0,3,14,11,5.30
31335132,2016,北海道日本ハム,37,0,1,0,4,4,0,0,0,.000,174,42,39,6,10,2,27,3,0,18,18,3.86
31335132,2017,北海道日本ハム,17,0,1,0,0,0,0,0,0,.000,94,22.2,19,7,7,0,13,1,0,14,13,5.16
31335132,2018,北海道日本ハム,31,1,1,1,7,8,0,0,0,.500,129,32.2,26,0,9,0,28,1,0,11,9,2.48
31335132,2019,北海道日本ハム,32,1,0,1,7,8,0,0,0,1.000,131,32,28,3,7,2,19,0,0,9,9,2.53
31335132,2020,北海道日本ハム,29,1,0,0,2,3,0,0,0,1.000,113,26.1,27,5,8,2,18,0,0,14,12,4.10
31335132,2021,北海道日本ハム,43,1,2,0,11,12,0,0,0,.333,151,38.2,24,4,10,2,33,0,0,11,8,1.86
31335132,2022,北海道日本ハム,23,2,0,1,6,8,0,0,0,1.000,112,24.1,34,3,4,2,27,1,0,14,14,5.18
31335132,2023,北海道日本ハム,5,0,0,0,0,0,0,0,0,.000,23,5,6,0,3,0,2,1,0,3,3,5.40
31335132,2024,オリックス,32,1,2,0,3,4,0,0,0,.333,134,32.1,29,0,11,2,25,0,0,15,15,4.18
31335132,2025,オリックス,5,0,0,0,0,0,0,0,0,.000,28,4.2,8,0,4,1,2,1,0,7,5,9.64
41345132,2016,北海道日本ハム,1,0,0,0,1,1,0,0,0,.000,4,1,1,0,0,0,1,0,0,0,0,0.00
41345132,2017,北海道日本ハム,9,1,5,0,0,0,0,0,0,.167,166,34.2,44,7,20,0,29,1,0,27,24,6.23
41345132,2018,北海道日本ハム,10,4,0,0,0,0,0,0,0,1.000,158,37.1,34,3,11,1,24,1,0,15,13,3.13
41345132,2019,北海道日本ハム,13,1,3,0,0,0,0,0,0,.250,195,45.1,53,7,9,0,30,6,1,31,28,5.56
41345132,2020,北海道日本ハム,7,1,3,0,0,0,0,0,0,.250,149,34.1,37,3,12,0,28,3,0,20,17,4.46
41345132,2021,北海道日本ハム,11,0,0,0,0,0,0,0,0,.000,47,11.1,8,0,6,0,11,0,0,5,5,3.97
41345132,2022,北海道日本ハム,25,3,5,0,1,1,0,0,0,.375,302,73.1,73,2,21,3,59,2,0,28,26,3.19
41345132,2023,北海道日本ハム,19,4,7,0,0,0,0,0,0,.364,424,101.1,101,7,22,4,74,0,0,40,31,2.75
41345132,2024,北海道日本ハム,7,0,5,0,0,0,0,0,0,.000,126,25.1,40,2,13,1,13,0,0,26,26,9.24
41345132,2025,北海道日本ハム,27,3,1,1,13,16,0,0,0,.750,98,24.1,15,1,8,3,24,0,0,3,3,1.11
41345132,2026,北海道日本ハム,42,2,3,0,11,13,0,0,0,.400,160,38,33,7,14,1,31,1,0,17,17,4.03
41545132,2016,北海道日本ハム,30,7,3,0,1,2,0,0,0,.700,392,91.1,91,4,31,2,64,1,0,37,35,3.45
41545132,2017,北海道日本ハム,21,6,6,0,0,0,0,0,0,.500,521,120,125,13,38,1,99,1,0,51,47,3.53
41545132,2018,北海道日本ハム,26,5,8,0,3,3,0,0,0,.385,489,113.1,127,9,28,4,82,3,0,61,57,4.53
41545132,2019,北海道日本ハム,26,5,7,0,1,1,0,0,0,.417,378,92,85,11,23,3,70,1,0,39,36,3.52
41545132,2020,北海道日本ハム,28,4,2,0,1,4,0,0,0,.667,249,58,57,4,23,2,51,1,0,23,21,3.26
41545132,2021,北海道日本ハム,25,6,7,0,0,0,1,1,1,.462,595,150,136,13,21,3,102,2,0,61,57,3.42
41545132,2022,北海道日本ハム,22,8,7,0,1,1,3,2,1,.533,564,147.2,124,9,11,1,98,0,0,35,33,2.01
41545132,2023,北海道日本ハム,24,7,9,0,0,0,3,1,3,.438,648,163.1,162,14,16,1,83,2,1,59,52,2.87
41545132,2024,北海道日本ハム,27,10,9,0,0,0,3,2,2,.526,672,166.2,174,15,17,1,103,2,0,55,50,2.70
41545132,2025,北海道日本ハム,20,9,6,0,0,0,3,0,2,.600,486,119,125,15,13,2,56,0,0,47,45,3.40
41545132,2026,北海道日本ハム,20,12,3,0,0,0,1,1,1,.800,457,115,104,13,13,0,59,0,0,44,37,2.90
43545132,2016,北海道日本ハム,37,8,8,0,6,8,0,0,0,.500,452,103.2,102,7,47,4,71,2,0,48,42,3.65
63765132,2016,北海道日本ハム,52,2,0,21,19,21,0,0,0,1.000,182,50.2,25,2,7,0,57,2,3,8,6,1.07
63765132,2017,北海道日本ハム,40,0,2,1,29,29,0,0,0,.000,137,37.2,21,2,6,1,34,0,1,5,5,1.19
83185132,2017,北海道日本ハム,5,2,2,0,0,0,0,0,0,.500,110,23.2,31,4,9,0,9,5,0,15,14,5.32
83185132,2018,北海道日本ハム,1,0,1,0,0,0,0,0,0,.000,20,3.2,6,0,2,0,2,1,0,6,3,7.36
83185132,2019,北海道日本ハム,9,0,0,0,0,0,0,0,0,.000,98,21,27,6,11,1,17,2,0,14,14,6.00
83185132,2020,北海道日本ハム,5,0,0,0,0,0,0,0,0,.000,27,6.1,8,0,2,0,6,0,0,3,3,4.26
63365134,2017,北海道日本ハム,14,1,2,0,0,1,0,0,0,.333,117,22.1,31,2,13,3,19,0,0,22,14,5.64
63365134,2017,横浜DeNA,27,1,3,2,7,8,0,0,0,.250,147,34,33,4,11,1,33,1,0,15,13,3.44
63365134,2018,横浜DeNA,53,4,3,0,13,17,0,0,0,.571,223,53,47,4,22,2,54,0,0,24,21,3.57
63365134,2019,横浜DeNA,74,5,4,0,33,38,0,0,0,.556,306,75.1,60,7,24,2,88,1,0,23,21,2.51
63365134,2020,横浜DeNA,56,1,4,0,17,18,0,0,0,.200,217,54,39,3,17,4,58,0,0,15,14,2.33
63365134,2021,横浜DeNA,61,4,4,1,32,36,0,0,0,.500,229,58.2,39,7,11,4,50,0,0,23,22,3.38
63365134,2022,横浜DeNA,70,4,2,2,34,38,0,0,0,.667,268,63.1,48,4,29,5,51,0,0,17,17,2.42
63365134,2023,横浜DeNA,40,2,1,0,11,13,0,0,0,.667,138,31.2,28,6,16,2,30,1,0,18,16,4.55
61765139,2014,東京ヤクルト,4,2,2,0,0,0,0,0,0,.500,92,23,23,5,2,1,28,0,0,9,9,3.52
61765139,2015,東京ヤクルト,7,1,3,0,0,0,0,0,0,.250,164,37,35,2,21,0,25,1,0,12,12,2.92
61765139,2016,東京ヤクルト,17,3,2,0,0,0,0,0,0,.600,252,51.2,75,6,25,1,45,2,0,43,41,7.14
61765139,2017,東京ヤクルト,5,0,1,0,0,0,0,0,0,.000,18,4.2,3,2,1,0,9,0,0,2,2,3.86
61765139,2018,北海道日本ハム,3,2,0,0,0,0,0,0,0,1.000,47,12.2,6,1,3,1,11,0,0,4,4,2.84
61765139,2019,北海道日本ハム,14,4,4,0,0,0,0,0,0,.500,252,65,52,7,13,2,50,1,0,30,27,3.74
61765139,2020,北海道日本ハム,17,7,5,1,0,1,0,0,0,.583,319,74.2,59,6,37,1,68,2,0,29,26,3.13
61765139,2021,北海道日本ハム,56,3,3,28,1,4,0,0,0,.500,221,54.2,34,9,24,1,69,4,0,18,18,2.96
61765139,2022,北海道日本ハム,16,3,6,0,0,0,0,0,0,.333,184,42.2,45,5,10,2,48,3,0,25,25,5.27
61765139,2023,北海道日本ハム,24,0,1,0,0,0,0,0,0,.000,99,22.2,22,4,10,2,22,1,0,9,7,2.78
61765139,2024,北海道日本ハム,40,2,0,3,15,17,0,0,0,1.000,137,34.2,24,1,12,1,23,4,0,8,6,1.56
61765139,2025,北海道日本ハム,18,2,2,0,1,3,0,0,0,.500,64,16.1,14,6,3,0,12,0,0,10,9,4.96
61765139,2026,中日,18,1,2,0,5,6,0,0,0,.333,79,17.2,18,1,9,1,17,0,0,7,7,3.57
91295134,2017,北海道日本ハム,24,1,2,0,1,2,0,0,0,.333,99,24.1,17,2,7,3,12,0,0,8,7,2.59
91295134,2018,北海道日本ハム,40,2,3,0,2,4,0,0,0,.400,209,48,48,5,13,7,40,2,0,24,22,4.13
91295134,2019,北海道日本ハム,65,2,3,0,11,13,0,0,0,.400,256,62,52,1,22,1,34,1,0,22,18,2.61
91295134,2020,北海道日本ハム,49,4,4,1,21,25,0,0,0,.500,175,41.2,36,5,18,1,29,3,0,17,16,3.46
91295134,2021,北海道日本ハム,50,0,0,0,8,8,0,0,0,.000,185,42.2,41,2,19,4,23,1,0,18,15,3.16
91295134,2022,北海道日本ハム,50,1,1,0,19,20,0,0,0,.500,167,37.2,37,1,17,0,16,1,0,17,14,3.35
91295134,2023,北海道日本ハム,50,0,2,2,10,10,0,0,0,.000,162,37.2,43,3,7,3,21,3,0,14,11,2.63
91295134,2025,北海道日本ハム,40,3,2,1,17,20,0,0,0,.600,127,32,23,1,8,2,23,0,0,8,8,2.25
91295134,2026,北海道日本ハム,12,1,0,0,1,2,0,0,0,1.000,37,9.2,9,2,1,1,3,0,0,3,3,2.79
51855134,2017,北海道日本ハム,4,0,1,0,0,0,0,0,0,.000,31,8,8,3,1,0,7,0,0,3,3,3.38
51855134,2018,北海道日本ハム,10,2,3,1,1,1,0,0,0,.400,154,35.1,33,9,17,3,28,2,0,23,23,5.86
51855134,2019,北海道日本ハム,53,4,4,1,5,9,0,0,0,.500,265,60.1,61,9,18,3,61,1,0,37,35,5.22
51855134,2020,北海道日本ハム,45,2,1,1,14,16,0,0,0,.667,173,38.2,30,2,22,6,45,0,0,20,18,4.19
51855134,2021,北海道日本ハム,60,3,2,0,39,42,0,0,0,.600,229,53.1,36,3,30,4,56,3,0,14,14,2.36
51855134,2022,北海道日本ハム,41,1,5,5,11,12,0,0,0,.167,160,34,41,4,16,3,34,0,0,23,22,5.82
51855134,2023,北海道日本ハム,5,1,0,0,0,1,0,0,0,1.000,21,4,9,3,1,0,3,0,0,4,4,9.00
51855134,2024,北海道日本ハム,10,0,0,0,0,0,0,0,0,.000,42,8.1,12,2,4,1,14,0,0,9,8,8.64
51855134,2025,北海道日本ハム,2,0,0,0,0,0,0,0,0,.000,9,1.2,3,0,1,0,2,0,0,3,3,16.20
51855134,2026,北海道日本ハム,43,4,1,1,19,23,0,0,0,.800,142,34.2,29,3,9,0,53,0,0,10,10,2.60
01505136,2018,北海道日本ハム,1,0,0,0,1,1,0,0,0,.000,3,1,0,0,0,0,1,0,0,0,0,0.00
01505136,2019,北海道日本ハム,6,1,1,0,0,1,0,0,0,.500,78,17.1,21,1,6,0,6,1,0,11,11,5.71
01505136,2020,北海道日本ハム,3,0,1,0,0,0,0,0,0,.000,22,3.1,9,0,3,0,0,0,0,7,6,16.20
01505136,2021,北海道日本ハム,3,0,0,0,0,0,0,0,0,.000,23,5.1,5,1,2,0,4,0,0,2,2,3.38
01505136,2022,北海道日本ハム,11,0,0,1,0,0,0,0,0,.000,38,7.2,10,0,5,0,6,0,0,2,2,2.35
01505136,2023,北海道日本ハム,12,0,0,0,0,0,0,0,0,.000,47,11.2,12,1,2,0,11,0,0,4,4,3.09
01505136,2024,北海道日本ハム,12,2,1,0,4,6,0,0,0,.667,52,11.1,15,2,3,0,6,0,0,8,4,3.18
01505136,2026,読売,13,0,0,0,2,2,0,0,0,.000,55,12.1,15,3,4,0,8,0,0,11,11,8.03
81985136,2019,北海道日本ハム,1,0,0,0,0,0,0,0,0,.000,9,2,2,0,1,0,3,0,0,0,0,0.00
61065136,2019,北海道日本ハム,1,0,1,0,0,0,0,0,0,.000,9,2,2,0,1,0,1,1,0,2,2,9.00
61065136,2022,北海道日本ハム,4,1,3,0,0,0,0,0,0,.250,87,18.2,22,3,7,7,8,0,2,11,10,4.82
61065136,2023,北海道日本ハム,2,0,0,0,0,0,0,0,0,.000,41,8.1,8,1,7,1,4,0,0,5,5,5.40
61065136,2024,北海道日本ハム,3,0,0,0,0,0,0,0,0,.000,22,4,6,2,4,0,2,1,0,5,5,11.25
61065136,2025,読売,62,1,3,0,36,37,0,0,0,.250,208,50.2,45,3,20,2,38,0,0,13,12,2.13
61065136,2026,読売,61,3,3,2,42,45,0,0,0,.500,217,53.1,43,0,18,4,32,0,0,11,9,1.52
63565136,2018,北海道日本ハム,53,4,4,12,20,24,0,0,0,.500,226,51,45,2,23,7,33,6,0,24,21,3.71
91495136,2018,北海道日本ハム,26,2,2,1,8,10,0,0,0,.500,102,23,21,1,12,2,25,1,0,9,9,3.52
91495136,2019,北海道日本ハム,35,1,0,0,3,4,0,0,0,1.000,196,44.2,40,6,20,3,55,3,0,22,19,3.83
91495136,2020,北海道日本ハム,16,0,0,0,0,0,0,0,0,.000,115,25.2,23,4,14,2,29,0,0,14,13,4.56
91495136,2021,北海道日本ハム,27,0,0,0,1,1,0,0,0,.000,139,31,33,2,12,3,32,0,1,16,12,3.48
91495136,2022,北海道日本ハム,18,0,0,0,0,0,0,0,0,.000,94,21.2,22,4,10,1,25,1,0,15,12,4.98
91495136,2023,千葉ロッテ,44,4,0,0,14,18,0,0,0,1.000,174,43.1,28,2,16,1,41,3,0,7,6,1.25
91495136,2024,千葉ロッテ,17,0,0,0,7,7,0,0,0,.000,80,17.2,18,1,10,0,15,3,0,13,13,6.62
91495136,2025,千葉ロッテ,1,0,0,0,0,0,0,0,0,.000,8,0.2,4,0,2,0,1,0,0,3,3,40.50
33735136,2018,北海道日本ハム,25,10,11,0,0,0,3,0,0,.476,683,161.2,168,16,40,6,93,3,0,69,63,3.51
33735136,2020,北海道日本ハム,17,2,7,1,1,1,0,0,0,.222,344,76,76,8,40,3,66,8,0,44,39,4.62
33735136,2021,福岡ソフトバンク,21,9,4,0,0,0,0,0,0,.692,553,140.2,108,6,38,5,138,1,0,25,25,1.60
71875136,2018,北海道日本ハム,1,0,0,0,0,0,0,0,0,.000,24,4.2,4,0,4,2,3,1,0,2,2,3.86
71875136,2022,東京ヤクルト,2,0,0,0,0,0,0,0,0,.000,12,2.1,4,0,1,0,4,1,0,5,5,19.29
43745136,2018,北海道日本ハム,9,3,2,0,0,0,0,0,0,.600,165,37.2,41,0,12,3,23,2,1,23,22,5.26
43745136,2019,北海道日本ハム,34,6,7,1,8,13,0,0,0,.462,383,91.1,89,7,27,4,55,5,0,36,33,3.25
43745136,2020,北海道日本ハム,7,0,0,0,3,3,0,0,0,.000,34,8,7,0,3,0,9,1,0,2,2,2.25
43745136,2021,北海道日本ハム,47,0,2,3,24,24,0,0,0,.000,194,46,40,4,20,3,34,0,0,17,14,2.74
43745136,2022,北海道日本ハム,22,3,2,0,8,11,0,0,0,.600,66,16.1,14,0,3,1,13,0,0,5,4,2.20
43745136,2023,北海道日本ハム,37,1,7,0,12,13,0,0,0,.125,163,35.1,42,5,20,0,20,1,0,21,20,5.09
43745136,2024,北海道日本ハム,10,1,1,0,3,4,0,0,0,.500,36,8.2,9,0,2,0,3,0,0,2,2,2.08
91195139,2014,東京ヤクルト,61,3,4,5,19,22,0,0,0,.429,276,71,52,10,19,0,62,0,0,20,18,2.28
91195139,2015,東京ヤクルト,74,6,1,0,22,28,0,0,0,.857,305,76.1,51,6,28,6,81,2,0,24,20,2.36
91195139,2016,東京ヤクルト,70,3,4,19,10,13,0,0,0,.429,279,70,50,6,15,6,68,1,0,17,17,2.19
91195139,2017,東京ヤクルト,43,5,6,10,10,15,0,0,0,.455,177,43,38,3,11,1,39,2,0,17,16,3.35
91195139,2018,東京ヤクルト,35,2,2,0,6,8,0,0,0,.500,166,38.1,40,5,12,2,24,0,0,20,18,4.23
91195139,2019,北海道日本ハム,53,0,5,25,7,7,0,0,0,.000,212,51.2,38,6,19,2,48,0,0,19,17,2.96
91195139,2020,北海道日本ハム,33,1,2,12,4,5,0,0,0,.333,131,29.2,30,6,11,0,28,0,0,21,21,6.37
91195139,2021,北海道日本ハム,10,0,0,0,0,0,0,0,0,.000,42,10,7,0,4,0,8,0,0,3,3,2.70
91195139,2022,福岡ソフトバンク,2,0,0,0,0,0,0,0,0,.000,10,2,4,1,0,0,1,0,0,3,3,13.50
41345110,2006,オリックス,21,1,1,0,1,2,0,0,0,.500,120,28,20,4,18,2,22,3,1,13,11,3.54
41345110,2007,オリックス,36,6,2,1,2,2,2,2,0,.750,343,84,75,4,20,1,68,1,0,31,26,2.79
41345110,2008,オリックス,29,10,9,0,0,0,0,0,0,.526,717,165,185,19,34,8,126,3,0,78,73,3.98
41345110,2009,オリックス,32,11,8,4,0,1,5,2,1,.579,683,171.2,149,15,34,4,165,2,0,54,49,2.57
41345110,2010,オリックス,30,17,8,0,1,1,7,6,2,.680,831,204.1,184,17,44,3,190,5,2,85,75,3.30
41345110,2011,オリックス,20,10,4,0,0,0,5,2,3,.714,613,155.1,126,9,38,2,123,3,0,45,42,2.43
41345110,2012,オリックス,9,4,3,0,0,0,2,1,1,.571,265,63.2,65,2,15,1,56,3,0,19,17,2.40
41345110,2013,オリックス,29,15,8,0,0,0,10,3,1,.652,881,223.1,166,10,58,3,200,6,1,55,50,2.01
41345110,2014,オリックス,26,16,5,0,0,0,4,3,1,.762,763,191,157,7,42,3,199,6,0,48,42,1.98
41345110,2015,オリックス,16,7,6,0,1,1,0,0,0,.538,379,93,85,8,18,0,79,1,0,34,33,3.19
41345110,2016,オリックス,24,7,9,0,0,0,2,1,1,.438,676,162,143,13,59,2,125,7,0,71,69,3.83
41345110,2017,オリックス,27,12,8,0,0,0,6,1,2,.600,754,184.1,160,21,56,2,141,1,0,80,71,3.47
41345110,2018,オリックス,17,4,7,0,0,0,0,0,0,.364,430,100,97,11,35,3,72,3,0,47,43,3.87
41345110,2019,北海道日本ハム,26,8,7,0,2,2,0,0,0,.533,460,109.2,106,10,40,0,75,2,0,42,37,3.04
41345110,2020,北海道日本ハム,34,1,3,0,1,2,0,0,0,.250,199,44,49,5,17,2,47,1,0,29,25,5.11
41345110,2021,北海道日本ハム,8,0,4,0,0,0,0,0,0,.000,149,33.1,42,4,13,3,22,3,0,23,23,6.21
41345110,2022,北海道日本ハム,3,1,2,0,0,0,0,0,0,.333,54,13,15,0,1,0,11,0,0,7,7,4.85
71575138,2022,北海道日本ハム,4,0,0,0,0,0,0,0,0,.000,16,4.1,2,1,2,0,1,0,0,1,1,2.08
41245138,2019,北海道日本ハム,4,0,1,0,0,0,0,0,0,.000,39,8,10,2,4,0,2,0,0,10,7,7.88
41245138,2020,北海道日本ハム,3,0,1,0,0,0,0,0,0,.000,29,6,9,1,3,0,5,2,0,6,5,7.50
41245138,2021,北海道日本ハム,1,1,0,0,0,0,0,0,0,1.000,22,6,1,0,3,1,5,0,0,1,1,1.50
41245138,2022,北海道日本ハム,2,0,1,0,0,0,0,0,0,.000,41,10,7,0,4,1,7,0,0,5,4,3.60
41245138,2023,北海道日本ハム,5,0,1,0,0,0,0,0,0,.000,35,8.1,5,0,4,2,5,2,0,3,2,2.16
41245138,2024,北海道日本ハム,43,1,1,1,9,10,0,0,0,.500,172,41.2,48,1,9,1,34,1,0,18,18,3.89
41245138,2025,北海道日本ハム,25,0,0,0,6,6,0,0,0,.000,105,27.1,20,3,5,0,16,0,0,7,7,2.30
41245138,2026,北海道日本ハム,14,0,0,0,0,0,0,0,0,.000,57,14,14,2,3,0,10,0,0,7,7,4.50
33335138,2019,北海道日本ハム,15,2,2,0,1,1,0,0,0,.500,147,32,35,5,21,1,22,1,0,23,20,5.63
73375138,2019,北海道日本ハム,8,0,1,2,2,2,0,0,0,.000,33,7,8,1,5,0,8,1,0,7,7,9.00
11615138,2020,北海道日本ハム,30,0,0,0,2,2,0,0,0,.000,132,30.1,29,4,14,0,27,1,0,12,11,3.26
11615138,2021,北海道日本ハム,5,0,0,0,0,0,0,0,0,.000,25,4.2,9,1,1,0,3,1,0,8,6,11.57
11615138,2022,北海道日本ハム,13,0,0,0,3,3,0,0,0,.000,45,10.1,7,0,7,0,11,0,0,1,1,0.87
11615138,2023,北海道日本ハム,29,1,0,0,3,4,0,0,0,1.000,100,26.1,11,0,10,2,19,4,0,0,0,0.00
11615138,2024,北海道日本ハム,2,0,0,0,0,0,0,0,0,.000,9,2,1,0,2,0,1,0,0,0,0,0.00
13115138,2019,北海道日本ハム,4,1,3,0,0,0,0,0,0,.250,59,11,18,3,7,1,13,0,0,15,15,12.27
13115138,2020,北海道日本ハム,5,0,2,0,0,0,0,0,0,.000,99,20.1,26,2,12,1,11,0,0,22,19,8.41
13115138,2021,北海道日本ハム,1,0,1,0,0,0,0,0,0,.000,14,2,4,1,3,0,2,0,0,7,2,9.00
13115138,2022,北海道日本ハム,51,2,3,0,5,7,0,0,0,.400,256,63.1,53,5,23,1,40,4,0,30,30,4.26
13115138,2023,北海道日本ハム,3,0,0,0,0,0,0,0,0,.000,15,3,5,1,2,0,2,0,0,3,3,9.00
13115138,2024,オリックス,50,4,0,0,14,18,0,0,0,1.000,173,40.2,40,1,14,5,30,1,0,15,15,3.32
13115138,2026,オリックス,26,2,2,0,8,10,0,0,0,.500,91,21.1,22,3,7,1,21,1,0,10,10,4.22
81785151,2020,北海道日本ハム,12,3,5,0,0,0,0,0,0,.375,269,60.1,63,9,30,3,43,1,0,40,34,5.07
81785151,2021,北海道日本ハム,40,3,6,0,9,11,0,0,0,.333,376,90.1,74,7,31,4,68,4,0,35,30,2.99
81785151,2022,北海道日本ハム,21,0,2,1,1,1,0,0,0,.000,150,34.2,36,3,11,3,25,3,0,24,17,4.41
81785151,2023,北海道日本ハム,50,1,4,0,20,21,0,0,0,.200,164,42.1,30,1,9,3,35,0,0,9,8,1.70
81785151,2024,北海道日本ハム,52,1,4,0,33,34,0,0,0,.200,168,42.1,33,5,11,1,33,4,0,10,10,2.13
81785151,2025,北海道日本ハム,32,2,0,0,18,20,0,0,0,1.000,107,26.2,19,4,6,4,21,1,0,14,12,4.05
81785151,2026,北海道日本ハム,6,0,0,0,0,0,0,0,0,.000,23,4.2,6,1,2,1,4,0,1,2,2,3.86
61065151,2020,北海道日本ハム,11,0,1,0,0,0,0,0,0,.000,55,11.1,15,0,7,0,11,0,0,10,10,7.94
61065151,2021,北海道日本ハム,21,0,0,0,0,0,0,0,0,.000,84,19.1,17,1,7,3,11,0,0,10,9,4.19
61065151,2022,北海道日本ハム,19,2,1,0,3,4,0,0,0,.667,159,38,33,2,13,4,25,1,0,12,12,2.84
61065151,2023,北海道日本ハム,24,6,4,0,1,2,0,0,0,.600,273,65,59,3,21,3,23,0,0,24,19,2.63
61065151,2024,北海道日本ハム,8,1,2,0,1,1,0,0,0,.333,90,23,17,3,7,1,6,0,0,7,7,2.74
61065151,2025,広島東洋,24,2,0,0,0,2,0,0,0,1.000,137,33.1,27,1,8,3,19,0,1,8,7,1.89
61065151,2026,広島東洋,34,3,2,0,2,3,0,0,0,.600,270,66.1,59,6,16,5,32,0,0,19,19,2.58
91295151,2021,北海道日本ハム,11,4,3,0,0,0,0,0,0,.571,224,55,39,3,23,3,47,1,0,16,15,2.45
91295151,2022,北海道日本ハム,3,1,2,0,0,0,0,0,0,.333,52,10.2,16,1,4,1,4,2,0,12,12,10.13
91295151,2023,北海道日本ハム,4,0,1,0,0,0,0,0,0,.000,29,6,10,2,1,0,7,1,0,4,4,6.00
41445151,2021,北海道日本ハム,5,0,0,0,2,2,0,0,0,.000,16,3.2,2,0,3,0,1,0,0,3,3,7.36
33735151,2020,北海道日本ハム,18,8,6,0,0,0,1,1,1,.571,454,111.2,91,7,29,6,115,4,0,45,40,3.22
33735151,2021,北海道日本ハム,20,5,8,0,0,1,0,0,0,.385,407,96,90,7,33,6,100,1,0,45,41,3.84
33735151,2024,北海道日本ハム,9,2,2,0,0,0,0,0,0,.500,199,49,44,5,10,2,41,2,0,20,17,3.12
33735151,2025,北海道日本ハム,6,3,3,0,0,1,0,0,0,.500,113,26.2,28,4,6,1,22,0,1,18,18,6.08
61865151,2020,北海道日本ハム,2,0,0,0,0,0,0,0,0,.000,8,2,1,0,0,0,1,0,0,0,0,0.00
61865151,2021,北海道日本ハム,2,0,0,0,0,0,0,0,0,.000,16,4,2,0,3,0,1,0,0,1,1,2.25
61865151,2022,北海道日本ハム,9,0,0,0,0,0,0,0,0,.000,46,9,15,1,4,1,8,1,0,8,7,7.00
91195117,2003,福岡ダイエー,18,8,7,0,,,8,1,1,.533,505,121.1,110,10,30,6,132,5,0,52,45,3.34
91195117,2004,福岡ダイエー,25,11,8,0,,,9,2,1,.579,807,192.1,173,14,73,11,177,8,0,75,70,3.28
91195117,2005,福岡ソフトバンク,22,10,6,0,0,1,3,2,0,.625,600,136.2,146,13,54,9,130,7,1,73,70,4.61
91195117,2006,福岡ソフトバンク,23,13,5,0,0,0,5,2,1,.722,641,155.1,132,10,46,7,151,10,0,60,52,3.01
91195117,2007,福岡ソフトバンク,21,7,10,0,0,0,2,1,0,.412,581,137.1,128,7,51,4,132,25,0,62,55,3.60
91195117,2008,福岡ソフトバンク,15,4,6,0,0,0,0,0,0,.400,411,92.2,89,7,39,6,105,15,2,55,43,4.18
91195117,2009,福岡ソフトバンク,4,0,2,0,0,0,0,0,0,.000,95,19.1,31,5,10,1,15,3,0,17,17,7.91
91195117,2012,福岡ソフトバンク,15,6,5,0,0,0,1,0,1,.545,335,78.2,66,4,38,4,56,8,0,42,40,4.58
91195117,2013,福岡ソフトバンク,5,1,1,0,0,0,0,0,0,.500,106,22.2,28,7,12,2,13,1,0,14,14,5.56
91195117,2014,東京ヤクルト,3,0,2,0,0,0,0,0,0,.000,44,8,14,0,5,2,6,6,0,8,7,7.88
91195117,2015,東京ヤクルト,15,3,10,0,0,0,0,0,0,.231,367,83.1,89,13,36,2,70,9,0,48,43,4.64
91195117,2016,東京ヤクルト,6,1,2,0,0,0,0,0,0,.333,136,29.2,33,4,15,2,23,4,0,22,22,6.67
71175118,2013,福岡ソフトバンク,3,0,0,0,0,0,0,0,0,.000,36,6,11,1,9,1,3,1,0,5,5,7.50
31335116,2008,福岡ソフトバンク,1,0,0,0,0,0,0,0,0,.000,15,3,7,0,0,0,1,0,0,3,3,9.00
31335116,2009,福岡ソフトバンク,1,0,1,0,0,0,0,0,0,.000,19,4.1,7,0,1,0,1,0,0,5,3,6.23
31335116,2010,福岡ソフトバンク,6,0,3,0,0,0,0,0,0,.000,105,22.1,30,2,9,1,9,0,0,21,20,8.06
31335116,2011,福岡ソフトバンク,13,6,2,0,0,0,2,1,0,.750,326,79.1,70,4,22,5,33,4,0,27,24,2.72
31335116,2012,福岡ソフトバンク,29,5,10,0,3,4,2,0,0,.333,498,120.1,113,5,27,3,77,1,0,46,42,3.14
31335116,2013,福岡ソフトバンク,47,1,4,2,14,15,0,0,0,.200,297,68.2,79,9,14,3,54,2,0,39,33,4.33
31335116,2014,福岡ソフトバンク,18,4,1,0,3,3,0,0,0,.800,266,62,64,10,15,4,37,0,0,32,28,4.06
31335116,2015,福岡ソフトバンク,8,1,0,0,2,3,0,0,0,1.000,46,10.2,11,3,4,0,5,1,0,8,8,6.75
31335116,2016,福岡ソフトバンク,35,4,2,1,9,10,1,1,0,.667,347,87.2,77,6,17,0,61,3,0,22,19,1.95
31335116,2017,福岡ソフトバンク,72,6,3,2,40,46,0,0,0,.667,289,72.1,55,8,16,2,66,1,0,16,16,1.99
31335116,2018,福岡ソフトバンク,2,1,0,0,1,2,0,0,0,1.000,5,2,0,0,0,0,2,0,0,0,0,0.00
31335116,2019,福岡ソフトバンク,2,0,0,0,0,0,0,0,0,.000,8,2,1,0,1,0,2,0,0,1,1,4.50
31335116,2020,福岡ソフトバンク,17,0,2,0,10,10,0,0,0,.000,70,15,19,3,6,1,20,0,0,12,12,7.20
31335116,2021,福岡ソフトバンク,48,2,5,6,14,16,0,0,0,.286,179,45.1,37,7,11,0,56,1,0,21,21,4.17
31335116,2022,中日,1,0,0,0,0,0,0,0,0,.000,1,+,0,0,1,0,0,0,0,1,1,----
31335116,2024,中日,21,0,0,0,1,1,0,0,0,.000,94,20,24,0,11,0,18,0,0,14,13,5.85
31335116,2025,中日,4,1,0,0,0,1,0,0,0,1.000,22,4.1,9,1,0,0,3,0,0,1,1,2.08
31335116,2025,オリックス,37,4,1,0,16,20,0,0,0,.800,136,34,26,0,10,1,34,1,0,8,8,2.12
31335116,2026,オリックス,23,0,3,0,2,2,0,0,0,.000,95,20.2,20,3,14,1,13,1,0,16,16,6.97
71373888,2001,福岡ダイエー,1,0,0,0,,,0,0,0,.000,22,5,6,0,2,0,5,1,0,5,5,9.00
71373888,2002,福岡ダイエー,7,0,1,0,,,0,0,0,.000,49,11,13,3,5,0,9,1,1,8,8,6.55
71373888,2007,福岡ソフトバンク,7,0,0,0,0,0,0,0,0,.000,50,11,7,2,9,1,10,1,0,6,6,4.91
71373888,2008,福岡ソフトバンク,29,3,0,1,6,9,0,0,0,1.000,144,33.1,31,7,12,2,33,3,0,21,20,5.40
71373888,2009,福岡ソフトバンク,1,0,0,0,0,0,0,0,0,.000,5,+,2,0,3,0,0,0,0,2,2,----
71373888,2010,福岡ソフトバンク,24,4,8,0,0,0,0,0,0,.333,468,102,98,14,67,3,113,9,0,65,60,5.29
41343888,2001,阪神,12,0,0,0,,,0,0,0,.000,66,13,22,1,8,1,6,0,1,13,10,6.92
41343888,2002,阪神,50,5,4,1,,,0,0,0,.556,299,68.2,68,5,22,8,52,5,0,33,33,4.33
41343888,2003,阪神,36,0,1,0,,,0,0,0,.000,225,55.2,48,7,10,1,44,2,0,23,17,2.75
41343888,2004,阪神,23,1,1,0,,,0,0,0,.500,182,43.1,39,7,13,4,42,3,0,18,17,3.53
41343888,2006,阪神,25,3,1,0,4,7,0,0,0,.750,120,26.1,34,3,6,2,21,0,0,19,14,4.78
41343888,2007,北海道日本ハム,10,1,1,0,1,1,0,0,0,.500,106,22.1,27,6,12,3,9,2,0,21,21,8.46
41343888,2008,北海道日本ハム,4,0,1,0,0,0,0,0,0,.000,81,18,23,5,7,1,8,1,0,12,12,6.00
41343888,2009,オリックス,5,0,0,0,0,0,0,0,0,.000,36,7.2,10,2,3,1,5,0,0,4,4,4.70
41343888,2010,福岡ソフトバンク,38,1,1,0,1,2,0,0,0,.500,201,46.2,40,3,18,3,30,1,0,18,15,2.89
41343888,2011,福岡ソフトバンク,53,1,1,3,16,17,0,0,0,.500,173,43.1,31,2,12,3,30,2,0,9,8,1.66
41343888,2012,福岡ソフトバンク,49,1,0,0,7,8,0,0,0,1.000,184,44.1,36,2,14,3,28,2,0,18,12,2.44
41343888,2013,福岡ソフトバンク,27,2,0,0,3,5,0,0,0,1.000,101,23,19,2,12,0,12,1,0,9,8,3.13
21525115,2004,福岡ダイエー,12,0,1,0,,,0,0,0,.000,111,24.2,26,5,11,0,23,1,0,16,16,5.84
21525115,2005,福岡ソフトバンク,46,3,1,0,14,17,0,0,0,.750,226,49.2,46,3,25,7,48,3,1,19,18,3.26
21525115,2006,福岡ソフトバンク,26,6,3,0,1,2,0,0,0,.667,360,86.2,84,7,28,0,89,4,0,33,31,3.22
21525115,2007,福岡ソフトバンク,8,1,3,0,0,0,0,0,0,.250,146,34,31,5,14,1,27,3,1,19,18,4.76
21525115,2009,福岡ソフトバンク,26,2,3,0,3,5,0,0,0,.400,152,34.2,26,4,22,2,33,4,1,18,15,3.89
21525115,2010,福岡ソフトバンク,10,0,0,0,0,0,0,0,0,.000,75,16.2,18,3,6,1,17,3,1,13,13,7.02
21525115,2011,福岡ソフトバンク,2,0,0,0,0,0,0,0,0,.000,9,1.2,4,1,0,0,2,1,0,3,3,16.20
21525115,2012,福岡ソフトバンク,20,0,0,0,4,4,0,0,0,.000,101,24.2,22,3,4,1,24,2,0,15,15,5.47
21525115,2013,横浜DeNA,5,0,1,0,1,1,0,0,0,.000,49,10,10,2,9,1,8,1,0,9,9,8.10
51555112,2007,福岡ソフトバンク,1,0,0,0,0,0,0,0,0,.000,3,1,0,0,0,0,2,0,0,0,0,0.00
51555112,2008,福岡ソフトバンク,9,0,1,0,0,0,0,0,0,.000,88,18.2,22,3,11,0,11,1,0,10,10,4.82
51555112,2009,福岡ソフトバンク,6,0,0,0,0,0,0,0,0,.000,28,6.2,5,1,1,1,4,1,0,3,2,2.70
51555112,2010,福岡ソフトバンク,65,2,0,0,15,17,0,0,0,1.000,324,76,66,3,23,9,74,1,0,29,25,2.96
51555112,2012,福岡ソフトバンク,6,0,1,0,0,0,0,0,0,.000,29,6.1,5,0,5,0,3,0,0,2,2,2.84
11715131,2012,福岡ソフトバンク,2,0,0,0,0,0,0,0,0,.000,10,3,1,0,0,0,3,0,0,0,0,0.00
11715131,2013,福岡ソフトバンク,1,0,0,0,0,0,0,0,0,.000,12,3,1,1,2,0,1,1,0,3,3,9.00
11715131,2019,福岡ソフトバンク,19,0,0,0,1,1,0,0,0,.000,105,23.2,22,1,14,1,10,1,0,10,7,2.66
11715131,2020,福岡ソフトバンク,22,0,0,0,4,4,0,0,0,.000,79,18,12,0,14,3,15,2,0,5,4,2.00
11715131,2021,福岡ソフトバンク,3,0,0,0,0,0,0,0,0,.000,14,2.1,3,0,3,1,2,0,0,2,2,7.71
21525118,2009,福岡ソフトバンク,1,0,0,0,0,0,0,0,0,.000,5,1,1,0,1,0,1,0,0,1,1,9.00
21525118,2011,福岡ソフトバンク,9,0,0,0,0,0,0,0,0,.000,61,15.1,9,1,3,2,17,0,0,5,4,2.35
21525118,2012,福岡ソフトバンク,29,1,1,0,3,4,0,0,0,.500,132,31.1,31,1,7,0,28,2,0,10,6,1.72
21525118,2013,福岡ソフトバンク,23,0,1,0,0,0,0,0,0,.000,130,31,28,2,16,0,27,0,0,12,12,3.48
21525118,2014,福岡ソフトバンク,25,1,0,0,2,3,0,0,0,1.000,130,31.2,28,3,8,0,23,3,0,15,12,3.41
21525118,2016,東北楽天,2,0,0,0,1,1,0,0,0,.000,8,2,1,1,1,0,1,0,0,1,1,4.50
41543889,1997,読売,1,0,0,0,,,0,0,0,.000,2,1,0,0,0,0,0,0,0,0,0,0.00
41543889,1998,読売,2,0,0,0,,,0,0,0,.000,10,2,3,0,1,0,3,0,0,3,3,13.50
41543889,2000,読売,2,0,0,0,,,0,0,0,.000,13,1.2,5,0,3,0,1,0,0,7,7,37.80
41543889,2001,福岡ダイエー,8,0,0,0,,,0,0,0,.000,57,13.1,15,3,6,0,5,1,0,10,8,5.40
41543889,2002,福岡ダイエー,7,0,0,0,,,0,0,0,.000,23,6.1,4,0,2,0,2,0,0,1,1,1.42
41543889,2003,福岡ダイエー,31,3,3,0,,,0,0,0,.500,190,45.1,45,4,18,3,32,0,0,15,15,2.98
41543889,2004,福岡ダイエー,40,2,1,0,,,0,0,0,.667,188,43.1,50,5,14,3,19,1,0,20,18,3.74
41543889,2005,福岡ソフトバンク,27,2,0,1,4,6,0,0,0,1.000,116,26,32,1,9,2,13,2,0,10,10,3.46
41543889,2006,福岡ソフトバンク,17,3,0,0,1,4,0,0,0,1.000,126,31,32,2,7,2,27,1,0,8,8,2.32
41543889,2007,福岡ソフトバンク,27,2,1,0,9,11,0,0,0,.667,123,28.2,23,3,14,4,20,0,0,13,13,4.08
41543889,2008,福岡ソフトバンク,22,3,2,0,2,5,0,0,0,.600,73,17.1,22,1,1,0,9,0,0,11,10,5.19
41543889,2009,福岡ソフトバンク,25,1,1,0,2,3,0,0,0,.500,110,23.1,35,5,8,0,14,1,0,18,17,6.56
71373882,1997,福岡ダイエー,1,0,0,0,,,0,0,0,.000,6,0.2,2,0,1,1,1,0,0,2,2,27.00
71373882,1998,福岡ダイエー,1,0,0,0,,,0,0,0,.000,19,3.2,6,0,3,1,1,0,0,3,3,7.36
71373882,1999,福岡ダイエー,1,0,0,0,,,0,0,0,.000,6,1,1,0,0,1,3,1,1,2,2,18.00
71373882,2000,福岡ダイエー,22,5,2,0,,,0,0,0,.714,399,89.1,92,9,46,1,77,10,1,44,41,4.13
71373882,2001,福岡ダイエー,7,0,1,0,,,1,0,0,.000,104,22.1,28,4,11,1,16,1,0,11,11,4.43
71373882,2002,福岡ダイエー,10,4,1,0,,,0,0,0,.800,282,70.1,53,4,21,3,63,3,0,24,23,2.94
71373882,2003,福岡ダイエー,26,20,3,0,,,5,1,1,.870,801,194,174,19,66,8,160,4,0,62,61,2.83
71373882,2004,福岡ダイエー,22,10,7,0,,,3,1,0,.588,612,138,139,22,59,6,120,6,0,100,96,6.26
71373882,2005,福岡ソフトバンク,22,16,1,0,0,0,4,1,1,.941,636,157,135,14,41,10,129,5,0,54,51,2.92
71373882,2006,福岡ソフトバンク,26,18,5,0,0,0,8,5,3,.783,790,201,147,10,46,8,205,2,0,50,39,1.75
71373882,2007,福岡ソフトバンク,12,6,3,0,0,0,0,0,0,.667,297,72.1,64,3,25,3,71,2,0,22,22,2.74
91995118,2009,福岡ソフトバンク,70,5,2,0,34,39,0,0,0,.714,321,79.2,51,3,35,1,102,3,0,13,13,1.47
91995118,2010,福岡ソフトバンク,71,4,3,1,38,42,0,0,0,.571,315,82.1,52,3,21,5,89,1,0,23,21,2.30
91995118,2011,福岡ソフトバンク,26,14,8,0,0,0,3,1,0,.636,699,177.2,148,10,31,6,150,2,0,57,55,2.79
91995118,2012,福岡ソフトバンク,27,17,5,0,0,0,3,2,1,.773,770,193.1,148,8,54,2,153,1,0,46,41,1.91
91995118,2013,福岡ソフトバンク,25,15,8,0,0,0,3,1,1,.652,662,162.1,138,11,42,8,146,3,0,68,55,3.05
91995118,2014,福岡ソフトバンク,22,10,8,0,0,0,1,0,0,.556,576,134,113,10,59,8,85,3,0,63,58,3.90
91995118,2015,福岡ソフトバンク,20,10,7,0,0,0,2,0,1,.588,566,134,130,14,45,4,92,1,0,61,48,3.22
91995118,2016,福岡ソフトバンク,7,2,2,0,0,0,0,0,0,.500,164,37,42,3,13,3,21,1,0,24,23,5.59
91995118,2017,福岡ソフトバンク,7,0,2,0,1,1,1,0,0,.000,147,33.2,37,2,12,1,21,0,0,21,21,5.61
91995118,2018,福岡ソフトバンク,7,2,4,0,0,0,0,0,0,.333,134,29.2,28,7,18,1,23,0,0,19,17,5.16
11915110,2010,福岡ソフトバンク,2,0,0,0,0,0,0,0,0,.000,11,2.1,3,0,2,0,1,0,0,1,1,3.86
31935110,2005,福岡ソフトバンク,4,1,0,0,0,0,0,0,0,1.000,71,14.1,15,1,10,4,14,0,0,7,7,4.40
31935110,2006,福岡ソフトバンク,4,0,4,0,0,0,0,0,0,.000,92,21,22,4,5,2,18,1,0,15,12,5.14
31935110,2008,福岡ソフトバンク,20,1,1,1,3,4,0,0,0,.500,132,31,29,1,13,2,31,1,0,14,14,4.06
31935110,2009,福岡ソフトバンク,12,3,4,0,0,1,0,0,0,.429,207,47.2,43,8,22,5,42,2,0,30,26,4.91
31935110,2010,福岡ソフトバンク,5,2,2,0,0,0,0,0,0,.500,108,24.1,29,1,10,3,16,1,0,15,15,5.55
31935110,2011,福岡ソフトバンク,1,0,1,0,0,0,0,0,0,.000,17,3.1,6,1,1,0,3,1,0,5,5,13.50
31935110,2012,オリックス,5,0,0,0,0,0,0,0,0,.000,17,3.2,5,0,2,0,2,0,0,3,3,7.36
61965118,2009,福岡ソフトバンク,1,0,0,0,0,0,0,0,0,.000,5,1,1,1,1,0,1,0,0,1,1,9.00
61965118,2010,福岡ソフトバンク,3,0,2,0,0,0,0,0,0,.000,36,6.2,7,2,10,0,4,1,0,9,9,12.15
61965118,2012,福岡ソフトバンク,4,0,1,0,0,0,0,0,0,.000,62,11.1,18,2,7,2,5,3,0,13,11,8.74
61965118,2013,福岡ソフトバンク,6,0,1,0,0,0,0,0,0,.000,87,19.2,20,1,8,2,18,2,1,10,10,4.58
61965118,2014,福岡ソフトバンク,3,0,0,0,0,0,0,0,0,.000,11,2.1,4,0,1,0,3,0,0,2,2,7.71
61965118,2015,福岡ソフトバンク,7,1,0,0,0,1,0,0,0,1.000,61,13,15,3,8,0,8,1,0,12,12,8.31
13315131,2010,福岡ソフトバンク,3,0,2,0,0,0,0,0,0,.000,73,16,16,3,10,2,11,1,0,12,12,6.75
61265118,2012,福岡ソフトバンク,3,0,0,0,0,0,0,0,0,.000,28,6,4,0,4,2,3,0,0,1,1,1.50
61265118,2013,福岡ソフトバンク,5,0,0,0,0,0,0,0,0,.000,43,9,11,0,6,1,3,1,0,6,6,6.00
61265118,2015,福岡ソフトバンク,44,6,1,0,5,11,0,0,0,.857,229,52.2,51,3,23,3,28,1,1,21,19,3.25
61265118,2018,福岡ソフトバンク,35,1,0,1,4,5,0,0,0,1.000,144,30.1,33,3,19,6,17,2,0,19,18,5.34
61265118,2019,福岡ソフトバンク,8,1,4,0,0,0,0,0,0,.200,165,38.1,40,6,16,0,15,0,1,19,17,3.99
61265118,2020,福岡ソフトバンク,12,4,5,0,0,0,0,0,0,.444,256,56.2,63,5,24,6,28,1,0,40,31,4.92
61265118,2021,福岡ソフトバンク,2,0,1,0,0,0,0,0,0,.000,53,11.1,12,0,5,1,8,0,0,7,6,4.76
61265118,2021,阪神,4,1,1,0,0,0,0,0,0,.500,70,15.1,17,3,7,1,9,1,0,10,9,5.28
61265118,2024,千葉ロッテ,8,0,0,0,0,0,0,0,0,.000,55,10.1,20,1,5,1,4,0,0,18,14,12.19
03105118,2009,福岡ソフトバンク,46,6,0,1,23,29,0,0,0,1.000,199,51.2,39,1,9,1,62,1,0,11,10,1.74
03105118,2010,福岡ソフトバンク,60,3,2,1,39,42,0,0,0,.600,230,62,39,0,8,0,83,1,0,10,7,1.02
03105118,2011,福岡ソフトバンク,53,1,2,19,20,21,0,0,0,.333,195,50.2,27,2,16,2,79,0,0,8,8,1.42
03105118,2012,福岡ソフトバンク,23,0,1,13,4,4,0,0,0,.000,88,23,14,1,8,0,26,1,0,4,4,1.57
03105118,2013,福岡ソフトバンク,41,0,4,10,9,9,0,0,0,.000,153,39.2,17,4,16,3,49,0,0,10,9,2.04
03105118,2014,東北楽天,39,3,5,20,2,5,0,0,0,.375,151,37.2,31,2,8,2,45,2,0,12,12,2.87
11215119,2004,福岡ダイエー,11,3,3,0,,,0,0,0,.500,238,50,66,7,22,4,37,2,0,36,35,6.30
11215119,2005,福岡ソフトバンク,42,6,6,22,2,6,1,0,0,.500,332,76,70,4,33,4,68,3,0,31,26,3.08
11215119,2006,福岡ソフトバンク,51,0,4,29,1,1,0,0,0,.000,223,54.2,47,1,14,0,62,3,1,13,10,1.65
11215119,2007,福岡ソフトバンク,54,2,4,38,1,3,0,0,0,.333,271,67.1,50,4,18,2,68,3,0,14,11,1.47
11215119,2008,福岡ソフトバンク,21,0,2,11,2,2,0,0,0,.000,80,19.1,14,1,6,0,23,3,0,6,6,2.79
11215119,2009,福岡ソフトバンク,53,4,3,29,4,8,0,0,0,.571,253,58.1,58,5,19,2,67,5,0,21,14,2.16
11215119,2010,福岡ソフトバンク,53,5,2,32,2,7,0,0,0,.714,246,60.2,54,1,12,1,49,3,0,12,11,1.63
11215119,2011,福岡ソフトバンク,33,1,2,19,2,3,0,0,0,.333,133,32.1,29,2,8,0,33,1,0,11,11,3.06
11215119,2013,オリックス,3,0,0,0,1,1,0,0,0,.000,10,3,0,0,1,0,4,0,0,0,0,0.00
11215119,2014,オリックス,55,1,4,0,32,33,0,0,0,.200,212,50.2,45,2,20,2,42,0,0,21,20,3.55
11215119,2015,オリックス,9,1,1,2,0,1,0,0,0,.500,43,8.1,14,3,4,0,2,0,0,7,7,7.56
91293888,1999,福岡ダイエー,15,1,2,0,,,0,0,0,.333,151,32.2,38,2,19,0,28,0,0,21,19,5.23
91293888,2000,福岡ダイエー,14,0,0,0,,,0,0,0,.000,121,29.1,28,3,7,0,27,5,0,13,9,2.76
91293888,2001,福岡ダイエー,2,0,0,0,,,0,0,0,.000,22,5,6,0,1,0,3,0,0,3,3,5.40
91293888,2002,福岡ダイエー,6,3,0,0,,,2,0,0,1.000,143,34.1,30,5,12,0,25,2,0,10,10,2.62
91293888,2003,福岡ダイエー,15,1,3,0,,,0,0,0,.250,210,43,50,8,29,3,29,1,0,36,33,6.91
91293888,2004,福岡ダイエー,14,3,3,3,,,0,0,0,.500,92,18.2,28,1,11,0,10,1,0,12,10,4.82
91293888,2006,福岡ソフトバンク,4,0,0,0,0,0,0,0,0,.000,29,6.2,9,2,2,0,2,1,0,4,4,5.40
91293888,2007,福岡ソフトバンク,45,5,3,0,19,20,0,0,0,.625,292,72,68,6,17,5,44,1,0,23,18,2.25
91293888,2008,福岡ソフトバンク,15,0,2,0,7,7,0,0,0,.000,67,14.2,18,3,5,1,6,0,0,12,11,6.75
91293888,2009,福岡ソフトバンク,46,3,0,0,8,11,0,0,0,1.000,184,42.1,49,3,12,0,22,2,0,16,15,3.19
91293888,2010,福岡ソフトバンク,14,0,0,0,1,1,0,0,0,.000,69,13,22,1,5,2,6,0,0,14,11,7.62
53355112,2006,福岡ソフトバンク,5,0,0,0,0,0,0,0,0,.000,11,2,4,0,2,0,1,0,1,2,2,9.00
53355112,2008,福岡ソフトバンク,6,1,2,0,0,1,0,0,0,.333,24,3.2,5,0,3,4,3,0,0,7,7,17.18
53355112,2009,福岡ソフトバンク,4,0,0,0,0,0,0,0,0,.000,48,9.2,12,0,6,2,10,0,0,10,7,6.52
53355112,2010,福岡ソフトバンク,14,2,0,0,0,0,0,0,0,1.000,149,32.2,33,2,18,3,28,1,0,18,8,2.20
53355112,2012,福岡ソフトバンク,9,2,3,0,1,1,1,1,1,.400,168,42.2,24,1,18,4,45,1,0,10,7,1.48
11815114,2010,福岡ソフトバンク,13,4,4,0,0,0,0,0,0,.500,266,58.2,59,6,33,7,44,3,1,33,30,4.60
11815114,2011,福岡ソフトバンク,17,7,7,0,0,0,1,1,0,.500,446,110.2,88,7,33,5,67,2,0,38,35,2.85
11815114,2012,福岡ソフトバンク,24,8,10,0,0,0,1,0,1,.444,623,148.2,129,10,57,9,83,1,0,51,46,2.78
11815114,2013,福岡ソフトバンク,9,3,3,0,0,0,0,0,0,.500,164,35.1,42,2,20,1,17,0,0,19,18,4.58
11815114,2014,福岡ソフトバンク,1,0,1,0,0,0,0,0,0,.000,26,5,5,0,6,0,0,0,0,3,3,5.40
11815114,2016,福岡ソフトバンク,4,1,1,0,0,0,0,0,0,.500,63,13.2,17,1,8,1,9,1,0,9,9,5.93
11815114,2017,福岡ソフトバンク,2,1,0,0,0,0,0,0,0,1.000,32,7.1,7,1,4,0,4,2,0,3,3,3.68
11815114,2018,東京ヤクルト,2,0,1,0,0,0,0,0,0,.000,33,5.2,10,2,4,1,3,0,0,11,10,15.88
11815114,2019,東京ヤクルト,14,5,4,0,0,0,0,0,0,.556,268,62.1,70,10,16,1,45,1,0,29,27,3.90
11815114,2020,東京ヤクルト,2,0,2,0,0,0,0,0,0,.000,36,8.2,8,1,4,0,4,0,0,8,8,8.31
41645118,2011,福岡ソフトバンク,8,0,0,0,0,0,0,0,0,.000,24,7,4,0,1,0,6,0,0,2,1,1.29
61265119,2004,横浜,24,1,2,0,,,0,0,0,.333,213,45.1,63,5,16,2,24,3,0,30,27,5.36
61265119,2005,横浜,25,0,1,0,1,1,0,0,0,.000,205,41,76,10,15,0,30,0,0,38,38,8.34
61265119,2006,横浜,2,0,0,0,0,0,0,0,0,.000,8,1,4,0,1,0,1,0,0,2,2,18.00
61265119,2007,横浜,2,0,0,0,0,0,0,0,0,.000,16,3,5,1,3,0,3,0,0,5,5,15.00
61265119,2008,横浜,4,0,0,0,0,0,0,0,0,.000,61,14.2,14,0,6,0,5,0,0,3,3,1.84
61265119,2009,横浜,10,0,3,0,0,0,0,0,0,.000,100,18.2,34,4,10,0,10,0,0,27,24,11.57
61265119,2010,福岡ソフトバンク,7,0,0,0,0,0,0,0,0,.000,50,12,10,2,3,1,9,2,0,4,4,3.00
61265119,2011,福岡ソフトバンク,40,0,0,0,6,6,0,0,0,.000,141,37.1,26,3,5,0,23,1,0,11,10,2.41
61265119,2012,福岡ソフトバンク,25,0,1,0,0,0,0,0,0,.000,142,32.1,27,3,18,2,23,1,0,21,19,5.29
61265119,2013,横浜DeNA,21,2,2,0,2,4,0,0,0,.500,132,26.2,39,7,15,0,13,1,0,23,22,7.43
11815117,2003,福岡ダイエー,26,14,5,0,,,8,2,0,.737,781,189,165,26,61,1,195,1,0,77,71,3.38
11815117,2004,福岡ダイエー,19,10,6,0,,,7,0,0,.625,534,128.1,110,23,38,3,115,2,0,67,62,4.35
11815117,2005,福岡ソフトバンク,25,12,8,0,0,0,4,0,1,.600,741,181.2,154,17,57,2,167,4,0,69,66,3.27
11815117,2006,福岡ソフトバンク,24,14,6,0,0,0,6,3,3,.700,657,163.1,137,18,42,1,136,2,0,57,54,2.98
11815117,2007,福岡ソフトバンク,26,12,10,0,0,0,2,0,0,.545,757,182,168,15,42,5,169,6,1,65,57,2.82
11815117,2008,福岡ソフトバンク,23,8,8,0,0,0,3,0,2,.500,671,162,167,12,36,3,123,3,0,65,65,3.61
11815117,2009,福岡ソフトバンク,15,4,5,0,0,0,1,1,0,.444,337,84.1,72,13,24,1,87,1,0,39,38,4.06
11815117,2010,福岡ソフトバンク,26,17,8,0,0,0,1,0,1,.680,696,169.1,145,11,55,1,169,2,0,59,59,3.14
11815117,2011,福岡ソフトバンク,26,16,5,0,0,0,4,2,2,.762,726,184.2,145,7,40,4,168,5,0,33,31,1.51
11815117,2016,福岡ソフトバンク,24,15,5,0,0,0,2,1,0,.750,662,163,138,22,38,5,157,0,0,58,55,3.04
11815117,2017,福岡ソフトバンク,8,4,0,0,0,0,0,0,0,1.000,181,47,34,1,8,0,34,1,0,13,13,2.49
11815117,2019,福岡ソフトバンク,12,4,4,0,0,0,0,0,0,.500,240,57.2,56,11,14,2,45,0,0,26,25,3.90
11815117,2020,福岡ソフトバンク,16,8,1,0,0,0,0,0,0,.889,346,85.2,66,7,31,1,75,1,0,30,28,2.94
11815117,2021,福岡ソフトバンク,18,5,6,0,0,0,0,0,0,.455,396,94.1,95,14,27,3,83,0,0,49,47,4.48
11815117,2022,福岡ソフトバンク,17,7,4,0,0,0,0,0,0,.636,324,81,64,3,22,1,75,0,0,28,25,2.78
11815117,2023,福岡ソフトバンク,21,8,6,0,0,0,0,0,0,.571,414,100,89,10,29,3,85,0,0,39,36,3.24
11815117,2024,福岡ソフトバンク,8,2,2,0,3,3,0,0,0,.500,108,26.1,27,2,4,2,18,0,0,12,11,3.76
01005133,2012,福岡ソフトバンク,2,0,1,0,0,0,0,0,0,.000,29,4.2,7,0,8,0,1,0,0,7,5,9.64
01005133,2013,福岡ソフトバンク,51,1,4,1,17,18,0,0,0,.200,232,56.1,32,1,26,1,85,10,1,16,15,2.40
01005133,2014,福岡ソフトバンク,19,1,1,0,3,4,0,0,0,.500,90,22.2,17,0,5,1,28,1,0,5,5,1.99
01005133,2015,福岡ソフトバンク,4,2,1,0,0,0,0,0,0,.667,85,22.1,9,0,10,0,21,0,0,2,1,0.40
01005133,2016,福岡ソフトバンク,25,12,3,0,0,0,3,0,0,.800,681,169,125,16,53,6,181,7,1,52,49,2.61
01005133,2017,福岡ソフトバンク,22,13,4,0,0,0,0,0,0,.765,572,143,107,15,46,2,151,6,0,47,42,2.64
01005133,2018,福岡ソフトバンク,22,13,7,0,0,0,1,1,1,.650,584,141,116,21,58,5,163,5,0,57,55,3.51
01005133,2019,福岡ソフトバンク,26,13,8,0,0,0,2,2,0,.619,752,180.1,134,19,75,8,227,4,1,60,56,2.79
01005133,2020,福岡ソフトバンク,18,11,6,0,0,0,1,0,0,.647,503,121,90,4,57,2,149,5,0,37,29,2.16
01005133,2021,福岡ソフトバンク,13,10,3,0,0,0,0,0,0,.769,340,84.2,60,2,27,2,90,7,0,25,25,2.66
01005133,2022,福岡ソフトバンク,22,11,6,0,0,0,1,0,0,.647,568,144,103,7,49,3,156,2,2,37,31,1.94
83785133,2013,福岡ソフトバンク,3,2,1,0,0,0,0,0,0,.667,63,13.2,18,1,5,1,8,2,0,7,7,4.61
83785133,2014,福岡ソフトバンク,2,0,0,0,0,0,0,0,0,.000,12,2.2,3,0,2,0,3,0,0,1,1,3.38
83785133,2015,福岡ソフトバンク,30,0,2,1,20,20,0,0,0,.000,152,34,37,1,16,3,34,1,1,15,12,3.18
83785133,2016,福岡ソフトバンク,11,0,2,0,3,3,0,0,0,.000,60,12.2,20,1,5,0,16,1,1,11,11,7.82
83785133,2018,横浜DeNA,14,2,5,0,0,0,0,0,0,.286,228,54,52,1,12,2,39,2,1,23,20,3.33
83785133,2019,横浜DeNA,3,1,2,0,0,0,0,0,0,.333,66,14.2,12,0,10,2,11,0,0,8,7,4.30
13915133,2011,福岡ソフトバンク,15,0,0,1,2,2,0,0,0,.000,61,16,8,0,5,1,12,1,1,1,1,0.56
01405133,2013,福岡ソフトバンク,7,0,0,0,0,0,0,0,0,.000,41,9.1,10,1,5,3,5,0,0,6,6,5.79
01405133,2014,福岡ソフトバンク,4,0,1,0,0,0,0,0,0,.000,16,4,1,0,3,0,3,0,0,1,1,2.25
53555133,2011,福岡ソフトバンク,4,0,0,0,0,0,0,0,0,.000,20,5,6,0,1,0,1,0,0,1,1,1.80
51353889,1995,読売,1,0,0,0,,,0,0,0,.000,20,5,5,0,2,0,9,0,0,1,1,1.80
51353889,1996,読売,5,1,0,0,,,0,0,0,1.000,60,12.2,13,0,9,1,8,1,0,2,1,0.71
51353889,1997,読売,25,4,9,0,,,2,1,0,.308,477,109.1,92,7,59,4,102,3,0,47,42,3.46
51353889,1998,読売,14,3,6,0,,,0,0,0,.333,273,62.1,61,7,32,2,54,3,1,31,30,4.33
51353889,1999,読売,37,4,1,0,,,0,0,0,.800,275,69.2,42,6,28,3,77,3,0,25,23,2.97
51353889,2000,読売,56,5,4,7,,,0,0,0,.556,300,72.1,53,4,31,2,102,5,0,26,25,3.11
51353889,2001,読売,58,2,1,25,,,0,0,0,.667,281,62,62,5,39,2,70,2,0,21,19,2.76
51353889,2002,読売,52,6,3,0,,,0,0,0,.667,231,55.2,42,8,22,3,58,4,0,21,21,3.40
51353889,2003,読売,41,2,3,0,,,0,0,0,.400,177,38.2,45,6,20,1,29,1,0,22,21,4.89
51353889,2004,読売,53,4,3,5,,,0,0,0,.571,192,46.2,33,5,20,1,53,2,0,16,16,3.09
51353889,2005,読売,42,1,0,0,1,2,0,0,0,1.000,231,53,55,10,19,4,56,1,0,31,28,4.75
51353889,2006,北海道日本ハム,55,2,2,4,20,22,0,0,0,.500,220,54.2,46,5,14,1,63,6,0,14,13,2.14
51353889,2012,福岡ソフトバンク,56,0,2,9,24,24,0,0,0,.000,181,47.2,34,1,6,0,36,3,0,6,5,0.94
51353889,2014,福岡ソフトバンク,44,4,4,0,27,31,0,0,0,.500,175,42.2,32,3,14,2,36,1,0,10,10,2.11
51353889,2015,横浜DeNA,10,0,2,0,2,2,0,0,0,.000,35,7.1,6,1,8,0,7,1,0,7,7,8.59
91595135,2012,福岡ソフトバンク,4,0,0,0,0,0,0,0,0,.000,23,4.1,6,0,5,0,2,0,0,8,6,12.46
91595135,2013,福岡ソフトバンク,40,3,1,0,4,7,0,0,0,.750,215,54.1,38,0,16,2,50,3,0,17,14,2.32
91595135,2014,福岡ソフトバンク,32,0,2,0,1,1,0,0,0,.000,164,36.2,44,3,9,1,40,2,1,14,13,3.19
91595135,2015,福岡ソフトバンク,16,0,0,0,1,1,0,0,0,.000,63,15,14,2,5,1,14,0,0,7,7,4.20
91595135,2016,福岡ソフトバンク,5,0,0,0,0,0,0,0,0,.000,36,7.1,9,4,4,1,8,1,0,7,7,8.59
91595135,2017,福岡ソフトバンク,58,2,0,0,14,16,0,0,0,1.000,143,32.2,31,1,11,5,47,1,0,11,10,2.76
91595135,2018,福岡ソフトバンク,67,2,1,0,25,27,0,0,0,.667,129,33,17,3,11,2,28,0,0,11,9,2.45
91595135,2019,福岡ソフトバンク,54,2,2,1,19,21,0,0,0,.500,128,31,29,1,5,4,26,0,0,13,9,2.61
91595135,2020,福岡ソフトバンク,50,3,1,0,18,21,0,0,0,.750,117,30,18,1,10,2,33,0,0,7,7,2.10
91595135,2021,福岡ソフトバンク,58,1,0,0,19,20,0,0,0,1.000,121,28.2,22,2,13,1,27,0,0,16,15,4.71
91595135,2022,福岡ソフトバンク,56,0,0,0,28,28,0,0,0,.000,109,27.1,18,1,11,1,22,0,0,3,3,0.99
91595135,2023,福岡ソフトバンク,23,1,0,0,7,8,0,0,0,1.000,56,12,16,1,6,1,7,0,0,7,7,5.25
91595135,2024,東京ヤクルト,9,0,0,0,1,1,0,0,0,.000,24,4.1,12,0,0,0,4,0,0,7,7,14.54
53355135,2012,福岡ソフトバンク,3,0,0,0,0,0,0,0,0,.000,14,3,5,1,0,0,2,0,0,3,2,6.00
01005135,2012,福岡ソフトバンク,11,8,1,0,0,0,1,1,0,.889,262,67,40,1,26,1,67,0,0,9,8,1.07
01005135,2013,福岡ソフトバンク,17,4,4,0,0,0,0,0,0,.500,415,93,79,3,68,6,56,4,0,38,36,3.48
01005135,2014,福岡ソフトバンク,7,3,3,0,0,0,1,0,0,.500,185,43.1,36,1,22,2,43,0,1,15,9,1.87
01005135,2015,福岡ソフトバンク,25,13,6,0,0,0,1,1,0,.684,684,164.2,142,14,59,2,163,6,3,60,58,3.17
01005135,2016,福岡ソフトバンク,27,14,8,0,0,0,1,1,0,.636,769,183,163,12,70,5,144,7,1,71,60,2.95
01005135,2017,福岡ソフトバンク,13,6,4,0,0,0,1,1,1,.600,316,71,68,10,33,5,60,1,0,35,29,3.68
01005135,2018,福岡ソフトバンク,27,4,9,1,0,1,3,3,0,.308,522,124.2,123,11,37,1,87,1,0,67,62,4.48
01005135,2019,福岡ソフトバンク,32,5,3,1,9,10,0,0,0,.625,361,83,78,6,40,4,70,2,0,48,42,4.55
01005135,2020,福岡ソフトバンク,7,2,2,0,0,0,0,0,0,.500,121,25,34,7,14,1,23,2,0,19,18,6.48
01005135,2021,福岡ソフトバンク,12,4,5,0,0,0,1,0,0,.444,314,77.1,66,7,24,2,73,2,0,23,23,2.68
01005135,2022,福岡ソフトバンク,10,2,1,0,0,0,0,0,0,.667,126,28,25,2,15,3,34,0,0,8,8,2.57
01005135,2023,福岡ソフトバンク,29,1,2,0,2,3,0,0,0,.333,197,46,45,1,19,2,38,1,0,20,20,3.91
83385135,2012,福岡ソフトバンク,3,1,1,0,0,0,0,0,0,.500,60,12.2,14,1,9,1,7,1,0,7,5,3.55
73375135,2012,福岡ソフトバンク,2,1,1,0,0,0,0,0,0,.500,39,7.1,9,1,7,1,6,1,1,8,6,7.36
23325135,2012,福岡ソフトバンク,1,0,1,0,0,0,0,0,0,.000,19,3.1,7,0,3,0,1,1,0,6,4,10.80
41245113,2001,西武,8,1,3,0,,,0,0,0,.250,125,23,38,3,20,1,21,1,1,32,23,9.00
41245113,2002,西武,3,0,0,0,,,0,0,0,.000,37,9,12,0,0,0,6,0,0,6,6,6.00
41245113,2003,西武,34,4,7,1,,,0,0,0,.364,431,95.2,105,11,45,7,73,3,1,50,49,4.61
41245113,2004,西武,24,10,3,0,,,1,0,0,.769,475,104.2,117,11,47,5,80,1,0,59,50,4.30
41245113,2005,西武,26,13,8,0,0,0,3,2,0,.619,677,158.2,179,13,31,8,121,4,0,81,71,4.03
41245113,2006,西武,17,5,2,0,1,2,0,0,0,.714,334,75.1,92,11,19,6,50,4,0,41,39,4.66
41245113,2007,西武,14,2,7,0,0,0,1,1,0,.222,333,79.2,83,9,13,3,40,2,0,41,38,4.29
41245113,2008,埼玉西武,27,11,6,0,0,0,3,3,0,.647,724,174.2,169,13,38,5,115,5,0,59,51,2.63
41245113,2009,埼玉西武,25,9,6,0,0,0,5,2,2,.600,692,163,175,10,40,5,126,3,0,70,65,3.59
41245113,2010,埼玉西武,27,11,8,0,0,0,1,1,0,.579,692,163.1,173,13,35,12,104,3,0,72,67,3.69
41245113,2011,埼玉西武,26,9,6,0,0,0,2,1,0,.600,691,168.2,172,10,34,8,102,2,0,59,53,2.83
41245113,2012,福岡ソフトバンク,1,0,1,0,0,0,0,0,0,.000,15,2.2,5,0,3,1,1,0,0,4,4,13.50
41245113,2013,福岡ソフトバンク,19,8,7,0,0,1,0,0,0,.533,413,98.1,98,5,40,6,46,1,1,50,50,4.58
41245113,2014,福岡ソフトバンク,13,6,1,0,0,0,1,0,0,.857,312,71.1,82,6,20,4,40,1,0,40,36,4.54
41245113,2015,福岡ソフトバンク,3,1,0,0,0,0,0,0,0,1.000,75,18.1,21,2,3,0,12,1,0,7,7,3.44
91193886,1999,ヤクルト,36,6,4,1,,,0,0,0,.600,207,47.2,34,4,29,1,59,3,1,27,26,4.91
91193886,2000,ヤクルト,56,11,4,1,,,0,0,0,.733,301,75.1,42,11,33,1,90,6,0,28,26,3.11
91193886,2001,ヤクルト,41,2,3,0,,,0,0,0,.400,180,41.2,25,2,28,2,51,1,0,13,12,2.59
91193886,2002,ヤクルト,64,8,2,4,,,0,0,0,.800,300,78,49,8,18,3,97,8,0,19,18,2.08
91193886,2003,ヤクルト,66,5,5,0,,,0,0,0,.500,310,74,60,9,33,1,83,7,1,33,32,3.89
91193886,2004,ヤクルト,66,5,3,37,,,0,0,0,.625,313,74.1,57,9,36,1,86,4,0,24,22,2.66
91193886,2005,ヤクルト,49,3,2,4,11,14,0,0,0,.600,246,56.2,52,6,27,1,60,6,0,24,22,3.49
91193886,2006,東京ヤクルト,29,1,2,1,1,2,0,0,0,.333,119,25,33,3,11,2,18,4,0,20,17,6.12
91193886,2008,東京ヤクルト,44,3,2,3,12,15,0,0,0,.600,171,43.2,35,3,6,2,42,3,0,13,12,2.47
91193886,2009,東京ヤクルト,56,3,2,3,29,32,0,0,0,.600,221,53.2,42,3,20,3,44,1,0,19,19,3.19
91193886,2013,福岡ソフトバンク,51,3,3,12,11,14,0,0,0,.500,214,53.1,38,1,18,1,58,1,1,17,15,2.53
91193886,2014,福岡ソフトバンク,63,1,3,2,44,45,0,0,0,.250,226,59.1,33,0,18,1,71,4,1,11,10,1.52
91193886,2015,福岡ソフトバンク,54,3,1,2,31,34,0,0,0,.750,203,52,31,1,15,4,59,3,0,8,8,1.38
91193886,2016,福岡ソフトバンク,33,0,1,0,7,7,0,0,0,.000,123,27.1,23,3,14,4,27,2,0,11,11,3.62
91193886,2017,福岡ソフトバンク,46,6,0,0,11,17,0,0,0,1.000,170,41.2,20,2,21,3,28,2,0,8,8,1.73
91193886,2018,福岡ソフトバンク,23,0,1,0,2,2,0,0,0,.000,94,20,23,2,11,0,14,2,0,11,10,4.50
91193886,2019,東京ヤクルト,45,5,1,0,4,9,0,0,0,.833,193,42.1,35,4,24,3,33,3,1,19,14,2.98
91193886,2020,東京ヤクルト,1,0,0,0,0,0,0,0,0,.000,1,0.1,0,0,0,0,0,0,0,0,0,0.00
03305137,2013,福岡ソフトバンク,6,3,1,0,0,0,0,0,0,.750,149,36,29,1,15,1,23,3,0,8,8,2.00
03305137,2014,福岡ソフトバンク,3,0,2,0,0,0,0,0,0,.000,58,12,19,1,5,0,7,0,0,13,13,9.75
71575137,2017,福岡ソフトバンク,6,0,0,0,0,0,0,0,0,.000,34,8.1,5,1,4,2,3,1,0,4,4,4.32
71575137,2018,福岡ソフトバンク,1,0,0,0,0,0,0,0,0,.000,6,1,2,0,0,1,0,0,0,1,1,9.00
91095115,2002,福岡ダイエー,14,6,2,1,,,0,0,0,.750,237,57.2,53,5,15,1,41,4,0,24,23,3.59
91095115,2003,福岡ダイエー,18,7,5,0,,,1,0,0,.583,417,92,95,12,47,5,60,1,0,59,56,5.48
91095115,2004,福岡ダイエー,6,0,0,0,,,0,0,0,.000,41,8.1,13,4,5,0,7,0,0,7,7,7.56
91095115,2005,福岡ソフトバンク,2,0,0,0,0,0,0,0,0,.000,19,4,6,1,1,0,2,0,0,4,4,9.00
91095115,2006,福岡ソフトバンク,16,3,7,0,0,0,2,1,0,.300,335,76.2,90,6,19,2,35,4,0,43,36,4.23
91095115,2007,横浜,27,12,12,0,0,0,4,2,1,.500,762,184.2,171,20,46,4,163,7,0,78,69,3.36
91095115,2008,横浜,41,3,9,22,1,3,0,0,0,.250,282,71,57,4,12,2,66,4,0,26,26,3.30
91095115,2009,横浜,13,2,7,0,0,0,2,0,0,.222,362,83,89,8,23,1,77,4,1,43,36,3.90
91095115,2010,横浜,20,4,3,0,0,1,0,0,0,.571,237,54,54,5,24,1,42,4,0,25,22,3.67
91095115,2011,オリックス,25,12,10,0,0,0,7,3,1,.545,705,170.1,162,4,43,3,112,7,2,67,58,3.06
91095115,2012,オリックス,16,6,8,0,0,0,1,1,0,.429,441,101,114,7,31,3,61,6,0,49,44,3.92
91095115,2013,福岡ソフトバンク,16,4,7,0,0,0,2,0,0,.364,398,93,97,9,30,1,56,5,0,51,48,4.65
91095115,2014,福岡ソフトバンク,5,1,4,0,0,0,0,0,0,.200,116,27.2,26,8,11,2,14,0,0,17,15,4.88
91095115,2015,福岡ソフトバンク,21,8,3,0,2,3,0,0,0,.727,332,83.2,71,11,19,3,58,3,0,32,32,3.44
91095115,2016,福岡ソフトバンク,14,2,1,0,2,4,0,0,0,.667,62,13.1,18,2,5,0,10,0,0,6,6,4.05
91095115,2017,福岡ソフトバンク,24,1,2,0,3,3,0,0,0,.333,190,42.1,45,4,18,5,28,0,1,21,20,4.25
91095115,2018,福岡ソフトバンク,21,0,0,0,4,4,0,0,0,.000,123,26.1,25,1,18,3,20,0,0,8,7,2.39
91095115,2019,東京ヤクルト,4,2,1,0,0,0,0,0,0,.667,75,16,18,2,9,0,9,1,0,11,11,6.19
61665137,2013,福岡ソフトバンク,16,3,6,0,3,4,0,0,0,.333,245,58.2,50,3,17,7,40,2,1,29,25,3.84
01005137,2013,福岡ソフトバンク,5,3,1,0,0,0,1,1,1,.750,120,28.2,27,4,9,1,25,0,0,15,9,2.83
01005137,2014,福岡ソフトバンク,7,2,2,0,0,0,0,0,0,.500,161,35.1,35,3,23,1,30,2,0,17,15,3.82
01005137,2015,福岡ソフトバンク,6,1,2,0,0,0,0,0,0,.333,135,28,34,2,17,1,23,0,0,15,15,4.82
01005137,2016,福岡ソフトバンク,23,9,6,0,0,0,0,0,0,.600,545,135,113,13,37,2,100,1,0,49,45,3.00
01005137,2017,福岡ソフトバンク,24,16,5,0,0,0,2,1,0,.762,637,160,135,17,44,1,139,2,0,48,47,2.64
01005137,2018,福岡ソフトバンク,17,7,5,0,0,0,2,0,0,.583,425,103,91,15,32,3,83,1,0,42,38,3.32
01005137,2019,福岡ソフトバンク,7,2,2,0,0,0,0,0,0,.500,158,35.1,36,5,23,1,26,2,0,26,25,6.37
01005137,2020,福岡ソフトバンク,19,9,2,0,0,0,0,0,0,.818,479,119,83,10,49,2,102,2,0,32,31,2.34
01005137,2021,福岡ソフトバンク,14,4,4,0,0,0,0,0,0,.500,326,75.1,85,7,22,3,61,0,0,36,31,3.70
01005137,2022,福岡ソフトバンク,23,10,6,0,0,0,1,1,0,.625,542,136,114,14,37,1,94,3,0,47,47,3.11
01005137,2023,福岡ソフトバンク,17,6,7,0,0,0,0,0,0,.462,428,99.2,114,6,24,0,73,1,0,50,50,4.52
01005137,2024,福岡ソフトバンク,11,3,2,0,0,0,0,0,0,.600,232,56,53,7,11,1,39,0,0,22,21,3.38
01005137,2025,福岡ソフトバンク,7,4,2,0,0,1,0,0,0,.667,132,32.1,30,2,5,0,19,0,0,11,9,2.51
81485113,2001,大阪近鉄,7,0,0,0,,,0,0,0,.000,32,5.2,12,4,3,1,8,0,0,11,11,17.47
81485113,2002,大阪近鉄,56,4,1,0,,,0,0,0,.800,160,39.1,36,2,11,1,34,1,1,11,11,2.52
81485113,2003,大阪近鉄,25,0,1,0,,,0,0,0,.000,178,41,55,7,10,0,28,0,0,25,25,5.49
81485113,2004,大阪近鉄,14,3,1,0,,,0,0,0,.750,157,35.2,39,5,13,1,27,0,1,11,11,2.78
81485113,2005,オリックス,22,2,0,0,1,2,0,0,0,1.000,131,28.1,39,5,9,0,21,1,0,19,19,6.04
81485113,2006,オリックス,35,0,0,2,2,2,0,0,0,.000,128,29.1,36,4,9,1,18,1,0,13,13,3.99
81485113,2007,オリックス,19,1,1,0,5,6,0,0,0,.500,111,27.2,27,0,6,1,20,2,1,6,5,1.63
81485113,2008,オリックス,30,10,6,0,2,3,2,2,2,.625,645,154.2,166,11,30,8,90,1,1,60,58,3.38
81485113,2009,オリックス,27,9,7,0,0,0,3,1,0,.563,685,159.2,176,18,47,4,110,1,0,84,75,4.23
81485113,2010,オリックス,23,8,10,0,1,1,0,0,0,.444,478,107,143,19,20,8,79,3,0,71,65,5.47
81485113,2011,横浜,21,2,11,0,0,0,0,0,0,.154,362,79,99,10,25,4,50,0,2,57,52,5.92
81485113,2012,横浜DeNA,6,1,4,0,0,0,1,1,1,.200,154,34.1,36,5,15,1,15,0,0,18,17,4.46
81485113,2013,福岡ソフトバンク,2,0,0,0,0,0,0,0,0,.000,10,1.2,3,2,2,0,1,0,0,2,2,10.80
31635137,2013,福岡ソフトバンク,17,0,2,0,1,1,0,0,0,.000,136,29.1,43,1,12,0,11,2,0,19,18,5.52
31635137,2014,福岡ソフトバンク,1,0,0,0,0,0,0,0,0,.000,13,3,4,0,0,0,1,0,0,2,2,6.00
31635137,2014,東京ヤクルト,9,0,0,0,0,0,0,0,0,.000,52,10.2,17,4,4,0,7,1,0,8,8,6.75
31635137,2015,東京ヤクルト,9,6,2,0,0,0,1,1,0,.750,210,50,54,5,7,5,20,0,0,21,18,3.24
31635137,2016,東京ヤクルト,22,6,12,0,0,0,3,1,2,.333,578,140,140,17,20,9,54,1,0,56,55,3.54
31635137,2017,東京ヤクルト,13,2,6,0,0,0,1,0,0,.250,333,75.1,91,11,17,4,29,0,0,45,43,5.14
31635137,2018,東京ヤクルト,11,2,0,0,1,1,0,0,0,1.000,163,37.1,43,2,10,2,20,0,0,18,15,3.62
31635137,2019,東京ヤクルト,4,0,2,0,0,0,0,0,0,.000,41,9.2,10,2,2,1,5,0,0,8,8,7.45
31635137,2020,東京ヤクルト,6,1,2,0,0,0,0,0,0,.333,125,29.1,31,3,8,0,16,0,0,18,18,5.52
01405111,2000,阪神,34,0,4,0,,,0,0,0,.000,178,38.1,43,2,20,3,29,4,2,20,17,3.99
01405111,2001,阪神,15,0,1,0,,,0,0,0,.000,78,19.2,20,5,1,1,13,0,0,9,9,4.12
01405111,2002,阪神,35,0,0,0,,,0,0,0,.000,117,27,21,1,10,4,33,0,0,5,4,1.33
01405111,2003,阪神,56,1,1,0,,,0,0,0,.500,169,41.1,26,2,14,6,31,0,0,16,15,3.27
01405111,2004,阪神,23,0,0,0,,,0,0,0,.000,67,9.2,30,4,5,3,5,0,0,20,18,16.76
01405111,2005,阪神,12,0,0,0,1,1,0,0,0,.000,40,10,9,0,4,0,9,0,0,5,4,3.60
01405111,2006,阪神,8,0,0,1,1,1,0,0,0,.000,17,4.1,3,0,2,0,3,0,0,0,0,0.00
01405111,2007,阪神,7,0,0,0,0,0,0,0,0,.000,19,3.2,6,0,2,0,0,0,0,3,3,7.36
01405111,2008,オリックス,43,1,3,0,5,6,0,0,0,.250,129,32,29,4,6,5,27,0,0,15,13,3.66
01405111,2009,オリックス,12,0,1,0,0,0,0,0,0,.000,57,12,14,1,8,3,8,0,0,13,10,7.50
01405111,2010,オリックス,4,0,0,0,0,0,0,0,0,.000,12,1.2,5,0,2,1,1,0,0,5,5,27.00
01405111,2011,オリックス,50,0,0,0,12,12,0,0,0,.000,126,30.1,33,0,3,0,26,0,1,5,4,1.19
01405111,2012,オリックス,40,2,1,0,7,9,0,0,0,.667,87,20.2,19,2,7,1,12,0,0,7,7,3.05
01405111,2013,オリックス,1,0,0,0,0,0,0,0,0,.000,2,+,1,0,1,0,0,0,0,0,0,0.00
61165139,2017,福岡ソフトバンク,34,8,3,0,1,3,0,0,0,.727,409,98.1,69,11,50,7,99,4,1,38,36,3.29
61165139,2018,福岡ソフトバンク,42,13,6,0,6,12,0,0,0,.684,541,127.1,115,20,43,13,96,4,0,55,51,3.60
61165139,2019,福岡ソフトバンク,2,0,0,0,1,1,0,0,0,.000,11,3,2,0,0,0,3,1,0,0,0,0.00
61165139,2020,福岡ソフトバンク,18,11,3,0,0,1,2,1,0,.786,443,111.2,68,9,41,12,103,0,0,32,30,2.42
61165139,2021,福岡ソフトバンク,28,6,9,0,0,0,0,0,0,.400,653,156.1,135,22,51,17,134,3,0,70,59,3.40
61165139,2022,福岡ソフトバンク,23,7,10,0,0,0,1,1,0,.412,585,136.1,122,9,57,8,106,0,0,57,51,3.37
61165139,2023,福岡ソフトバンク,23,4,8,0,0,0,1,1,0,.333,550,125.2,108,15,61,8,119,3,0,63,58,4.15
61165139,2024,福岡ソフトバンク,15,7,2,0,0,0,0,0,0,.778,247,63.1,51,4,12,5,52,2,0,18,18,2.56
61165139,2025,千葉ロッテ,19,4,7,0,0,0,0,0,0,.364,454,103.1,110,11,37,5,56,4,0,55,53,4.62
61165139,2026,千葉ロッテ,6,0,1,0,0,0,0,0,0,.000,74,15.1,21,4,7,1,10,0,0,15,13,7.63
51555139,2016,福岡ソフトバンク,13,0,0,0,0,0,0,0,0,.000,60,14,10,0,8,0,10,0,0,4,4,2.57
51555139,2017,福岡ソフトバンク,14,1,0,0,1,2,0,0,0,1.000,75,16,19,2,8,0,10,1,0,9,9,5.06
51555139,2018,福岡ソフトバンク,23,1,0,0,0,1,0,0,0,1.000,156,38.1,37,3,15,0,21,2,0,13,13,3.05
21525139,2016,福岡ソフトバンク,2,0,0,0,0,0,0,0,0,.000,9,2,3,0,1,0,1,0,0,1,1,4.50
21525139,2017,福岡ソフトバンク,2,0,0,0,0,0,0,0,0,.000,21,4.1,5,3,4,0,2,0,0,5,5,10.38
21525139,2018,福岡ソフトバンク,72,4,3,0,31,35,0,0,0,.571,284,66.2,67,5,25,4,53,3,0,25,25,3.38
21525139,2019,福岡ソフトバンク,30,3,1,0,6,9,0,0,0,.750,169,36,42,4,22,2,23,1,0,26,24,6.00
21525139,2020,福岡ソフトバンク,6,0,0,0,0,0,0,0,0,.000,30,6,10,1,3,1,2,0,0,4,4,6.00
21525139,2021,阪神,7,1,2,0,1,2,0,0,0,.333,29,5.2,7,1,1,1,3,0,0,6,5,7.94
21525139,2022,阪神,39,0,2,0,7,7,0,0,0,.000,128,29.2,26,1,13,1,30,1,0,8,8,2.43
21525139,2023,阪神,51,1,5,1,16,17,0,0,0,.167,161,38.2,34,3,13,2,32,6,1,12,11,2.56
21525139,2024,阪神,13,2,0,0,1,3,0,0,0,1.000,54,12,11,0,7,1,12,2,0,8,6,4.50
21525139,2025,東北楽天,54,2,1,1,18,20,0,0,0,.667,186,43.2,41,4,19,1,34,3,0,18,17,3.50
21525139,2026,東北楽天,45,2,2,0,16,18,0,0,0,.500,183,42.1,43,4,13,6,39,3,0,18,15,3.19
71475118,2011,東京ヤクルト,16,2,0,0,1,3,0,0,0,1.000,57,12,17,1,6,0,13,0,0,9,9,6.75
71475118,2012,東京ヤクルト,66,3,2,0,15,18,0,0,0,.600,213,51.1,41,2,21,1,40,1,0,19,17,2.98
71475118,2013,東京ヤクルト,2,0,1,0,0,0,0,0,0,.000,10,1.2,3,0,2,0,1,0,0,3,3,16.20
71475118,2014,東京ヤクルト,1,0,0,0,0,0,0,0,0,.000,4,0.2,1,1,1,0,0,0,0,2,2,27.00
71475118,2014,福岡ソフトバンク,1,0,0,0,0,0,0,0,0,.000,6,1,1,0,1,0,0,0,1,2,0,0.00
01405139,2014,福岡ソフトバンク,58,4,1,0,20,24,0,0,0,.800,247,65.2,47,1,15,1,54,0,0,17,17,2.33
01405139,2015,福岡ソフトバンク,55,5,2,0,16,21,0,0,0,.714,234,60.1,46,3,10,1,66,2,0,18,18,2.69
01405139,2016,福岡ソフトバンク,56,4,3,1,14,18,0,0,0,.571,261,60.1,68,6,15,2,51,0,0,20,20,2.98
01405139,2017,福岡ソフトバンク,64,2,3,1,33,35,0,0,0,.400,265,64.1,61,7,12,1,60,0,0,29,28,3.92
01405139,2018,福岡ソフトバンク,66,2,4,37,6,8,0,0,0,.333,252,61.1,51,7,19,2,61,0,0,20,19,2.79
01405139,2019,福岡ソフトバンク,54,2,3,35,7,9,0,0,0,.400,213,53,40,5,13,2,59,1,0,13,13,2.21
01405139,2020,福岡ソフトバンク,52,1,1,32,6,7,0,0,0,.500,205,51.1,39,4,13,2,40,0,0,14,13,2.28
01405139,2021,福岡ソフトバンク,30,1,3,15,0,1,0,0,0,.250,118,29,20,6,10,0,26,0,0,13,13,4.03
01405139,2022,福岡ソフトバンク,29,2,4,6,3,5,0,0,0,.333,141,34.1,30,4,12,1,27,0,0,13,10,2.62
01405139,2023,福岡ソフトバンク,6,2,3,0,0,0,0,0,0,.400,126,29.1,28,2,9,0,27,0,0,15,15,4.60
01405139,2024,横浜DeNA,14,1,3,0,1,2,0,0,0,.250,157,32.1,50,4,8,3,25,0,0,33,27,7.52
01405139,2025,横浜DeNA,2,1,0,0,0,0,0,0,0,1.000,21,6,5,1,0,0,4,0,0,2,2,3.00
01505130,2017,福岡ソフトバンク,3,0,0,0,1,1,0,0,0,.000,12,3.1,1,0,1,0,5,0,0,0,0,0.00
01505130,2018,福岡ソフトバンク,9,0,1,0,0,0,0,0,0,.000,39,7.2,11,1,6,0,4,1,0,6,6,7.04
01505130,2019,福岡ソフトバンク,2,0,0,0,0,0,0,0,0,.000,26,5,6,1,7,0,7,1,0,4,4,7.20
01505130,2020,福岡ソフトバンク,20,4,4,0,0,1,0,0,0,.500,246,57,44,2,31,4,67,0,0,21,18,2.84
01505130,2021,福岡ソフトバンク,16,3,4,0,0,1,0,0,0,.429,262,59,52,12,35,2,64,0,0,30,28,4.27
01505130,2022,福岡ソフトバンク,16,0,0,0,0,0,0,0,0,.000,82,17,19,4,9,5,14,0,0,12,12,6.35
01505130,2023,福岡ソフトバンク,8,0,0,0,0,0,0,0,0,.000,47,11.1,8,0,8,0,11,0,0,2,2,1.59
41945130,2015,福岡ソフトバンク,2,0,0,0,0,0,0,0,0,.000,9,2,1,0,2,0,2,0,0,0,0,0.00
13515130,2015,福岡ソフトバンク,15,9,0,0,0,0,0,0,0,1.000,369,93,69,6,22,4,120,2,0,27,26,2.52
13515130,2016,福岡ソフトバンク,13,7,3,0,0,0,0,0,0,.700,325,82,64,14,15,1,92,1,0,37,35,3.84
13515130,2017,福岡ソフトバンク,25,13,7,0,0,0,0,0,0,.650,623,153,127,18,47,2,162,4,0,57,55,3.24
13515130,2018,福岡ソフトバンク,23,10,7,0,0,0,0,0,0,.588,585,138,113,21,61,10,127,2,0,68,66,4.30
13515130,2019,福岡ソフトバンク,3,2,0,0,0,0,0,0,0,1.000,66,17.1,13,2,2,0,22,0,0,7,6,3.12
13515130,2020,福岡ソフトバンク,5,2,2,0,0,0,0,0,0,.500,113,26,28,6,10,0,20,0,0,21,20,6.92
13515130,2021,東京ヤクルト,2,0,1,0,0,0,0,0,0,.000,28,4.2,11,2,2,1,4,0,0,8,8,15.43
61665130,2016,福岡ソフトバンク,1,0,0,0,0,0,0,0,0,.000,4,1,1,1,0,0,1,0,0,1,1,9.00
61665130,2017,福岡ソフトバンク,15,2,4,0,0,0,0,0,0,.333,263,58.1,61,5,29,2,43,1,0,31,31,4.78
61665130,2018,福岡ソフトバンク,6,1,2,0,0,0,0,0,0,.333,124,28.2,25,5,14,1,20,0,1,11,11,3.45
61665130,2019,福岡ソフトバンク,7,1,1,0,0,0,0,0,0,.500,146,33.2,35,2,11,0,32,1,0,18,15,4.01
61665130,2020,福岡ソフトバンク,25,0,1,0,6,6,0,0,0,.000,120,28.1,20,4,19,0,27,2,0,11,11,3.49
61665130,2021,福岡ソフトバンク,33,3,3,0,4,7,0,0,0,.500,306,73.2,64,9,28,2,59,0,0,33,31,3.79
61665130,2022,福岡ソフトバンク,44,5,1,0,15,20,0,0,0,.833,206,50.2,40,6,14,1,60,1,0,15,15,2.66
61665130,2023,福岡ソフトバンク,53,2,2,0,25,27,0,0,0,.500,189,47,32,5,17,0,60,1,0,16,14,2.68
61665130,2024,福岡ソフトバンク,50,2,2,14,23,25,0,0,0,.500,198,46.2,37,3,17,4,47,0,0,17,15,2.89
61665130,2025,福岡ソフトバンク,51,5,2,0,39,44,0,0,0,.714,188,50.2,28,3,13,2,56,1,0,6,6,1.07
61665130,2026,福岡ソフトバンク,57,4,4,4,32,36,0,0,0,.500,225,56.2,49,4,8,1,53,2,0,13,13,2.06
01705132,2017,福岡ソフトバンク,2,0,0,0,0,0,0,0,0,.000,12,2,5,0,1,0,2,0,0,3,3,13.50
01705132,2022,東京ヤクルト,10,2,1,0,0,0,0,0,0,.667,200,46,48,4,17,6,44,2,0,21,21,4.11
01705132,2023,東京ヤクルト,29,6,4,0,2,2,1,1,0,.600,411,101.1,83,10,29,9,83,1,0,38,34,3.02
01705132,2024,東京ヤクルト,40,6,6,11,2,8,0,0,0,.500,309,77.2,64,6,23,1,66,4,0,22,22,2.55
01705132,2025,東京ヤクルト,25,0,5,0,3,3,0,0,0,.000,124,26.1,27,5,18,1,30,0,0,17,16,5.47
01705132,2026,東京ヤクルト,11,0,0,0,0,0,0,0,0,.000,76,18.1,16,3,6,1,21,0,0,8,8,3.93
71075132,2017,福岡ソフトバンク,1,0,0,0,0,0,0,0,0,.000,16,3,6,2,2,0,5,0,0,4,4,12.00
71075132,2019,福岡ソフトバンク,45,3,2,0,17,20,0,0,0,.600,205,51,36,4,17,5,58,2,0,17,15,2.65
71075132,2021,福岡ソフトバンク,10,1,1,0,2,3,0,0,0,.500,46,11,6,0,6,1,9,2,0,1,0,0.00
31235134,2018,福岡ソフトバンク,10,0,1,0,0,0,0,0,0,.000,64,13.2,18,6,6,0,15,0,0,13,13,8.56
31235134,2019,福岡ソフトバンク,1,0,0,0,0,0,0,0,0,.000,5,0.2,1,0,2,0,0,0,0,0,0,0.00
31235134,2021,福岡ソフトバンク,18,0,0,0,1,1,0,0,0,.000,67,16.2,9,2,8,0,14,3,0,5,4,2.16
31235134,2022,福岡ソフトバンク,5,0,0,0,1,1,0,0,0,.000,16,5,2,0,0,0,6,0,0,0,0,0.00
31235134,2023,北海道日本ハム,47,2,3,25,8,10,0,0,0,.400,194,46.1,43,6,13,0,46,0,0,18,18,3.50
31235134,2024,北海道日本ハム,53,4,4,20,12,16,0,0,0,.500,201,49.2,33,4,17,3,47,1,0,14,12,2.17
31235134,2025,北海道日本ハム,49,1,1,13,12,13,0,0,0,.500,196,47.2,37,2,13,2,48,2,0,7,7,1.32
31235134,2026,北海道日本ハム,40,1,4,1,18,19,0,0,0,.200,157,38,32,3,10,2,37,0,0,20,18,4.26
11615134,2020,東京ヤクルト,44,1,2,0,7,8,0,0,0,.333,196,43.1,50,3,23,0,45,2,1,29,28,5.82
11615134,2021,東京ヤクルト,4,1,0,0,0,1,0,0,0,1.000,18,3.1,4,2,3,0,3,0,0,5,4,10.80
11615134,2023,東京ヤクルト,1,0,0,0,0,0,0,0,0,.000,12,2,3,1,3,0,1,0,0,3,3,13.50
11615134,2024,東京ヤクルト,19,1,0,0,2,3,0,0,0,1.000,92,21,21,4,10,1,21,2,0,11,11,4.71
11615134,2025,東京ヤクルト,4,0,0,0,0,0,0,0,0,.000,24,4.2,6,0,2,1,2,0,0,2,2,3.86
11615134,2026,東京ヤクルト,1,0,0,0,0,0,0,0,0,.000,8,1,2,1,2,1,0,0,0,3,3,27.00
81685134,2020,福岡ソフトバンク,4,0,0,0,0,0,0,0,0,.000,29,5.2,5,0,6,0,9,1,0,3,2,3.18
81685134,2021,福岡ソフトバンク,13,1,1,0,2,3,0,0,0,.500,56,13.1,7,0,7,1,13,0,0,4,3,2.03
63965134,2017,福岡ソフトバンク,34,4,3,1,15,19,0,0,0,.571,141,35.2,21,1,14,2,36,1,0,15,10,2.52
63965134,2018,福岡ソフトバンク,49,5,1,0,13,18,0,0,0,.833,190,45.2,31,6,24,1,57,1,0,23,23,4.53
63965134,2019,福岡ソフトバンク,60,3,1,4,34,37,0,0,0,.750,245,59.1,37,4,25,6,86,3,0,13,10,1.52
63965134,2020,福岡ソフトバンク,50,2,3,1,38,40,0,0,0,.400,193,48,26,1,25,2,77,0,0,9,9,1.69
63965134,2021,福岡ソフトバンク,33,1,0,5,14,15,0,0,0,1.000,128,31.1,15,2,19,1,42,0,0,6,4,1.15
63965134,2022,福岡ソフトバンク,53,1,1,24,8,9,0,0,0,.500,202,52.2,22,2,20,2,87,2,0,10,6,1.03
63965134,2023,福岡ソフトバンク,27,3,0,5,13,16,0,0,0,1.000,97,27.2,11,0,5,0,37,0,0,3,3,0.98
63965134,2024,福岡ソフトバンク,25,11,5,0,0,0,2,0,0,.688,636,163,107,11,47,5,155,3,0,39,34,1.88
63965134,2025,福岡ソフトバンク,24,12,3,0,0,0,3,2,1,.800,639,167,112,10,42,3,172,1,0,29,27,1.46
63965134,2026,福岡ソフトバンク,7,6,1,0,0,0,2,1,0,.857,175,47.1,22,3,11,2,34,2,0,6,4,0.76
41345136,2018,福岡ソフトバンク,11,3,2,0,0,0,0,0,0,.600,197,48.2,45,6,13,1,36,0,0,21,21,3.88
41345136,2019,福岡ソフトバンク,17,5,4,0,0,0,1,0,0,.556,442,106,111,13,20,4,72,0,1,47,45,3.82
41345136,2020,福岡ソフトバンク,3,2,0,0,0,0,0,0,0,1.000,60,15.2,13,1,3,0,8,0,0,4,4,2.30
41345136,2021,福岡ソフトバンク,2,0,1,0,1,1,0,0,0,.000,22,4,7,0,3,0,1,0,0,7,7,15.75
41345136,2022,福岡ソフトバンク,2,0,2,0,0,0,0,0,0,.000,35,7,10,1,2,1,5,2,0,6,5,6.43
41345136,2023,阪神,21,12,2,0,0,0,1,1,1,.857,513,131.2,122,10,12,3,82,0,0,36,33,2.26
41345136,2024,阪神,24,11,7,0,0,0,0,0,0,.611,587,144.2,134,8,33,1,91,1,0,47,45,2.80
41345136,2025,阪神,16,9,4,0,0,0,1,1,0,.692,388,98,87,5,7,8,48,1,0,31,31,2.85
41345136,2026,阪神,17,6,9,0,0,0,0,0,0,.400,379,95.2,90,7,16,0,55,1,0,36,30,2.82
61365136,2020,福岡ソフトバンク,1,0,0,0,0,0,0,0,0,.000,8,1,2,0,3,0,2,0,0,3,3,27.00
61365136,2021,福岡ソフトバンク,8,0,0,0,0,0,0,0,0,.000,34,10.1,3,1,2,0,9,0,0,1,1,0.87
61365136,2022,福岡ソフトバンク,9,1,0,0,0,1,0,0,0,1.000,54,11.1,14,2,6,0,11,1,0,7,7,5.56
61365136,2023,福岡ソフトバンク,12,0,1,0,0,0,0,0,0,.000,75,18,18,3,3,1,15,0,0,11,8,4.00
61365136,2024,福岡ソフトバンク,12,2,0,0,3,5,0,0,0,1.000,46,11.2,8,0,3,0,15,0,1,4,3,2.31
61365136,2025,福岡ソフトバンク,38,1,1,0,5,6,0,0,0,.500,154,34.2,36,7,12,0,41,2,0,21,18,4.67
61365136,2026,福岡ソフトバンク,10,0,2,0,0,0,0,0,0,.000,47,12,8,2,3,1,19,1,1,4,4,3.00
61365136,2026,横浜DeNA,16,5,3,0,0,0,0,0,0,.625,359,85.2,63,8,37,4,85,1,2,33,31,3.26
51955136,2018,福岡ソフトバンク,1,0,0,0,0,0,0,0,0,.000,8,2,2,1,0,0,1,0,0,2,2,9.00
51955136,2019,福岡ソフトバンク,36,5,2,0,6,11,0,0,0,.714,206,46,37,5,31,2,49,2,0,20,16,3.13
51955136,2020,福岡ソフトバンク,12,1,1,0,1,2,0,0,0,.500,49,11,12,1,5,0,13,1,0,7,7,5.73
51955136,2022,福岡ソフトバンク,18,0,0,0,1,1,0,0,0,.000,109,24.2,25,2,14,1,21,1,0,11,11,4.01
51955136,2023,福岡ソフトバンク,11,0,1,0,0,0,0,0,0,.000,73,16.1,17,1,9,0,17,1,0,9,7,3.86
51055136,2019,福岡ソフトバンク,8,0,0,0,0,0,0,0,0,.000,41,10,8,1,6,0,6,0,0,5,5,4.50
51055136,2021,福岡ソフトバンク,19,1,0,0,1,2,0,0,0,1.000,90,21.1,22,1,7,0,17,2,0,8,8,3.38
51055136,2022,福岡ソフトバンク,4,0,0,0,1,1,0,0,0,.000,23,4.2,7,1,0,2,4,0,0,5,5,9.64
51055136,2023,福岡ソフトバンク,45,2,1,0,7,9,0,0,0,.667,150,34,31,1,12,7,28,3,0,9,9,2.38
51055136,2024,福岡ソフトバンク,4,0,0,0,0,0,0,0,0,.000,17,3.2,4,0,2,0,1,0,0,1,1,2.45
01005136,2018,福岡ソフトバンク,12,0,1,0,0,0,0,0,0,.000,123,30,23,2,13,4,15,0,0,10,10,3.00
01005136,2019,福岡ソフトバンク,23,12,6,0,0,0,0,0,0,.667,584,143,114,10,49,11,73,3,1,56,53,3.34
01005136,2020,福岡ソフトバンク,52,4,2,0,23,27,0,0,0,.667,220,51,42,2,24,9,29,1,0,17,15,2.65
01005136,2021,福岡ソフトバンク,11,1,1,0,0,0,0,0,0,.500,168,34,31,3,32,6,14,0,0,25,22,5.82
01005136,2022,福岡ソフトバンク,4,0,0,0,0,0,0,0,0,.000,19,3.1,5,0,4,0,2,0,0,5,5,13.50
01005136,2023,福岡ソフトバンク,5,0,2,0,0,0,0,0,0,.000,63,11.2,23,3,6,1,2,0,0,14,14,10.80
01005136,2024,読売,11,2,2,0,0,0,1,0,0,.500,199,46.2,42,3,21,1,22,1,0,20,19,3.66
63965136,2018,福岡ソフトバンク,8,6,1,0,0,0,0,0,0,.857,191,47.2,28,3,27,0,40,0,0,10,10,1.89
63965136,2019,福岡ソフトバンク,18,7,5,0,0,0,0,0,0,.583,382,86,80,13,48,2,58,3,0,44,40,4.19
93395136,2020,福岡ソフトバンク,3,0,0,0,0,0,0,0,0,.000,6,1.2,0,0,1,0,1,0,0,0,0,0.00
93395136,2021,福岡ソフトバンク,6,0,0,0,1,1,0,0,0,.000,18,4,6,0,1,0,4,0,0,2,2,4.50
93395136,2022,阪神,32,3,1,0,10,13,0,0,0,.750,72,18.1,16,2,4,1,18,0,0,5,5,2.45
01105138,2019,福岡ソフトバンク,14,2,0,0,3,5,0,0,0,1.000,80,18.1,17,1,8,1,18,0,1,5,4,1.96
01105138,2020,福岡ソフトバンク,40,0,1,0,8,8,0,0,0,.000,143,34.2,26,1,19,1,28,1,0,9,8,2.08
01105138,2021,福岡ソフトバンク,31,1,2,0,6,7,0,0,0,.333,111,26.1,20,4,13,3,30,2,0,10,8,2.73
01105138,2022,福岡ソフトバンク,30,0,2,0,6,6,0,0,0,.000,116,29,24,3,9,1,25,1,0,12,12,3.72
01105138,2023,福岡ソフトバンク,3,0,0,0,0,0,0,0,0,.000,17,2.2,4,1,3,2,2,0,0,5,5,16.88
01105138,2024,読売,35,2,0,1,5,7,0,0,0,1.000,149,37.1,28,0,11,4,30,1,0,10,8,1.93
01105138,2025,読売,10,0,0,0,0,0,0,0,0,.000,59,12.1,14,2,6,2,12,1,0,9,8,5.84
01105138,2026,読売,15,0,0,0,0,0,0,0,0,.000,58,13.2,15,2,4,0,9,0,0,4,4,2.63
61365138,2019,福岡ソフトバンク,12,0,1,0,3,3,0,0,0,.000,58,12.1,13,3,7,3,10,2,0,12,12,8.76
61365138,2020,福岡ソフトバンク,5,0,0,0,0,0,0,0,0,.000,20,4.1,3,0,3,2,7,0,1,1,1,2.08
61365138,2022,福岡ソフトバンク,4,0,0,0,0,0,0,0,0,.000,34,10,5,1,1,0,7,2,0,1,1,0.90
51555138,2019,福岡ソフトバンク,65,2,5,8,26,28,0,0,0,.286,253,58.2,49,6,34,4,73,3,0,28,27,4.14
51555138,2021,福岡ソフトバンク,22,0,2,1,4,4,0,0,0,.000,88,20.2,16,3,10,2,25,1,0,10,10,4.35
51555138,2022,福岡ソフトバンク,27,2,0,0,3,5,0,0,0,1.000,106,25,19,0,14,0,27,0,0,7,7,2.52
51555138,2023,福岡ソフトバンク,46,3,1,2,8,11,0,0,0,.750,172,42.2,33,2,13,2,39,0,0,12,12,2.53
51555138,2024,埼玉西武,19,0,2,0,11,11,0,0,0,.000,81,18.1,15,2,10,1,15,0,0,7,6,2.95
51555138,2025,埼玉西武,47,2,3,0,33,35,0,0,0,.400,180,43.2,34,3,18,3,36,2,0,13,12,2.47
51555138,2026,埼玉西武,55,2,2,23,20,22,0,0,0,.500,211,52.2,35,3,29,0,55,1,0,11,11,1.88
91995138,2019,福岡ソフトバンク,2,0,0,0,0,0,0,0,0,.000,21,4,5,0,5,0,4,1,0,4,4,9.00
91995138,2020,福岡ソフトバンク,11,0,0,0,1,1,0,0,0,.000,69,16.2,15,1,6,0,22,1,0,5,4,2.16
91995138,2021,福岡ソフトバンク,15,2,2,0,1,3,0,0,0,.500,117,25.1,13,1,31,2,29,1,0,9,9,3.20
91995138,2022,福岡ソフトバンク,10,1,3,0,0,0,0,0,0,.250,194,42.1,45,10,26,1,37,4,0,33,32,6.80
91995138,2024,福岡ソフトバンク,50,4,0,1,14,18,0,0,0,1.000,198,50.1,28,2,22,1,61,1,0,10,9,1.61
91995138,2025,福岡ソフトバンク,65,3,4,31,10,13,0,0,0,.429,270,64.1,48,3,23,9,85,4,0,17,13,1.82
91995138,2026,福岡ソフトバンク,54,1,2,34,2,3,0,0,0,.333,217,52,40,3,21,0,78,2,0,20,19,3.29
53755138,2021,福岡ソフトバンク,11,0,2,0,1,1,0,0,0,.000,112,23.2,21,0,21,1,36,4,0,18,16,6.08
53755138,2023,福岡ソフトバンク,14,3,6,0,0,0,0,0,0,.333,344,77.1,70,7,42,1,67,3,0,31,29,3.38
53755138,2024,福岡ソフトバンク,20,9,4,0,0,0,0,0,0,.692,485,120,79,6,51,5,105,2,0,29,26,1.95
53755138,2026,福岡ソフトバンク,14,6,5,0,0,0,0,0,0,.545,296,63.2,76,7,31,3,57,7,0,39,37,5.23
21425138,2020,福岡ソフトバンク,15,2,2,0,2,4,0,0,0,.500,129,31.2,26,4,10,0,29,0,0,9,9,2.56
21425138,2021,福岡ソフトバンク,44,0,2,1,16,16,0,0,0,.000,165,39.1,28,4,17,2,41,1,0,13,11,2.52
21425138,2022,福岡ソフトバンク,25,3,3,0,3,3,2,1,0,.500,255,62.1,45,8,24,2,48,0,0,22,22,3.18
21425138,2023,福岡ソフトバンク,30,5,4,0,1,3,0,0,0,.556,349,83,73,5,34,3,58,1,0,32,28,3.04
01505151,2021,福岡ソフトバンク,12,0,0,0,0,0,0,0,0,.000,88,23,12,1,10,2,13,0,0,6,6,2.35
01505151,2022,福岡ソフトバンク,21,7,6,0,0,2,2,2,1,.538,409,101.1,88,8,28,4,70,1,1,37,33,2.93
01505151,2023,福岡ソフトバンク,17,5,7,0,0,0,2,1,0,.417,427,104.2,86,11,35,6,76,1,0,36,34,2.92
01505151,2024,福岡ソフトバンク,20,8,4,0,0,0,0,0,0,.667,481,122.1,84,10,29,10,77,0,0,34,34,2.50
01505151,2025,福岡ソフトバンク,24,13,5,0,0,0,0,0,0,.722,586,146.2,107,11,35,5,97,0,0,36,27,1.66
01505151,2026,福岡ソフトバンク,10,3,4,0,0,0,1,1,0,.429,257,57.1,69,11,20,1,36,0,0,36,34,5.34
81285151,2020,福岡ソフトバンク,14,1,0,0,3,4,0,0,0,1.000,72,16.1,15,2,8,1,17,1,0,5,5,2.76
81285151,2021,福岡ソフトバンク,45,1,0,0,11,12,0,0,0,1.000,132,33,24,2,8,2,43,0,0,8,8,2.18
81285151,2022,福岡ソフトバンク,51,4,6,1,18,22,0,0,0,.400,193,46.1,36,4,24,2,51,0,0,17,15,2.91
81285151,2023,福岡ソフトバンク,56,4,4,0,22,26,0,0,0,.500,202,48.2,37,4,21,3,44,0,0,20,19,3.51
81285151,2024,福岡ソフトバンク,48,5,2,0,17,22,0,0,0,.714,180,42.1,31,1,20,6,38,1,0,10,10,2.13
81285151,2025,福岡ソフトバンク,22,1,1,1,3,4,0,0,0,.500,103,21.1,27,2,8,4,25,1,0,8,8,3.38
81285151,2026,福岡ソフトバンク,50,2,0,1,20,22,0,0,0,1.000,184,47,26,2,15,3,43,0,0,11,8,1.53
83785151,2020,福岡ソフトバンク,13,6,3,0,0,0,0,0,0,.667,320,78,64,7,22,4,89,1,0,32,23,2.65
11315118,2009,オリックス,4,0,3,0,0,0,0,0,0,.000,80,17.2,15,6,10,3,11,2,0,15,15,7.64
11315118,2010,オリックス,6,0,3,0,0,0,0,0,0,.000,110,23,31,2,14,1,11,0,0,20,17,6.65
11315118,2011,オリックス,2,0,0,0,0,0,0,0,0,.000,14,2.2,4,0,1,1,1,0,0,0,0,0.00
41345113,2001,オリックス,53,7,5,14,,,0,0,0,.583,375,94,68,8,32,0,93,3,0,30,28,2.68
41345113,2002,オリックス,28,1,5,10,,,0,0,0,.167,126,27.1,27,3,13,2,30,0,0,16,12,3.95
41345113,2004,オリックス,1,0,0,0,,,0,0,0,.000,3,1,0,0,0,0,0,0,0,0,0,0.00
41345113,2005,オリックス,39,2,2,22,4,6,0,0,0,.500,154,39.1,30,1,9,1,40,2,0,8,7,1.60
41345113,2006,オリックス,36,0,3,15,1,1,0,0,0,.000,152,34.2,42,6,9,0,35,3,0,18,18,4.67
41345113,2007,オリックス,42,4,4,1,9,13,0,0,0,.500,168,39,35,1,18,2,34,2,0,18,14,3.23
41345113,2008,オリックス,3,0,0,0,0,0,0,0,0,.000,17,3.1,5,2,2,0,2,0,0,5,5,13.50
41345113,2009,オリックス,47,2,1,1,1,3,0,0,0,.667,178,41,38,2,16,3,36,3,0,16,14,3.07
41345113,2010,オリックス,5,0,0,0,0,0,0,0,0,.000,33,7,8,0,5,0,6,0,0,5,5,6.43
41545115,2002,読売,3,0,0,1,,,0,0,0,.000,11,3,2,0,0,0,3,0,0,0,0,0.00
41545115,2003,読売,11,0,2,0,,,0,0,0,.000,49,10,14,2,7,0,12,1,0,13,13,11.70
41545115,2004,読売,2,0,1,0,,,0,0,0,.000,9,2,3,0,1,0,1,0,0,1,1,4.50
41545115,2005,読売,5,0,0,0,0,0,0,0,0,.000,32,7,10,0,1,0,6,0,0,4,4,5.14
41545115,2006,読売,13,0,0,0,0,0,0,0,0,.000,67,13.1,18,1,11,0,12,1,0,11,9,6.08
41545115,2008,オリックス,1,0,1,0,0,0,0,0,0,.000,10,1.2,2,0,5,0,0,0,0,3,3,16.20
41545115,2009,オリックス,6,0,0,0,0,0,0,0,0,.000,42,8,15,2,7,0,7,0,0,9,9,10.13
41545115,2010,オリックス,26,0,0,0,4,4,0,0,0,.000,114,27.1,18,2,13,3,31,1,0,7,7,2.30
41545115,2011,オリックス,18,0,0,0,1,1,0,0,0,.000,64,15.1,9,0,8,3,15,3,0,3,3,1.76
41545115,2012,オリックス,2,0,0,0,0,0,0,0,0,.000,8,2.1,0,0,2,0,1,0,0,0,0,0.00
41545115,2013,オリックス,2,1,0,0,0,1,0,0,0,1.000,7,1,1,0,3,0,1,0,0,3,3,27.00
21525117,2003,オリックス,43,4,4,9,,,0,0,0,.500,320,69.2,79,13,36,1,75,2,0,41,40,5.17
21525117,2004,オリックス,1,0,0,0,,,0,0,0,.000,6,1,2,0,1,0,2,0,0,2,2,18.00
21525117,2005,オリックス,60,6,3,2,23,29,0,0,0,.667,324,81.2,67,8,16,3,83,5,0,29,25,2.76
21525117,2006,オリックス,61,1,6,4,19,20,0,0,0,.143,252,61,49,2,20,3,41,0,0,27,21,3.10
21525117,2007,オリックス,63,3,4,26,4,7,0,0,0,.429,304,73,63,3,21,2,71,6,0,21,21,2.59
21525117,2008,オリックス,63,2,5,33,1,3,0,0,0,.286,260,63,60,6,17,3,65,2,0,24,23,3.29
21525117,2009,オリックス,48,4,4,13,3,7,0,0,0,.500,229,51.2,58,5,15,3,53,4,0,35,30,5.23
21525117,2010,オリックス,20,1,0,0,2,3,0,0,0,1.000,103,25.1,17,3,11,2,15,0,0,14,11,3.91
21525117,2012,東北楽天,35,1,0,0,2,3,0,0,0,1.000,235,53.2,50,2,21,2,37,4,1,24,20,3.35
21525117,2013,東北楽天,6,0,2,0,0,0,0,0,0,.000,58,10.1,17,4,10,1,4,0,0,13,10,8.71
91595116,2011,オリックス,1,0,0,0,0,0,0,0,0,.000,9,1.1,3,0,2,0,1,2,0,3,3,20.25
51755112,2006,オリックス,6,0,1,0,0,0,0,0,0,.000,51,13.1,11,3,2,0,10,0,0,4,4,2.70
51755112,2007,オリックス,39,4,3,0,3,5,0,0,0,.571,516,126,124,7,24,4,115,5,0,46,41,2.93
51755112,2008,オリックス,12,4,1,0,1,1,0,0,0,.800,272,67.1,70,7,7,1,58,1,0,23,22,2.94
51755112,2009,オリックス,19,10,4,0,0,0,3,2,1,.714,561,139.1,134,10,20,3,124,3,0,53,48,3.10
51755112,2010,オリックス,57,6,5,12,11,16,2,0,0,.545,440,104.2,107,6,24,1,96,4,1,42,38,3.27
51755112,2011,オリックス,68,5,6,33,0,5,0,0,0,.455,289,69,66,5,15,1,74,2,0,23,20,2.61
51755112,2012,オリックス,52,4,2,18,3,7,0,0,0,.667,214,52,49,5,13,0,49,3,1,15,14,2.42
51755112,2013,オリックス,37,3,2,0,11,14,0,0,0,.600,191,46.2,43,3,7,0,53,2,0,16,11,2.12
51755112,2014,オリックス,55,4,3,0,12,15,0,0,0,.571,326,80.1,65,8,20,2,67,4,0,33,30,3.36
51755112,2015,オリックス,50,4,3,0,15,19,0,0,0,.571,213,52.2,46,2,13,1,54,0,0,17,15,2.56
51755112,2016,オリックス,16,0,0,0,6,6,0,0,0,.000,66,13.2,20,4,6,0,11,1,0,13,12,7.90
51755112,2017,オリックス,4,0,0,0,0,0,0,0,0,.000,27,6,5,1,3,1,4,0,0,2,2,3.00
51755112,2018,オリックス,17,0,0,0,1,1,0,0,0,.000,59,15.1,13,0,2,0,14,0,0,4,4,2.35
51755112,2019,オリックス,1,0,0,0,0,0,0,0,0,.000,1,0.1,0,0,0,0,1,0,0,0,0,0.00
91795115,2003,大阪近鉄,1,0,0,0,,,0,0,0,.000,13,3,3,0,1,0,2,2,0,0,0,0.00
91795115,2004,大阪近鉄,11,1,0,0,,,0,0,0,1.000,75,16.2,17,0,10,0,13,2,0,2,2,1.08
91795115,2005,オリックス,7,0,0,0,0,0,0,0,0,.000,38,8.2,9,3,3,1,8,0,0,4,4,4.15
91795115,2007,オリックス,2,0,1,0,0,0,0,0,0,.000,38,7.2,13,0,2,2,7,1,0,7,7,8.22
91795115,2008,オリックス,25,10,7,0,0,0,2,0,0,.588,616,149,140,9,45,4,89,4,0,62,57,3.44
91795115,2009,オリックス,24,9,12,0,0,0,2,0,0,.429,678,152.2,155,20,80,3,91,6,0,87,81,4.78
91795115,2010,オリックス,24,5,10,0,0,0,1,0,0,.333,620,142.2,151,16,49,7,133,4,1,79,69,4.35
91795115,2011,オリックス,15,3,7,0,1,1,0,0,0,.300,289,63.2,76,6,27,4,53,3,0,48,45,6.36
91795115,2012,オリックス,1,0,1,0,0,0,0,0,0,.000,27,6,8,0,1,0,3,0,0,4,3,4.50
91795115,2013,オリックス,5,0,0,0,0,0,0,0,0,.000,36,8,13,2,1,0,6,2,0,8,8,9.00
91795115,2014,オリックス,2,0,1,0,0,0,0,0,0,.000,34,7.2,10,1,2,0,7,0,0,4,4,4.70
91795115,2015,オリックス,10,1,4,0,0,0,0,0,0,.200,190,41.2,49,1,14,3,24,5,0,31,28,6.05
91795115,2016,オリックス,5,2,2,0,0,0,0,0,0,.500,94,19.2,30,3,6,0,16,1,0,19,18,8.24
91795115,2016,東京ヤクルト,8,0,0,0,0,0,0,0,0,.000,54,11.1,14,0,6,2,10,0,0,5,4,3.18
91795115,2017,東京ヤクルト,54,2,4,1,14,16,0,0,0,.333,234,55.1,49,9,17,4,55,2,0,29,29,4.72
91795115,2018,東京ヤクルト,74,7,4,2,35,42,0,0,0,.636,334,76.2,74,8,31,2,75,5,0,37,31,3.64
91795115,2019,東京ヤクルト,59,3,3,0,19,22,0,0,0,.500,245,53,57,6,32,0,54,3,0,23,21,3.57
91795115,2020,東京ヤクルト,20,0,1,1,2,2,0,0,0,.000,81,19,21,4,6,0,11,0,0,13,10,4.74
31935114,2007,オリックス,8,1,0,0,2,3,0,0,0,1.000,40,10.2,7,2,3,0,13,1,0,3,3,2.53
31935114,2008,オリックス,36,15,3,0,3,3,3,0,0,.833,688,172.1,134,14,42,2,151,4,0,55,48,2.51
31935114,2009,オリックス,17,1,9,0,0,0,2,0,0,.100,428,91.1,121,17,40,4,74,6,0,78,72,7.09
31935114,2010,オリックス,29,5,8,0,2,3,1,0,0,.385,381,83,107,10,27,4,58,5,0,47,44,4.77
31935114,2011,オリックス,1,0,0,0,0,0,0,0,0,.000,6,0.1,5,1,0,0,0,0,0,5,5,135.00
31935114,2012,オリックス,21,3,5,0,2,3,0,0,0,.375,288,64.1,73,7,19,7,45,0,0,38,35,4.90
31935114,2013,オリックス,27,0,0,0,1,1,0,0,0,.000,169,39.1,42,2,12,3,32,0,0,19,19,4.35
31935114,2014,オリックス,4,0,0,0,0,0,0,0,0,.000,18,3.2,4,0,3,1,1,0,0,1,1,2.45
31935114,2015,オリックス,12,0,0,1,1,1,0,0,0,.000,53,14.1,7,1,5,1,13,1,0,4,4,2.51
31935114,2016,オリックス,4,0,1,0,0,0,0,0,0,.000,20,3.1,6,1,3,0,1,1,0,4,4,10.80
71775116,2009,オリックス,2,0,0,0,0,0,0,0,0,.000,6,1,1,0,2,0,1,0,0,0,0,0.00
61563886,1998,日本ハム,3,0,1,0,,,0,0,0,.000,47,9.2,16,1,5,0,7,0,1,9,8,7.45
61563886,2000,日本ハム,23,6,9,0,,,4,1,0,.400,513,115.1,104,10,69,7,67,4,0,61,52,4.06
61563886,2001,日本ハム,22,2,7,0,,,2,0,0,.222,478,108.1,113,16,48,7,87,1,0,62,59,4.90
61563886,2002,日本ハム,18,2,4,1,,,2,1,0,.333,204,48.1,47,7,11,6,32,2,0,27,23,4.28
61563886,2003,日本ハム,50,0,1,0,,,0,0,0,.000,177,42.1,34,4,21,2,21,1,0,21,18,3.83
61563886,2004,北海道日本ハム,42,1,0,0,,,0,0,0,1.000,159,34,44,4,16,2,27,1,0,26,26,6.88
61563886,2006,北海道日本ハム,29,1,3,0,3,4,0,0,0,.250,136,30.1,31,1,14,4,22,2,0,12,11,3.26
61563886,2008,オリックス,34,4,2,1,6,10,0,0,0,.667,106,24,29,2,4,3,14,0,0,13,13,4.88
61563886,2009,オリックス,58,1,2,0,11,12,0,0,0,.333,167,34.2,41,3,17,7,18,1,0,25,19,4.93
31235112,2006,オリックス,11,2,3,0,0,0,1,0,0,.400,190,43.1,44,4,20,0,29,4,0,22,21,4.36
31235112,2007,オリックス,2,1,0,0,0,0,0,0,0,1.000,48,11.2,10,1,4,0,10,1,0,3,3,2.31
31235112,2008,オリックス,10,2,3,0,0,0,0,0,0,.400,203,44.2,50,9,23,0,33,2,0,32,32,6.45
31235112,2009,オリックス,5,0,4,0,0,0,1,0,0,.000,124,26,36,1,17,2,13,3,0,24,22,7.62
31235112,2010,オリックス,11,3,3,0,0,0,1,0,0,.500,219,51.2,55,3,14,1,40,1,0,23,22,3.83
31235112,2011,オリックス,28,8,9,1,0,0,2,0,0,.471,660,156.1,128,11,69,5,119,3,0,58,51,2.94
31235112,2012,オリックス,53,1,7,0,14,14,0,0,0,.125,447,106.2,105,4,30,3,93,4,0,39,34,2.87
31235112,2013,オリックス,15,0,3,0,2,2,0,0,0,.000,71,13.2,19,4,9,2,10,1,0,11,10,6.59
31235112,2014,オリックス,35,1,0,0,1,2,0,0,0,1.000,175,42.1,30,1,17,2,38,1,0,18,11,2.34
31235112,2015,オリックス,8,0,0,0,0,0,0,0,0,.000,70,14.2,21,3,4,2,10,0,0,12,11,6.75
51455114,2009,オリックス,1,0,0,0,0,0,0,0,0,.000,6,1,3,0,0,0,0,0,0,2,2,18.00
91295118,2009,オリックス,5,0,1,0,0,0,0,0,0,.000,32,7,8,1,3,0,4,0,0,5,5,6.43
91295118,2010,オリックス,4,0,0,0,0,0,0,0,0,.000,25,6,5,0,2,0,1,0,0,1,1,1.50
91295118,2011,オリックス,3,0,0,0,0,0,0,0,0,.000,18,3,7,0,2,1,4,0,0,4,4,12.00
91295118,2012,オリックス,2,0,0,0,0,0,0,0,0,.000,11,1.1,4,0,1,1,0,1,0,4,3,20.25
81285112,2006,オリックス,26,7,11,0,0,0,10,4,0,.389,730,172.1,182,12,39,6,105,3,2,82,73,3.81
81285112,2007,オリックス,27,8,13,0,0,0,2,2,1,.381,710,171.2,172,18,28,5,124,1,0,75,71,3.72
81285112,2009,オリックス,20,3,12,0,0,0,2,1,0,.200,495,114.1,129,14,38,0,91,2,0,60,60,4.72
81285112,2010,オリックス,63,7,2,2,32,39,0,0,0,.778,334,80.2,67,4,28,1,101,3,0,19,15,1.67
81285112,2011,オリックス,72,6,2,2,43,49,0,0,0,.750,317,83.2,48,4,17,2,99,5,0,18,18,1.94
81285112,2012,オリックス,70,7,4,9,21,28,0,0,0,.636,307,79.2,65,4,5,2,80,6,0,21,19,2.15
81285112,2013,オリックス,60,2,5,31,9,11,0,0,0,.286,258,62.2,57,2,14,1,71,1,0,16,13,1.87
81285112,2014,オリックス,62,1,6,40,8,9,0,0,0,.143,238,60.1,52,6,13,0,70,1,1,23,23,3.43
81285112,2015,オリックス,33,0,3,12,10,10,0,0,0,.000,136,31,29,4,14,1,39,5,0,14,14,4.06
81285112,2016,オリックス,58,4,4,31,8,12,0,0,0,.500,237,61,44,2,16,1,57,4,0,13,13,1.92
81285112,2017,オリックス,58,3,7,29,8,11,0,0,0,.300,240,57.1,57,5,16,1,47,2,0,19,17,2.67
81285112,2021,オリックス,46,1,3,29,3,4,0,0,0,.250,163,43,30,4,9,0,37,1,0,11,11,2.30
81285112,2022,オリックス,48,3,2,28,8,11,0,0,0,.600,175,46,25,3,12,2,42,1,0,8,8,1.57
81285112,2023,オリックス,42,3,2,29,5,8,0,0,0,.600,167,40,36,1,13,0,24,1,0,5,5,1.13
81285112,2024,オリックス,12,1,1,7,1,2,0,0,0,.500,58,10.2,19,1,5,0,11,0,0,10,5,4.22
81285112,2025,オリックス,3,0,1,1,0,0,0,0,0,.000,14,2.1,5,1,2,0,1,0,0,4,4,15.43
81285112,2026,オリックス,3,0,0,0,1,1,0,0,0,.000,10,2.1,3,1,0,0,2,0,0,1,1,3.86
81085131,2010,オリックス,24,2,1,0,2,4,0,0,0,.667,78,21.2,14,0,1,1,12,0,0,3,3,1.25
81085131,2011,オリックス,23,0,0,0,3,3,0,0,0,.000,105,22.2,28,3,6,2,21,0,1,21,18,7.15
81085131,2012,オリックス,12,1,0,0,1,2,0,0,0,1.000,34,10,8,0,0,0,5,0,1,2,2,1.80
81085131,2013,オリックス,59,4,3,0,11,15,0,0,0,.571,235,59.1,52,4,11,1,54,0,0,15,14,2.12
81085131,2014,オリックス,62,7,1,0,20,27,0,0,0,.875,231,56.2,53,2,12,1,48,0,0,9,5,0.79
81085131,2015,オリックス,8,0,0,0,2,2,0,0,0,.000,34,5,16,1,2,1,5,0,0,9,9,16.20
81085131,2016,オリックス,16,1,1,0,5,6,0,0,0,.500,43,9.1,13,3,3,0,10,0,0,5,5,4.82
81085131,2017,オリックス,8,0,1,0,1,1,0,0,0,.000,31,8.1,6,2,0,0,12,0,0,3,3,3.24
81085131,2018,オリックス,43,0,2,1,9,9,0,0,0,.000,135,35.1,25,3,7,3,22,0,0,10,8,2.04
81085131,2019,オリックス,45,3,2,1,8,11,0,0,0,.600,141,33.1,32,5,11,2,36,0,0,19,17,4.59
81085131,2020,オリックス,20,0,0,0,9,9,0,0,0,.000,49,12.2,5,1,5,1,11,0,0,1,1,0.71
81085131,2021,オリックス,32,1,0,0,11,12,0,0,0,1.000,75,20.1,14,2,4,0,15,0,0,4,4,1.77
81085131,2022,オリックス,30,5,0,1,5,10,0,0,0,1.000,85,21.1,20,1,2,2,24,0,0,7,6,2.53
81085131,2023,オリックス,31,2,0,0,6,8,0,0,0,1.000,83,20,21,3,2,2,10,0,0,5,5,2.25
81085131,2024,オリックス,5,0,0,0,0,0,0,0,0,.000,14,3.2,1,0,3,0,3,0,0,0,0,0.00
01205131,2010,オリックス,33,0,2,0,4,4,0,0,0,.000,109,25.1,23,0,11,2,23,3,0,9,9,3.20
01205131,2011,オリックス,12,0,0,0,1,1,0,0,0,.000,64,16,13,1,6,1,9,0,0,3,3,1.69
01205131,2012,オリックス,10,0,0,0,0,0,0,0,0,.000,72,14,27,1,4,1,16,0,0,17,17,10.93
01205131,2013,オリックス,3,0,0,0,0,0,0,0,0,.000,11,2.2,3,0,0,0,2,0,0,1,1,3.38
01205131,2015,オリックス,5,0,0,0,0,0,0,0,0,.000,16,4.1,4,0,0,0,3,1,0,1,1,2.08
41245131,2010,オリックス,20,0,0,0,1,1,0,0,0,.000,52,10.2,14,1,6,0,8,3,0,7,7,5.91
41245131,2012,オリックス,5,3,2,0,0,0,0,0,0,.600,122,27.2,28,0,12,1,19,0,0,10,4,1.30
41245131,2013,オリックス,21,3,4,0,1,1,0,0,0,.429,297,74,65,7,19,2,53,6,0,23,22,2.68
41245131,2015,オリックス,15,1,1,0,2,3,0,0,0,.500,88,17.2,24,2,12,1,13,0,0,11,10,5.09
11615115,2002,オリックス,4,0,1,0,,,0,0,0,.000,57,13,18,4,2,0,16,0,0,11,11,7.62
11615115,2003,オリックス,40,5,2,0,,,2,1,0,.714,469,108.2,125,11,25,3,75,4,2,64,56,4.64
11615115,2004,オリックス,29,6,11,0,,,2,0,1,.353,599,134.2,170,22,32,13,86,2,1,91,84,5.61
11615115,2005,オリックス,12,0,1,1,0,0,0,0,0,.000,95,25.2,20,3,2,0,14,0,0,4,4,1.40
11615115,2006,オリックス,25,3,2,0,1,1,0,0,0,.600,309,75.2,69,11,18,2,47,1,1,34,31,3.69
11615115,2007,オリックス,49,3,2,1,15,18,0,0,0,.600,248,61.2,55,5,12,2,55,3,0,22,22,3.21
11615115,2008,オリックス,58,2,7,0,11,13,0,0,0,.222,299,70.2,70,8,17,2,55,0,1,35,33,4.20
11615115,2009,オリックス,6,0,2,0,1,1,0,0,0,.000,41,8,14,2,5,0,2,0,0,15,15,16.88
41645116,2010,オリックス,1,0,0,0,0,0,0,0,0,.000,9,1.1,3,0,2,0,1,1,0,3,3,20.25
61465131,2010,オリックス,1,0,0,0,0,0,0,0,0,.000,14,3,5,0,1,1,0,0,0,1,1,3.00
61465131,2012,オリックス,6,0,2,0,0,0,0,0,0,.000,78,17.1,19,3,9,1,7,1,0,12,11,5.71
61465131,2013,オリックス,1,0,0,0,0,0,0,0,0,.000,8,1.1,4,0,0,0,1,0,0,3,3,20.25
61465131,2015,オリックス,7,0,1,0,0,0,0,0,0,.000,79,16.1,17,1,13,1,12,0,0,11,10,5.51
61465131,2016,オリックス,12,2,7,0,0,0,0,0,0,.222,245,58.1,63,7,19,0,43,0,0,35,32,4.94
61465131,2017,オリックス,4,0,3,0,0,0,0,0,0,.000,71,12.1,21,2,10,2,13,1,0,16,12,8.76
61465131,2018,オリックス,30,1,2,0,10,11,0,0,0,.333,84,21.1,14,1,6,0,20,0,0,10,9,3.80
61465131,2019,オリックス,40,0,0,0,5,5,0,0,0,.000,172,43,31,6,18,0,44,1,0,17,17,3.56
61465131,2020,オリックス,48,4,5,0,18,22,0,0,0,.444,170,39.1,37,1,19,0,44,0,0,20,17,3.89
61465131,2021,オリックス,43,1,0,0,9,10,0,0,0,1.000,186,43.2,38,2,19,1,35,0,0,14,11,2.27
61465131,2022,オリックス,12,1,0,0,2,3,0,0,0,1.000,44,10.1,11,0,4,1,14,1,0,5,5,4.35
61465131,2023,オリックス,32,0,0,0,6,6,0,0,0,.000,121,31.1,23,1,10,1,29,0,0,4,4,1.15
61465131,2024,オリックス,50,3,2,0,16,19,0,0,0,.600,177,43.1,30,1,16,2,44,0,0,13,10,2.08
61465131,2025,オリックス,28,2,2,0,10,12,0,0,0,.500,107,23.1,25,2,10,0,21,0,0,12,11,4.24
61465131,2026,オリックス,15,0,0,0,2,2,0,0,0,.000,38,8.1,6,0,8,0,9,0,0,1,1,1.08
33335118,2009,オリックス,20,0,1,0,1,1,0,0,0,.000,108,25,22,0,11,2,20,2,0,14,14,5.04
33335118,2010,オリックス,35,2,2,10,0,2,0,0,0,.500,178,37.2,45,3,16,2,33,1,0,21,20,4.78
61065133,2012,オリックス,16,1,1,0,2,2,0,0,0,.500,143,35,27,3,13,0,25,0,0,14,14,3.60
61065133,2015,オリックス,41,0,4,1,13,13,0,0,0,.000,192,43.2,36,5,24,6,25,1,0,18,16,3.30
61065133,2016,オリックス,54,4,1,0,13,17,0,0,0,.800,240,54,44,5,31,2,40,3,0,18,16,2.67
61065133,2017,オリックス,4,0,0,0,0,0,0,0,0,.000,20,4.2,4,0,2,0,4,1,0,3,3,5.79
33335133,2011,オリックス,7,1,5,0,0,0,1,0,1,.167,181,42,44,3,12,3,21,0,1,21,20,4.29
73375133,2011,オリックス,24,8,6,0,0,1,0,0,0,.571,524,123.2,126,7,36,3,90,8,5,49,47,3.42
73375133,2012,オリックス,11,0,5,0,0,0,0,0,0,.000,268,64,61,5,19,3,37,1,1,23,22,3.09
83385133,2011,オリックス,7,3,3,0,0,0,0,0,0,.500,135,30,34,2,10,2,22,1,0,17,15,4.50
83385133,2012,オリックス,18,5,4,0,0,0,0,0,0,.556,303,69,74,4,26,4,28,2,0,36,30,3.91
01103886,1999,阪神,7,1,1,0,,,0,0,0,.500,80,15.1,23,1,13,1,14,0,0,11,11,6.46
01103886,2000,阪神,9,1,3,0,,,0,0,0,.250,172,39.1,36,5,19,0,37,7,0,19,19,4.35
01103886,2001,阪神,29,9,13,0,,,3,2,0,.409,829,192,174,11,89,3,171,6,0,76,57,2.67
01103886,2002,阪神,31,14,9,1,,,8,4,2,.609,830,209.2,163,15,53,7,206,8,0,63,58,2.49
01103886,2003,阪神,29,20,5,0,,,8,2,3,.800,839,206,184,15,58,3,179,5,0,72,64,2.80
01103886,2004,阪神,29,14,11,0,,,6,3,1,.560,840,200.1,190,29,54,6,228,5,0,95,83,3.73
01103886,2005,阪神,27,13,9,0,0,0,2,1,1,.591,749,172.1,199,23,60,1,145,4,0,91,74,3.86
01103886,2006,阪神,29,14,9,0,0,0,8,3,2,.609,844,209,180,17,49,6,194,4,0,77,69,2.97
01103886,2012,オリックス,12,2,7,0,0,0,0,0,0,.222,278,62,64,5,31,2,36,3,1,35,32,4.65
01103886,2013,オリックス,9,3,3,0,0,0,0,0,0,.500,205,48.2,48,2,15,2,41,2,0,15,14,2.59
01103886,2014,オリックス,8,2,2,0,0,0,0,0,0,.500,149,33,37,4,12,0,28,0,0,17,14,3.82
61365135,2012,オリックス,31,0,4,0,1,1,0,0,0,.000,245,56.1,63,2,20,1,30,0,1,19,19,3.04
61365135,2013,オリックス,35,2,5,0,5,6,0,0,0,.286,330,78.1,80,7,24,0,44,2,0,37,34,3.91
61365135,2014,オリックス,19,0,1,0,0,0,0,0,0,.000,88,19,26,1,4,2,11,1,0,17,16,7.58
61365135,2015,オリックス,48,2,2,0,8,10,0,0,0,.500,180,41.1,38,3,15,2,27,0,0,15,12,2.61
61365135,2016,オリックス,50,1,3,0,15,16,0,0,0,.250,185,45.1,40,1,12,0,31,0,0,14,14,2.78
61365135,2017,オリックス,12,0,1,0,3,3,0,0,0,.000,46,10.2,8,1,7,0,5,0,0,7,7,5.91
61365135,2018,オリックス,4,0,0,0,0,0,0,0,0,.000,14,2.2,5,0,0,0,0,0,0,4,4,13.50
61365135,2019,オリックス,55,1,2,0,22,23,0,0,0,.333,196,49,41,1,11,2,33,1,0,15,10,1.84
61365135,2020,オリックス,6,0,1,0,2,2,0,0,0,.000,22,4.1,8,0,1,0,4,0,0,7,7,14.54
61365135,2021,オリックス,16,0,1,0,5,5,0,0,0,.000,43,10.1,8,0,4,0,5,0,0,3,3,2.61
11915135,2012,オリックス,14,0,1,0,0,0,0,0,0,.000,91,21,17,0,9,0,23,2,0,10,8,3.43
11915135,2013,オリックス,67,2,4,0,40,42,0,0,0,.333,313,78,46,5,41,0,88,2,0,15,15,1.73
11915135,2014,オリックス,67,6,4,1,42,48,0,0,0,.600,288,74.1,39,4,30,2,85,8,0,11,9,1.09
11915135,2015,オリックス,59,2,7,13,13,15,0,0,0,.222,249,58.2,50,3,23,2,77,5,0,23,21,3.22
11915135,2016,オリックス,43,1,4,0,12,13,0,0,0,.200,188,41.1,31,6,36,0,53,4,0,24,23,5.01
11915135,2017,オリックス,12,0,1,0,2,2,0,0,0,.000,56,12.1,15,2,5,0,12,1,0,11,10,7.30
33535135,2012,オリックス,8,4,3,0,0,0,1,0,1,.571,204,49.2,45,0,12,4,40,4,0,17,12,2.17
33535135,2013,オリックス,24,7,5,0,0,3,0,0,0,.583,334,75,77,9,32,12,42,3,2,52,45,5.40
33535135,2014,オリックス,36,3,1,0,1,4,0,0,0,.750,213,50.1,31,5,30,5,48,3,0,12,11,1.97
33535135,2015,オリックス,28,0,2,1,1,1,0,0,0,.000,190,42.1,37,5,23,3,34,1,0,18,15,3.19
01605111,2000,西武,28,6,7,0,,,1,1,0,.462,563,126,129,12,65,4,66,0,0,77,64,4.57
01605111,2001,西武,27,11,6,0,,,1,1,0,.647,606,140,140,12,64,3,67,5,0,59,54,3.47
01605111,2002,西武,20,9,7,0,,,2,2,1,.563,510,118.1,124,10,30,4,88,2,0,57,48,3.65
01605111,2003,西武,19,4,2,0,,,1,0,0,.667,320,70,81,8,35,4,43,3,0,42,40,5.14
01605111,2004,西武,27,4,3,0,,,0,0,0,.571,280,64,70,4,30,2,26,3,1,34,31,4.36
01605111,2005,西武,4,0,0,0,1,1,0,0,0,.000,27,5.2,9,2,4,0,4,0,0,4,4,6.35
01605111,2006,西武,19,1,4,0,1,2,0,0,0,.200,190,42.2,46,8,17,2,26,4,0,28,26,5.48
01605111,2007,西武,15,0,1,0,1,1,0,0,0,.000,102,24,27,3,8,1,8,1,1,14,13,4.88
01605111,2008,埼玉西武,17,1,3,0,3,3,0,0,0,.250,151,31.2,37,1,22,1,11,4,0,21,18,5.12
01605111,2009,埼玉西武,16,1,2,0,1,1,1,0,0,.333,179,40.1,42,3,21,3,21,1,0,20,17,3.79
01605111,2010,埼玉西武,22,6,9,0,0,0,1,0,0,.400,529,120.2,150,13,28,2,62,4,1,75,61,4.55
01605111,2011,埼玉西武,49,6,2,1,22,27,1,1,0,.750,259,68.1,48,2,10,4,40,4,0,17,15,1.98
01605111,2012,オリックス,37,0,3,1,10,10,0,0,0,.000,148,32.1,38,2,16,1,14,2,0,19,19,5.29
01605111,2013,オリックス,1,0,0,0,0,0,0,0,0,.000,7,1,3,0,1,0,0,0,0,3,3,27.00
51755137,2016,オリックス,5,0,0,0,0,0,0,0,0,.000,46,7.1,18,1,6,1,6,0,0,13,11,13.50
51855137,2013,オリックス,23,8,8,0,0,0,0,0,0,.500,551,130,128,7,47,4,88,3,0,48,40,2.77
51855137,2014,オリックス,26,9,10,0,0,0,3,1,0,.474,657,154,156,7,55,4,118,10,0,62,57,3.33
51855137,2015,オリックス,20,9,9,0,0,0,1,0,0,.500,538,130.2,119,3,44,1,88,0,0,39,36,2.48
51855137,2016,オリックス,27,9,11,0,0,0,2,0,0,.450,746,171.1,183,17,71,5,139,7,0,86,83,4.36
51855137,2017,オリックス,25,8,9,0,0,0,0,0,0,.471,581,136,144,7,42,3,86,7,1,63,49,3.24
51855137,2018,オリックス,18,4,6,0,0,0,1,1,0,.400,414,99,90,7,30,5,84,4,0,40,39,3.55
51855137,2019,オリックス,37,2,1,18,5,7,0,0,0,.667,150,35.2,29,1,18,0,38,2,0,12,12,3.03
51855137,2020,オリックス,39,0,4,16,5,5,0,0,0,.000,152,35.2,34,2,16,1,32,2,0,15,13,3.28
11015137,2013,オリックス,5,0,0,0,0,0,0,0,0,.000,26,5.1,9,0,2,0,3,0,0,5,4,6.75
23325137,2013,オリックス,1,0,1,0,0,0,0,0,0,.000,15,2.2,6,0,2,0,2,0,0,3,3,10.13
21425137,2013,オリックス,25,2,1,0,1,3,0,0,0,.667,144,29,34,0,22,2,25,3,0,20,19,5.90
21425137,2015,オリックス,2,0,0,0,0,0,0,0,0,.000,15,2,4,2,4,1,2,0,0,4,4,18.00
81385139,2014,オリックス,1,0,0,0,0,0,0,0,0,.000,2,0.2,0,0,0,0,0,0,0,0,0,0.00
81385139,2016,オリックス,3,0,0,0,0,0,0,0,0,.000,27,4.1,6,0,5,2,2,0,0,8,1,2.08
81385139,2017,オリックス,32,1,0,0,6,7,0,0,0,1.000,110,26,21,0,11,1,30,0,0,12,10,3.46
81385139,2018,オリックス,6,0,0,0,0,0,0,0,0,.000,24,5.1,8,0,1,0,4,0,0,3,3,5.06
11015139,2014,オリックス,26,5,7,0,0,1,0,0,0,.417,437,99.2,93,11,45,4,80,2,0,44,42,3.79
11015139,2015,オリックス,25,10,8,0,0,0,2,1,0,.556,663,161.1,148,16,41,5,118,3,1,61,60,3.35
11015139,2016,オリックス,24,1,10,0,1,1,0,0,0,.091,567,122,157,13,54,3,100,5,0,70,67,4.94
11015139,2017,オリックス,3,0,0,0,0,0,0,0,0,.000,57,13,13,2,5,0,5,0,0,6,6,4.15
11015139,2018,オリックス,7,1,4,0,0,0,0,0,0,.200,153,39.2,35,1,3,1,24,0,0,10,10,2.27
11015139,2019,オリックス,7,1,1,0,0,0,0,0,0,.500,91,19,20,5,16,1,9,0,0,15,15,7.11
11015139,2020,オリックス,2,0,0,0,0,0,0,0,0,.000,14,3.2,4,1,1,0,1,0,0,2,2,4.91
71675139,2014,オリックス,15,5,6,0,0,0,0,0,0,.455,318,75.2,70,9,24,2,62,2,0,34,32,3.81
71675139,2015,オリックス,14,1,5,0,1,2,0,0,0,.167,191,42.2,51,7,19,1,25,1,0,28,25,5.27
71675139,2016,オリックス,54,5,2,1,21,26,0,0,0,.714,204,50.2,37,4,16,3,36,3,0,17,15,2.66
71675139,2017,オリックス,29,2,1,0,6,7,1,1,0,.667,166,43,25,6,14,0,31,1,0,13,13,2.72
71675139,2018,オリックス,58,3,4,0,21,24,0,0,0,.429,233,56.1,47,4,18,3,53,1,0,24,24,3.83
71675139,2019,オリックス,33,1,1,0,6,7,0,0,0,.500,156,37.2,33,3,14,1,28,1,0,17,17,4.06
71675139,2020,オリックス,23,1,1,1,0,1,0,0,0,.500,153,35.1,38,3,12,1,34,2,0,17,16,4.08
11915130,2016,オリックス,1,0,0,0,0,0,0,0,0,.000,20,4,6,2,2,0,2,0,1,4,4,9.00
11915130,2018,オリックス,5,0,0,0,0,0,0,0,0,.000,12,3.1,0,0,1,1,4,0,0,2,2,5.40
11915130,2019,オリックス,11,0,0,0,1,1,0,0,0,.000,46,7,14,0,9,0,8,0,0,10,8,10.29
11915130,2020,オリックス,32,1,1,0,4,5,0,0,0,.500,105,24.2,24,3,8,1,23,1,0,11,11,4.01
11915130,2021,オリックス,4,0,0,0,0,0,0,0,0,.000,12,2.2,2,1,2,0,3,0,0,3,3,10.13
11915130,2022,オリックス,5,0,0,0,0,0,0,0,0,.000,24,5.1,7,0,1,0,5,0,0,4,4,6.75
11915130,2023,北海道日本ハム,4,1,0,0,0,1,0,0,0,1.000,15,3.1,5,2,0,0,3,0,0,4,4,10.80
11915130,2023,中日,31,2,0,0,11,13,0,0,0,1.000,100,24.2,18,0,10,1,24,1,0,3,2,0.73
11915130,2024,中日,56,4,3,0,19,23,0,0,0,.571,200,47.1,45,1,18,1,44,2,0,11,11,2.09
11915130,2025,中日,42,4,0,0,19,23,0,0,0,1.000,136,33,22,1,16,4,29,0,0,6,6,1.64
11915130,2026,中日,53,4,3,0,13,17,0,0,0,.571,177,43,32,5,14,2,48,2,0,18,14,2.93
51955130,2015,オリックス,1,0,0,0,0,0,0,0,0,.000,5,0.2,2,0,1,0,1,0,0,2,2,27.00
81985130,2015,オリックス,1,0,0,0,0,0,0,0,0,.000,3,0.1,2,0,0,0,0,0,0,2,2,54.00
81985130,2016,オリックス,1,0,0,0,0,0,0,0,0,.000,12,1.1,5,0,3,0,3,0,0,5,5,33.75
81985130,2019,オリックス,1,0,0,0,0,0,0,0,0,.000,9,2,1,0,3,0,2,0,0,1,1,4.50
81985130,2020,オリックス,13,1,3,1,2,2,0,0,0,.250,173,38.2,30,6,29,1,41,1,0,29,28,6.52
81985130,2021,オリックス,11,0,0,0,0,0,0,0,0,.000,45,10,9,4,5,2,10,1,0,10,10,9.00
51055130,2015,オリックス,7,0,0,0,0,0,0,0,0,.000,52,9.2,18,1,9,0,6,0,0,9,8,7.45
51055130,2016,オリックス,4,0,0,0,0,0,0,0,0,.000,25,6,5,2,2,0,5,0,1,4,4,6.00
21825130,2015,オリックス,17,3,6,0,0,0,0,0,0,.333,258,57.2,49,9,34,3,35,4,0,35,29,4.53
21825130,2016,オリックス,17,3,2,0,0,0,0,0,0,.600,260,61.1,55,4,23,3,37,2,0,27,25,3.67
21825130,2017,オリックス,15,2,5,0,0,1,1,1,0,.286,205,45,52,8,20,0,21,2,1,29,22,4.40
21825130,2018,オリックス,7,0,1,0,0,0,0,0,0,.000,80,17.2,21,2,7,0,9,0,0,11,9,4.58
21825130,2019,オリックス,36,2,3,0,1,3,0,0,0,.400,236,54,49,6,28,3,37,2,0,27,27,4.50
21825130,2020,オリックス,15,5,5,0,0,0,0,0,0,.500,347,84,71,12,33,2,46,0,0,45,42,4.50
21825130,2021,オリックス,22,8,10,0,0,1,0,0,0,.444,473,116.1,111,13,24,6,75,2,0,47,46,3.56
21825130,2022,オリックス,24,5,8,0,2,3,0,0,0,.385,475,114.2,112,13,27,6,91,4,0,58,44,3.45
21825130,2023,オリックス,23,11,5,0,0,0,0,0,0,.688,537,130.1,127,7,24,5,80,0,0,48,47,3.25
21825130,2024,北海道日本ハム,24,10,6,0,0,0,2,0,1,.625,600,147.2,142,17,28,4,74,3,0,57,52,3.17
21825130,2025,北海道日本ハム,20,7,5,0,0,2,2,1,2,.583,450,111,105,11,18,1,51,2,0,36,28,2.27
21825130,2026,北海道日本ハム,17,5,1,0,0,0,0,0,0,.833,243,60.2,54,7,18,3,30,1,0,18,18,2.67
91195132,2016,オリックス,1,0,1,0,0,0,0,0,0,.000,18,4,4,1,2,0,5,1,0,4,3,6.75
91195132,2017,オリックス,1,0,0,0,0,0,0,0,0,.000,19,4,4,1,5,0,2,0,0,3,3,6.75
91195132,2018,オリックス,3,0,0,0,0,0,0,0,0,.000,12,2,2,0,5,0,2,0,0,1,1,4.50
01105132,2016,オリックス,24,0,1,0,1,1,0,0,0,.000,155,35,26,2,24,1,19,1,0,17,12,3.09
01105132,2017,オリックス,7,1,0,0,0,1,0,0,0,1.000,50,11.1,18,2,1,0,4,1,0,9,9,7.15
01105132,2019,横浜DeNA,7,0,0,0,0,0,0,0,0,.000,39,9.2,7,2,3,0,5,1,0,6,6,5.59
01305116,2008,横浜,5,0,2,0,0,0,0,0,0,.000,58,12.1,17,2,2,3,9,0,0,11,11,8.03
01305116,2009,横浜,1,0,0,0,0,0,0,0,0,.000,11,2,2,0,2,0,1,1,0,1,1,4.50
01305116,2010,横浜,16,0,7,0,0,0,0,0,0,.000,214,47,56,10,16,4,28,0,0,37,34,6.51
01305116,2011,横浜,3,0,1,0,0,0,0,0,0,.000,24,6.1,4,0,2,0,1,0,0,2,2,2.84
01305116,2012,横浜DeNA,2,0,0,0,0,0,0,0,0,.000,14,2,3,0,5,0,2,0,0,3,3,13.50
01305116,2013,横浜DeNA,38,2,4,0,5,7,0,0,0,.333,169,38.2,33,3,15,4,32,1,0,19,16,3.72
01305116,2014,横浜DeNA,3,0,0,0,0,0,0,0,0,.000,20,4,3,0,5,0,2,0,0,3,0,0.00
01305116,2016,オリックス,1,0,0,0,0,0,0,0,0,.000,15,3,5,2,1,0,2,0,0,3,3,9.00
61565132,2016,オリックス,2,0,0,0,0,0,0,0,0,.000,16,2.1,5,1,4,0,1,0,0,3,3,11.57
81785132,2016,オリックス,1,0,0,0,0,0,0,0,0,.000,16,3,4,0,1,0,2,0,0,1,0,0.00
81785132,2017,オリックス,55,1,1,1,25,26,0,0,0,.500,228,55.2,42,6,18,2,71,1,0,21,19,3.07
81785132,2018,オリックス,52,3,3,0,9,12,0,0,0,.500,223,54,34,7,27,0,52,0,0,21,20,3.33
81785132,2019,オリックス,52,4,6,1,22,26,0,0,0,.400,209,49.2,39,4,22,1,61,3,0,19,19,3.44
81785132,2022,オリックス,32,1,4,2,15,16,0,0,0,.200,121,30,25,3,7,1,27,1,0,7,7,2.10
81785132,2023,オリックス,12,0,1,0,0,0,0,0,0,.000,57,12.1,12,1,8,1,16,0,0,7,7,5.11
63365132,2016,オリックス,13,0,2,2,0,0,0,0,0,.000,63,12.1,11,2,15,0,14,0,0,10,10,7.30
93995132,2016,オリックス,3,0,1,0,0,0,0,0,0,.000,30,5.1,9,1,5,1,2,0,1,5,5,8.44
21625118,2012,東京ヤクルト,3,1,0,0,0,0,0,0,0,1.000,65,15,10,1,11,1,13,1,0,4,3,1.80
21625118,2013,東京ヤクルト,26,5,13,0,0,0,1,1,1,.278,667,152,169,18,59,2,122,2,0,77,75,4.44
21625118,2014,東京ヤクルト,23,5,6,0,2,2,1,0,0,.455,461,103.2,119,10,41,2,76,2,0,50,45,3.91
21625118,2015,東京ヤクルト,2,0,2,0,0,0,0,0,0,.000,47,10,14,2,3,0,5,1,1,7,7,6.30
21625118,2016,東京ヤクルト,1,0,1,0,0,0,0,0,0,.000,19,3,6,0,3,0,6,1,0,4,4,12.00
21625118,2016,オリックス,1,0,0,0,0,0,0,0,0,.000,18,4,7,1,1,0,2,0,0,2,2,4.50
13315132,2017,オリックス,1,0,1,0,0,0,0,0,0,.000,16,2.2,5,0,2,0,0,0,0,6,6,20.25
13315132,2019,オリックス,4,0,0,0,0,0,0,0,0,.000,21,4.1,7,2,3,0,2,0,0,4,4,8.31
13315132,2020,オリックス,35,2,2,0,7,9,0,0,0,.500,118,29,15,1,15,2,33,3,0,7,7,2.17
13315132,2021,オリックス,18,1,1,0,4,5,0,0,0,.500,62,17,7,3,4,0,17,0,0,5,4,2.12
13315132,2022,オリックス,6,1,1,0,2,3,0,0,0,.500,15,3.1,5,1,1,0,3,0,0,3,3,8.10
13315132,2023,オリックス,19,0,0,0,4,4,0,0,0,.000,79,16.2,16,1,10,1,12,0,0,8,6,3.24
13315132,2024,千葉ロッテ,9,0,0,0,0,0,0,0,0,.000,51,11.2,11,3,5,0,11,1,0,8,8,6.17
43345134,2017,オリックス,2,0,0,0,0,0,0,0,0,.000,10,2,1,0,3,0,0,0,0,1,1,4.50
01505134,2019,オリックス,19,0,0,0,5,5,0,0,0,.000,85,21,17,4,5,2,19,0,0,10,9,3.86
01505134,2020,オリックス,5,0,1,0,1,1,0,0,0,.000,33,5.2,9,0,7,0,5,0,0,7,6,9.53
51755134,2017,オリックス,55,6,3,2,25,31,0,0,0,.667,226,53.1,39,2,26,2,62,3,0,26,25,4.22
51755134,2018,オリックス,39,1,1,0,17,18,0,0,0,.500,145,34,37,3,12,0,26,1,0,17,17,4.50
51755134,2022,オリックス,27,2,2,1,5,7,0,0,0,.500,106,26.2,20,3,9,0,21,2,0,8,7,2.36
51755134,2023,オリックス,12,1,5,0,0,1,0,0,0,.167,122,26,33,2,16,1,20,1,0,20,19,6.58
51755134,2024,北海道日本ハム,2,0,0,0,0,0,0,0,0,.000,9,2,1,0,2,0,1,0,0,1,1,4.50
51755134,2025,埼玉西武,29,1,1,0,3,4,0,0,0,.500,123,29.1,24,1,13,0,25,4,0,15,11,3.38
51755134,2026,埼玉西武,16,1,1,0,3,4,0,0,0,.500,58,15.1,8,1,4,0,16,0,0,4,4,2.35
63565134,2017,オリックス,6,2,3,0,0,1,0,0,0,.400,106,23.2,30,2,10,1,16,0,1,13,12,4.56
81785134,2018,オリックス,5,0,0,0,0,0,0,0,0,.000,72,18,12,0,7,0,17,0,0,7,7,3.50
81785134,2019,オリックス,13,3,4,0,0,0,1,0,0,.429,333,79.1,64,5,37,5,59,6,0,29,24,2.72
81785134,2020,オリックス,9,1,4,0,0,0,0,0,0,.200,206,43.1,44,5,39,1,31,2,0,26,25,5.19
81785134,2021,オリックス,1,0,0,0,0,0,0,0,0,.000,16,2.1,4,0,5,0,2,0,0,4,4,15.43
01905134,2017,オリックス,13,0,2,0,0,0,0,0,0,.000,58,13,13,2,6,1,5,0,0,6,6,4.15
01905134,2018,オリックス,47,5,0,0,8,13,0,0,0,1.000,201,49.2,45,5,11,1,45,0,0,14,14,2.54
01905134,2019,オリックス,28,2,2,0,17,19,0,0,0,.500,122,26,28,3,15,0,19,0,0,14,14,4.85
01905134,2020,オリックス,24,0,2,0,0,0,0,0,0,.000,87,21,16,5,8,0,24,0,0,10,8,3.43
01905134,2021,オリックス,14,0,0,0,6,6,0,0,0,.000,59,14,15,0,3,1,14,0,0,6,6,3.86
01905134,2023,千葉ロッテ,17,2,0,2,6,8,0,0,0,1.000,63,16.2,11,1,6,0,18,0,0,2,2,1.08
01905134,2024,千葉ロッテ,21,2,1,0,8,10,0,0,0,.667,89,20,22,0,8,1,8,0,0,9,8,3.60
01905134,2025,千葉ロッテ,29,1,1,1,0,1,0,0,0,.500,113,27.1,25,3,8,0,21,0,0,12,12,3.95
01905134,2026,千葉ロッテ,42,2,1,0,11,13,0,0,0,.667,173,41.1,40,7,7,1,38,0,0,19,19,4.14
41245134,2019,オリックス,8,2,4,0,0,0,0,0,0,.333,126,27.1,36,7,9,1,17,1,0,20,18,5.93
41245134,2020,オリックス,13,2,4,0,0,0,0,0,0,.333,212,48,50,5,16,2,46,1,1,26,23,4.31
41245134,2021,オリックス,8,0,1,0,3,3,0,0,0,.000,54,10.1,21,4,2,0,15,0,0,15,15,13.06
41245134,2022,オリックス,15,0,0,0,0,0,0,0,0,.000,101,22.2,23,0,10,2,20,0,0,9,6,2.38
41245134,2023,埼玉西武,5,0,0,0,0,0,0,0,0,.000,25,5,10,2,1,0,3,0,0,5,5,9.00
83785134,2017,オリックス,44,2,1,3,13,15,0,0,0,.667,210,47,44,4,24,2,51,1,0,16,14,2.68
83185134,2017,オリックス,24,8,11,0,0,0,2,1,1,.421,618,149.1,136,8,54,2,133,7,0,62,62,3.74
83185134,2018,オリックス,30,7,12,0,4,4,1,1,0,.368,619,146,137,21,49,6,121,4,1,71,64,3.95
83185134,2019,オリックス,26,13,4,0,0,0,2,0,1,.765,699,170,154,16,45,4,154,2,0,77,70,3.71
83185134,2020,オリックス,12,4,5,0,0,0,1,0,0,.444,284,69.1,68,7,21,2,64,3,0,22,20,2.60
83185134,2021,オリックス,12,3,4,0,0,0,0,0,0,.429,297,69.1,64,7,20,3,74,1,0,30,30,3.89
83185134,2022,オリックス,22,6,8,0,1,1,2,1,0,.429,518,128,118,6,27,7,99,2,0,42,37,2.60
83185134,2023,オリックス,31,2,1,3,8,9,0,0,0,.667,390,94,75,4,33,3,97,7,0,26,24,2.30
83185134,2024,オリックス,6,0,0,0,1,1,0,0,0,.000,21,5.1,5,1,1,0,5,0,0,2,2,3.38
83185134,2025,オリックス,41,5,3,0,13,18,0,0,0,.625,158,36,42,1,8,2,32,0,0,17,17,4.25
83185134,2026,オリックス,20,0,1,1,0,0,0,0,0,.000,86,18.2,22,1,5,0,23,1,0,15,13,6.27
33335134,2021,オリックス,9,2,2,0,0,0,0,0,0,.500,169,39,32,1,20,5,29,0,0,16,16,3.69
33335134,2022,オリックス,15,0,2,1,6,6,0,0,0,.000,145,36,30,2,10,1,29,0,0,15,12,3.00
33335134,2023,オリックス,53,1,1,9,27,28,0,0,0,.500,211,52,42,3,18,0,60,0,0,12,12,2.08
33335134,2024,オリックス,7,0,1,0,0,0,0,0,0,.000,28,6.2,7,0,3,0,2,0,0,1,1,1.35
33335134,2025,オリックス,28,2,1,0,4,6,0,0,0,.667,116,27.1,24,5,11,2,32,2,0,14,13,4.28
33335134,2026,オリックス,52,4,4,0,25,29,0,0,0,.500,210,53,36,4,15,1,56,0,0,17,13,2.21
53355134,2017,オリックス,5,1,1,0,0,0,0,0,0,.500,109,23.2,32,3,7,1,20,0,0,14,14,5.32
53355134,2018,オリックス,54,4,2,1,32,36,0,0,0,.667,213,53,40,4,16,2,46,2,0,19,17,2.89
53355134,2019,オリックス,20,8,6,0,0,0,1,1,0,.571,553,143,101,8,36,3,127,3,1,37,31,1.95
53355134,2020,オリックス,18,8,4,0,0,0,1,0,1,.667,494,126.2,82,6,37,6,149,1,0,34,31,2.20
53355134,2021,オリックス,26,18,5,0,0,0,6,4,1,.783,736,193.2,124,7,40,2,206,3,0,37,30,1.39
53355134,2022,オリックス,26,15,5,0,0,0,4,2,1,.750,747,193,137,6,42,5,205,0,0,42,36,1.68
53355134,2023,オリックス,23,16,6,0,0,0,2,1,0,.727,636,164,117,2,28,6,169,1,0,27,22,1.21
71175136,2022,オリックス,4,1,0,0,0,0,0,0,0,1.000,60,13,17,1,5,1,7,0,0,8,7,4.85
71175136,2023,オリックス,10,6,0,0,0,0,0,0,0,1.000,209,52.1,45,2,9,5,40,1,0,14,12,2.06
71175136,2024,オリックス,10,3,4,0,0,0,0,0,0,.429,242,58.2,47,3,15,6,38,1,0,18,17,2.61
71175136,2025,オリックス,6,1,2,0,0,0,0,0,0,.333,113,26,21,0,14,2,13,1,0,10,9,3.12
23325136,2018,オリックス,19,9,2,0,0,0,0,0,0,.818,455,114,105,10,21,2,83,0,1,40,39,3.08
23325136,2019,オリックス,13,2,6,0,0,0,0,0,0,.250,278,63.1,84,12,10,2,45,1,0,44,41,5.83
23325136,2020,オリックス,16,4,8,0,0,0,0,0,0,.333,376,89,93,12,22,3,66,0,0,42,39,3.94
51755136,2018,オリックス,4,0,0,0,0,0,0,0,0,.000,42,7.1,11,3,9,0,2,0,0,9,7,8.59
51755136,2019,オリックス,19,4,6,0,0,0,0,0,0,.400,451,102.1,100,15,49,3,88,4,0,56,49,4.31
51755136,2020,オリックス,8,0,2,0,1,1,0,0,0,.000,78,13.2,23,4,14,1,10,0,0,17,16,10.54
51755136,2021,オリックス,34,1,0,2,2,3,0,0,0,1.000,164,38.2,34,2,14,1,28,3,0,15,13,3.03
51755136,2022,オリックス,14,0,1,0,2,2,0,0,0,.000,51,12,12,3,3,0,13,2,0,9,9,6.75
51755136,2023,読売,33,1,1,0,13,14,0,0,0,.500,123,27.1,24,6,14,3,26,5,1,20,20,6.59
41045136,2018,オリックス,12,6,3,0,0,0,0,0,0,.667,291,68.2,60,9,24,4,69,2,0,33,31,4.06
41045136,2019,オリックス,10,3,4,0,0,0,0,0,0,.429,219,49.2,48,4,20,1,40,1,0,26,19,3.44
41045136,2020,オリックス,20,4,6,0,0,0,1,1,0,.400,512,122.1,102,14,42,7,89,2,0,57,55,4.05
41045136,2021,オリックス,24,8,8,0,0,0,0,0,0,.500,608,143.1,137,10,48,5,135,4,1,62,57,3.58
41045136,2022,オリックス,20,9,3,0,0,0,1,1,1,.750,513,125,115,12,37,2,92,3,1,41,37,2.66
41045136,2023,オリックス,13,6,4,0,0,0,0,0,0,.600,338,81.2,73,9,18,2,64,2,0,31,28,3.09
41045136,2024,オリックス,21,6,8,0,0,0,0,0,0,.429,501,117.1,121,10,34,2,87,4,0,51,48,3.68
41045136,2025,オリックス,18,7,7,0,0,0,2,2,2,.500,440,106.1,106,8,24,0,77,2,0,43,37,3.13
41045136,2026,オリックス,18,2,5,0,1,1,0,0,0,.286,273,62.2,72,12,16,4,44,0,0,41,41,5.89
61665136,2020,オリックス,1,0,1,0,0,0,0,0,0,.000,24,4,8,0,4,0,2,0,0,7,3,6.75
61665136,2021,オリックス,2,0,1,0,0,0,0,0,0,.000,45,9.2,13,2,5,0,4,0,0,8,8,7.45
61665136,2022,オリックス,42,2,3,2,14,16,0,0,0,.400,186,43.2,39,3,16,4,40,1,0,18,17,3.50
61665136,2023,オリックス,28,2,1,0,7,9,0,0,0,.667,145,32.2,36,5,12,0,34,2,0,23,23,6.34
61665136,2024,オリックス,23,2,0,0,9,11,0,0,0,1.000,92,22,21,1,5,1,21,1,1,7,7,2.86
61665136,2026,オリックス,2,0,0,0,0,0,0,0,0,.000,9,1,4,0,2,0,2,1,0,1,1,9.00
43945136,2018,オリックス,11,2,3,0,0,1,0,0,0,.400,225,50.1,63,2,15,6,19,0,0,31,28,5.01
51155138,2019,オリックス,13,1,4,0,0,0,0,0,0,.200,221,51.2,55,6,18,2,42,1,0,32,32,5.57
51155138,2020,オリックス,29,0,0,0,3,3,0,0,0,.000,135,31.1,31,6,11,2,21,1,0,18,17,4.88
11315138,2020,オリックス,22,0,0,2,5,5,0,0,0,.000,102,23.2,20,2,13,1,30,0,0,9,9,3.42
11315138,2021,オリックス,34,2,2,2,4,6,0,0,0,.500,148,35.2,30,4,14,1,23,1,0,13,12,3.03
11315138,2023,オリックス,16,0,0,0,1,1,0,0,0,.000,99,21,23,1,12,3,10,4,0,11,7,3.00
11315138,2024,阪神,38,1,4,0,5,6,0,0,0,.200,153,34.2,38,0,17,0,22,0,0,16,15,3.89
11315138,2025,阪神,11,0,0,0,2,2,0,0,0,.000,43,11.2,5,0,5,0,9,1,0,0,0,0.00
03105138,2019,オリックス,24,4,4,0,3,7,0,0,0,.500,137,31.1,41,2,9,0,25,2,0,16,14,4.02
61065138,2019,オリックス,1,0,0,0,0,0,0,0,0,.000,6,2,0,0,0,0,2,0,0,0,0,0.00
61065138,2020,オリックス,18,0,2,0,3,3,0,0,0,.000,77,18.1,14,3,10,1,15,0,0,9,9,4.42
61065138,2021,オリックス,51,2,1,0,20,22,0,0,0,.667,189,46.1,37,2,17,0,34,0,0,16,14,2.72
61065138,2022,オリックス,8,0,0,0,3,3,0,0,0,.000,38,7.1,10,3,3,0,7,0,0,9,9,11.05
61065138,2024,オリックス,16,0,0,0,3,3,0,0,0,.000,52,11,10,0,5,3,8,1,0,6,4,3.27
61065138,2025,オリックス,5,0,0,0,0,0,0,0,0,.000,23,4,6,1,4,1,1,0,0,4,4,9.00
61065138,2026,オリックス,18,0,1,0,2,2,0,0,0,.000,74,16.2,18,0,5,0,13,1,0,6,6,3.24
61465138,2019,オリックス,4,0,0,0,0,0,0,0,0,.000,13,3,1,0,3,0,3,0,0,0,0,0.00
61465138,2020,オリックス,2,0,0,0,0,0,0,0,0,.000,8,1.1,3,0,1,0,1,0,0,3,3,20.25
51055151,2024,オリックス,5,1,1,0,1,1,0,0,0,.500,53,11.2,13,1,4,2,5,1,0,11,7,5.40
51055151,2025,オリックス,3,1,1,0,0,0,0,0,0,.500,64,13.1,22,5,5,0,13,0,0,10,10,6.75
51055151,2026,オリックス,7,0,1,0,0,0,0,0,0,.000,49,9,13,5,9,0,5,0,0,10,9,9.00
03705151,2020,オリックス,41,3,3,0,19,22,0,0,0,.500,175,41.1,37,2,20,0,45,1,0,11,11,2.40
03705151,2021,オリックス,49,1,2,2,28,29,0,0,0,.333,195,46.1,37,3,19,1,36,1,0,14,13,2.53
41645151,2023,オリックス,2,0,0,0,0,0,0,0,0,.000,8,2,1,0,1,0,2,0,0,0,0,0.00
41645151,2024,オリックス,4,0,0,0,0,0,0,0,0,.000,25,5,8,1,2,0,5,0,0,5,4,7.20
71875151,2020,オリックス,3,1,1,0,0,0,0,0,0,.500,73,16,19,0,6,1,16,1,0,8,7,3.94
71875151,2021,オリックス,23,13,4,0,0,0,0,0,0,.765,594,147,118,9,39,9,131,0,0,44,41,2.51
71875151,2022,オリックス,24,11,8,0,0,0,2,1,2,.579,612,148.1,137,11,30,6,127,0,0,57,52,3.16
71875151,2023,オリックス,22,10,4,0,0,0,3,3,2,.714,575,146.2,107,7,31,5,122,1,0,38,37,2.27
71875151,2024,オリックス,20,7,9,0,0,0,3,0,2,.438,560,141.2,115,7,22,3,139,2,0,31,30,1.91
71875151,2025,オリックス,23,7,3,0,0,0,0,0,0,.700,615,150.1,135,6,30,6,165,3,0,41,40,2.39
71875151,2026,オリックス,3,1,1,0,0,0,0,0,0,.500,63,13.1,20,1,3,0,17,0,0,12,6,4.05
41845151,2020,オリックス,4,0,1,0,0,0,0,0,0,.000,39,8,6,2,10,0,5,0,0,8,8,9.00
41845151,2021,オリックス,18,1,0,1,5,6,0,0,0,1.000,62,12,15,1,9,2,7,0,0,7,5,3.75
41845151,2022,オリックス,22,1,1,0,8,9,0,0,0,.500,113,24.1,23,4,17,1,27,1,0,13,12,4.44
41845151,2023,オリックス,7,0,1,0,0,0,0,0,0,.000,52,11.2,11,1,5,1,6,0,0,8,8,6.17
41845151,2024,オリックス,1,0,0,0,0,0,0,0,0,.000,6,1,1,1,2,0,0,0,0,1,1,9.00
21125115,2003,大阪近鉄,18,0,3,0,,,0,0,0,.000,111,23,31,7,15,1,26,0,0,20,20,7.83
21125115,2004,大阪近鉄,14,0,3,0,,,0,0,0,.000,136,26.2,31,1,25,3,19,2,0,16,15,5.06
21125115,2005,東北楽天,37,3,10,0,2,2,4,1,0,.231,540,125,130,15,42,5,88,3,0,79,72,5.18
21125115,2006,東北楽天,30,2,6,0,4,4,2,1,0,.250,377,86.2,97,6,28,3,80,1,0,46,43,4.47
21125115,2007,東北楽天,52,1,8,0,8,8,0,0,0,.111,414,95,103,10,35,8,73,1,0,49,44,4.17
21125115,2008,東北楽天,66,2,2,2,17,19,0,0,0,.500,179,44,33,2,17,3,45,1,0,10,10,2.05
21125115,2009,東北楽天,54,0,2,3,20,20,0,0,0,.000,194,43.2,33,3,27,8,42,1,0,25,25,5.15
21125115,2010,東北楽天,13,0,0,0,4,4,0,0,0,.000,35,8,7,0,3,1,12,1,0,3,3,3.38
21125115,2011,東北楽天,18,1,0,1,2,3,0,0,0,1.000,53,13.1,11,0,6,0,9,0,0,2,2,1.35
21125115,2012,東北楽天,1,0,0,0,0,0,0,0,0,.000,1,+,0,0,1,0,0,0,0,0,0,0.00
91195112,2006,東北楽天,42,1,3,0,4,5,0,0,0,.250,305,65.2,90,6,18,3,46,6,0,48,43,5.89
91195112,2007,東北楽天,26,4,8,0,0,1,1,1,1,.333,385,84.2,101,10,33,4,62,1,0,54,44,4.68
91195112,2008,東北楽天,41,3,8,4,5,8,0,0,0,.273,348,78.2,86,8,26,4,61,3,0,39,34,3.89
91195112,2009,東北楽天,28,3,5,5,2,3,1,0,0,.375,281,62.1,70,10,25,4,53,1,0,43,38,5.49
91195112,2010,東北楽天,41,5,1,1,15,20,0,0,0,.833,217,52.1,48,2,14,0,63,1,0,13,10,1.72
91195112,2011,東北楽天,51,3,4,2,23,26,0,0,0,.429,290,71,58,4,23,3,64,3,0,23,22,2.79
91195112,2012,東北楽天,61,5,4,22,2,7,0,0,0,.556,260,64.2,48,2,19,4,54,1,0,18,18,2.51
91195112,2013,東北楽天,60,3,5,11,17,20,0,0,0,.375,263,60.1,61,6,20,1,60,3,0,24,23,3.43
91195112,2014,東北楽天,22,1,4,0,1,2,0,0,0,.200,230,52.2,52,6,20,2,49,3,0,30,26,4.44
91195112,2015,東北楽天,61,4,5,0,31,35,0,0,0,.444,223,57.2,37,3,18,1,58,2,0,18,18,2.81
91195112,2016,東北楽天,50,1,5,0,14,15,0,0,0,.167,227,50.1,53,5,24,0,46,3,0,29,27,4.83
91195112,2017,東北楽天,17,1,1,0,3,4,0,0,0,.500,68,15.2,12,1,6,3,16,0,0,4,4,2.30
91195112,2018,東北楽天,52,4,1,0,26,30,0,0,0,.800,200,48.2,35,2,21,4,37,1,0,11,10,1.85
91195112,2019,東北楽天,62,2,4,0,16,18,0,0,0,.333,208,53.1,37,8,18,0,36,1,0,16,16,2.70
91195112,2020,東北楽天,11,2,0,0,0,2,0,0,0,1.000,50,10.1,11,0,6,0,8,1,0,6,5,4.35
71175119,2004,中日,9,0,0,0,,,0,0,0,.000,53,11.2,13,0,6,0,3,1,0,10,9,6.94
71175119,2005,中日,2,0,0,0,0,0,0,0,0,.000,7,1.1,3,1,0,0,1,0,0,2,2,13.50
71175119,2006,中日,1,0,0,0,0,0,0,0,0,.000,9,2,3,0,0,0,0,1,0,1,1,4.50
01105118,2009,東北楽天,15,2,3,0,1,1,0,0,0,.400,246,54,67,6,21,0,23,1,0,36,34,5.67
01105118,2010,東北楽天,7,2,4,0,0,0,1,0,0,.333,164,35.1,50,5,12,2,17,0,0,24,20,5.09
01105118,2011,東北楽天,15,3,5,0,0,0,0,0,0,.375,297,66.2,80,5,16,6,25,0,1,35,32,4.32
61165118,2010,東北楽天,7,1,1,0,0,1,0,0,0,.500,38,7,14,4,3,0,1,0,0,9,9,11.57
61165118,2012,東北楽天,2,0,0,0,0,0,0,0,0,.000,17,3.2,6,0,0,0,3,2,0,2,2,4.91
81383888,1999,千葉ロッテ,7,0,1,0,,,0,0,0,.000,45,8,14,2,8,0,5,0,1,13,13,14.63
81383888,2000,千葉ロッテ,22,4,3,0,,,1,0,0,.571,228,49.2,53,2,26,8,21,1,1,31,26,4.71
81383888,2001,千葉ロッテ,25,2,2,0,,,1,0,0,.500,181,42.2,35,4,21,2,24,0,0,17,16,3.38
81383888,2002,千葉ロッテ,51,4,1,0,,,0,0,0,.800,337,78.1,75,5,28,3,75,0,0,27,24,2.76
81383888,2003,千葉ロッテ,54,4,0,0,,,0,0,0,1.000,320,75.1,69,6,26,2,65,1,0,40,37,4.42
81383888,2004,千葉ロッテ,47,2,3,0,,,0,0,0,.400,236,49.1,70,10,19,4,36,1,0,42,39,7.11
81383888,2005,千葉ロッテ,11,0,0,0,1,1,0,0,0,.000,65,13.1,23,3,4,1,3,0,0,12,12,8.10
81383888,2006,東北楽天,13,2,1,0,0,1,0,0,0,.667,83,19.2,21,2,5,1,11,1,0,12,9,4.12
81383888,2007,東北楽天,3,0,0,0,0,0,0,0,0,.000,16,3.2,4,1,2,0,3,0,0,4,4,9.82
81383888,2009,東北楽天,14,0,2,0,1,1,0,0,0,.000,142,32.2,34,2,12,3,17,1,0,17,13,3.58
81383888,2010,東北楽天,17,3,7,0,0,1,0,0,0,.300,306,66.2,81,7,28,2,28,2,0,39,34,4.59
81383888,2011,東北楽天,11,1,4,0,0,0,0,0,0,.200,227,50.2,57,4,14,4,29,0,0,22,19,3.38
81383888,2012,東北楽天,8,2,1,0,1,1,0,0,0,.667,127,28.2,32,4,6,4,10,0,0,10,9,2.83
81383888,2013,東北楽天,6,3,2,0,0,0,0,0,0,.600,122,30,33,3,5,0,13,0,0,10,10,3.00
81383888,2014,東北楽天,8,1,6,0,0,0,0,0,0,.143,179,40.1,46,4,16,2,27,0,0,23,21,4.69
81383888,2015,東北楽天,5,0,2,0,0,0,0,0,0,.000,81,18,24,5,3,0,11,0,0,14,12,6.00
81383888,2016,東北楽天,5,0,1,0,0,0,0,0,0,.000,75,15.1,23,2,6,0,7,0,0,17,14,8.22
31735113,2001,ヤクルト,8,1,0,0,,,0,0,0,1.000,63,15.1,12,0,7,0,9,0,0,1,1,0.59
31735113,2002,ヤクルト,11,3,2,0,,,0,0,0,.600,212,50,46,4,14,2,31,6,0,22,21,3.78
31735113,2003,ヤクルト,30,6,7,0,,,2,2,1,.462,462,115,104,11,25,2,83,1,1,43,41,3.21
31735113,2004,ヤクルト,16,1,3,0,,,0,0,0,.250,297,64.2,82,13,23,1,44,2,0,47,45,6.26
31735113,2006,東京ヤクルト,13,3,1,0,0,1,0,0,0,.750,137,32,33,4,8,0,31,1,0,18,18,5.06
31735113,2007,東京ヤクルト,22,0,1,0,3,3,0,0,0,.000,130,31,27,1,11,0,17,2,0,5,4,1.16
31735113,2008,東京ヤクルト,16,0,2,0,1,1,0,0,0,.000,103,21,33,5,8,1,19,0,0,16,16,6.86
31735113,2009,東京ヤクルト,9,0,1,0,1,1,0,0,0,.000,47,12,8,2,4,0,10,0,0,7,7,5.25
81385119,2004,中日,12,0,0,0,,,0,0,0,.000,71,15.1,17,0,6,2,10,0,0,9,9,5.28
81385119,2005,中日,23,1,1,0,4,5,0,0,0,.500,118,28.2,26,5,7,3,26,2,0,11,11,3.45
81385119,2007,東北楽天,11,0,1,0,0,0,0,0,0,.000,74,16,21,2,6,1,12,0,0,12,12,6.75
81385119,2008,東北楽天,54,4,3,3,13,17,0,0,0,.571,231,55.2,49,2,20,1,47,1,0,14,12,1.94
81385119,2009,東北楽天,26,4,3,2,3,7,0,0,0,.571,136,31,31,5,12,2,16,0,0,15,15,4.35
81385119,2010,東北楽天,49,2,5,13,4,6,0,0,0,.286,230,50,67,8,18,3,46,0,0,35,34,6.12
81385119,2011,東北楽天,12,1,1,0,3,4,0,0,0,.500,72,16,21,3,6,0,6,0,0,8,8,4.50
31535112,2008,東北楽天,18,2,7,0,1,1,2,1,0,.222,346,79,70,4,35,8,71,2,0,35,32,3.65
31535112,2010,東北楽天,53,1,2,0,10,11,0,0,0,.333,255,62.1,45,3,26,2,59,3,0,15,13,1.88
31535112,2011,東北楽天,59,2,3,0,23,25,0,0,0,.400,241,57.2,55,3,15,2,55,2,0,24,22,3.43
31535112,2012,東北楽天,41,0,2,0,12,12,0,0,0,.000,134,28.2,36,2,12,2,21,2,0,12,12,3.77
31535112,2013,東北楽天,31,3,1,0,2,5,0,0,0,.750,160,35.2,38,1,16,2,22,0,0,12,12,3.03
31535112,2014,東北楽天,4,0,1,0,0,0,0,0,0,.000,10,1,2,0,4,1,0,0,0,1,1,9.00
01505118,2009,東北楽天,2,0,0,0,0,0,0,0,0,.000,25,5,10,0,1,0,2,0,0,5,5,9.00
01505118,2010,東北楽天,12,0,1,0,5,5,0,0,0,.000,58,12.2,15,2,5,0,11,3,0,8,7,4.97
01505118,2012,東北楽天,16,8,5,0,0,0,0,0,0,.615,414,103.1,87,4,22,5,79,4,0,30,29,2.53
01505118,2013,東北楽天,11,3,4,0,1,1,1,0,0,.429,247,59,63,6,19,0,45,1,0,31,29,4.42
01505118,2014,東北楽天,25,8,13,0,0,0,1,1,0,.381,662,154.1,160,11,46,4,99,3,0,70,65,3.79
01505118,2015,東北楽天,14,5,7,0,0,0,0,0,0,.417,332,76.2,74,7,29,0,56,1,0,41,39,4.58
01505118,2016,東北楽天,13,3,7,0,0,0,0,0,0,.300,306,72,72,2,22,3,48,0,0,33,31,3.88
01505118,2017,東北楽天,19,8,8,0,0,0,0,0,0,.500,424,103,99,11,27,1,74,2,1,51,48,4.19
01505118,2018,東北楽天,23,4,9,1,0,0,0,0,0,.308,508,117.2,120,12,46,7,99,3,0,55,53,4.05
01505118,2019,東北楽天,27,9,6,0,2,3,0,0,0,.600,518,117.1,119,14,57,0,84,1,0,59,54,4.14
01505118,2020,東北楽天,19,1,3,1,2,2,0,0,0,.250,170,38.1,43,6,15,3,26,2,0,22,21,4.93
01505118,2022,東北楽天,17,6,4,0,0,0,0,0,0,.600,371,90,86,10,24,3,53,0,0,36,34,3.40
01505118,2023,東北楽天,10,1,5,0,0,0,0,0,0,.167,224,51.1,57,7,16,1,24,1,0,27,26,4.56
01505118,2025,東北楽天,2,0,2,0,0,0,0,0,0,.000,32,6,15,1,1,0,1,0,0,7,7,10.50
71775112,2008,東北楽天,22,0,3,1,3,3,0,0,0,.000,174,39.1,40,5,13,5,24,1,0,18,18,4.12
71775112,2009,東北楽天,11,1,0,0,0,0,0,0,0,1.000,89,20,23,3,5,1,17,0,0,11,9,4.05
71775112,2010,東北楽天,7,1,0,0,0,1,0,0,0,1.000,65,15.2,10,2,8,0,11,0,0,6,6,3.45
81583884,1999,中日,3,0,0,0,,,0,0,0,.000,30,6.1,5,0,6,0,3,1,0,3,3,4.26
81583884,2000,中日,29,2,4,0,,,0,0,0,.333,226,50,45,7,32,6,41,2,0,33,31,5.58
81583884,2001,中日,4,0,1,0,,,0,0,0,.000,28,5.2,8,0,4,0,4,0,0,4,3,4.76
81583884,2002,中日,21,1,3,0,,,0,0,0,.250,101,24.1,20,6,11,1,14,0,0,15,13,4.81
81583884,2003,中日,12,1,0,0,,,0,0,0,1.000,88,17.1,18,2,15,4,13,3,0,18,18,9.35
81583884,2004,中日,2,0,0,0,,,0,0,0,.000,20,4,6,1,3,0,6,0,0,4,4,9.00
81583884,2005,東北楽天,30,1,2,0,1,2,0,0,0,.333,186,42,39,8,25,0,46,5,0,22,21,4.50
81583884,2006,東北楽天,22,0,2,0,1,1,0,0,0,.000,135,27.1,30,6,19,3,27,2,0,26,26,8.56
81583884,2007,東北楽天,30,3,1,16,2,5,0,0,0,.750,125,31,20,0,13,1,27,1,0,3,2,0.58
81583884,2008,東北楽天,54,3,5,4,6,9,0,0,0,.375,283,67.2,58,8,25,5,71,3,0,29,28,3.72
81583884,2009,東北楽天,56,1,4,5,6,7,0,0,0,.200,267,63.2,53,4,23,3,74,2,1,22,21,2.97
81583884,2010,東北楽天,55,5,4,11,15,20,0,0,0,.556,249,59.2,49,5,23,3,54,2,0,18,16,2.41
81583884,2011,東北楽天,50,8,4,0,11,19,0,0,0,.667,280,68.2,53,5,22,3,51,2,0,27,22,2.88
81583884,2012,東北楽天,57,1,2,0,25,26,0,0,0,.333,202,49.2,34,3,21,2,42,5,0,13,11,1.99
81583884,2013,東北楽天,45,1,4,0,16,17,0,0,0,.200,197,45.2,40,6,20,4,42,1,0,22,20,3.94
81583884,2014,東北楽天,10,1,0,0,1,2,0,0,0,1.000,48,9.1,13,1,4,1,6,2,0,8,7,6.75
81583884,2015,東北楽天,1,0,0,0,0,0,0,0,0,.000,1,+,1,0,0,0,0,0,0,0,0,0.00
91595111,2000,広島東洋,22,0,2,0,,,0,0,0,.000,92,19.2,22,2,11,1,17,0,0,12,12,5.49
91595111,2001,広島東洋,1,0,0,0,,,0,0,0,.000,1,0.1,0,0,0,0,1,0,0,0,0,0.00
91595111,2002,広島東洋,6,0,0,0,,,0,0,0,.000,25,5,7,1,3,0,7,1,0,4,3,5.40
91595111,2004,広島東洋,32,1,1,0,,,0,0,0,.500,109,25.1,27,4,7,1,22,0,0,12,11,3.91
91595111,2005,広島東洋,50,0,1,0,8,8,0,0,0,.000,179,36.1,51,6,21,1,30,1,0,28,24,5.94
91595111,2006,広島東洋,32,1,2,0,7,8,0,0,0,.333,151,32.1,37,2,16,2,23,1,0,18,17,4.73
91595111,2007,広島東洋,20,0,0,0,8,8,0,0,0,.000,55,9.2,18,1,7,0,6,0,0,5,5,4.66
91595111,2008,東北楽天,24,2,0,0,4,6,0,0,0,1.000,83,21,15,0,9,1,22,2,0,6,5,2.14
91595111,2009,東北楽天,34,1,1,0,10,11,0,0,0,.500,148,32,35,4,16,2,22,1,0,20,18,5.06
91595111,2010,東北楽天,20,0,1,0,0,0,0,0,0,.000,95,21.2,24,1,6,1,20,2,0,13,11,4.57
91595111,2011,東北楽天,17,0,0,0,4,4,0,0,0,.000,71,16.1,19,2,2,2,15,0,0,10,9,4.96
91595111,2012,東北楽天,3,0,0,0,0,0,0,0,0,.000,23,4,8,3,2,0,1,0,0,8,7,15.75
11215114,2007,東北楽天,28,11,7,0,0,0,4,1,0,.611,800,186.1,183,17,68,7,196,10,1,83,79,3.82
11215114,2008,東北楽天,25,9,7,1,0,0,5,2,1,.563,726,172.2,171,9,54,2,159,6,0,71,67,3.49
11215114,2009,東北楽天,25,15,6,1,0,0,6,3,0,.714,771,189.2,170,13,43,7,171,3,0,51,49,2.33
11215114,2010,東北楽天,20,11,6,0,0,0,8,1,2,.647,643,155,159,9,32,5,119,1,0,47,43,2.50
11215114,2011,東北楽天,27,19,5,0,0,0,14,6,4,.792,866,226.1,171,8,27,5,241,7,0,35,32,1.27
11215114,2012,東北楽天,22,10,4,0,0,0,8,3,4,.714,696,173,160,4,19,2,169,4,0,45,36,1.87
11215114,2013,東北楽天,28,24,0,1,0,0,8,2,1,1.000,822,212,168,6,32,3,183,9,0,35,30,1.27
11215114,2021,東北楽天,23,4,9,0,0,0,1,0,0,.308,624,155.2,131,17,29,5,126,6,1,54,52,3.01
11215114,2022,東北楽天,25,9,12,0,0,0,1,1,0,.429,668,163,160,16,30,4,126,4,0,65,60,3.31
11215114,2023,東北楽天,24,7,11,0,0,0,0,0,0,.389,600,139.1,156,15,38,5,81,5,0,79,76,4.91
11215114,2024,東北楽天,1,0,1,0,0,0,0,0,0,.000,23,5,6,1,2,0,1,0,0,4,4,7.20
11215114,2025,読売,10,3,4,0,0,0,0,0,0,.429,209,45,53,4,21,1,29,1,0,30,25,5.00
11215114,2026,読売,13,4,4,0,0,0,0,0,0,.500,295,68.1,74,3,23,0,49,0,0,32,26,3.42
31935131,2012,東北楽天,13,3,0,0,2,5,0,0,0,1.000,59,15.2,10,0,1,3,12,0,0,2,2,1.15
31935131,2013,東北楽天,14,1,0,0,1,2,0,0,0,1.000,61,12.2,14,2,7,2,5,0,1,9,9,6.39
21925131,2010,東北楽天,3,0,0,0,0,0,0,0,0,.000,9,3,0,0,0,0,1,0,0,0,0,0.00
21925131,2011,東北楽天,6,0,0,0,0,0,0,0,0,.000,52,12,10,1,7,1,7,1,0,7,7,5.25
21925131,2012,東北楽天,8,1,0,0,0,1,0,0,0,1.000,31,8.2,5,0,3,0,2,0,0,1,1,1.04
21925131,2013,東北楽天,5,0,0,0,0,0,0,0,0,.000,28,6.1,9,3,0,0,6,0,0,4,4,5.68
81985131,2010,東北楽天,4,0,1,0,0,0,0,0,0,.000,84,17.1,23,3,10,1,13,2,0,15,14,7.27
81985131,2011,東北楽天,8,0,3,0,0,0,1,0,0,.000,191,41.1,48,2,17,1,26,4,0,25,18,3.92
81985131,2012,東北楽天,9,3,2,0,0,0,0,0,0,.600,170,38,51,1,11,0,19,1,0,17,16,3.79
81985131,2013,東北楽天,12,4,2,0,0,0,0,0,0,.667,284,67.2,63,4,28,3,22,4,0,27,25,3.33
81985131,2014,東北楽天,5,0,0,0,0,0,0,0,0,.000,25,5.1,9,2,0,1,4,0,0,6,6,10.13
81985131,2015,東北楽天,37,7,11,0,1,2,1,0,1,.389,572,131.1,152,7,40,4,78,5,0,68,56,3.84
81985131,2016,東北楽天,11,1,5,0,0,0,0,0,0,.167,151,34.2,37,4,11,4,23,0,0,20,17,4.41
81985131,2017,東北楽天,13,2,1,0,0,1,0,0,0,.667,116,26,30,6,9,2,22,2,1,20,18,6.23
81985131,2018,東北楽天,2,0,0,0,0,0,0,0,0,.000,7,1,3,1,1,0,0,0,0,2,2,18.00
81985131,2019,東北楽天,6,0,0,0,0,0,0,0,0,.000,73,15.2,17,1,9,0,15,1,0,15,11,6.32
21225114,2007,東北楽天,38,7,7,0,1,4,0,0,0,.500,542,127,117,14,51,8,98,3,0,55,51,3.61
21225114,2008,東北楽天,27,6,7,0,0,0,2,2,1,.462,521,117.1,121,17,47,4,111,6,0,68,61,4.68
21225114,2009,東北楽天,26,13,7,0,0,0,5,2,0,.650,703,171,153,17,50,8,144,7,0,69,65,3.42
21225114,2010,東北楽天,27,10,10,0,0,0,4,1,0,.500,779,182.2,173,20,69,3,125,4,0,82,76,3.74
21225114,2011,東北楽天,16,4,5,0,0,0,2,2,0,.444,420,102.2,92,10,26,3,77,4,0,39,32,2.81
21225114,2012,東北楽天,5,1,3,0,0,0,0,0,0,.250,118,27.1,29,1,10,2,22,1,0,10,10,3.29
21225114,2013,東北楽天,10,2,4,0,0,0,1,0,0,.333,229,54.2,47,6,15,2,31,3,0,22,21,3.46
21225114,2014,東北楽天,5,0,0,0,0,0,0,0,0,.000,29,6,9,1,2,0,7,3,0,4,4,6.00
21225114,2015,東北楽天,1,0,0,0,1,1,0,0,0,.000,1,0.1,0,0,0,0,1,0,0,0,0,0.00
01205116,2008,東北楽天,13,1,4,0,0,1,0,0,0,.200,181,35.1,56,6,22,2,23,2,1,41,39,9.93
01205116,2009,東北楽天,25,5,8,0,1,1,0,0,0,.385,499,109.1,132,12,49,6,65,8,0,69,63,5.19
01205116,2010,東北楽天,10,3,5,0,0,1,0,0,0,.375,200,43.2,49,10,23,2,30,3,0,42,38,7.83
01205116,2011,東北楽天,7,1,0,0,0,0,0,0,0,1.000,140,35.1,26,0,13,0,20,1,0,11,10,2.55
01205116,2013,東北楽天,24,1,1,3,10,11,0,0,0,.500,135,34.1,24,1,10,2,31,0,0,7,7,1.83
01205116,2014,東北楽天,26,0,0,0,0,0,0,0,0,.000,156,35.2,35,4,14,1,31,1,0,18,15,3.79
01205116,2015,東北楽天,3,0,1,0,0,0,0,0,0,.000,24,4,6,0,6,0,3,0,0,5,4,9.00
01205116,2016,東北楽天,2,0,0,0,0,0,0,0,0,.000,12,2.1,1,0,3,1,2,0,0,3,3,11.57
41943880,1995,横浜,2,0,0,0,,,0,0,0,.000,23,5,5,0,3,0,4,0,0,0,0,0.00
41943880,1996,横浜,1,0,0,0,,,0,0,0,.000,4,1,2,0,0,0,1,0,0,0,0,0.00
41943880,1997,横浜,25,4,4,0,,,0,0,0,.500,296,71.1,58,7,28,4,42,2,1,26,23,2.90
41943880,1998,横浜,3,1,2,0,,,0,0,0,.333,82,18.2,20,1,6,1,13,3,0,8,6,2.89
41943880,1999,横浜,30,9,9,0,,,1,0,1,.500,576,132.2,151,15,45,3,96,8,0,65,63,4.27
41943880,2000,横浜,40,6,6,10,,,0,0,0,.500,380,88,92,7,27,2,49,9,1,40,35,3.58
41943880,2001,横浜,5,1,2,0,,,0,0,0,.333,120,31,20,5,10,0,23,0,0,12,12,3.48
41943880,2002,横浜,33,2,3,2,,,0,0,0,.400,211,48.2,45,2,15,3,47,1,0,21,16,2.96
41943880,2003,横浜,62,1,3,1,,,0,0,0,.250,255,60,55,6,17,4,34,3,0,32,30,4.50
41943880,2004,大阪近鉄,43,2,5,10,,,0,0,0,.286,218,48.2,53,5,24,3,27,0,0,29,28,5.18
41943880,2005,東北楽天,49,4,3,11,3,7,0,0,0,.571,286,63,75,5,24,2,36,4,0,26,25,3.57
41943880,2006,東北楽天,50,0,3,21,10,10,0,0,0,.000,253,58,50,2,27,3,55,7,0,18,14,2.17
41943880,2007,東北楽天,34,4,2,17,0,4,0,0,0,.667,167,36,44,1,17,2,33,1,0,20,19,4.75
41943880,2009,東北楽天,35,7,1,10,4,11,0,0,0,.875,187,45.1,42,2,13,1,34,3,0,11,11,2.18
41943880,2010,東北楽天,2,0,2,0,0,0,0,0,0,.000,10,1,6,1,1,0,1,0,0,5,5,45.00
81485118,2009,東北楽天,17,5,4,0,1,1,1,1,1,.556,356,84.2,83,6,28,7,49,4,0,39,38,4.04
81485118,2010,東北楽天,4,1,3,0,0,0,0,0,0,.250,78,14.1,30,6,6,1,8,0,0,25,19,11.93
81485118,2011,東北楽天,1,0,1,0,0,0,0,0,0,.000,15,2.2,4,0,4,0,1,0,0,2,2,6.75
41043882,2000,福岡ダイエー,11,0,3,0,,,0,0,0,.000,132,29.2,33,1,13,1,17,2,0,23,22,6.67
41043882,2001,福岡ダイエー,3,0,0,0,,,0,0,0,.000,24,4.2,10,1,0,0,2,0,0,5,5,9.64
41043882,2002,福岡ダイエー,11,0,2,0,,,0,0,0,.000,63,14,15,2,5,2,8,1,1,5,5,3.21
41043882,2003,福岡ダイエー,2,0,0,0,,,0,0,0,.000,13,2,2,0,4,1,1,0,0,1,1,4.50
41043882,2004,福岡ダイエー,4,0,0,0,,,0,0,0,.000,34,7.1,9,0,3,0,5,0,0,3,3,3.68
41043882,2005,福岡ソフトバンク,9,0,0,0,0,0,0,0,0,.000,49,11.2,15,0,3,0,7,0,0,5,5,3.86
41043882,2007,東北楽天,33,2,1,1,4,6,0,0,0,.667,154,32.1,36,3,16,8,20,1,0,24,22,6.12
41043882,2008,東北楽天,21,0,0,0,1,1,0,0,0,.000,131,27.1,41,5,11,1,16,3,0,19,18,5.93
41043882,2009,東北楽天,7,0,0,0,0,0,0,0,0,.000,36,8,8,0,4,1,3,0,0,3,3,3.38
41043882,2010,東北楽天,8,0,1,0,0,0,0,0,0,.000,78,15.2,27,2,7,1,7,0,0,16,14,8.04
31233882,1998,ヤクルト,3,1,0,0,,,0,0,0,1.000,41,8,5,0,14,0,10,1,0,4,4,4.50
31233882,1999,ヤクルト,21,2,4,0,,,0,0,0,.333,190,43.1,40,5,22,0,43,1,1,31,28,5.82
31233882,2000,ヤクルト,22,3,1,0,,,0,0,0,.750,193,49,41,7,13,1,43,1,0,23,23,4.22
31233882,2001,ヤクルト,3,0,0,0,,,0,0,0,.000,18,4.1,3,0,4,0,4,0,0,3,0,0.00
03105131,2010,東北楽天,7,0,0,0,0,0,0,0,0,.000,28,6.2,3,0,5,0,9,2,0,2,2,2.70
21023889,1994,阪神,26,9,9,0,,,8,1,0,.500,743,181.1,174,12,42,2,110,2,1,67,64,3.18
21023889,1995,阪神,27,7,13,0,,,7,2,2,.350,813,196,185,19,50,10,118,4,1,73,65,2.98
21023889,1996,阪神,30,11,14,0,,,6,1,0,.440,834,195.1,204,14,51,11,145,1,1,97,87,4.01
21023889,1997,阪神,29,10,12,0,,,4,1,0,.455,768,183,172,23,62,10,111,9,0,79,73,3.59
21023889,1998,阪神,24,11,10,0,,,3,2,1,.524,692,164,159,11,51,8,90,4,2,74,64,3.51
21023889,1999,阪神,28,6,16,0,,,4,2,1,.273,737,173.1,175,16,57,11,95,4,0,80,76,3.95
21023889,2000,阪神,25,6,10,0,,,1,1,0,.375,638,151,162,19,30,4,95,7,0,76,70,4.17
21023889,2001,阪神,17,0,4,0,,,0,0,0,.000,250,55,55,2,33,5,26,5,0,32,25,4.09
21023889,2002,阪神,20,10,6,0,,,5,2,2,.625,532,131.2,118,14,30,6,97,3,0,48,46,3.14
21023889,2003,阪神,23,8,3,0,,,0,0,0,.727,405,97.2,97,13,27,2,67,4,0,50,43,3.96
21023889,2004,阪神,19,6,9,0,,,1,1,0,.400,480,116.1,108,8,36,6,75,5,0,44,39,3.02
21023889,2010,東北楽天,11,0,0,0,2,2,0,0,0,.000,48,11,9,2,6,2,6,0,0,6,6,4.91
81083880,1997,阪神,5,0,0,0,,,0,0,0,.000,43,9.1,11,0,5,0,7,1,0,5,5,4.82
81083880,1998,阪神,10,1,3,0,,,0,0,0,.250,146,33,39,1,12,2,18,0,0,15,15,4.09
81083880,2000,大阪近鉄,27,6,9,0,,,3,1,0,.400,598,138.1,146,17,48,7,71,1,1,86,77,5.01
81083880,2001,大阪近鉄,23,7,6,0,,,2,0,0,.538,420,92.2,99,18,47,4,42,4,0,63,60,5.83
81083880,2002,大阪近鉄,3,0,0,0,,,0,0,0,.000,24,4.2,7,2,1,1,0,0,0,4,4,7.71
81083880,2003,大阪近鉄,7,1,3,0,,,0,0,0,.250,163,36.2,43,6,14,2,18,0,0,22,21,5.15
81083880,2004,大阪近鉄,12,0,1,0,,,0,0,0,.000,129,27,39,7,13,1,12,1,0,21,21,7.00
81083880,2005,東北楽天,16,2,7,0,0,0,1,0,0,.222,277,60.2,77,11,20,3,26,1,0,40,38,5.64
81083880,2006,東北楽天,30,7,10,0,1,2,0,0,0,.412,607,136.1,157,19,46,7,57,4,0,86,81,5.35
81083880,2007,東北楽天,34,6,2,1,10,14,0,0,0,.750,269,66.1,62,4,18,4,42,1,0,26,24,3.26
81083880,2009,東北楽天,1,0,0,0,0,0,0,0,0,.000,4,1,1,0,0,1,0,0,0,0,0,0.00
81083880,2010,東北楽天,36,0,2,1,4,4,0,0,0,.000,183,43.1,49,5,11,3,22,0,0,21,17,3.53
81083880,2011,東北楽天,21,1,1,0,5,6,0,0,0,.500,92,22,20,1,7,2,15,0,0,11,11,4.50
83185118,2009,東北楽天,15,4,7,0,0,0,1,0,1,.364,361,81.1,94,13,23,7,52,0,3,56,55,6.09
83185118,2010,東北楽天,26,5,11,0,0,0,1,0,0,.313,669,152.2,154,13,58,9,118,7,0,83,76,4.48
83185118,2011,東北楽天,34,3,4,17,1,2,0,0,0,.429,225,53,52,1,16,0,46,1,0,16,12,2.04
83185118,2012,東北楽天,46,1,3,6,17,18,0,0,0,.250,174,42,36,3,12,0,32,1,0,15,13,2.79
83185118,2013,東北楽天,37,1,2,17,3,4,0,0,0,.333,149,37.2,31,1,11,0,40,1,0,14,14,3.35
51655110,2005,東北楽天,17,1,2,0,0,1,0,0,0,.333,110,28,19,1,12,0,23,4,0,7,6,1.93
51655110,2006,東北楽天,15,0,0,0,1,1,0,0,0,.000,77,17.2,20,3,6,0,8,1,0,7,6,3.06
51655110,2007,東北楽天,65,3,4,0,12,15,0,0,0,.429,204,45,45,2,18,6,33,3,0,21,17,3.40
51655110,2008,東北楽天,14,0,2,0,3,3,0,0,0,.000,34,6.2,9,1,7,0,3,0,0,7,7,9.45
51655110,2009,東北楽天,4,0,0,0,1,1,0,0,0,.000,23,3.2,11,2,0,1,1,0,0,6,6,14.73
51655110,2010,東京ヤクルト,28,1,1,0,4,5,0,0,0,.500,59,13.2,13,0,6,1,6,1,0,7,7,4.61
51655110,2011,東京ヤクルト,13,0,0,0,2,2,0,0,0,.000,68,16.1,15,0,4,3,9,1,0,10,9,4.96
51655110,2012,東京ヤクルト,3,0,0,0,0,0,0,0,0,.000,13,2,5,1,2,0,2,1,0,3,3,13.50
11515113,2001,中日,3,0,0,0,,,0,0,0,.000,22,6,0,0,5,1,6,0,0,0,0,0.00
11515113,2002,中日,7,0,0,0,,,0,0,0,.000,51,10.2,15,2,4,1,10,0,0,12,11,9.28
11515113,2003,中日,40,4,6,0,,,0,0,0,.400,398,97,79,9,27,3,96,10,0,39,36,3.34
11515113,2004,中日,63,9,4,0,,,0,0,0,.692,304,75.1,60,6,26,2,85,4,0,19,17,2.03
11515113,2005,中日,57,10,3,1,17,27,0,0,0,.769,272,63,60,4,30,2,65,3,0,22,22,3.14
11515113,2006,中日,56,4,1,1,18,22,0,0,0,.800,226,53,51,5,21,1,56,3,0,21,20,3.40
11515113,2007,中日,62,5,2,0,33,38,0,0,0,.714,225,56,43,3,21,1,44,2,0,18,18,2.89
11515113,2008,埼玉西武,47,0,2,0,18,18,0,0,0,.000,182,42.1,38,5,21,0,42,9,0,18,18,3.83
11515113,2009,埼玉西武,22,0,1,0,6,6,0,0,0,.000,97,22.2,18,2,14,2,17,5,0,10,10,3.97
83585133,2011,東北楽天,15,0,2,0,0,0,0,0,0,.000,77,16.1,21,1,7,2,19,3,0,9,9,4.96
11015133,2011,東北楽天,24,9,9,0,0,0,4,0,1,.500,638,154.2,144,14,34,2,113,4,0,53,49,2.85
11015133,2012,東北楽天,19,6,10,0,0,0,2,1,1,.375,450,106.2,102,9,33,4,67,3,0,45,44,3.71
11015133,2014,東北楽天,21,8,7,0,0,0,0,0,0,.533,501,114.2,135,15,27,3,78,3,0,68,60,4.71
11015133,2015,東北楽天,16,3,5,0,0,0,0,0,0,.375,392,96,87,14,15,3,78,4,0,42,38,3.56
11015133,2016,東北楽天,24,8,10,0,0,0,0,0,0,.444,610,148,145,14,37,3,111,0,0,67,64,3.89
11015133,2017,東北楽天,8,3,3,0,0,0,0,0,0,.500,183,43.1,42,5,12,0,30,0,0,19,19,3.95
11015133,2018,東北楽天,11,2,3,0,0,0,1,0,1,.400,278,68.1,71,8,8,2,53,0,0,30,27,3.56
11015133,2019,東北楽天,9,3,1,0,0,0,0,0,0,.750,197,51.1,42,6,9,0,47,1,0,18,18,3.16
11015133,2020,東北楽天,16,4,8,0,0,0,0,0,0,.333,350,84.1,88,10,20,1,63,1,0,45,45,4.80
11015133,2021,東北楽天,1,0,0,0,0,0,0,0,0,.000,21,5,5,0,1,0,4,0,0,2,2,3.60
11015133,2023,東北楽天,1,0,1,0,0,0,0,0,0,.000,17,4,4,2,1,0,4,0,0,4,4,9.00
43545133,2011,東北楽天,30,1,4,8,3,4,0,0,0,.200,123,29.1,29,3,7,3,27,0,0,16,15,4.60
53355133,2011,東北楽天,13,1,7,0,0,0,0,0,0,.125,293,63.1,74,4,29,8,27,1,0,40,26,3.69
53355133,2012,東北楽天,18,5,10,0,0,0,1,0,0,.333,460,108.2,102,6,39,6,63,6,0,45,38,3.15
11515119,2004,ヤクルト,23,10,4,0,,,2,0,1,.714,574,139.1,115,26,39,3,128,6,1,52,49,3.17
11515119,2005,ヤクルト,20,9,10,0,0,0,1,1,0,.474,516,128.1,120,13,35,2,78,4,0,41,40,2.81
11515119,2006,東京ヤクルト,9,2,2,0,0,0,0,0,0,.500,197,47,43,6,16,0,39,1,0,20,20,3.83
11515119,2007,東京ヤクルト,11,4,3,0,0,0,0,0,0,.571,265,65.2,58,9,15,2,35,0,0,26,25,3.43
11515119,2008,東京ヤクルト,20,7,9,0,0,0,0,0,0,.438,497,115,115,19,44,2,83,2,0,67,60,4.70
11515119,2009,東京ヤクルト,14,5,6,0,0,0,0,0,0,.455,315,73,72,11,25,3,48,3,0,44,39,4.81
11515119,2010,東京ヤクルト,7,1,0,0,1,2,0,0,0,1.000,69,16.1,13,1,10,0,12,0,0,4,4,2.20
11515119,2011,東京ヤクルト,1,0,1,0,0,0,0,0,0,.000,15,3,5,0,1,0,1,0,0,2,2,6.00
31535135,2012,東北楽天,20,7,4,0,0,0,2,1,0,.636,501,112.1,126,4,38,7,77,6,0,48,41,3.28
31535135,2013,東北楽天,8,1,2,0,0,1,0,0,0,.333,75,13.2,24,1,8,3,11,1,0,19,19,12.51
31535135,2015,東北楽天,4,1,1,0,0,0,0,0,0,.500,96,20,28,4,9,0,12,0,1,16,15,6.75
31535135,2016,東北楽天,20,7,5,0,0,0,0,0,0,.583,510,113,124,12,50,8,77,2,0,56,52,4.14
31535135,2017,東北楽天,12,4,3,0,1,1,0,0,0,.571,254,56.1,67,7,19,4,34,4,1,34,31,4.95
31535135,2018,東北楽天,12,0,0,0,1,1,0,0,0,.000,67,12.2,14,1,14,2,9,2,0,12,12,8.53
31535135,2019,東北楽天,5,1,1,0,0,0,0,0,0,.500,102,21.2,25,4,12,1,15,1,0,13,13,5.40
31535135,2020,東北楽天,4,0,0,0,0,0,0,0,0,.000,26,3.2,9,0,4,1,4,0,0,5,4,9.82
31535135,2021,東北楽天,1,0,0,0,0,0,0,0,0,.000,19,4,8,1,1,0,2,0,0,5,5,11.25
31535135,2022,東北楽天,2,0,0,0,0,0,0,0,0,.000,29,6,10,0,3,0,2,0,0,4,4,6.00
43545135,2012,東北楽天,6,3,1,0,0,0,0,0,0,.750,150,36.1,32,4,8,1,22,3,3,14,13,3.22
43545135,2013,東北楽天,18,5,5,0,0,0,0,0,0,.500,392,87.2,91,9,37,6,64,4,1,46,42,4.31
51255110,2005,北海道日本ハム,20,0,2,0,1,1,0,0,0,.000,94,21,21,3,10,1,14,2,0,12,9,3.86
51255110,2006,北海道日本ハム,17,4,2,0,1,2,1,1,1,.667,315,73,89,8,12,3,30,0,0,30,27,3.33
51255110,2007,北海道日本ハム,5,0,0,0,0,0,0,0,0,.000,34,8,7,0,3,0,4,0,0,3,3,3.38
51255110,2009,東京ヤクルト,13,0,0,0,0,0,0,0,0,.000,76,20,12,3,6,0,12,0,0,6,3,1.35
51255110,2010,東京ヤクルト,18,1,0,0,0,1,0,0,0,1.000,92,19,30,2,6,1,14,0,1,16,12,5.68
51255110,2011,東京ヤクルト,17,0,1,0,2,2,0,0,0,.000,81,18.2,26,2,4,0,17,0,0,11,9,4.34
51255110,2012,東北楽天,8,0,0,0,0,0,0,0,0,.000,44,9.1,14,0,1,2,6,1,0,5,5,4.82
63365135,2012,東北楽天,58,1,2,1,22,23,0,0,0,.333,192,48.1,33,3,15,4,29,2,1,17,17,3.17
63365135,2013,東北楽天,22,2,2,0,3,5,0,0,0,.500,172,37.1,42,4,19,3,32,1,2,29,25,6.03
31835135,2012,東北楽天,9,0,0,0,0,0,0,0,0,.000,59,14,10,0,8,0,10,1,0,9,8,5.14
31835135,2014,東北楽天,14,0,0,0,0,0,0,0,0,.000,85,18.2,17,3,10,1,13,1,0,14,14,6.75
31835135,2015,東北楽天,60,4,4,1,8,12,0,0,0,.500,316,69.2,83,5,29,5,38,3,0,35,34,4.39
31835135,2016,東北楽天,2,0,0,0,0,0,0,0,0,.000,16,3,5,1,1,0,2,1,0,2,2,6.00
21325137,2015,東北楽天,5,0,0,0,0,0,0,0,0,.000,21,4,7,1,2,0,2,0,0,6,6,13.50
21325137,2016,東北楽天,4,0,0,0,0,0,0,0,0,.000,16,3.1,4,1,2,0,3,0,0,4,4,10.80
61563885,1992,横浜大洋,6,0,2,0,,,0,0,0,.000,76,16,18,2,10,0,21,2,0,16,15,8.44
61563885,1993,横浜,29,8,10,0,,,2,0,0,.444,627,149,127,15,61,6,125,7,0,66,63,3.81
61563885,1994,横浜,28,9,12,0,,,7,3,1,.429,769,181,175,5,69,8,169,2,0,70,63,3.13
61563885,1995,横浜,26,8,9,0,,,2,0,0,.471,682,162,166,13,45,6,132,1,0,79,71,3.94
61563885,1996,横浜,28,10,10,0,,,11,2,0,.500,801,196.2,157,31,63,11,206,4,1,80,72,3.29
61563885,1998,横浜,34,13,5,1,,,1,0,0,.722,572,143.2,131,9,23,2,101,2,0,49,47,2.94
61563885,1999,横浜,26,14,3,0,,,5,2,2,.824,754,184.2,178,32,31,6,125,1,1,83,81,3.95
61563885,2000,横浜,19,6,10,0,,,1,1,0,.375,493,115.2,123,17,36,3,97,1,0,74,71,5.52
61563885,2001,横浜,50,7,1,27,,,0,0,0,.875,251,64.2,51,6,14,0,60,0,0,12,12,1.67
61563885,2002,横浜,39,1,2,20,,,0,0,0,.333,197,47.2,37,5,15,4,46,0,0,17,13,2.45
61563885,2003,横浜,17,6,7,0,,,1,0,0,.462,439,103.1,103,16,22,9,72,1,0,59,48,4.18
61563885,2004,横浜,16,2,5,0,,,0,0,0,.286,211,44.1,64,12,13,2,37,1,1,41,38,7.71
61563885,2005,横浜,21,3,4,0,1,1,0,0,0,.429,457,106,111,12,29,7,93,2,0,50,45,3.82
61563885,2013,東北楽天,30,3,0,4,4,7,0,0,0,1.000,111,26.2,25,1,10,1,25,2,0,7,7,2.36
61563885,2014,東北楽天,31,1,1,3,9,10,0,0,0,.500,134,31.1,27,2,15,2,21,2,0,9,9,2.59
61563885,2015,東北楽天,3,0,0,0,0,0,0,0,0,.000,12,2.1,5,1,1,0,1,0,0,2,2,7.71
51055137,2013,東北楽天,27,15,8,0,0,1,3,0,0,.652,695,170,142,14,51,6,134,4,0,65,63,3.34
51055137,2014,東北楽天,30,14,10,0,0,0,9,7,5,.583,821,202.2,187,14,39,6,204,1,0,73,68,3.02
51055137,2015,東北楽天,28,10,11,0,0,0,3,1,0,.476,797,194.2,176,14,48,4,215,6,1,68,63,2.91
51055137,2016,東北楽天,28,11,11,0,0,0,2,0,1,.500,820,195,192,12,50,6,216,5,0,87,63,2.91
51055137,2017,東北楽天,25,15,7,0,0,0,8,2,0,.682,750,185.2,148,11,48,3,222,12,0,63,53,2.57
51055137,2018,東北楽天,27,10,11,0,0,1,4,1,0,.476,759,180.1,171,18,51,3,187,5,0,78,74,3.69
51055137,2019,東北楽天,12,5,5,0,0,0,0,0,0,.500,269,68,58,7,10,3,67,1,1,27,21,2.78
51055137,2020,東北楽天,18,5,7,0,0,0,0,0,0,.417,475,109,110,13,34,5,105,3,0,56,48,3.96
51055137,2021,東北楽天,23,11,5,0,0,0,2,1,1,.688,584,144.2,123,18,35,3,152,3,0,56,51,3.17
51055137,2022,東北楽天,21,10,8,0,0,0,1,0,0,.556,536,125,127,9,38,4,104,3,0,54,49,3.53
51055137,2023,東北楽天,24,8,8,0,0,0,0,0,0,.500,636,155,134,7,44,1,111,5,0,57,45,2.61
51055137,2024,東北楽天,54,3,4,32,4,7,0,0,0,.429,223,52,57,2,11,3,44,2,0,21,20,3.46
51055137,2025,東北楽天,56,3,4,16,10,13,0,0,0,.429,248,56,60,4,20,2,43,0,0,19,19,3.05
51055137,2026,読売,17,3,4,0,1,2,0,0,0,.429,263,60.1,72,9,20,2,42,1,0,32,32,4.77
71475133,2011,横浜,19,0,1,0,0,0,0,0,0,.000,113,25,27,1,5,1,10,1,1,20,16,5.76
71475133,2012,横浜DeNA,2,0,0,0,0,0,0,0,0,.000,10,2,3,0,1,1,0,0,0,4,4,18.00
71475133,2013,東北楽天,22,0,0,0,1,1,0,0,0,.000,145,34.2,34,1,10,0,20,0,0,17,17,4.41
71475133,2014,東北楽天,65,4,2,1,23,27,0,0,0,.667,265,67.1,63,2,12,1,32,0,0,14,14,1.87
71475133,2015,東北楽天,65,2,3,1,22,24,0,0,0,.400,248,58.2,62,2,21,1,29,3,0,21,18,2.76
71475133,2016,東北楽天,69,4,5,0,19,23,0,0,0,.444,294,69.2,65,2,19,5,30,1,1,24,21,2.71
71475133,2017,東北楽天,65,6,0,7,23,29,0,0,0,1.000,237,59.2,49,2,14,3,31,2,0,8,7,1.06
71475133,2018,東北楽天,21,1,2,0,3,4,0,0,0,.333,100,21.1,28,1,14,0,4,1,0,16,16,6.75
71475133,2019,東北楽天,7,0,0,0,1,1,0,0,0,.000,38,8.2,8,0,1,3,4,0,0,5,5,5.19
71475133,2020,東北楽天,14,0,0,0,6,6,0,0,0,.000,49,12,12,1,5,0,8,0,0,1,1,0.75
71475133,2021,東北楽天,24,0,2,0,4,4,0,0,0,.000,101,22.2,23,3,12,0,13,0,0,6,6,2.38
71475133,2022,東北楽天,3,0,0,0,0,0,0,0,0,.000,11,3,3,0,0,0,3,0,0,0,0,0.00
41043888,1999,西武,16,1,3,0,,,0,0,0,.250,198,46.2,49,0,23,0,32,0,0,19,18,3.47
41043888,2000,西武,9,0,0,0,,,0,0,0,.000,31,5.2,5,0,9,0,6,1,0,5,5,7.94
41043888,2001,西武,2,0,1,0,,,0,0,0,.000,15,1.1,9,1,2,0,0,0,0,6,6,40.50
41043888,2002,西武,8,2,0,0,,,0,0,0,1.000,38,8.1,11,0,3,0,8,1,0,1,1,1.08
41043888,2003,西武,8,0,0,0,,,0,0,0,.000,64,13,18,1,7,1,12,1,0,10,10,6.92
41043888,2004,西武,56,4,3,0,,,0,0,0,.571,199,46,26,0,31,5,59,0,0,12,11,2.15
41043888,2005,西武,56,1,2,1,15,16,0,0,0,.333,176,37.2,35,4,22,5,40,1,0,16,13,3.11
41043888,2006,西武,58,1,3,1,16,17,0,0,0,.250,149,36.2,21,4,16,2,39,1,0,17,16,3.93
41043888,2007,西武,37,0,0,0,10,10,0,0,0,.000,126,28.1,25,1,15,5,25,0,0,12,11,3.49
41043888,2008,埼玉西武,63,4,1,0,25,29,0,0,0,.800,140,34,22,0,15,5,23,2,0,9,9,2.38
41043888,2009,埼玉西武,62,1,1,1,22,23,0,0,0,.500,152,35.1,34,4,14,5,25,2,0,17,16,4.08
41043888,2010,埼玉西武,27,0,0,0,8,8,0,0,0,.000,63,13.1,14,0,8,2,10,0,0,12,12,8.10
41043888,2011,埼玉西武,37,0,0,0,9,9,0,0,0,.000,88,20.1,21,0,9,0,20,1,0,7,6,2.66
41043888,2012,埼玉西武,6,0,0,0,0,0,0,0,0,.000,19,3.1,7,0,2,0,4,0,0,4,4,10.80
41043888,2013,東北楽天,11,0,1,0,0,0,0,0,0,.000,32,5.2,8,1,6,1,4,0,0,10,8,12.71
31435137,2013,東北楽天,17,2,0,0,0,1,0,0,0,1.000,177,40.1,41,5,21,0,33,2,0,11,11,2.45
31435137,2014,東北楽天,17,3,1,0,0,1,0,0,0,.750,183,42,44,5,17,3,32,2,0,23,20,4.29
31435137,2016,東北楽天,9,0,0,0,1,1,0,0,0,.000,35,9.2,5,0,3,1,9,0,0,1,1,0.93
91495137,2014,東北楽天,8,2,3,0,0,0,0,0,0,.400,135,29.1,34,2,19,1,22,1,1,19,18,5.52
91495137,2015,東北楽天,3,0,2,0,0,0,0,0,0,.000,75,17,16,1,9,1,17,0,0,10,10,5.29
91495137,2017,東北楽天,8,1,1,0,0,1,0,0,0,.500,114,25,18,0,21,2,17,1,0,17,13,4.68
91495137,2018,東北楽天,9,0,0,0,0,0,0,0,0,.000,80,19,17,2,11,0,9,1,0,6,5,2.37
73375137,2013,東北楽天,5,0,1,0,0,0,0,0,0,.000,81,19.1,13,2,10,0,10,0,0,10,7,3.26
73375137,2015,東北楽天,22,5,7,0,2,2,0,0,0,.417,461,107,107,14,31,7,76,1,0,50,45,3.79
73375137,2016,東北楽天,4,0,2,0,0,0,0,0,0,.000,82,17.1,25,2,7,1,12,0,0,15,14,7.27
31135139,2015,東北楽天,5,0,1,0,0,0,0,0,0,.000,41,7.1,11,0,7,2,1,2,0,10,8,9.82
51155139,2014,東北楽天,17,0,0,0,0,0,0,0,0,.000,91,19.1,23,0,11,1,5,3,0,6,6,2.79
51155139,2015,東北楽天,2,0,0,0,0,0,0,0,0,.000,14,3,3,0,1,0,1,0,0,1,0,0.00
51155139,2016,東北楽天,2,0,0,0,0,0,0,0,0,.000,12,1,5,0,4,0,1,2,0,5,5,45.00
33535139,2014,東北楽天,29,2,2,0,9,11,0,0,0,.500,136,29.1,34,2,17,1,24,2,0,13,13,3.99
33535139,2015,東北楽天,52,1,3,1,20,21,0,0,0,.250,218,49,40,2,29,4,42,0,0,19,17,3.12
21725139,2014,東北楽天,5,0,0,0,0,0,0,0,0,.000,25,5.1,9,2,0,0,1,0,0,5,5,8.44
21725139,2015,東北楽天,2,0,0,0,0,0,0,0,0,.000,17,3.1,4,1,3,1,1,0,0,4,4,10.80
21725139,2017,東北楽天,1,0,0,0,0,0,0,0,0,.000,6,1,2,1,1,0,1,0,0,3,3,27.00
21725139,2018,東北楽天,3,0,0,0,0,0,0,0,0,.000,22,5,4,0,4,0,6,0,0,1,1,1.80
21725139,2019,東北楽天,4,1,0,0,0,1,0,0,0,1.000,44,9,13,1,3,1,7,1,0,10,10,10.00
21725139,2020,東京ヤクルト,20,0,1,0,0,0,0,0,0,.000,113,25.1,23,1,13,0,36,4,0,10,8,2.84
21725139,2021,東京ヤクルト,64,7,1,0,28,35,0,0,0,.875,268,62,55,1,25,3,63,2,0,19,19,2.76
21725139,2022,東京ヤクルト,51,1,2,1,16,17,0,0,0,.333,198,46,45,4,16,2,37,2,1,22,19,3.72
21725139,2023,東京ヤクルト,26,1,0,0,2,3,0,0,0,1.000,133,31,31,4,10,2,13,1,0,13,13,3.77
21725139,2024,東京ヤクルト,6,0,0,0,1,1,0,0,0,.000,28,6.1,7,0,3,0,4,0,0,0,0,0.00
21725139,2025,東北楽天,42,1,2,0,5,6,0,0,0,.333,181,42.1,33,4,18,3,22,2,0,17,17,3.61
21025139,2014,東北楽天,46,3,0,0,2,5,0,0,0,1.000,211,48.1,41,3,29,1,51,2,0,22,17,3.17
21025139,2015,東北楽天,13,1,1,0,1,2,0,0,0,.500,62,11.2,15,1,10,3,8,2,0,13,11,8.49
21025139,2016,東北楽天,29,3,0,0,0,3,0,0,0,1.000,115,26.1,18,0,20,1,32,0,0,14,13,4.44
21025139,2017,東北楽天,8,1,0,0,0,1,0,0,0,1.000,37,9.1,6,1,4,0,10,2,0,3,3,2.89
21025139,2018,東北楽天,7,0,0,0,1,1,0,0,0,.000,41,9.1,7,1,9,1,10,2,0,4,4,3.86
21025139,2019,東北楽天,14,1,0,0,1,2,0,0,0,1.000,84,16.1,18,0,17,1,21,0,0,15,14,7.71
81085139,2014,東北楽天,1,1,0,0,0,0,0,0,0,1.000,24,5,9,0,3,0,0,1,0,2,2,3.60
81085139,2015,東北楽天,8,0,0,0,0,0,0,0,0,.000,57,10,19,2,9,0,14,0,0,10,8,7.20
81085139,2016,東北楽天,13,2,0,0,1,3,0,0,0,1.000,52,9.2,12,1,10,0,15,0,0,13,11,10.24
81085139,2017,東北楽天,9,0,0,0,0,0,0,0,0,.000,46,8.2,9,1,10,0,8,0,0,5,5,5.19
81085139,2018,東北楽天,7,0,0,0,0,0,0,0,0,.000,41,9.2,9,1,4,0,8,0,0,4,4,3.72
81085139,2019,横浜DeNA,2,0,1,0,0,0,0,0,0,.000,13,1.2,3,0,5,0,0,0,0,6,6,32.40
73175139,2014,東北楽天,3,1,2,0,0,0,0,0,0,.333,63,13,21,2,5,0,7,1,0,9,8,5.54
23325139,2014,東北楽天,7,0,1,0,0,0,0,0,0,.000,39,8.2,7,0,7,1,7,0,0,4,4,4.15
81285139,2014,東北楽天,27,4,8,0,3,4,1,0,0,.333,504,116,91,2,67,8,126,6,2,52,49,3.80
81285139,2015,東北楽天,63,3,2,33,12,15,0,0,0,.600,284,72.1,37,3,28,2,103,3,0,7,7,0.87
81285139,2016,東北楽天,58,1,4,30,10,11,0,0,0,.200,272,62.1,47,4,40,1,75,1,1,23,23,3.32
81285139,2017,東北楽天,52,3,3,33,5,8,0,0,0,.500,214,52.2,31,0,26,1,62,0,0,8,7,1.20
81285139,2018,東北楽天,53,5,8,5,11,15,0,0,0,.385,281,66.2,53,4,29,3,91,5,0,28,27,3.65
81285139,2019,東北楽天,68,2,8,38,12,14,0,0,0,.200,271,69.2,40,5,24,1,107,2,0,17,15,1.94
81285139,2020,東北楽天,25,4,5,2,8,9,0,0,0,.444,286,68,56,5,28,3,82,4,0,25,24,3.18
81285139,2021,東北楽天,43,0,2,24,0,0,0,0,0,.000,172,43,22,1,21,1,59,1,0,3,3,0.63
81285139,2022,東北楽天,53,1,3,32,7,8,0,0,0,.250,194,51.2,21,4,19,0,83,1,0,11,11,1.92
81285139,2023,東北楽天,59,2,3,39,8,10,0,0,0,.400,222,57.1,38,3,13,0,72,2,0,14,10,1.57
51655139,2014,東北楽天,4,1,2,0,0,1,0,0,0,.333,75,18.1,17,6,2,2,10,1,0,11,11,5.40
51655139,2015,東北楽天,7,0,2,0,0,0,0,0,0,.000,81,15.2,27,3,9,1,6,1,0,17,17,9.77
51655139,2016,東北楽天,19,0,0,0,2,2,0,0,0,.000,94,18.1,30,1,10,0,9,0,0,17,13,6.38
71175130,2015,東北楽天,1,1,0,0,0,0,0,0,0,1.000,24,6,2,0,5,0,4,0,0,0,0,0.00
71175130,2016,東北楽天,15,3,5,0,0,0,0,0,0,.375,349,84.1,79,9,22,4,64,2,1,33,32,3.42
71175130,2017,東北楽天,10,1,5,0,0,0,0,0,0,.167,221,51,59,7,18,4,37,4,0,27,23,4.06
71175130,2018,東北楽天,2,0,2,0,0,0,0,0,0,.000,43,8,14,1,2,1,2,0,0,10,9,10.13
71175130,2019,東北楽天,9,0,2,0,0,0,0,0,0,.000,137,32.1,30,5,11,3,19,1,1,22,17,4.73
71175130,2020,東北楽天,27,1,0,0,5,6,0,0,0,1.000,131,31,24,2,17,0,30,1,0,12,12,3.48
71175130,2021,東北楽天,58,3,3,2,22,25,0,0,0,.500,240,56.1,45,4,33,2,50,1,0,13,13,2.08
71175130,2022,東北楽天,52,6,2,1,13,19,0,0,0,.750,209,49.1,51,2,12,2,39,3,0,25,24,4.38
71175130,2023,東北楽天,57,3,2,0,10,13,0,0,0,.600,214,47.1,48,2,18,8,32,4,0,16,16,3.04
51355130,2015,東北楽天,19,1,1,0,1,2,0,0,0,.500,127,28,32,5,13,0,24,0,0,16,13,4.18
51355130,2016,東北楽天,4,0,0,0,0,0,0,0,0,.000,19,3.2,6,2,2,0,4,1,0,5,5,12.27
51355130,2017,東北楽天,7,0,0,0,0,0,0,0,0,.000,24,5.2,9,3,0,0,2,0,0,6,6,9.53
61565130,2015,東北楽天,9,0,0,0,0,0,0,0,0,.000,55,13.1,17,2,2,0,3,0,0,7,7,4.73
61565130,2016,東北楽天,1,0,0,0,0,0,0,0,0,.000,5,1,2,1,0,0,0,0,0,2,2,18.00
61465118,2009,横浜,9,0,4,0,0,0,0,0,0,.000,178,37.1,54,8,10,1,24,3,0,31,27,6.51
61465118,2010,横浜,15,2,3,0,1,1,0,0,0,.400,185,40.2,54,10,11,3,34,1,0,36,34,7.52
61465118,2011,横浜,47,3,0,0,15,18,0,0,0,1.000,181,45.2,33,2,12,3,41,2,0,8,8,1.58
61465118,2012,横浜DeNA,52,3,5,1,21,24,0,0,0,.375,202,49.2,37,4,18,2,42,2,2,18,18,3.26
61465118,2013,横浜DeNA,25,3,1,0,7,10,0,0,0,.750,109,28.1,20,0,5,1,21,1,0,5,4,1.27
61465118,2014,横浜DeNA,16,1,1,0,1,2,0,0,0,.500,73,15.1,19,3,6,0,14,1,0,12,8,4.70
61465118,2015,東北楽天,2,0,0,0,0,0,0,0,0,.000,25,5.1,7,0,3,0,2,1,0,4,4,6.75
71375132,2016,東北楽天,6,0,0,0,0,0,0,0,0,.000,30,5.1,10,2,4,0,4,1,0,8,8,13.50
71375132,2019,東北楽天,28,8,7,0,0,2,0,0,0,.533,535,127.1,116,20,35,6,71,5,0,60,54,3.82
71375132,2020,東北楽天,13,1,6,0,0,0,0,0,0,.143,285,63.1,72,9,28,4,46,2,1,43,43,6.11
71375132,2021,東北楽天,3,0,1,0,0,0,0,0,0,.000,56,13,12,2,6,1,4,2,0,5,5,3.46
71375132,2022,東北楽天,26,2,0,0,3,5,0,0,0,1.000,146,32.1,35,3,12,4,18,2,0,22,22,6.12
71375132,2023,東北楽天,2,0,0,0,0,0,0,0,0,.000,18,3.1,8,1,1,0,2,0,0,7,7,18.90
73575132,2017,東北楽天,5,0,0,0,3,3,0,0,0,.000,18,4.2,3,0,1,0,6,0,0,2,2,3.86
73575132,2018,東北楽天,40,5,3,0,6,11,0,0,0,.625,167,41.2,26,5,21,0,38,0,0,9,8,1.73
73575132,2019,東北楽天,48,3,2,0,24,27,0,0,0,.600,186,45.1,34,2,23,0,40,1,0,14,11,2.18
73575132,2020,東北楽天,38,1,2,0,10,11,0,0,0,.333,162,36.1,35,7,17,1,29,2,0,29,28,6.94
73575132,2021,東北楽天,63,3,3,7,24,27,0,0,0,.500,246,60.2,46,2,23,2,49,1,0,18,15,2.23
73575132,2022,東北楽天,54,4,2,0,20,24,0,0,0,.667,209,51.2,45,5,15,0,38,2,0,18,15,2.61
73575132,2023,東北楽天,49,2,1,0,16,18,0,0,0,.667,188,46.2,41,5,11,0,35,3,0,16,15,2.89
73575132,2024,東北楽天,41,1,2,0,17,18,0,0,0,.333,164,39.2,41,3,7,2,22,1,0,15,14,3.18
73575132,2025,東北楽天,10,1,0,1,2,3,0,0,0,1.000,39,9.2,10,2,2,0,5,0,0,4,4,3.72
73575132,2026,東北楽天,18,2,0,0,2,4,0,0,0,1.000,71,14.2,28,2,4,0,8,0,0,7,5,3.07
53755132,2016,東北楽天,11,0,3,0,1,1,0,0,0,.000,155,34.1,39,3,16,5,27,1,1,24,20,5.24
33935132,2016,東北楽天,5,0,3,0,1,1,0,0,0,.000,59,11.2,17,1,9,0,13,1,0,9,9,6.94
01105134,2018,東北楽天,15,1,5,0,4,4,0,0,0,.167,206,42.2,60,4,21,0,24,5,0,33,28,5.91
01105134,2021,北海道日本ハム,18,3,10,0,1,1,0,0,0,.231,364,82.1,88,11,35,5,52,4,0,42,36,3.94
01105134,2022,北海道日本ハム,4,1,3,0,0,0,0,0,0,.250,71,16.1,15,0,6,0,11,1,0,7,6,3.31
01105134,2023,北海道日本ハム,51,1,5,0,25,26,0,0,0,.167,195,50.1,33,5,12,2,45,1,0,18,16,2.86
01105134,2024,北海道日本ハム,29,2,1,0,15,17,0,0,0,.667,93,23.2,14,4,9,2,22,2,0,10,10,3.80
01105134,2025,北海道日本ハム,24,0,3,0,13,13,0,0,0,.000,94,22,21,1,5,1,14,2,0,6,6,2.45
01105134,2026,北海道日本ハム,8,0,0,0,0,0,0,0,0,.000,36,7.2,9,2,4,0,9,1,0,7,7,8.22
91795114,2007,西武,24,11,7,0,0,0,2,2,1,.611,650,156.1,131,16,55,8,142,2,0,62,59,3.40
91795114,2008,埼玉西武,26,12,4,0,0,0,4,2,0,.750,695,168.1,151,12,48,5,138,4,0,65,64,3.42
91795114,2009,埼玉西武,26,13,5,0,0,1,2,1,0,.722,755,179.2,168,25,53,5,138,3,1,73,65,3.26
91795114,2010,埼玉西武,19,10,6,1,0,0,3,2,3,.625,460,113.2,100,9,26,5,110,3,0,41,41,3.25
91795114,2011,埼玉西武,21,8,9,0,0,0,3,0,1,.471,564,135,131,12,39,3,106,1,0,65,57,3.80
91795114,2012,埼玉西武,26,11,12,0,0,0,4,1,1,.478,729,187.2,141,9,40,4,150,3,0,52,51,2.45
91795114,2013,埼玉西武,26,11,5,0,0,0,3,2,1,.688,716,178.1,155,17,31,6,138,6,0,63,61,3.08
91795114,2014,埼玉西武,23,13,4,0,0,0,5,4,1,.765,630,161.1,126,16,36,2,126,0,0,48,45,2.51
91795114,2015,埼玉西武,16,5,6,0,0,0,5,0,0,.455,434,110.1,75,6,25,5,91,0,0,40,37,3.02
91795114,2016,埼玉西武,19,9,7,0,0,0,2,1,0,.563,541,130.1,123,8,36,1,104,0,0,42,36,2.49
91795114,2017,東北楽天,26,8,10,0,0,0,1,0,0,.444,703,176.1,141,19,38,3,189,4,0,56,54,2.76
91795114,2018,東北楽天,23,11,4,0,0,0,4,1,1,.733,625,159,127,21,29,8,159,3,0,52,48,2.72
91795114,2019,東北楽天,15,3,5,0,0,0,0,0,0,.375,381,93.2,80,12,25,1,86,1,0,37,37,3.56
91795114,2020,東北楽天,11,7,0,0,0,0,2,1,0,1.000,269,67.1,48,5,20,1,70,0,0,24,24,3.21
91795114,2021,東北楽天,25,9,10,0,0,0,1,1,1,.474,620,149,149,17,34,1,131,1,0,62,57,3.44
91795114,2022,東北楽天,22,8,10,0,0,0,0,0,0,.444,555,141,116,18,28,1,118,2,1,51,50,3.19
91795114,2023,東北楽天,20,9,5,0,0,0,1,1,0,.643,506,120.1,123,10,20,3,76,2,0,44,41,3.07
91795114,2024,東北楽天,22,6,11,0,0,0,3,2,1,.353,590,143.1,144,13,29,2,73,1,0,52,45,2.83
91795114,2025,東北楽天,19,6,6,0,0,0,1,0,0,.500,467,109,125,10,22,4,55,0,0,54,53,4.38
91795114,2026,東北楽天,11,5,5,0,0,0,0,0,0,.500,272,66,61,7,16,1,50,1,0,24,20,2.73
53055134,2017,東北楽天,1,0,0,0,0,0,0,0,0,.000,20,3,5,0,6,1,3,0,0,5,5,15.00
81985134,2017,東北楽天,29,1,0,0,1,2,0,0,0,1.000,136,28.2,33,2,17,1,26,5,0,17,16,5.02
81985134,2018,東北楽天,16,0,0,0,0,0,0,0,0,.000,101,23.1,22,5,13,0,17,0,0,20,19,7.33
81985134,2019,東北楽天,9,1,3,0,0,0,0,0,0,.250,160,35.1,35,1,20,4,21,2,1,19,16,4.08
81985134,2021,東北楽天,1,0,0,0,0,0,0,0,0,.000,16,2.2,2,0,5,1,0,1,0,5,5,16.88
41445134,2018,東北楽天,1,0,0,0,0,0,0,0,0,.000,29,7.2,5,1,1,0,3,0,0,2,2,2.35
41445134,2021,東北楽天,33,5,2,0,3,8,0,0,0,.714,239,57.2,46,7,23,2,55,1,0,23,21,3.28
41445134,2022,東北楽天,61,4,0,0,30,34,0,0,0,1.000,233,55.2,39,2,26,2,59,1,0,16,14,2.26
41445134,2023,東北楽天,26,0,4,0,7,7,0,0,0,.000,109,23.2,32,4,9,0,18,1,0,14,12,4.56
41445134,2025,東北楽天,52,3,1,1,31,34,0,0,0,.750,192,50.2,29,3,13,0,70,2,0,6,6,1.07
41445134,2026,東北楽天,9,0,1,0,1,1,0,0,0,.000,35,8,8,1,1,2,11,0,0,4,4,4.50
61665134,2017,東北楽天,8,3,4,0,0,0,0,0,0,.429,176,43.1,30,2,15,4,44,0,0,12,11,2.28
61665134,2018,東北楽天,14,4,7,0,0,0,1,0,0,.364,361,81.1,65,17,54,3,68,6,1,43,40,4.43
61665134,2019,東北楽天,3,0,1,0,0,0,0,0,0,.000,45,8.2,9,4,7,3,6,0,0,10,10,10.38
61665134,2020,東北楽天,1,0,0,0,0,0,0,0,0,.000,2,+,1,0,0,1,0,0,0,2,2,----
61665134,2022,東北楽天,8,1,0,0,0,0,0,0,0,1.000,94,22.2,15,0,12,0,17,3,0,11,10,3.97
61665134,2023,東北楽天,11,2,4,0,0,0,0,0,0,.333,231,50.2,50,5,27,1,42,5,0,30,25,4.44
61665134,2024,東北楽天,47,0,1,1,20,20,0,0,0,.000,182,46.1,29,4,12,3,58,3,0,11,9,1.75
61665134,2025,東北楽天,62,2,2,12,21,23,0,0,0,.500,238,59.2,45,6,20,0,66,1,0,16,14,2.11
61665134,2026,東北楽天,47,0,2,29,8,8,0,0,0,.000,174,44.1,34,2,9,0,51,1,0,10,10,2.03
93195134,2017,東北楽天,42,2,4,0,13,15,0,0,0,.333,171,39.1,42,3,13,0,21,0,0,22,21,4.81
93195134,2018,東北楽天,17,1,2,0,1,2,0,0,0,.333,73,17,18,1,3,0,19,1,0,11,11,5.82
93195134,2019,東北楽天,64,4,2,0,29,33,0,0,0,.667,255,64,47,3,18,1,65,0,0,15,14,1.97
93195134,2020,東北楽天,17,1,2,4,2,3,0,0,0,.333,81,16.2,23,4,7,1,14,1,0,14,14,7.56
93195134,2021,東北楽天,34,0,0,0,3,3,0,0,0,.000,132,32.1,29,3,8,0,30,0,1,10,10,2.78
93195134,2022,東北楽天,3,0,0,0,1,1,0,0,0,.000,11,2.1,3,0,1,0,3,0,0,0,0,0.00
93195134,2022,横浜DeNA,6,0,0,0,0,0,0,0,0,.000,24,6,6,2,0,0,8,0,0,4,4,6.00
93195134,2023,横浜DeNA,46,2,1,17,10,12,0,0,0,.667,171,42.2,34,2,11,2,34,0,0,12,11,2.32
93195134,2024,横浜DeNA,58,2,6,29,11,13,0,0,0,.250,247,59.2,54,3,12,1,59,0,0,18,16,2.41
93195134,2025,横浜DeNA,30,0,2,0,11,11,0,0,0,.000,109,28,20,1,3,1,25,0,0,9,8,2.57
01705136,2018,東北楽天,9,0,2,0,0,0,0,0,0,.000,130,29,35,5,9,1,15,4,0,22,22,6.83
01705136,2019,東北楽天,2,0,2,0,0,0,0,0,0,.000,44,9.1,14,2,2,1,3,0,0,9,9,8.68
01705136,2020,東北楽天,6,0,0,0,1,1,0,0,0,.000,31,6.2,5,2,5,1,4,1,0,4,4,5.40
01705136,2021,東京ヤクルト,22,0,1,0,11,11,0,0,0,.000,67,18.2,15,1,2,0,17,0,0,2,2,0.96
71275136,2019,東北楽天,1,0,0,0,0,0,0,0,0,.000,15,3,6,1,0,0,2,0,0,3,3,9.00
71275136,2020,東北楽天,24,2,1,0,10,12,0,0,0,.667,88,20,15,0,11,2,14,2,0,7,7,3.15
73375136,2019,東北楽天,1,0,0,0,0,0,0,0,0,.000,5,1,0,0,2,0,3,0,0,0,0,0.00
73375136,2021,東北楽天,9,0,0,0,2,2,0,0,0,.000,23,5,5,1,2,2,4,0,0,3,3,5.40
73375136,2022,東北楽天,13,0,0,0,1,1,0,0,0,.000,52,12.2,7,0,4,5,10,1,0,3,3,2.13
51755132,2016,横浜DeNA,18,1,1,0,0,0,0,0,0,.500,131,29,31,0,15,1,25,2,0,18,16,4.97
51755132,2017,横浜DeNA,4,3,1,0,0,0,0,0,0,.750,91,20,23,6,11,1,17,1,0,16,12,5.40
51755132,2019,東北楽天,1,0,0,0,0,0,0,0,0,.000,17,3.1,4,1,3,0,3,0,0,2,2,5.40
01905138,2020,東北楽天,2,0,0,0,0,0,0,0,0,.000,8,1.1,2,1,1,2,1,0,0,2,2,13.50
01905138,2021,東北楽天,5,0,0,0,0,0,0,0,0,.000,19,4.1,3,0,4,0,5,1,0,0,0,0.00
01905138,2022,東北楽天,38,1,3,0,7,8,0,0,0,.250,162,38,25,2,25,2,35,2,1,17,17,4.03
01905138,2023,東北楽天,61,1,1,1,22,23,0,0,0,.500,195,43.2,37,5,25,3,47,4,0,18,16,3.30
01905138,2024,東北楽天,49,2,0,1,24,26,0,0,0,1.000,186,48.2,24,0,21,1,48,3,1,9,9,1.66
01905138,2025,東北楽天,46,2,4,5,19,21,0,0,0,.333,172,42,33,2,15,0,52,1,0,12,11,2.36
01905138,2026,東北楽天,29,0,3,0,14,14,0,0,0,.000,117,25.1,28,3,13,1,27,0,0,20,17,6.04
41945138,2024,東北楽天,3,0,0,0,0,0,0,0,0,.000,16,3,4,0,3,0,1,1,0,4,4,12.00
41945138,2026,北海道日本ハム,1,0,1,0,0,0,0,0,0,.000,3,+,2,0,1,0,0,0,0,1,1,----
03305138,2019,東北楽天,54,4,3,0,28,32,0,0,0,.571,220,51,46,1,20,5,45,1,0,15,11,1.94
03305138,2020,東北楽天,46,1,4,18,13,14,0,0,0,.200,195,44,46,2,18,1,32,4,0,16,14,2.86
03305138,2021,東北楽天,31,1,0,0,4,5,0,0,0,1.000,124,29,32,1,9,0,23,2,0,16,16,4.97
03305138,2022,東北楽天,34,3,1,0,11,14,0,0,0,.750,125,31.2,22,1,10,0,25,4,0,8,8,2.27
61865138,2019,東北楽天,8,3,3,0,0,0,1,1,0,.500,172,43.1,40,5,9,2,34,0,0,18,18,3.74
61865138,2020,東北楽天,10,3,2,0,0,0,0,0,0,.600,229,50.1,57,9,20,3,34,2,0,34,28,5.01
61865138,2021,東北楽天,5,1,1,0,0,0,0,0,0,.500,65,13.2,20,0,6,1,6,0,0,11,11,7.24
61865138,2022,東北楽天,13,0,1,1,0,0,0,0,0,.000,61,13.2,14,2,6,2,5,0,0,5,5,3.29
61865138,2023,東北楽天,12,0,0,0,0,0,0,0,0,.000,47,9.2,12,1,4,2,5,0,0,7,6,5.59
61865138,2024,東北楽天,34,2,0,0,1,3,0,0,0,1.000,150,33.1,42,1,9,1,28,0,0,22,22,5.94
81785116,2008,東京ヤクルト,6,2,1,0,0,0,0,0,0,.667,118,29.2,21,4,8,2,28,3,0,16,15,4.55
81785116,2009,東京ヤクルト,22,5,10,0,0,0,0,0,0,.333,520,121,109,9,57,5,91,5,0,61,47,3.50
81785116,2010,東京ヤクルト,25,12,9,0,0,0,2,1,0,.571,724,167.2,158,11,74,8,149,8,0,78,67,3.60
81785116,2011,東京ヤクルト,15,7,6,0,0,0,3,1,0,.538,425,100.2,84,6,41,8,83,5,0,34,32,2.86
81785116,2016,東京ヤクルト,5,2,3,0,0,0,0,0,0,.400,120,25.2,26,1,20,1,18,2,0,16,13,4.56
81785116,2017,東京ヤクルト,10,3,5,0,0,0,0,0,0,.375,234,54.1,48,4,33,0,46,0,0,29,26,4.31
81785116,2018,東京ヤクルト,7,1,2,0,0,0,0,0,0,.333,155,34.1,34,4,20,1,37,1,0,17,17,4.46
81785116,2019,東北楽天,1,0,0,0,0,0,0,0,0,.000,3,1,0,0,0,0,2,0,0,0,0,0.00
81985151,2022,東北楽天,6,0,0,0,0,0,0,0,0,.000,30,6,9,0,5,0,4,0,0,4,4,6.00
53555151,2020,東北楽天,31,0,3,1,6,6,0,0,0,.000,121,26.1,23,2,14,4,19,2,0,17,17,5.81
31235151,2020,東北楽天,8,2,1,0,0,0,0,0,0,.667,182,45,34,1,15,3,29,1,0,18,17,3.40
31235151,2021,東北楽天,20,10,5,0,0,0,0,0,0,.667,427,103.2,97,10,27,4,75,0,0,40,37,3.21
31235151,2022,東北楽天,15,2,9,0,0,0,0,0,0,.182,346,78,94,12,27,3,42,1,0,44,40,4.62
31235151,2023,東北楽天,8,2,4,0,0,0,0,0,0,.333,179,42.1,45,3,11,1,18,4,0,20,18,3.83
31235151,2024,東北楽天,12,4,6,0,0,0,0,0,0,.400,292,71.1,74,6,14,1,26,1,0,36,33,4.16
31235151,2025,東北楽天,15,4,9,0,0,0,1,1,1,.308,364,83.2,83,9,21,6,50,0,0,41,32,3.44
31235151,2026,東北楽天,20,6,9,0,0,0,0,0,0,.400,476,110,119,12,32,7,59,1,0,52,51,4.17
11415151,2020,東北楽天,33,1,1,0,1,2,0,0,0,.500,147,34.1,30,1,18,1,24,2,0,17,16,4.19
11415151,2021,東北楽天,11,0,0,0,1,1,0,0,0,.000,47,10.2,11,0,5,0,7,0,0,6,6,5.06
11415151,2022,東北楽天,11,0,0,0,2,2,0,0,0,.000,56,12,16,0,6,0,7,0,0,6,6,4.50
11415151,2023,東北楽天,7,0,0,0,0,0,0,0,0,.000,38,9.2,11,1,0,0,7,0,0,2,2,1.86
11415151,2024,東北楽天,14,1,1,0,0,1,0,0,0,.500,110,23.2,36,0,5,3,14,0,0,19,18,6.85
11415151,2025,東北楽天,17,0,0,0,1,1,0,0,0,.000,122,27.1,30,2,7,3,26,2,0,14,11,3.62
11415151,2026,東北楽天,24,0,0,0,0,0,0,0,0,.000,111,26.2,18,2,12,2,24,3,0,10,10,3.38
41445133,2011,埼玉西武,55,5,7,22,1,4,2,1,0,.417,510,127.2,105,5,16,9,86,0,1,39,37,2.61
41445133,2012,埼玉西武,27,13,9,0,0,0,3,1,0,.591,739,178,175,4,36,9,108,0,1,55,48,2.43
41445133,2013,埼玉西武,26,8,9,0,0,0,3,1,0,.471,690,166,169,13,39,9,87,2,0,54,48,2.60
41445133,2014,埼玉西武,26,8,9,0,0,0,0,0,0,.471,734,170.2,170,10,50,12,89,0,0,74,71,3.74
41445133,2015,埼玉西武,34,9,11,3,0,3,1,0,0,.450,596,137.2,143,7,44,11,66,1,0,68,56,3.66
41445133,2016,埼玉西武,50,7,1,0,25,32,0,0,0,.875,312,78.2,54,3,16,10,43,0,0,15,14,1.60
41445133,2017,埼玉西武,58,3,3,0,28,31,0,0,0,.500,248,62.2,59,4,5,3,35,0,0,18,16,2.30
41445133,2020,東北楽天,52,2,2,2,22,24,0,0,0,.500,197,50,39,5,12,0,33,1,0,15,12,2.16
41445133,2021,東北楽天,17,0,0,0,2,2,0,0,0,.000,72,16.1,17,2,3,1,5,0,0,10,6,3.31
31135118,2009,東京ヤクルト,1,0,0,0,0,0,0,0,0,.000,4,+,3,1,1,0,0,2,0,3,3,----
31135118,2010,東京ヤクルト,1,0,1,0,0,0,0,0,0,.000,24,5.1,7,0,1,1,3,0,0,4,4,6.75
31135118,2011,東京ヤクルト,23,6,3,0,0,0,1,0,0,.667,366,88.2,74,4,32,5,66,2,1,22,20,2.03
31135118,2012,東京ヤクルト,28,8,9,0,0,0,2,1,0,.471,668,156.2,156,13,52,9,91,5,0,73,66,3.79
31135118,2013,東京ヤクルト,9,0,5,0,0,0,0,0,0,.000,186,40,44,5,23,3,26,0,1,33,31,6.98
31135118,2014,東京ヤクルト,14,0,2,0,0,0,0,0,0,.000,140,29,41,6,18,0,16,5,0,25,24,7.45
01103882,1996,ヤクルト,13,1,0,0,,,0,0,0,1.000,41,8,6,0,13,0,9,1,0,3,3,3.38
01103882,1997,ヤクルト,1,0,0,0,,,0,0,0,.000,13,2,2,1,6,0,2,0,0,2,2,9.00
01103882,1999,ヤクルト,25,0,1,0,,,0,0,0,.000,141,28.2,32,6,27,0,21,2,0,21,20,6.28
01103882,2000,ヤクルト,45,4,3,0,,,0,0,0,.571,318,76.1,66,7,36,0,68,5,0,29,28,3.30
01103882,2001,ヤクルト,39,2,3,1,,,0,0,0,.400,175,39.2,31,6,23,2,40,4,0,23,15,3.40
01103882,2002,ヤクルト,69,6,2,5,,,0,0,0,.750,341,89.2,63,7,12,1,109,3,0,15,15,1.51
01103882,2003,ヤクルト,36,6,1,1,,,0,0,0,.857,182,45.1,37,4,10,2,61,2,0,10,10,1.99
01103882,2004,ヤクルト,38,4,2,5,,,0,0,0,.667,201,52.2,38,5,10,0,69,2,0,12,12,2.05
01103882,2005,ヤクルト,61,4,3,37,10,14,0,0,0,.571,286,73.2,51,6,15,2,91,0,0,16,16,1.95
01103882,2006,東京ヤクルト,11,0,0,6,1,1,0,0,0,.000,42,10.1,8,2,4,0,14,0,0,5,5,4.35
01103882,2011,東京ヤクルト,1,0,0,0,0,0,0,0,0,.000,1,0.1,0,0,0,0,1,0,0,0,0,0.00
11315115,2002,ヤクルト,29,12,9,0,,,2,0,2,.571,735,178.1,183,20,29,2,104,5,3,76,66,3.33
11315115,2003,ヤクルト,30,12,11,0,,,3,0,2,.522,793,190,201,21,33,7,97,3,1,88,80,3.79
11315115,2004,ヤクルト,27,11,11,0,,,1,0,0,.500,708,163.1,200,21,22,5,72,4,1,90,79,4.35
11315115,2005,ヤクルト,26,10,8,0,0,0,0,0,0,.556,637,149.2,180,18,24,4,105,7,0,82,81,4.87
11315115,2006,東京ヤクルト,29,10,10,0,0,0,0,0,0,.500,648,151,191,12,17,3,81,4,0,82,76,4.53
11315115,2007,東京ヤクルト,26,4,7,0,2,3,3,2,2,.364,405,96.2,104,15,16,5,50,2,0,51,47,4.38
11315115,2008,東京ヤクルト,30,12,10,0,1,1,3,1,2,.545,792,195,180,21,41,4,112,2,0,59,58,2.68
11315115,2009,東京ヤクルト,29,13,7,0,0,0,3,0,0,.650,810,198.1,203,25,28,6,84,4,0,81,78,3.54
11315115,2010,東京ヤクルト,28,13,8,0,0,0,2,1,1,.619,783,186.1,209,20,27,7,98,9,0,81,73,3.53
11315115,2011,東京ヤクルト,27,10,9,0,0,0,1,0,0,.526,731,178.1,168,18,42,5,127,1,0,57,54,2.73
11315115,2012,東京ヤクルト,27,8,11,0,0,0,2,1,0,.421,721,172.2,175,14,41,5,100,4,0,77,69,3.60
11315115,2013,東京ヤクルト,24,6,9,0,0,0,2,0,1,.400,623,148.1,149,15,33,6,85,6,1,73,58,3.52
11315115,2014,東京ヤクルト,27,10,10,0,0,0,2,2,0,.500,725,165,181,20,49,6,101,2,0,97,87,4.75
11315115,2015,東京ヤクルト,25,13,9,0,0,0,1,1,1,.591,598,146.2,150,16,28,3,90,3,0,59,54,3.31
11315115,2016,東京ヤクルト,20,8,8,0,0,0,0,0,0,.500,500,116.2,126,15,33,2,52,3,1,59,58,4.47
11315115,2017,東京ヤクルト,23,4,14,0,0,0,0,0,0,.222,540,123.1,149,18,28,4,88,2,1,72,70,5.11
11315115,2018,東京ヤクルト,22,7,6,0,0,0,0,0,0,.538,488,110.2,121,19,41,4,78,2,0,70,60,4.88
11315115,2019,東京ヤクルト,23,8,6,0,0,0,0,0,0,.571,514,124.1,117,18,26,4,88,2,1,57,53,3.84
11315115,2020,東京ヤクルト,15,2,8,0,0,0,0,0,0,.200,331,76.1,85,7,19,2,41,2,0,40,38,4.48
11315115,2021,東京ヤクルト,17,4,5,0,0,0,1,0,1,.444,335,82,81,10,16,3,54,1,0,31,28,3.07
11315115,2022,東京ヤクルト,16,6,4,0,0,0,0,0,0,.600,357,84,93,16,15,3,39,1,0,45,42,4.50
11315115,2023,東京ヤクルト,13,2,5,0,0,0,0,0,0,.286,267,63.1,75,11,6,0,22,1,0,32,28,3.98
11315115,2024,東京ヤクルト,9,1,4,0,0,0,1,1,1,.200,161,37.1,45,4,6,1,10,1,0,20,17,4.10
11315115,2025,東京ヤクルト,8,2,4,0,1,1,0,0,0,.333,134,27.2,42,3,9,2,9,0,0,28,25,8.13
11315115,2026,東京ヤクルト,1,0,1,0,0,0,0,0,0,.000,7,0.1,5,1,0,1,0,0,0,6,6,162.00
21125110,2005,東北楽天,23,2,9,1,0,0,2,0,0,.182,473,102,119,15,53,4,72,8,0,67,63,5.56
21125110,2006,東北楽天,30,7,14,0,0,0,5,2,1,.333,848,193.2,205,22,71,7,151,13,0,103,94,4.37
21125110,2007,東北楽天,12,6,2,0,0,0,0,0,0,.750,264,58.2,73,5,21,1,40,7,1,39,35,5.37
21125110,2008,東北楽天,12,0,3,0,0,0,0,0,0,.000,165,31.1,49,3,21,1,27,5,0,38,34,9.77
21125110,2009,東京ヤクルト,9,1,5,0,0,0,0,0,0,.167,174,37.2,48,10,16,4,27,2,0,36,33,7.88
21125110,2011,東京ヤクルト,5,0,0,0,0,0,0,0,0,.000,23,5.1,4,0,4,0,5,0,0,3,3,5.06
11815116,2008,東京ヤクルト,54,1,5,33,3,4,0,0,0,.167,214,51,55,6,9,2,50,1,0,18,17,3.00
11815116,2009,東京ヤクルト,57,5,4,28,5,10,0,0,0,.556,229,57,40,4,19,2,52,2,0,15,13,2.05
11815116,2010,東京ヤクルト,53,1,2,35,6,7,0,0,0,.333,214,55.2,32,3,16,2,53,1,0,9,9,1.46
11815116,2011,東京ヤクルト,65,4,2,32,4,8,0,0,0,.667,247,62.1,40,2,22,3,69,3,0,15,15,2.17
11815116,2012,東京ヤクルト,9,0,0,0,3,3,0,0,0,.000,28,7,6,0,2,0,7,0,0,0,0,0.00
01805118,2009,東京ヤクルト,42,1,1,1,12,13,0,0,0,.500,164,37,42,3,14,2,27,1,0,15,15,3.65
01805118,2010,東京ヤクルト,19,0,1,0,5,5,0,0,0,.000,73,17.2,11,4,7,1,18,0,0,10,10,5.09
91395119,2004,北海道日本ハム,21,7,8,0,,,0,0,0,.467,430,96.2,102,13,42,6,76,6,0,52,48,4.47
91395119,2005,北海道日本ハム,11,0,1,0,0,0,0,0,0,.000,139,29.1,46,6,13,0,18,2,0,25,22,6.75
91395119,2006,北海道日本ハム,25,5,0,0,6,11,0,0,0,1.000,145,36,28,0,16,0,30,2,0,8,6,1.50
91395119,2007,北海道日本ハム,36,2,1,0,4,6,0,0,0,.667,203,47,48,7,23,0,49,2,1,25,24,4.60
91395119,2008,東京ヤクルト,67,5,6,1,27,32,0,0,0,.455,302,72.2,74,8,14,1,46,0,0,31,27,3.34
91395119,2009,東京ヤクルト,51,2,6,1,12,14,0,0,0,.250,252,64,50,8,19,1,45,3,0,19,19,2.67
91395119,2010,東京ヤクルト,61,3,4,0,16,19,0,0,0,.429,250,61,59,6,12,2,56,1,0,22,18,2.66
91395119,2011,東京ヤクルト,65,3,2,1,23,26,0,0,0,.600,287,68.2,65,5,20,2,61,1,0,28,25,3.28
91395119,2012,東京ヤクルト,65,4,1,1,22,26,0,0,0,.800,261,59.2,64,9,21,2,49,1,0,26,24,3.62
91395119,2013,東京ヤクルト,26,2,4,0,1,3,0,0,0,.333,140,31,36,1,13,1,19,1,0,19,17,4.94
91395119,2014,東京ヤクルト,6,0,0,0,0,0,0,0,0,.000,36,7,11,2,3,1,6,0,0,9,9,11.57
81385116,2008,東京ヤクルト,1,0,0,0,0,0,0,0,0,.000,4,+,3,0,1,0,0,0,0,3,3,----
81385116,2009,東京ヤクルト,1,0,0,0,0,0,0,0,0,.000,3,1,1,0,0,0,1,0,0,0,0,0.00
01505116,2008,東京ヤクルト,8,0,2,0,0,0,0,0,0,.000,106,21.1,34,3,8,2,8,2,0,21,21,8.86
01505116,2009,東京ヤクルト,1,0,0,0,0,0,0,0,0,.000,5,+,5,1,0,0,0,1,0,5,5,----
01505116,2010,東京ヤクルト,8,1,1,0,0,0,0,0,0,.500,71,15,19,3,9,0,7,0,0,11,11,6.60
01505116,2011,東京ヤクルト,6,0,0,0,0,0,0,0,0,.000,46,10,10,3,7,0,4,0,0,10,10,9.00
51755119,2004,ヤクルト,21,0,0,0,,,0,0,0,.000,103,22.1,25,5,11,2,23,2,0,14,13,5.24
51755119,2005,ヤクルト,32,0,0,0,4,4,0,0,0,.000,108,25.2,25,1,9,1,27,0,0,9,9,3.16
51755119,2006,東京ヤクルト,13,0,1,0,1,1,0,0,0,.000,58,13.2,10,1,7,1,14,0,0,7,4,2.63
51755119,2007,東京ヤクルト,9,0,0,0,1,1,0,0,0,.000,31,6,9,1,3,1,6,0,0,5,5,7.50
51755119,2008,東京ヤクルト,24,1,0,0,3,4,0,0,0,1.000,73,16.2,19,0,7,1,14,2,0,6,6,3.24
51755119,2009,東京ヤクルト,3,0,0,0,1,1,0,0,0,.000,14,4,3,0,0,1,5,2,0,2,2,4.50
51755119,2010,東京ヤクルト,1,0,0,0,0,0,0,0,0,.000,4,0.2,3,0,0,0,0,0,0,1,1,13.50
51755119,2011,東京ヤクルト,2,0,0,0,0,0,0,0,0,.000,9,2.1,1,0,1,0,2,0,0,0,0,0.00
01005117,2003,ヤクルト,27,5,6,0,,,0,0,0,.455,458,102,99,14,56,7,80,12,0,62,57,5.03
01005117,2004,ヤクルト,9,4,2,0,,,0,0,0,.667,223,49,48,7,29,3,54,8,0,26,24,4.41
01005117,2005,ヤクルト,18,4,4,0,0,0,1,0,0,.500,330,73.2,70,7,42,2,74,8,0,37,37,4.52
01005117,2006,東京ヤクルト,36,2,1,0,5,7,0,0,0,.667,143,27.2,29,3,21,4,27,8,0,27,20,6.51
01005117,2007,東京ヤクルト,52,3,6,1,12,15,0,0,0,.333,188,43.1,39,3,24,0,30,3,0,26,25,5.19
01005117,2008,東京ヤクルト,1,0,0,0,0,0,0,0,0,.000,5,0.2,1,1,2,0,0,0,0,1,1,13.50
01005117,2009,東京ヤクルト,1,0,0,0,0,0,0,0,0,.000,4,1,1,0,0,0,0,0,0,0,0,0.00
81085117,2003,ヤクルト,10,0,3,0,,,0,0,0,.000,208,50.1,51,11,10,3,37,0,0,29,29,5.19
81085117,2005,ヤクルト,25,10,6,0,0,0,1,1,1,.625,622,150.1,151,14,28,4,105,1,0,70,66,3.95
81085117,2006,東京ヤクルト,44,2,5,5,16,16,0,0,0,.286,359,79.2,98,7,21,8,61,2,0,41,35,3.95
81085117,2007,東京ヤクルト,45,3,12,5,5,5,2,0,0,.200,558,127.2,129,14,39,10,115,5,0,57,45,3.17
81085117,2008,東京ヤクルト,24,12,3,0,0,0,0,0,0,.800,628,153.1,137,13,31,7,99,5,0,54,51,2.99
81085117,2009,東京ヤクルト,27,16,6,0,0,0,5,2,2,.727,798,188.1,195,20,45,11,126,2,0,77,71,3.39
81085117,2010,東京ヤクルト,21,12,7,0,0,0,4,4,2,.632,607,147.2,147,17,24,4,112,6,1,55,48,2.93
81085117,2011,東京ヤクルト,26,11,5,0,1,1,7,3,2,.688,699,180.2,146,12,29,6,130,1,0,43,41,2.04
81085117,2012,東京ヤクルト,25,12,8,0,1,1,2,1,0,.600,676,168.1,141,7,45,6,119,2,0,45,42,2.25
81085117,2013,東京ヤクルト,2,0,0,0,0,0,0,0,0,.000,37,8.1,9,0,3,1,6,0,0,4,3,3.24
81085117,2015,東京ヤクルト,11,6,3,0,0,0,0,0,0,.667,260,62.1,44,4,36,4,36,1,0,22,20,2.89
81085117,2016,東京ヤクルト,10,1,4,0,1,1,0,0,0,.200,230,46,65,5,26,5,33,5,0,39,37,7.24
81085117,2017,東京ヤクルト,2,0,1,0,0,0,0,0,0,.000,31,6,10,3,3,1,3,0,0,8,8,12.00
81085117,2018,東京ヤクルト,5,0,4,0,0,0,0,0,0,.000,97,19.2,30,2,10,2,13,0,0,19,15,6.86
81085117,2019,東京ヤクルト,2,0,1,0,0,0,0,0,0,.000,18,3.1,5,0,2,1,3,0,0,3,2,5.40
61965112,2006,東京ヤクルト,2,0,0,0,0,0,0,0,0,.000,13,2,4,2,3,0,0,0,0,6,5,22.50
61965112,2008,東京ヤクルト,5,0,0,0,0,0,0,0,0,.000,20,5.1,4,1,0,0,4,0,0,2,2,3.38
61965112,2009,東京ヤクルト,12,4,0,0,1,2,1,1,1,1.000,174,44,34,3,11,2,19,0,0,8,8,1.64
61965112,2010,東京ヤクルト,11,0,1,0,1,1,0,0,0,.000,53,13,11,4,4,0,7,0,0,6,6,4.15
91095114,2007,東京ヤクルト,2,0,1,0,0,0,0,0,0,.000,23,4,8,4,2,1,4,0,0,8,8,18.00
91095114,2008,東京ヤクルト,1,0,0,0,0,0,0,0,0,.000,16,5,1,0,1,0,6,0,0,0,0,0.00
91095114,2009,東京ヤクルト,3,0,1,0,0,0,0,0,0,.000,45,9.1,14,2,4,0,5,0,0,10,10,9.64
91095114,2010,東京ヤクルト,8,0,0,0,0,0,0,0,0,.000,50,11.2,11,1,4,1,6,0,0,6,6,4.63
91095114,2011,東京ヤクルト,1,0,0,0,0,0,0,0,0,.000,14,2.1,7,0,1,0,0,1,0,6,6,23.14
51855131,2010,東京ヤクルト,9,0,0,0,0,0,0,0,0,.000,46,10.1,14,2,1,0,4,1,0,9,9,7.84
51055131,2010,東京ヤクルト,23,7,9,0,0,0,2,1,0,.438,483,107.2,130,23,40,2,62,1,0,76,68,5.68
51055131,2011,東京ヤクルト,1,0,1,0,0,0,0,0,0,.000,13,2,7,0,0,0,1,0,0,5,4,18.00
51055131,2012,東京ヤクルト,3,2,0,0,0,0,0,0,0,1.000,66,15,15,0,5,2,8,1,0,4,4,2.40
51055131,2013,東京ヤクルト,3,0,2,0,0,0,0,0,0,.000,63,11.1,19,4,11,0,8,0,0,13,10,7.94
51055131,2014,東京ヤクルト,24,1,0,0,4,5,0,0,0,1.000,98,23,20,1,10,0,20,1,0,5,4,1.57
51055131,2015,東京ヤクルト,35,1,2,0,3,4,0,0,0,.333,136,29.2,32,2,15,1,21,1,0,12,10,3.03
51055131,2016,東京ヤクルト,19,1,0,0,0,1,0,0,0,1.000,87,20.1,17,3,6,3,11,1,0,8,8,3.54
51055131,2017,東京ヤクルト,28,0,0,0,0,0,0,0,0,.000,110,26.1,27,3,6,0,21,1,0,12,12,4.10
51055131,2018,東京ヤクルト,37,0,0,0,11,11,0,0,0,.000,128,28.2,34,4,6,2,24,1,0,22,22,6.91
51055131,2019,東京ヤクルト,1,0,0,0,0,0,0,0,0,.000,9,1.2,4,1,0,0,1,0,0,4,4,21.60
51055131,2020,東京ヤクルト,28,1,1,0,3,4,0,0,0,.500,119,25.2,32,6,9,1,19,0,0,21,21,7.36
31435114,2007,東京ヤクルト,4,0,0,0,0,0,0,0,0,.000,20,3.2,5,0,2,2,0,0,0,7,7,17.18
31435114,2008,東京ヤクルト,3,0,0,0,0,0,0,0,0,.000,21,4,5,0,3,1,4,0,0,1,1,2.25
31435114,2009,東京ヤクルト,1,0,0,0,0,0,0,0,0,.000,4,1,1,0,0,0,1,0,0,0,0,0.00
71273885,2001,オリックス,1,0,0,0,,,0,0,0,.000,4,1,0,0,1,0,1,0,0,0,0,0.00
71273885,2002,オリックス,48,3,4,10,,,0,0,0,.429,258,64.2,42,8,26,1,55,0,0,19,19,2.64
71273885,2003,オリックス,42,1,3,4,,,0,0,0,.250,296,61.1,78,7,46,1,57,8,0,49,47,6.90
71273885,2004,オリックス,33,0,1,0,,,0,0,0,.000,178,36,41,10,27,2,26,1,0,28,28,7.00
71273885,2005,オリックス,49,3,2,1,8,11,0,0,0,.600,334,81,66,13,34,3,73,3,0,41,35,3.89
71273885,2006,オリックス,33,3,4,0,4,7,0,0,0,.429,212,49,48,7,27,3,31,4,0,29,28,5.14
71273885,2007,北海道日本ハム,5,1,0,0,1,2,0,0,0,1.000,38,8,8,3,4,1,5,0,0,5,5,5.63
71273885,2008,東京ヤクルト,25,1,0,0,0,1,0,0,0,1.000,144,32,44,5,9,0,16,2,0,23,20,5.63
71273885,2009,東京ヤクルト,34,1,1,0,7,8,0,0,0,.500,175,39.1,50,3,14,4,36,1,1,21,21,4.81
71875131,2010,東京ヤクルト,16,4,5,0,0,0,0,0,0,.444,376,79.2,99,9,41,4,70,2,0,55,53,5.99
71875131,2011,東京ヤクルト,48,1,1,2,22,23,0,0,0,.500,199,47,43,2,13,4,54,0,0,14,14,2.68
71875131,2012,東京ヤクルト,57,1,2,33,3,4,0,0,0,.333,213,54.1,44,4,11,2,52,2,0,15,11,1.82
71875131,2013,東京ヤクルト,47,1,8,7,14,15,0,0,0,.111,176,40.1,36,4,19,2,62,0,0,29,27,6.02
71875131,2014,東京ヤクルト,33,1,2,14,4,5,0,0,0,.333,132,32.1,27,4,11,0,42,0,0,12,12,3.34
71875131,2015,東京ヤクルト,59,3,1,41,6,9,0,0,0,.750,246,62.2,37,1,19,3,56,1,0,10,9,1.29
11215131,2012,東京ヤクルト,22,2,2,1,2,4,0,0,0,.500,82,19,21,3,5,1,10,0,0,12,12,5.68
11215131,2013,東京ヤクルト,7,1,1,0,0,1,0,0,0,.500,29,6.1,7,0,2,0,8,0,0,1,1,1.42
11215131,2016,東京ヤクルト,33,1,1,0,7,8,0,0,0,.500,132,32,27,2,10,0,24,0,0,12,10,2.81
11215131,2017,東京ヤクルト,4,0,0,0,0,0,0,0,0,.000,19,2.2,5,0,4,1,3,1,0,4,3,10.13
11215131,2019,東京ヤクルト,20,1,1,0,4,5,0,0,0,.500,87,19,24,1,9,0,13,2,0,18,18,8.53
01405118,2011,東京ヤクルト,1,0,0,0,0,0,0,0,0,.000,5,0.1,1,0,2,1,0,1,0,2,2,54.00
01405118,2012,東京ヤクルト,9,1,0,0,0,1,0,0,0,1.000,61,12.2,15,2,9,1,4,0,0,10,10,7.11
51455110,2005,ヤクルト,4,1,2,0,0,0,0,0,0,.333,92,23.2,22,4,3,0,12,1,0,10,10,3.80
51455110,2006,東京ヤクルト,1,0,0,0,0,0,0,0,0,.000,3,1,0,0,0,0,0,0,0,0,0,0.00
51455110,2007,東京ヤクルト,11,4,2,0,0,0,0,0,0,.667,219,49,69,8,9,2,35,1,0,32,31,5.69
51455110,2008,東京ヤクルト,65,5,3,0,29,34,0,0,0,.625,280,71.1,51,4,17,3,54,2,0,12,11,1.39
51455110,2009,東京ヤクルト,52,6,4,0,17,23,0,0,0,.600,243,55.1,66,5,14,1,53,2,0,30,29,4.72
51455110,2010,東京ヤクルト,73,3,4,3,34,37,0,0,0,.429,295,71.2,64,9,11,3,69,4,0,29,21,2.64
51455110,2011,東京ヤクルト,63,2,2,0,23,25,0,0,0,.500,252,63,50,5,12,2,43,1,0,23,20,2.86
51455110,2012,東京ヤクルト,7,0,0,0,2,2,0,0,0,.000,29,6.1,8,0,2,1,5,0,0,0,0,0.00
51455110,2013,東京ヤクルト,34,3,3,0,0,0,1,1,0,.500,299,66,73,12,26,3,64,1,0,48,42,5.73
51455110,2014,東京ヤクルト,39,3,3,0,6,8,0,0,0,.500,218,51,52,6,20,2,35,1,0,32,29,5.12
51455110,2015,東京ヤクルト,38,2,0,1,4,6,0,0,0,1.000,152,36.2,31,1,15,4,31,0,0,14,14,3.44
51455110,2016,東京ヤクルト,53,2,1,0,4,6,0,0,0,.667,246,55.1,54,4,31,3,39,1,0,25,23,3.74
51455110,2017,東京ヤクルト,37,0,1,0,8,8,0,0,0,.000,137,33.1,31,5,11,2,28,0,0,13,13,3.51
51455110,2018,東京ヤクルト,14,1,0,0,0,1,0,0,0,1.000,73,14.2,16,1,9,2,14,2,0,11,8,4.91
11615112,2006,東京ヤクルト,40,3,5,0,3,5,0,0,0,.375,272,64,62,8,18,3,53,2,0,33,29,4.08
11615112,2007,東京ヤクルト,18,1,3,0,0,0,0,0,0,.250,207,45.1,59,7,15,2,26,2,1,32,29,5.76
11615112,2008,東京ヤクルト,27,1,2,0,4,5,0,0,0,.333,183,41.1,41,2,17,2,33,0,0,16,15,3.27
11615112,2009,東京ヤクルト,17,0,0,0,1,1,0,0,0,.000,110,26.1,25,1,10,1,12,1,0,9,9,3.08
11615112,2010,東京ヤクルト,21,0,1,0,0,0,0,0,0,.000,129,30,30,5,11,1,25,1,0,17,16,4.80
11615112,2011,東京ヤクルト,27,3,0,0,2,5,0,0,0,1.000,135,30.1,35,4,10,3,19,3,0,12,12,3.56
11615112,2012,東京ヤクルト,20,1,0,0,1,2,0,0,0,1.000,77,18,17,1,6,1,12,2,0,9,9,4.50
11615112,2013,東京ヤクルト,2,0,0,0,0,0,0,0,0,.000,11,1,7,1,1,0,1,1,0,8,8,72.00
21625112,2006,東京ヤクルト,1,0,1,0,0,0,0,0,0,.000,18,3,6,1,4,0,1,0,0,4,4,12.00
21625112,2008,東京ヤクルト,21,6,11,0,0,0,0,0,0,.353,530,122.1,107,13,59,7,105,12,0,60,59,4.34
21625112,2009,東京ヤクルト,9,1,6,0,0,0,0,0,0,.143,202,43,49,5,25,3,35,4,0,34,34,7.12
21625112,2010,東京ヤクルト,28,11,10,0,0,0,0,0,0,.524,765,178,176,15,69,8,163,10,0,79,68,3.44
21625112,2011,東京ヤクルト,15,4,6,0,0,0,2,1,0,.400,352,84,76,10,30,4,60,2,0,45,40,4.29
21625112,2012,東京ヤクルト,25,10,7,0,0,1,3,2,0,.588,633,144,155,6,60,5,89,3,0,65,62,3.88
21625112,2013,東京ヤクルト,25,5,9,0,0,1,0,0,0,.357,520,111.2,139,12,55,8,65,5,0,65,62,5.00
21625112,2014,東京ヤクルト,7,2,2,0,0,0,0,0,0,.500,152,35.2,34,2,12,1,22,1,1,17,15,3.79
21625112,2016,東京ヤクルト,52,7,3,0,6,12,0,0,0,.700,292,67,63,9,38,5,51,1,0,29,29,3.90
21625112,2017,東京ヤクルト,13,0,0,0,0,0,0,0,0,.000,61,14.2,4,0,15,0,6,1,0,6,5,3.07
21625112,2018,東京ヤクルト,3,0,0,0,0,0,0,0,0,.000,16,2,4,1,5,1,3,1,0,7,7,31.50
11615110,2005,西武,14,1,1,0,0,1,0,0,0,.500,142,35,23,5,11,6,28,0,0,15,11,2.83
11615110,2006,西武,31,2,0,0,7,9,0,0,0,1.000,166,39.1,34,6,12,2,45,2,0,16,14,3.20
11615110,2007,西武,18,3,3,1,2,5,0,0,0,.500,119,29.2,28,1,5,2,21,0,0,11,9,2.73
11615110,2008,埼玉西武,4,0,0,0,0,0,0,0,0,.000,37,8.1,9,2,2,2,2,0,0,8,5,5.40
11615110,2009,埼玉西武,4,0,0,0,0,0,0,0,0,.000,30,6,10,0,3,0,5,1,0,6,6,9.00
11615110,2010,東京ヤクルト,4,0,0,0,0,0,0,0,0,.000,33,7.1,7,2,3,1,8,0,0,8,8,9.82
11615110,2011,東京ヤクルト,1,0,0,0,0,0,0,0,0,.000,15,3,4,1,2,0,1,0,0,5,5,15.00
61665116,2009,東京ヤクルト,1,0,0,0,0,0,0,0,0,.000,25,6,5,1,2,0,3,0,0,3,3,4.50
61665116,2010,東京ヤクルト,1,0,1,0,0,0,0,0,0,.000,12,2,7,2,0,0,1,0,0,4,4,18.00
61665116,2011,東京ヤクルト,12,1,6,0,0,0,0,0,0,.143,253,55,59,5,30,5,36,3,0,28,26,4.25
11615131,2011,東京ヤクルト,9,0,1,0,0,0,0,0,0,.000,38,8.2,10,0,3,0,5,0,0,4,4,4.15
11615131,2012,東京ヤクルト,50,2,2,0,17,19,0,0,0,.500,183,44.2,41,1,15,3,38,1,0,6,6,1.21
11615131,2013,東京ヤクルト,64,1,3,11,25,26,0,0,0,.250,250,59.2,57,8,17,2,38,3,0,24,19,2.87
11615131,2014,東京ヤクルト,52,3,4,3,10,13,0,0,0,.429,207,45.2,54,4,18,2,22,0,0,21,18,3.55
11615131,2015,東京ヤクルト,17,0,0,0,2,2,0,0,0,.000,72,17.1,20,1,2,1,11,0,0,6,6,3.12
11615131,2017,東京ヤクルト,32,0,1,0,1,1,0,0,0,.000,155,34,42,4,13,1,10,2,0,21,18,4.76
11615131,2018,東京ヤクルト,4,0,0,0,0,0,0,0,0,.000,19,4,5,1,1,0,0,0,0,2,2,4.50
01903886,1999,大阪近鉄,16,5,3,0,,,0,0,0,.625,311,71.1,69,5,41,3,54,2,0,34,31,3.91
01903886,2000,大阪近鉄,12,2,3,0,,,1,0,0,.400,217,44.1,62,9,24,0,29,2,1,37,31,6.29
01903886,2002,オリックス,13,7,1,0,,,3,2,0,.875,348,84,65,3,35,4,75,4,0,19,18,1.93
01903886,2005,オリックス,8,0,3,0,0,0,0,0,0,.000,122,27.1,27,3,15,3,20,3,0,19,17,5.60
01903886,2006,オリックス,34,5,2,1,6,11,0,0,0,.714,233,53.1,47,6,28,0,44,0,0,22,22,3.71
01903886,2007,オリックス,16,4,4,0,1,1,0,0,0,.500,346,80.2,86,8,21,1,67,0,1,37,34,3.79
01903886,2009,東京ヤクルト,19,5,6,0,0,0,1,0,0,.455,435,100.2,104,8,36,7,77,3,0,41,38,3.40
01903886,2010,東京ヤクルト,1,0,0,0,0,0,0,0,0,.000,1,0.1,0,0,0,0,1,0,0,0,0,0.00
21625117,2003,ヤクルト,4,0,0,0,,,0,0,0,.000,14,3,3,0,2,0,3,0,0,0,0,0.00
21625117,2004,ヤクルト,10,0,0,0,,,0,0,0,.000,57,11.1,17,2,6,1,8,0,1,10,9,7.15
21625117,2005,ヤクルト,61,3,3,0,20,23,0,0,0,.500,245,58,50,6,20,5,32,1,1,25,24,3.72
21625117,2006,東京ヤクルト,23,2,1,0,4,6,0,0,0,.667,114,26,34,2,5,1,20,0,0,10,10,3.46
21625117,2007,東京ヤクルト,43,2,2,0,10,12,0,0,0,.500,171,42.1,37,5,8,4,25,1,0,17,17,3.61
21625117,2008,東京ヤクルト,18,0,0,0,4,4,0,0,0,.000,82,19.1,20,3,6,1,10,0,0,9,9,4.19
21625117,2009,東京ヤクルト,8,0,0,0,1,1,0,0,0,.000,30,7.2,6,2,0,2,8,0,0,3,3,3.52
21625117,2010,東京ヤクルト,9,0,0,0,1,1,0,0,0,.000,47,9,16,2,4,1,6,0,0,12,10,10.00
31535115,2002,横浜,1,0,0,0,,,0,0,0,.000,3,0.2,0,0,1,0,0,0,0,0,0,0.00
31535115,2003,横浜,5,0,0,0,,,0,0,0,.000,29,6,7,0,4,0,4,0,0,4,4,6.00
31535115,2004,横浜,1,0,0,0,,,0,0,0,.000,4,1,1,1,1,0,0,0,0,1,1,9.00
31535115,2006,横浜,1,0,0,0,0,0,0,0,0,.000,3,0.1,1,0,1,0,0,0,0,2,2,54.00
31535115,2007,横浜,2,0,0,0,0,0,0,0,0,.000,13,1.2,5,1,3,0,1,0,0,5,5,27.00
31535115,2011,東京ヤクルト,3,0,0,0,0,0,0,0,0,.000,8,1,5,0,0,0,1,0,0,3,3,27.00
51555117,2003,西武,2,0,0,0,,,0,0,0,.000,21,3.1,7,1,4,0,1,1,0,4,4,10.80
51555117,2004,西武,27,2,1,0,,,0,0,0,.667,139,32,26,3,19,0,24,2,0,13,12,3.38
51555117,2005,西武,30,1,2,0,1,2,0,0,0,.333,184,42,50,5,11,1,30,0,0,21,20,4.29
51555117,2006,西武,59,7,3,29,2,9,0,0,0,.700,247,60.2,51,2,18,3,52,4,0,19,19,2.82
51555117,2007,西武,44,4,5,13,3,6,0,0,0,.444,295,64.1,85,7,23,1,48,4,0,39,37,5.18
51555117,2008,埼玉西武,50,5,5,1,9,14,0,0,0,.500,243,55.2,54,3,22,4,38,3,0,26,22,3.56
51555117,2009,埼玉西武,47,3,5,16,7,10,0,0,0,.375,230,54.1,49,5,24,1,45,5,0,24,24,3.98
51555117,2010,埼玉西武,41,1,3,0,8,9,0,0,0,.250,168,41.2,42,3,6,2,28,2,0,20,17,3.67
51555117,2011,東京ヤクルト,6,0,0,0,1,1,0,0,0,.000,31,5.1,10,0,5,0,2,0,1,5,5,8.44
51555117,2012,東京ヤクルト,4,0,0,0,0,0,0,0,0,.000,20,4.2,6,1,0,0,4,0,0,4,4,7.71
01705133,2011,東京ヤクルト,52,5,2,1,20,25,0,0,0,.714,161,37,37,1,13,4,31,0,1,16,15,3.65
01705133,2012,東京ヤクルト,9,0,0,0,1,1,0,0,0,.000,37,8,9,2,3,0,6,0,0,7,5,5.63
01705133,2013,東京ヤクルト,38,2,1,0,9,11,0,0,0,.667,120,29.1,28,6,3,2,33,0,0,10,9,2.76
01705133,2014,東京ヤクルト,46,1,3,0,7,8,0,0,0,.250,156,33.2,39,4,13,4,22,2,0,21,21,5.61
01705133,2015,東京ヤクルト,38,0,0,0,8,8,0,0,0,.000,102,24.2,23,1,9,1,23,3,0,7,7,2.55
01705133,2016,東京ヤクルト,39,0,0,1,3,3,0,0,0,.000,115,26.1,26,2,5,6,27,0,0,13,13,4.44
01705133,2017,東京ヤクルト,6,0,0,0,1,1,0,0,0,.000,14,1.2,7,1,1,1,1,0,0,5,5,27.00
31035133,2011,東京ヤクルト,10,4,0,0,0,0,0,0,0,1.000,203,46.1,53,4,15,1,36,0,0,28,27,5.24
31035133,2012,東京ヤクルト,6,2,3,0,0,0,0,0,0,.400,131,30,30,3,12,2,12,0,0,15,14,4.20
31035133,2013,東京ヤクルト,30,0,1,1,2,2,0,0,0,.000,149,35.2,34,6,10,1,30,1,0,16,16,4.04
31035133,2014,東京ヤクルト,10,2,1,0,0,1,1,0,0,.667,117,27.1,27,3,11,0,15,0,0,13,13,4.28
31735135,2013,東京ヤクルト,28,3,3,0,2,3,0,0,0,.500,333,78.2,77,5,24,3,55,0,0,36,35,4.00
31735135,2014,東京ヤクルト,21,4,6,0,1,1,0,0,0,.400,288,62,72,8,33,2,35,4,0,50,50,7.26
31735135,2015,東京ヤクルト,2,0,0,0,0,0,0,0,0,.000,15,3,6,2,0,0,2,0,0,3,3,9.00
31735135,2016,東京ヤクルト,1,0,0,0,0,0,0,0,0,.000,5,0.2,2,0,1,0,1,0,0,2,2,27.00
61565111,2000,日本ハム,5,0,0,0,,,0,0,0,.000,32,6,11,0,3,0,4,0,0,3,3,4.50
61565111,2001,日本ハム,1,0,0,0,,,0,0,0,.000,14,2,1,1,6,0,3,0,0,3,2,9.00
61565111,2002,日本ハム,23,9,11,0,,,5,2,0,.450,639,156.2,145,12,37,6,90,6,3,66,60,3.45
61565111,2003,日本ハム,26,5,15,0,,,1,1,0,.250,604,134,152,21,66,5,60,7,0,94,86,5.78
61565111,2004,北海道日本ハム,17,8,5,0,,,0,0,0,.615,411,86.1,102,10,57,2,51,4,0,64,48,5.00
61565111,2005,北海道日本ハム,12,2,6,0,0,0,0,0,0,.250,288,60.1,79,8,36,0,31,5,0,49,42,6.27
61565111,2012,東京ヤクルト,24,0,0,0,3,3,0,0,0,.000,108,25.1,31,0,5,2,14,0,1,9,8,2.84
61565111,2013,東京ヤクルト,15,1,1,0,1,2,0,0,0,.500,63,15.2,16,2,1,2,10,0,0,6,5,2.87
01205135,2013,東京ヤクルト,5,0,2,0,0,0,0,0,0,.000,83,18.1,13,3,13,3,8,0,0,12,9,4.42
01205135,2014,東京ヤクルト,7,1,1,0,0,0,0,0,0,.500,97,22,19,3,12,2,15,0,0,13,13,5.32
01205135,2015,東京ヤクルト,39,2,1,0,3,5,0,0,0,.667,217,50.1,48,4,22,0,50,2,0,25,20,3.58
01205135,2016,東京ヤクルト,3,0,0,0,0,0,0,0,0,.000,21,4.1,6,1,3,0,3,0,0,6,6,12.46
51655135,2013,東京ヤクルト,10,1,2,0,1,1,0,0,0,.333,135,31,31,5,18,1,15,0,0,17,16,4.65
51655135,2014,東京ヤクルト,17,3,4,0,0,0,0,0,0,.429,316,69,92,10,29,1,47,2,0,47,41,5.35
51655135,2015,東京ヤクルト,27,4,3,0,1,1,0,0,0,.571,307,69.2,91,6,18,5,39,0,0,38,37,4.78
51655135,2016,東京ヤクルト,6,0,2,0,0,0,0,0,0,.000,64,13.1,20,3,6,0,8,0,0,14,14,9.45
51655135,2018,東京ヤクルト,2,1,1,0,0,0,0,0,0,.500,40,9,12,2,1,0,4,2,0,6,5,5.00
33335135,2012,東京ヤクルト,26,9,11,0,0,0,3,2,0,.450,703,165.2,152,8,69,6,96,8,3,59,56,3.04
33335135,2013,東京ヤクルト,30,3,6,1,4,6,0,0,0,.333,290,63.2,68,4,27,7,44,1,0,35,30,4.24
33335135,2014,東京ヤクルト,16,1,0,5,0,1,0,0,0,1.000,65,16,11,0,7,1,9,1,0,2,1,0.56
33335135,2015,東京ヤクルト,61,5,5,0,23,27,0,0,0,.500,330,78.2,66,2,35,3,58,2,0,25,21,2.40
21125137,2013,東京ヤクルト,60,3,3,10,21,24,0,0,0,.500,263,58.1,58,6,30,1,59,5,0,21,18,2.78
21125137,2014,東京ヤクルト,35,3,8,0,2,3,0,0,0,.273,480,109.1,111,15,46,3,79,0,0,59,55,4.53
21125137,2015,東京ヤクルト,21,5,5,0,0,0,0,0,0,.500,479,111.1,118,7,38,2,78,4,0,50,45,3.64
21125137,2016,東京ヤクルト,13,1,0,0,1,2,0,0,0,1.000,71,16,23,2,1,0,10,0,0,13,13,7.31
21125137,2017,東京ヤクルト,66,3,6,0,24,27,0,0,0,.333,285,68.1,63,5,17,1,76,5,0,29,23,3.03
21125137,2018,東京ヤクルト,71,3,2,35,7,10,0,0,0,.600,296,73.2,63,6,15,2,62,0,0,19,17,2.08
21125137,2019,東京ヤクルト,34,2,2,10,5,7,0,0,0,.500,137,33,30,2,8,0,31,3,0,12,10,2.73
21125137,2020,東京ヤクルト,44,3,2,20,4,7,0,0,0,.600,186,44.2,42,2,11,1,58,2,0,10,10,2.01
21125137,2021,東京ヤクルト,58,0,5,10,9,9,0,0,0,.000,226,55,54,6,10,0,64,1,1,23,22,3.60
21125137,2022,東京ヤクルト,38,2,0,0,16,18,0,0,0,1.000,148,36,27,0,14,2,35,2,0,7,7,1.75
21125137,2023,東京ヤクルト,50,3,6,0,24,27,0,0,0,.333,208,47,51,3,13,3,41,1,0,27,23,4.40
21125137,2024,東京ヤクルト,37,1,0,5,8,9,0,0,0,1.000,189,41.1,53,2,14,1,39,3,0,20,20,4.35
21125137,2025,東京ヤクルト,42,3,3,14,7,10,0,0,0,.500,153,40.2,23,3,8,1,38,0,0,11,10,2.21
71375137,2013,東京ヤクルト,31,3,0,0,4,7,0,0,0,1.000,122,26.2,33,5,11,2,24,3,0,18,16,5.40
71375137,2014,東京ヤクルト,19,0,1,0,3,3,0,0,0,.000,69,15.2,17,4,4,2,13,0,0,11,10,5.74
41345137,2013,東京ヤクルト,5,0,0,0,1,1,0,0,0,.000,33,6.1,3,0,10,0,6,1,0,5,2,2.84
11515137,2013,東京ヤクルト,26,16,4,0,0,0,4,3,0,.800,722,178,155,9,45,2,135,2,0,63,58,2.93
11515137,2014,東京ヤクルト,17,9,6,0,0,0,0,0,0,.600,469,108.1,119,13,22,3,108,1,1,52,44,3.66
11515137,2015,東京ヤクルト,27,11,8,0,0,0,1,1,0,.579,700,168,152,18,48,4,128,0,0,66,58,3.11
11515137,2016,東京ヤクルト,25,8,9,0,0,0,4,1,1,.471,668,158,149,22,52,6,114,3,0,82,79,4.50
11515137,2017,東京ヤクルト,22,8,7,0,1,1,2,1,0,.533,509,124,104,11,39,0,109,0,0,42,39,2.83
11515137,2018,東京ヤクルト,18,8,5,0,0,0,0,0,0,.615,450,108,109,9,24,1,94,1,0,36,33,2.75
11515137,2019,東京ヤクルト,26,5,12,0,0,0,2,1,2,.294,686,159.2,173,26,36,2,132,1,0,91,81,4.57
11515137,2020,東京ヤクルト,20,10,8,0,0,0,1,1,0,.556,515,119,132,20,29,2,83,2,0,64,61,4.61
11515137,2021,東京ヤクルト,23,9,6,0,0,0,2,1,2,.600,529,128.1,132,15,30,1,97,2,0,64,59,4.14
11515137,2022,東京ヤクルト,25,8,8,0,0,0,1,1,1,.500,621,153.1,145,16,32,3,91,2,0,50,48,2.82
11515137,2023,東京ヤクルト,23,10,8,0,0,0,0,0,0,.556,579,144,124,14,33,4,86,2,0,60,54,3.38
11515137,2024,東京ヤクルト,12,2,5,0,0,0,0,0,0,.286,264,62,75,6,8,0,40,0,0,35,32,4.65
11515137,2025,東京ヤクルト,13,4,5,0,0,0,1,1,1,.444,336,78.1,89,7,15,1,48,1,0,38,32,3.68
11515137,2026,東京ヤクルト,8,1,5,0,0,0,0,0,0,.167,183,41,42,6,17,3,27,1,0,33,25,5.49
71975137,2018,東京ヤクルト,1,0,0,0,0,0,0,0,0,.000,4,1,0,0,1,0,1,0,0,0,0,0.00
71975137,2019,東京ヤクルト,4,1,2,0,0,0,0,0,0,.333,73,15.1,23,2,6,0,12,0,0,16,13,7.63
01205113,2001,阪神,3,0,1,0,,,0,0,0,.000,39,7.1,11,2,7,1,2,0,0,12,12,14.73
01205113,2002,阪神,12,2,5,0,,,1,0,0,.286,238,57.1,55,9,21,3,46,4,0,25,23,3.61
01205113,2003,阪神,5,1,2,0,,,0,0,0,.333,99,23.1,21,3,11,0,14,0,0,8,8,3.09
01205113,2005,阪神,4,1,1,0,0,0,0,0,0,.500,54,12,16,4,3,0,4,0,0,9,8,6.00
01205113,2006,阪神,11,1,0,0,0,1,0,0,0,1.000,79,18.2,23,2,2,1,19,2,0,7,7,3.38
01205113,2007,阪神,3,0,0,0,0,0,0,0,0,.000,27,6,9,0,0,0,7,0,0,3,2,3.00
01205113,2008,阪神,6,0,0,0,0,0,0,0,0,.000,48,11,11,2,2,1,7,0,0,7,5,4.09
01205113,2009,阪神,2,0,0,0,0,0,0,0,0,.000,9,1.1,4,0,1,0,1,0,0,1,1,6.75
01205113,2009,埼玉西武,25,2,0,3,4,6,0,0,0,1.000,113,27,24,2,9,1,10,0,0,6,6,2.00
01205113,2010,埼玉西武,48,6,3,0,19,25,0,0,0,.667,183,46,43,8,7,2,29,2,0,20,20,3.91
01205113,2011,埼玉西武,14,0,2,0,0,0,0,0,0,.000,71,15.1,19,4,3,2,13,0,0,10,10,5.87
01205113,2012,埼玉西武,3,0,0,0,0,0,0,0,0,.000,21,3.2,9,2,1,1,3,0,0,6,6,14.73
01205113,2013,東京ヤクルト,20,0,0,1,1,1,0,0,0,.000,78,18.2,13,3,6,3,6,2,0,5,4,1.93
63165137,2013,東京ヤクルト,5,0,2,0,0,0,0,0,0,.000,115,22,37,1,11,1,14,0,3,26,22,9.00
71375139,2014,東京ヤクルト,17,1,0,1,4,5,0,0,0,1.000,67,14,18,0,7,0,13,0,0,5,4,2.57
71375139,2015,東京ヤクルト,1,0,0,0,0,0,0,0,0,.000,6,1,2,1,1,0,0,0,0,2,2,18.00
71375139,2016,東京ヤクルト,14,0,1,0,1,1,0,0,0,.000,64,13.2,14,2,9,0,10,2,0,12,11,7.24
71375139,2017,東京ヤクルト,2,0,2,0,0,0,0,0,0,.000,43,10,8,1,5,0,8,0,0,4,2,1.80
71875139,2014,東京ヤクルト,32,1,2,3,4,5,0,0,0,.333,144,32.1,30,3,24,3,27,2,2,18,17,4.73
13115139,2014,東京ヤクルト,24,4,11,0,0,0,1,0,0,.267,593,137,136,16,53,2,96,6,3,75,69,4.53
23125130,2015,東京ヤクルト,72,5,2,0,33,38,0,0,0,.714,276,70.1,52,2,22,1,62,0,1,17,16,2.05
23125130,2016,東京ヤクルト,30,3,1,11,2,5,0,0,0,.750,121,29.1,23,0,11,0,29,0,0,10,8,2.45
91595130,2015,東京ヤクルト,1,0,0,0,0,0,0,0,0,.000,2,0.1,0,0,0,1,0,0,0,0,0,0.00
91595130,2016,東京ヤクルト,6,0,0,0,0,0,0,0,0,.000,53,10,18,2,5,0,10,0,0,9,9,8.10
91595130,2017,東京ヤクルト,3,0,0,0,0,0,0,0,0,.000,16,4,3,1,1,0,3,0,0,3,3,6.75
91595130,2018,東京ヤクルト,53,2,4,0,4,6,0,0,0,.333,241,57.2,48,11,22,1,61,4,0,30,28,4.37
91595130,2019,東京ヤクルト,14,0,0,0,1,1,0,0,0,.000,95,19,23,5,15,2,17,1,0,15,15,7.11
91595130,2020,東京ヤクルト,11,0,0,0,0,0,0,0,0,.000,75,14.2,22,2,9,1,11,2,0,13,13,7.98
91595130,2021,横浜DeNA,5,0,0,0,0,0,0,0,0,.000,33,7,12,2,0,0,6,0,0,6,6,7.71
21025130,2016,東京ヤクルト,1,0,0,0,0,0,0,0,0,.000,15,2.2,2,2,6,0,1,0,0,4,4,13.50
91295130,2015,東京ヤクルト,1,0,0,0,0,0,0,0,0,.000,16,3,2,0,4,1,3,0,0,0,0,0.00
91295130,2016,東京ヤクルト,2,0,1,0,1,1,0,0,0,.000,15,2,4,0,5,1,0,1,0,6,6,27.00
61265130,2016,東京ヤクルト,4,0,0,0,0,0,0,0,0,.000,28,5.1,8,0,4,1,5,0,0,5,5,8.44
61265130,2017,東京ヤクルト,4,0,0,0,0,0,0,0,0,.000,23,5,5,1,2,0,6,1,0,2,2,3.60
11415130,2016,東京ヤクルト,3,0,0,0,0,0,0,0,0,.000,14,3,4,0,2,0,2,0,0,2,2,6.00
11415130,2017,東京ヤクルト,2,0,0,0,0,0,0,0,0,.000,26,4.2,11,3,1,0,3,0,0,7,7,13.50
51055132,2018,東京ヤクルト,3,1,1,0,0,0,0,0,0,.500,69,15,14,4,8,2,20,0,0,10,5,3.00
51055132,2019,東京ヤクルト,20,4,6,0,0,0,0,0,0,.400,438,95.1,99,14,53,8,99,5,0,68,61,5.76
51055132,2020,東京ヤクルト,10,1,3,0,0,0,0,0,0,.250,212,48,47,6,21,4,51,1,0,24,21,3.94
51055132,2021,東京ヤクルト,14,4,1,0,0,1,0,0,0,.800,320,78.1,59,9,25,6,80,4,1,25,25,2.87
51055132,2022,東京ヤクルト,17,8,2,0,0,0,2,1,1,.800,416,102.2,75,9,37,9,113,1,0,32,30,2.63
51055132,2023,東京ヤクルト,20,4,9,0,0,0,0,0,0,.308,445,101.2,104,20,47,6,94,3,0,53,52,4.60
51055132,2024,東京ヤクルト,21,8,9,0,1,1,0,0,0,.471,504,115.2,116,12,38,8,106,1,0,55,46,3.58
51055132,2025,東京ヤクルト,8,3,2,0,0,0,0,0,0,.600,175,42,34,3,16,1,41,2,0,11,11,2.36
51055132,2026,東京ヤクルト,17,5,7,0,0,0,0,0,0,.417,405,91.2,98,11,34,9,89,1,0,46,46,4.52
93595132,2016,東京ヤクルト,15,4,5,0,0,0,0,0,0,.444,361,82,84,14,31,4,64,4,0,44,40,4.39
31635132,2016,東京ヤクルト,13,2,8,0,0,0,0,0,0,.200,298,67,80,4,25,5,33,0,0,45,44,5.91
31635132,2017,東京ヤクルト,26,3,11,0,0,0,1,0,1,.214,554,131.1,133,19,34,6,115,2,0,66,56,3.84
31635132,2018,東京ヤクルト,30,6,7,0,1,2,2,1,1,.462,461,110.2,102,3,31,3,93,5,0,48,38,3.09
31635132,2019,東京ヤクルト,12,3,7,0,0,0,1,0,0,.300,322,74,85,10,19,5,57,5,0,44,40,4.86
31635132,2020,東京ヤクルト,5,2,2,0,1,1,0,0,0,.500,88,17.1,20,6,13,1,14,0,0,16,10,5.19
31635132,2021,東京ヤクルト,9,3,1,0,0,0,0,0,0,.750,198,47,45,0,12,4,25,1,0,14,12,2.30
31635132,2022,東京ヤクルト,22,8,7,0,0,1,0,0,0,.533,476,107.2,132,14,32,5,52,1,0,59,58,4.85
31635132,2024,東京ヤクルト,7,0,0,0,0,0,0,0,0,.000,39,10,6,1,3,0,2,0,0,2,2,1.80
23725132,2016,東京ヤクルト,19,2,2,0,1,3,0,0,0,.500,107,21.1,26,2,15,3,19,2,0,20,19,8.02
53955132,2016,東京ヤクルト,69,6,6,0,33,39,0,0,0,.500,277,64.2,66,6,20,5,60,3,0,26,22,3.06
53955132,2017,東京ヤクルト,61,4,6,7,22,26,0,0,0,.400,257,60.2,54,6,19,2,70,3,2,24,20,2.97
51355134,2017,東京ヤクルト,2,0,1,0,0,0,0,0,0,.000,37,8,5,1,9,0,8,3,0,7,6,6.75
51355134,2018,東京ヤクルト,29,3,2,0,10,13,0,0,0,.600,128,26.2,27,5,22,3,25,1,0,22,21,7.09
51355134,2019,東京ヤクルト,68,2,3,4,28,30,0,0,0,.400,282,67.2,55,7,25,1,77,4,0,34,28,3.72
51355134,2020,東京ヤクルト,42,5,2,0,12,17,0,0,0,.714,175,42.1,37,6,17,0,35,1,0,18,17,3.61
51355134,2021,東京ヤクルト,29,0,0,0,8,8,0,0,0,.000,106,25.1,22,4,9,2,29,1,0,7,7,2.49
51355134,2022,東京ヤクルト,41,4,3,0,16,20,0,0,0,.571,168,39,37,6,15,1,26,3,0,15,13,3.00
51355134,2023,東京ヤクルト,5,0,0,0,0,0,0,0,0,.000,36,8,9,1,4,0,4,1,0,3,3,3.38
51355134,2024,中日,18,1,0,0,2,3,0,0,0,1.000,97,21.2,26,0,6,1,12,0,0,13,10,4.15
51355134,2025,中日,26,2,1,0,2,4,0,0,0,.667,114,26.2,20,2,14,2,25,2,0,12,12,4.05
51355134,2026,中日,2,0,0,0,0,0,0,0,0,.000,14,2.1,4,0,4,0,3,1,0,4,4,15.43
83385134,2017,東京ヤクルト,4,0,1,0,0,0,0,0,0,.000,84,18,18,1,11,1,15,2,0,13,11,5.50
21525134,2017,東京ヤクルト,2,0,0,0,0,0,0,0,0,.000,16,3,5,1,2,0,3,0,0,2,2,6.00
93595134,2017,東京ヤクルト,28,1,1,0,2,2,0,0,0,.500,228,54.2,49,4,15,2,57,1,0,23,22,3.62
81285134,2017,東京ヤクルト,1,0,0,0,0,0,0,0,0,.000,18,3,5,1,3,0,3,0,0,5,5,15.00
81285134,2018,東京ヤクルト,1,0,1,0,0,0,0,0,0,.000,13,2,4,1,4,0,2,0,0,6,6,27.00
81285134,2019,東京ヤクルト,3,0,0,0,0,0,0,0,0,.000,21,4,9,0,2,0,0,0,0,3,1,2.25
81285134,2020,東京ヤクルト,30,1,0,0,3,4,0,0,0,1.000,163,36.1,41,5,15,1,27,1,0,14,10,2.48
81285134,2021,東京ヤクルト,1,0,0,0,0,0,0,0,0,.000,10,2,5,0,0,0,0,0,0,1,1,4.50
71475134,2017,東京ヤクルト,2,0,1,0,0,0,0,0,0,.000,25,4,8,1,3,0,4,1,0,7,5,11.25
71475134,2018,東京ヤクルト,54,7,3,0,12,19,0,0,0,.700,248,54,53,5,33,1,56,7,0,25,21,3.50
71475134,2019,東京ヤクルト,12,0,1,0,0,0,0,0,0,.000,69,14,17,3,8,0,18,3,0,13,13,8.36
71475134,2020,東京ヤクルト,5,0,0,0,0,0,0,0,0,.000,41,9,9,3,5,0,6,0,1,5,5,5.00
43745134,2017,東京ヤクルト,25,6,13,0,0,0,2,1,0,.316,678,159.2,158,19,56,9,112,2,1,75,65,3.66
43745134,2018,東京ヤクルト,28,10,11,0,0,0,2,1,1,.476,751,174.1,186,17,53,10,95,3,0,85,78,4.03
43745134,2019,東京ヤクルト,18,4,6,0,0,0,0,0,0,.400,438,99.2,118,10,33,4,58,1,0,56,53,4.79
11815134,2017,東京ヤクルト,24,4,7,0,2,2,0,0,0,.364,494,110.1,116,14,49,5,71,3,0,64,58,4.73
11815134,2018,東京ヤクルト,18,2,0,0,0,1,0,0,0,1.000,136,31.1,24,5,21,0,23,0,0,14,14,4.02
11815134,2019,東京ヤクルト,10,1,3,0,0,1,0,0,0,.250,67,12.2,15,1,15,0,10,1,0,12,12,8.53
11815134,2020,東京ヤクルト,36,0,1,0,3,3,0,0,0,.000,216,48,57,7,24,1,40,2,0,28,28,5.25
11815134,2021,東京ヤクルト,25,0,0,1,7,7,0,0,0,.000,108,24.1,23,2,11,0,28,0,0,14,13,4.81
11815134,2022,東京ヤクルト,7,0,1,0,0,0,0,0,0,.000,56,12.1,14,2,6,1,12,0,0,6,6,4.38
11815134,2023,東京ヤクルト,47,2,2,0,20,22,0,0,0,.500,161,40,34,4,16,1,48,2,0,15,15,3.38
11815134,2024,東京ヤクルト,36,1,0,1,2,3,0,0,0,1.000,166,37.1,37,4,18,2,33,1,0,15,15,3.62
11815134,2025,東京ヤクルト,44,1,2,17,17,18,0,0,0,.333,177,43,38,2,13,1,41,1,0,8,8,1.67
11815134,2026,東京ヤクルト,49,1,4,1,31,32,0,0,0,.200,195,46,44,3,17,0,30,1,0,15,14,2.74
03905136,2018,東京ヤクルト,5,0,0,0,0,0,0,0,0,.000,24,5.1,6,0,1,0,4,0,0,5,3,5.06
01305136,2018,東京ヤクルト,25,2,1,0,5,7,0,0,0,.667,171,43.2,31,6,9,3,35,3,0,17,15,3.09
01305136,2019,東京ヤクルト,31,0,2,0,2,2,0,0,0,.000,187,41.2,52,7,12,0,30,0,1,26,24,5.18
01305136,2020,東京ヤクルト,13,0,1,0,0,0,0,0,0,.000,72,16.1,20,2,3,0,10,1,0,11,10,5.51
01305136,2021,東京ヤクルト,30,1,0,0,1,2,0,0,0,1.000,159,38.2,34,5,8,2,32,1,0,16,16,3.72
01305136,2022,東京ヤクルト,10,0,0,0,1,1,0,0,0,.000,62,15,16,4,3,0,11,0,0,10,7,4.20
51555136,2020,東京ヤクルト,3,0,0,0,0,0,0,0,0,.000,44,10,10,0,5,0,10,0,0,6,6,5.40
51555136,2021,東京ヤクルト,10,4,1,0,0,1,0,0,0,.800,180,42.2,39,3,16,2,34,0,0,14,13,2.74
51555136,2022,東京ヤクルト,3,1,1,0,0,0,0,0,0,.500,43,9.1,13,3,2,0,4,0,0,8,8,7.71
51555136,2023,東京ヤクルト,1,0,0,0,0,0,0,0,0,.000,16,4,0,0,3,2,2,0,0,0,0,0.00
51555136,2024,東京ヤクルト,5,0,1,0,0,0,0,0,0,.000,33,7.2,5,1,4,1,8,0,0,3,3,3.52
51555136,2025,東京ヤクルト,12,0,1,0,1,1,0,0,0,.000,66,14,23,4,4,0,11,1,0,12,12,7.71
13515136,2018,東京ヤクルト,32,7,3,3,1,6,0,0,0,.700,420,94.2,89,7,43,4,73,7,0,53,44,4.18
11715136,2019,東京ヤクルト,8,0,0,0,0,0,0,0,0,.000,63,12.2,26,3,3,1,9,0,0,13,13,9.24
21425136,2018,東京ヤクルト,1,0,0,0,0,0,0,0,0,.000,5,1,2,0,0,0,1,0,0,1,1,9.00
83585136,2018,東京ヤクルト,35,3,6,0,7,9,0,0,0,.333,411,94.1,105,13,27,4,78,0,0,54,51,4.87
83585136,2019,東京ヤクルト,68,1,5,3,26,27,0,0,0,.167,271,65.2,58,6,21,1,58,0,0,31,29,3.97
21125138,2022,東京ヤクルト,6,0,0,0,0,0,0,0,0,.000,58,12,17,1,6,1,6,2,0,10,10,7.50
21125138,2023,東京ヤクルト,4,0,2,0,0,0,0,0,0,.000,65,14,14,4,5,4,7,1,0,14,13,8.36
71775138,2019,東京ヤクルト,16,0,0,0,1,1,0,0,0,.000,54,11,13,2,7,3,11,2,0,7,7,5.73
71775138,2020,東京ヤクルト,10,0,1,0,0,0,0,0,0,.000,61,13.2,15,1,5,1,15,0,0,9,9,5.93
71775138,2022,東京ヤクルト,29,1,0,0,7,8,0,0,0,1.000,107,26.2,19,1,13,2,19,1,0,8,8,2.70
71775138,2023,東京ヤクルト,5,0,0,0,1,1,0,0,0,.000,22,3,8,2,3,1,1,0,0,3,2,6.00
41745138,2019,東京ヤクルト,19,0,0,0,3,3,0,0,0,.000,104,21.2,22,2,16,2,15,2,0,15,14,5.82
41745138,2020,東京ヤクルト,1,0,0,0,0,0,0,0,0,.000,19,3,5,1,4,1,3,0,0,6,4,12.00
41745138,2021,東京ヤクルト,36,1,2,0,7,8,0,0,0,.333,148,33.1,29,4,17,3,25,2,0,17,15,4.05
41745138,2022,東京ヤクルト,7,0,1,0,0,0,0,0,0,.000,59,10.2,15,4,9,1,11,2,0,14,11,9.28
41745138,2022,千葉ロッテ,7,0,0,0,1,1,0,0,0,.000,34,8.2,9,3,1,0,6,0,0,4,4,4.15
41745138,2023,千葉ロッテ,51,1,0,0,16,17,0,0,0,1.000,209,47.2,46,5,22,2,48,2,0,18,17,3.21
41745138,2024,千葉ロッテ,37,1,2,0,11,12,0,0,0,.333,146,33,34,3,12,5,34,2,0,22,21,5.73
41745138,2025,千葉ロッテ,8,1,2,0,2,3,0,0,0,.333,28,5.2,6,0,4,2,3,0,0,4,4,6.35
41745138,2026,千葉ロッテ,28,2,1,0,1,3,0,0,0,.667,147,34,29,1,16,4,39,0,0,17,15,3.97
51955138,2019,東京ヤクルト,11,0,3,0,0,0,0,0,0,.000,124,26,33,7,13,0,24,0,0,25,21,7.27
51955138,2020,東京ヤクルト,52,0,4,0,30,30,0,0,0,.000,221,53.1,45,10,16,1,58,2,0,23,21,3.54
51955138,2021,東京ヤクルト,72,3,6,1,50,53,0,0,0,.333,272,67.2,55,12,18,2,74,2,1,23,18,2.39
51955138,2022,東京ヤクルト,50,5,4,0,28,33,0,0,0,.556,173,46.2,23,1,14,1,43,0,0,6,6,1.16
51955138,2023,東京ヤクルト,56,1,8,0,38,39,0,0,0,.111,220,54.1,50,6,6,2,47,1,0,20,18,2.98
51955138,2024,東京ヤクルト,17,0,3,2,2,2,0,0,0,.000,81,17.1,24,1,4,0,8,0,0,14,14,7.27
51955138,2025,東京ヤクルト,35,0,2,1,5,5,0,0,0,.000,173,38,51,2,10,1,37,1,0,22,20,4.74
51955138,2026,東京ヤクルト,48,2,4,5,19,21,0,0,0,.333,178,42.2,45,5,8,1,41,0,0,20,17,3.59
83185138,2019,東京ヤクルト,4,1,1,0,0,0,0,0,0,.500,68,17.2,11,1,5,1,12,0,0,3,3,1.53
83185138,2020,東京ヤクルト,12,4,4,0,0,0,0,0,0,.500,285,67.1,56,4,27,6,52,2,0,25,20,2.67
83185138,2021,東京ヤクルト,24,5,3,1,3,4,0,0,0,.625,339,77,82,9,32,5,70,1,0,32,31,3.62
43345138,2019,東京ヤクルト,65,6,3,11,18,24,0,0,0,.667,296,68.2,71,2,22,2,64,2,0,25,24,3.15
43345138,2020,東京ヤクルト,50,4,1,0,23,27,0,0,0,.800,195,46,42,4,15,3,52,2,1,20,20,3.91
43345138,2021,東京ヤクルト,66,3,2,31,14,17,0,0,0,.600,259,64.1,43,7,23,3,76,3,0,19,18,2.52
43345138,2022,東京ヤクルト,55,2,2,38,4,6,0,0,0,.500,215,53.2,39,5,13,1,59,2,0,16,14,2.35
83185151,2020,東京ヤクルト,9,0,3,0,0,0,0,0,0,.000,125,24,45,8,10,0,15,2,0,29,27,10.13
41545151,2020,東京ヤクルト,5,0,1,0,0,0,0,0,0,.000,44,9,14,1,5,0,6,0,0,5,5,5.00
41545151,2021,東京ヤクルト,33,3,0,0,7,10,0,0,0,1.000,159,38.1,36,4,12,2,24,3,0,12,12,2.82
41545151,2022,東京ヤクルト,43,3,2,0,3,6,0,0,0,.600,260,58.2,74,8,15,2,42,1,0,34,29,4.45
41545151,2023,東京ヤクルト,46,2,2,0,6,8,0,0,0,.500,226,55,53,3,12,3,35,2,0,23,22,3.60
41545151,2024,東京ヤクルト,60,9,1,1,23,32,0,0,0,.900,235,60.1,53,3,12,2,31,2,0,12,9,1.34
41545151,2025,東京ヤクルト,50,3,3,4,21,24,0,0,0,.500,193,46,41,0,14,2,35,4,0,8,6,1.17
41545151,2026,東京ヤクルト,15,0,0,0,3,3,0,0,0,.000,62,11.2,21,2,6,2,5,1,0,15,14,10.80
31735151,2020,東京ヤクルト,1,0,1,0,0,0,0,0,0,.000,15,2,9,1,0,0,2,0,0,5,5,22.50
31735151,2021,東京ヤクルト,18,9,4,0,0,0,0,0,0,.692,413,105,99,11,10,2,91,3,1,38,38,3.26
31735151,2022,東京ヤクルト,1,0,0,0,0,0,0,0,0,.000,15,4,2,1,1,0,3,0,0,1,1,2.25
31735151,2024,東京ヤクルト,7,3,2,0,0,0,0,0,0,.600,136,32.2,29,4,9,3,12,1,0,12,10,2.76
31735151,2025,東京ヤクルト,18,4,8,0,0,0,0,0,0,.333,457,100,127,11,33,4,77,3,0,53,48,4.32
31735151,2026,東京ヤクルト,23,7,11,0,0,0,3,2,1,.389,614,156,129,16,34,1,119,1,0,53,50,2.88
23325151,2020,東京ヤクルト,7,0,3,0,0,0,0,0,0,.000,82,16,29,2,3,1,6,0,0,19,14,7.88
41045151,2021,東京ヤクルト,4,0,0,0,0,0,0,0,0,.000,30,6.1,9,2,2,1,4,0,0,7,7,9.95
41045151,2022,東京ヤクルト,1,0,0,0,0,0,0,0,0,.000,4,0.2,2,0,0,0,0,0,0,0,0,0.00
43145151,2020,東京ヤクルト,14,2,7,0,0,0,0,0,0,.222,308,67.1,80,10,34,0,53,2,1,40,39,5.21
43145151,2021,東京ヤクルト,16,1,1,0,0,1,0,0,0,.500,111,23.1,31,5,12,0,26,3,0,17,16,6.17
43145151,2022,東京ヤクルト,2,0,1,0,0,0,0,0,0,.000,44,9,14,1,5,0,7,0,0,3,3,3.00
31133885,1992,ヤクルト,12,0,0,0,,,0,0,0,.000,123,28,23,4,17,2,22,2,0,13,13,4.18
31133885,1993,ヤクルト,19,3,1,0,,,1,0,0,.750,266,59.1,48,8,38,2,66,5,0,32,31,4.70
31133885,1994,ヤクルト,54,7,5,0,,,2,2,0,.583,493,108,92,11,77,6,98,4,0,56,49,4.08
31133885,1995,ヤクルト,26,13,4,1,,,3,0,0,.765,633,153,112,14,77,8,159,8,0,49,47,2.76
31133885,1996,ヤクルト,8,1,5,0,,,0,0,0,.167,142,31,28,6,22,2,26,1,0,19,18,5.23
31133885,1997,ヤクルト,18,10,4,0,,,2,2,0,.714,466,117.2,73,5,50,4,120,6,1,28,25,1.91
31133885,1998,ヤクルト,28,14,6,0,,,6,0,1,.700,834,196.1,149,12,105,8,241,20,0,78,72,3.30
31133885,1999,ヤクルト,23,8,6,0,,,2,1,0,.571,589,133,123,16,71,6,162,9,0,75,71,4.80
31133885,2000,ヤクルト,29,10,9,0,,,3,1,0,.526,744,183,137,15,73,6,210,11,2,54,53,2.61
31133885,2001,ヤクルト,27,12,6,0,,,0,0,0,.667,732,175,135,18,82,5,173,14,0,74,66,3.39
31133885,2006,東京ヤクルト,28,11,7,0,0,0,0,0,0,.611,773,177.2,177,16,59,5,170,6,0,82,68,3.44
31133885,2007,東京ヤクルト,28,9,10,0,0,0,2,1,0,.474,714,166.2,156,21,49,13,163,8,0,90,77,4.16
31133885,2008,埼玉西武,25,11,10,0,0,0,1,0,0,.524,593,135.1,150,16,40,11,108,1,0,78,65,4.32
31133885,2009,埼玉西武,22,9,9,0,0,0,0,0,0,.500,564,130,113,18,67,6,131,6,0,71,62,4.29
31133885,2010,埼玉西武,18,9,6,0,0,0,1,0,0,.600,453,104.2,105,10,34,2,93,9,0,50,43,3.70
31133885,2011,埼玉西武,23,6,9,0,1,1,0,0,0,.400,507,117,122,7,32,10,94,1,0,61,56,4.31
31133885,2012,埼玉西武,24,10,5,0,0,0,2,2,1,.667,560,132.1,126,14,44,4,74,4,0,57,49,3.33
31133885,2013,埼玉西武,7,0,1,0,3,3,0,0,0,.000,25,5.1,5,2,4,0,5,0,0,4,4,6.75
11315114,2007,西武,55,3,1,2,13,16,0,0,0,.750,220,54.1,43,5,17,5,33,1,1,19,17,2.82
11315114,2008,埼玉西武,20,2,0,0,0,2,0,0,0,1.000,99,21,32,2,4,5,10,0,0,16,13,5.57
11315114,2009,埼玉西武,27,2,4,0,9,11,0,0,0,.333,115,26,28,2,13,2,15,1,1,14,13,4.50
11315114,2010,埼玉西武,1,0,0,0,0,0,0,0,0,.000,10,1.2,4,1,0,1,2,0,0,3,2,10.80
11315114,2011,埼玉西武,2,0,0,0,0,0,0,0,0,.000,12,2.1,5,0,1,1,0,0,0,1,1,3.86
71375131,2010,埼玉西武,2,0,0,0,0,0,0,0,0,.000,13,2,6,0,2,0,0,0,0,4,4,18.00
71375131,2013,埼玉西武,10,1,0,0,1,2,0,0,0,1.000,64,12.1,16,2,10,0,3,2,0,13,13,9.49
71375131,2014,埼玉西武,13,1,0,0,1,2,0,0,0,1.000,79,20,15,0,4,2,21,1,0,6,4,1.80
71375131,2015,埼玉西武,21,1,0,0,3,4,0,0,0,1.000,140,29,34,0,18,3,29,2,0,22,21,6.52
71375131,2016,埼玉西武,2,0,0,0,0,0,0,0,0,.000,13,3,5,0,2,0,1,0,0,3,3,9.00
41145110,2005,ヤクルト,3,0,0,0,0,0,0,0,0,.000,8,2.1,1,0,1,0,2,1,0,0,0,0.00
41145110,2006,東京ヤクルト,1,0,0,0,0,0,0,0,0,.000,18,3,7,0,2,0,2,0,0,4,3,9.00
41145110,2008,東京ヤクルト,4,0,0,0,0,0,0,0,0,.000,23,5,6,0,0,2,1,1,0,3,3,5.40
61365113,2001,西武,8,0,0,0,,,0,0,0,.000,54,12.1,10,0,7,0,6,1,0,4,4,2.92
61365113,2002,西武,5,0,1,0,,,0,0,0,.000,43,9.2,9,2,5,0,8,1,0,9,7,6.52
61365113,2003,西武,14,0,1,0,,,0,0,0,.000,136,29,36,4,15,0,21,1,0,18,17,5.28
61365113,2004,西武,36,4,6,3,,,1,1,1,.400,429,95.2,100,14,48,1,74,3,0,54,47,4.42
61365113,2005,西武,31,5,7,1,1,3,1,0,0,.417,331,69.2,80,15,41,2,59,4,1,55,48,6.20
61365113,2006,西武,9,0,1,0,1,1,0,0,0,.000,68,13,16,2,15,0,9,1,0,11,11,7.62
61365113,2007,西武,9,1,2,0,0,0,0,0,0,.333,161,34.2,39,2,19,1,24,2,0,28,26,6.75
61365113,2008,埼玉西武,52,2,4,1,7,9,0,0,0,.333,357,83,79,5,36,3,64,4,0,34,34,3.69
61365113,2009,埼玉西武,54,4,7,1,15,19,0,0,0,.364,284,66,59,6,30,4,45,2,0,26,23,3.14
61365113,2010,埼玉西武,16,2,1,0,0,1,0,0,0,.667,108,23.1,30,2,10,1,15,2,1,20,20,7.71
61365113,2011,横浜,14,0,0,0,1,1,0,0,0,.000,59,11.2,13,3,10,0,9,1,0,13,11,8.49
31535117,2003,西武,46,5,7,0,,,0,0,0,.417,315,68.1,73,12,39,2,46,3,0,52,46,6.06
31535117,2004,西武,34,2,3,0,,,0,0,0,.400,188,45.1,35,2,20,1,37,2,1,17,16,3.18
31535117,2005,西武,9,0,0,0,2,2,0,0,0,.000,71,14.2,18,6,11,0,11,1,0,15,15,9.20
31535117,2006,西武,4,0,0,0,1,1,0,0,0,.000,17,3.1,6,3,0,1,3,0,0,4,4,10.80
31535117,2007,西武,22,0,2,0,5,5,0,0,0,.000,103,24.1,22,1,5,3,15,1,0,10,9,3.33
31535117,2008,埼玉西武,1,0,0,0,0,0,0,0,0,.000,5,1.1,1,0,0,0,1,0,0,0,0,0.00
31535117,2009,埼玉西武,4,0,0,0,0,0,0,0,0,.000,26,4.1,10,1,2,1,4,0,0,6,6,12.46
31535117,2010,埼玉西武,56,5,3,0,17,22,0,0,0,.625,275,65.1,55,4,24,4,61,1,0,27,24,3.31
31535117,2011,埼玉西武,17,0,1,0,0,0,0,0,0,.000,80,15.2,23,1,8,2,16,0,1,7,7,4.02
31535117,2012,埼玉西武,53,2,1,1,26,28,0,0,0,.667,181,46.1,28,5,11,2,26,0,0,16,13,2.53
31535117,2013,埼玉西武,16,0,2,0,3,3,0,0,0,.000,69,15.1,17,1,4,1,12,1,0,9,9,5.28
31535117,2013,横浜DeNA,24,2,0,0,5,7,0,0,0,1.000,106,25.2,19,5,11,0,23,0,0,11,11,3.86
31535117,2014,横浜DeNA,52,5,5,1,16,21,0,0,0,.500,205,46.2,47,3,19,1,34,3,0,25,20,3.86
31535117,2015,横浜DeNA,45,4,1,0,10,14,0,0,0,.800,167,39.1,36,1,19,0,18,4,0,13,9,2.06
31535117,2016,横浜DeNA,6,0,0,0,0,0,0,0,0,.000,24,4,8,0,3,1,3,0,0,4,4,9.00
51355119,2004,西武,10,1,1,0,,,0,0,0,.500,143,28,37,8,15,5,23,4,0,32,29,9.32
51355119,2005,西武,3,0,1,0,0,0,0,0,0,.000,36,5.1,13,3,7,0,4,0,0,14,12,20.25
51355119,2006,西武,6,0,0,0,0,0,0,0,0,.000,34,7,11,2,4,1,5,1,0,6,6,7.71
51355119,2007,西武,2,0,0,0,0,0,0,0,0,.000,16,3,4,0,0,3,1,0,0,2,2,6.00
51355119,2008,埼玉西武,14,0,2,0,0,0,0,0,0,.000,87,16.1,30,0,10,0,9,0,0,16,10,5.51
51355119,2010,埼玉西武,33,2,1,1,10,12,0,0,0,.667,193,43.2,45,4,19,1,38,4,0,15,15,3.09
51355119,2011,埼玉西武,49,5,1,7,11,16,0,0,0,.833,226,55.1,41,1,27,3,40,3,0,15,13,2.11
51355119,2012,埼玉西武,59,1,3,2,15,16,0,0,0,.250,255,57,66,5,17,4,39,0,0,32,26,4.11
51355119,2013,埼玉西武,20,0,1,0,6,6,0,0,0,.000,91,18,29,1,8,0,12,0,0,13,9,4.50
51355119,2014,埼玉西武,42,1,1,0,11,12,0,0,0,.500,178,39.1,44,1,22,1,28,2,0,12,12,2.75
51355119,2015,埼玉西武,23,1,0,0,5,6,0,0,0,1.000,89,20.2,25,2,2,2,8,1,0,9,7,3.05
51355119,2016,埼玉西武,4,0,0,0,0,0,0,0,0,.000,13,2.2,4,0,2,0,2,0,0,2,2,6.75
41745114,2007,西武,1,0,0,0,0,0,0,0,0,.000,30,6,10,0,4,0,3,0,0,7,4,6.00
41745114,2009,埼玉西武,11,0,4,0,0,0,0,0,0,.000,134,27.1,37,5,17,1,25,4,0,28,26,8.56
41745114,2011,埼玉西武,21,1,0,0,1,2,0,0,0,1.000,106,25,27,2,6,3,17,2,0,11,8,2.88
41745114,2012,埼玉西武,8,0,0,0,0,0,0,0,0,.000,59,14,13,0,7,0,6,3,0,7,7,4.50
51553865,1982,西武,27,1,1,0,,,0,0,0,.500,122,28.2,22,0,21,1,29,1,0,11,11,3.41
51553865,1983,西武,23,2,0,0,,,0,0,0,1.000,138,33.1,30,6,13,0,24,0,0,13,12,3.24
51553865,1984,西武,9,0,1,0,,,0,0,0,.000,53,12.1,10,1,10,1,8,0,0,4,4,2.92
51553865,1985,西武,34,8,3,0,,,8,0,1,.727,554,137,84,13,73,2,104,1,1,44,42,2.76
51553865,1986,西武,22,11,5,0,,,10,2,1,.688,586,145.1,111,22,56,1,138,1,0,53,52,3.22
51553865,1987,西武,27,15,4,0,,,23,2,2,.789,899,223.2,181,18,64,2,175,2,0,65,60,2.41
51553865,1988,西武,24,10,10,1,,,11,2,0,.500,694,159,164,18,70,1,94,4,0,77,67,3.79
51553865,1989,西武,33,4,8,2,,,4,0,0,.333,540,118,126,12,76,2,94,9,0,70,65,4.96
51553865,1990,西武,13,9,2,0,,,4,1,0,.818,359,85.2,58,11,46,2,89,4,0,33,32,3.36
51553865,1991,西武,25,16,3,0,,,10,4,1,.842,705,175.1,124,17,75,0,151,4,0,55,55,2.82
51553865,1992,西武,25,11,5,0,,,6,3,0,.688,645,150.2,140,17,69,3,133,4,0,60,59,3.52
51553865,1993,西武,24,15,3,0,,,4,0,0,.833,697,170,129,10,65,2,130,5,0,46,39,2.06
51553865,1994,西武,24,11,7,0,,,4,1,1,.611,554,130.2,120,12,44,3,124,2,1,54,50,3.44
51553865,1995,福岡ダイエー,22,12,5,0,,,6,1,1,.706,652,163,137,15,48,0,138,4,0,69,66,3.64
51553865,1996,福岡ダイエー,29,8,15,0,,,9,1,0,.348,867,202.2,207,17,70,1,178,6,0,94,79,3.51
51553865,1997,福岡ダイエー,27,11,6,0,,,0,0,0,.647,670,161.1,153,14,48,3,146,2,0,61,60,3.35
51553865,1998,福岡ダイエー,15,7,4,0,,,1,0,1,.636,386,93.2,90,8,28,2,65,0,1,35,32,3.07
51553865,1999,福岡ダイエー,26,11,7,0,,,7,3,2,.611,754,196.1,143,12,34,1,196,6,1,56,52,2.38
51553865,2000,読売,21,12,5,0,,,1,1,1,.706,545,136,127,14,16,1,148,5,0,53,47,3.11
51553865,2001,読売,5,1,3,0,,,0,0,0,.250,103,21.1,35,3,7,0,8,2,0,21,20,8.44
51553865,2002,読売,24,9,8,0,,,1,1,0,.529,681,170.1,157,21,26,2,151,5,0,61,55,2.91
51553865,2003,読売,18,7,6,0,,,4,2,1,.538,483,117,117,15,22,3,115,1,0,56,55,4.23
51553865,2004,読売,23,10,7,0,,,2,0,0,.588,596,138.2,160,27,33,1,128,3,0,78,72,4.67
51553865,2005,読売,24,11,9,0,0,0,1,0,0,.550,595,136,159,26,44,1,130,4,0,73,71,4.70
51553865,2006,読売,13,3,2,0,0,0,0,0,0,.600,295,70,69,12,19,3,52,0,0,41,35,4.50
51553865,2007,横浜,19,7,6,0,0,0,0,0,0,.538,442,103.2,118,6,28,4,73,2,0,46,45,3.91
51553865,2008,横浜,3,0,2,0,0,0,0,0,0,.000,70,13.2,21,3,5,1,7,2,0,13,8,5.27
51553865,2009,横浜,46,2,3,0,10,12,0,0,0,.400,172,37.1,53,11,14,0,24,2,1,30,27,6.51
51553865,2010,埼玉西武,10,0,2,0,0,0,0,0,0,.000,33,6,11,1,4,0,7,0,0,7,7,10.50
03105112,2006,西武,13,4,6,0,0,0,1,0,0,.400,324,74,87,13,19,3,41,1,2,41,35,4.26
03105112,2007,西武,40,4,6,17,2,4,0,0,0,.400,353,79.1,84,6,34,2,61,3,1,43,36,4.08
03105112,2008,埼玉西武,55,3,3,31,4,7,0,0,0,.500,226,57,47,3,13,0,42,2,0,12,9,1.42
03105112,2009,埼玉西武,6,0,2,3,0,0,0,0,0,.000,22,5,6,1,2,0,1,1,0,3,3,5.40
03105112,2010,埼玉西武,7,0,0,0,0,0,0,0,0,.000,31,4.2,15,2,4,0,2,1,0,10,9,17.36
03105112,2011,埼玉西武,29,2,1,1,5,7,0,0,0,.667,112,25.1,27,0,12,1,13,2,0,12,12,4.26
83385113,2001,千葉ロッテ,12,1,4,0,,,1,0,0,.200,191,42,48,9,18,1,31,1,3,36,30,6.43
83385113,2002,千葉ロッテ,47,4,6,2,,,0,0,0,.400,385,96.2,76,14,20,3,102,2,0,38,37,3.44
83385113,2003,千葉ロッテ,47,4,6,1,,,0,0,0,.400,340,82.2,80,9,23,0,71,2,0,35,29,3.16
83385113,2004,読売,62,5,3,5,,,0,0,0,.625,330,77.2,76,9,22,9,83,1,0,25,23,2.67
83385113,2005,読売,70,7,1,0,14,21,0,0,0,.875,367,87.2,75,4,33,3,100,4,0,33,32,3.29
83385113,2007,東京ヤクルト,29,1,2,1,7,8,0,0,0,.333,159,39.1,30,2,12,2,38,2,1,13,10,2.29
83385113,2008,千葉ロッテ,54,5,1,1,13,18,0,0,0,.833,196,48.1,42,2,10,1,49,0,0,15,12,2.23
83385113,2009,千葉ロッテ,55,8,5,15,15,23,0,0,0,.615,254,65.2,41,8,19,3,73,2,0,16,16,2.19
83385113,2010,埼玉西武,58,2,5,33,5,7,0,0,0,.286,255,63,50,7,19,1,48,1,0,18,18,2.57
83385113,2011,埼玉西武,4,0,1,0,0,0,0,0,0,.000,17,3.2,4,1,2,0,3,0,0,2,2,4.91
01903884,1997,西武,14,1,1,0,,,0,0,0,.500,112,25,29,2,10,1,11,1,0,13,13,4.68
01903884,1998,西武,6,1,0,0,,,0,0,0,1.000,65,15.2,15,3,5,0,9,0,0,5,5,2.87
01903884,1999,西武,8,1,2,0,,,0,0,0,.333,108,26.2,21,3,10,1,9,0,0,12,12,4.05
01903884,2000,西武,32,2,2,0,,,0,0,0,.500,234,55.1,45,5,26,3,24,2,0,32,20,3.25
01903884,2001,阪神,25,7,3,0,,,4,2,0,.700,462,109.1,101,11,36,14,43,4,1,41,39,3.21
01903884,2002,阪神,41,5,8,0,,,1,1,0,.385,435,102.1,110,9,27,10,59,2,0,41,39,3.43
01903884,2003,阪神,29,3,3,0,,,0,0,0,.500,160,33.2,44,8,19,3,17,2,0,23,22,5.88
01903884,2004,オリックス,24,1,4,0,,,0,0,0,.200,290,55,87,7,34,7,24,1,1,55,44,7.20
01903884,2005,東北楽天,21,0,0,0,0,0,0,0,0,.000,137,25.1,44,3,15,2,11,1,1,26,23,8.17
01903884,2006,東北楽天,20,0,2,0,2,2,0,0,0,.000,124,26.1,33,3,15,6,12,2,0,16,15,5.13
01903884,2007,東北楽天,2,0,0,0,0,0,0,0,0,.000,20,3,9,1,1,1,2,0,0,6,6,18.00
01903884,2008,埼玉西武,11,0,0,0,0,0,0,0,0,.000,56,13,14,3,3,3,11,1,0,4,4,2.77
01903884,2009,埼玉西武,2,0,0,0,0,0,0,0,0,.000,25,4,11,1,2,0,1,0,0,6,6,13.50
01903884,2010,埼玉西武,8,0,0,0,0,0,0,0,0,.000,40,7.1,9,1,10,1,3,0,0,6,6,7.36
41945116,2009,埼玉西武,1,0,0,0,0,0,0,0,0,.000,17,3.2,4,0,2,0,3,0,0,3,3,7.36
41945116,2010,埼玉西武,9,1,0,0,0,1,0,0,0,1.000,73,16.1,13,0,11,0,15,1,1,4,4,2.20
41945116,2011,埼玉西武,2,0,0,0,0,0,0,0,0,.000,7,2,1,0,0,0,1,0,0,0,0,0.00
41945116,2012,埼玉西武,14,1,2,0,2,2,0,0,0,.333,145,31.2,34,2,12,4,17,4,0,21,17,4.83
41945116,2013,埼玉西武,9,1,1,0,1,2,0,0,0,.500,54,13.2,10,3,6,0,4,1,0,5,5,3.29
41945116,2014,埼玉西武,47,0,1,0,8,8,0,0,0,.000,206,48.2,39,2,22,2,33,3,0,20,20,3.70
41945116,2015,埼玉西武,67,6,1,1,11,17,0,0,0,.857,255,57.1,55,1,36,1,36,4,0,18,18,2.83
41945116,2016,埼玉西武,64,5,3,0,14,19,0,0,0,.625,261,61,58,5,20,1,53,3,0,24,24,3.54
41945116,2017,埼玉西武,58,5,2,0,13,18,0,0,0,.714,234,57.1,47,3,16,3,36,1,0,21,20,3.14
41945116,2018,埼玉西武,35,1,2,0,9,10,0,0,0,.333,140,29.2,36,4,19,3,22,0,0,22,21,6.37
41945116,2019,埼玉西武,10,1,1,0,1,1,0,0,0,.500,68,14.2,14,1,12,1,5,0,0,11,10,6.14
41945116,2020,埼玉西武,3,0,0,0,0,0,0,0,0,.000,28,3.2,9,0,7,0,4,0,0,11,9,22.09
41945116,2021,埼玉西武,46,0,2,0,9,9,0,0,0,.000,120,30.2,17,2,14,0,25,0,0,7,6,1.76
51053886,1998,西武,1,0,0,0,,,0,0,0,.000,9,1.1,4,1,2,0,1,0,0,4,4,27.00
51053886,1999,西武,29,1,1,0,,,0,0,0,.500,139,34.1,24,0,15,2,27,2,0,10,9,2.36
51053886,2000,西武,55,3,1,0,,,0,0,0,.750,210,49.2,44,4,19,0,30,1,1,18,16,2.90
51053886,2001,西武,39,0,1,0,,,0,0,0,.000,101,25,18,1,7,2,23,2,1,11,10,3.60
51053886,2002,西武,50,1,4,0,,,0,0,0,.200,179,43.2,30,3,14,3,41,1,0,14,13,2.68
51053886,2003,西武,40,1,2,1,,,0,0,0,.333,145,34.1,39,7,7,1,27,0,0,16,16,4.19
51053886,2004,横浜,18,5,5,0,,,0,0,0,.500,330,80.1,89,14,11,4,67,0,0,41,37,4.15
51053886,2005,横浜,26,10,11,0,0,0,4,1,1,.476,675,164.2,160,30,30,7,106,4,0,80,70,3.83
51053886,2006,横浜,14,3,7,0,0,0,0,0,0,.300,359,80.2,106,14,21,4,39,0,0,54,54,6.02
51053886,2007,横浜,18,7,8,0,0,0,0,0,0,.467,398,92.2,104,15,23,7,43,0,1,51,46,4.47
51053886,2008,横浜,8,0,4,0,0,0,0,0,0,.000,127,27.2,41,6,6,1,16,0,0,23,23,7.48
51053886,2009,埼玉西武,12,0,1,0,3,3,0,0,0,.000,44,10.2,10,0,0,2,7,0,0,7,6,5.06
51053886,2010,埼玉西武,25,0,0,0,4,4,0,0,0,.000,89,18,24,1,11,1,10,0,0,16,13,6.50
61065118,2013,埼玉西武,7,0,0,0,0,0,0,0,0,.000,53,9.2,19,2,5,0,3,0,0,12,10,9.31
61065118,2016,埼玉西武,8,0,0,0,0,0,0,0,0,.000,23,6,4,1,2,1,3,0,0,4,4,6.00
51953880,1995,西武,9,2,0,0,,,1,1,0,1.000,183,45.1,43,2,10,0,34,0,0,15,10,1.99
51953880,1996,西武,31,16,10,1,,,13,2,2,.615,849,210.1,172,21,74,2,173,4,0,77,74,3.17
51953880,1997,西武,32,15,5,1,,,10,0,2,.750,871,207.2,187,20,68,5,192,1,0,85,72,3.12
51953880,1998,西武,33,13,12,4,,,8,5,1,.520,757,181,160,16,73,4,148,1,1,80,68,3.38
51953880,1999,西武,29,14,10,0,,,7,3,0,.583,732,179.1,141,20,55,3,141,3,0,72,68,3.41
51953880,2000,西武,24,11,5,0,,,4,2,1,.688,618,145.2,136,22,59,3,131,2,0,62,61,3.77
51953880,2001,西武,28,14,9,0,,,1,0,0,.609,730,165.1,156,18,85,6,143,6,0,85,80,4.35
51953880,2002,西武,29,15,10,0,,,3,2,0,.600,753,182,166,25,51,5,180,3,1,76,71,3.51
51953880,2003,西武,14,6,3,0,,,0,0,0,.667,349,76.1,85,19,31,3,69,1,0,60,58,6.84
51953880,2004,西武,21,10,5,0,,,0,0,0,.667,506,117.1,97,19,56,4,112,4,0,50,42,3.22
51953880,2005,西武,25,17,5,0,0,0,3,1,0,.773,701,172,157,13,34,9,137,5,0,55,53,2.77
51953880,2006,西武,26,9,9,0,0,0,2,0,0,.500,767,177.1,175,22,65,9,154,0,0,76,70,3.55
51953880,2007,西武,25,9,11,0,0,0,0,0,0,.450,648,153.2,149,18,44,6,103,2,0,78,73,4.28
51953880,2008,埼玉西武,22,8,6,0,0,0,0,0,0,.571,517,116.1,125,18,48,4,92,5,0,69,65,5.03
51953880,2009,埼玉西武,25,4,4,0,3,3,0,0,0,.500,423,93.1,110,14,38,4,60,3,0,55,53,5.11
51953880,2010,埼玉西武,13,3,2,0,0,0,0,0,0,.600,261,57.1,65,8,27,2,43,0,0,36,35,5.49
51953880,2011,埼玉西武,22,11,7,0,0,0,2,1,0,.611,566,140,104,5,41,8,104,2,1,44,40,2.57
51953880,2012,埼玉西武,14,5,2,0,0,0,0,0,0,.714,347,81.2,77,4,29,1,44,2,0,35,34,3.75
51953880,2013,埼玉西武,4,0,2,0,0,0,0,0,0,.000,58,10.2,18,2,9,0,7,0,0,10,10,8.44
51953880,2014,埼玉西武,8,0,0,0,0,0,0,0,0,.000,51,11,10,3,8,3,11,1,0,10,6,4.91
51953880,2015,埼玉西武,2,0,1,0,0,0,0,0,0,.000,19,4,6,1,1,0,4,1,0,4,4,9.00
81285116,2008,埼玉西武,11,1,2,0,0,0,0,0,0,.333,128,25,41,6,11,0,21,3,0,29,23,8.28
81285116,2009,埼玉西武,5,0,1,1,0,0,0,0,0,.000,87,19.2,18,3,10,1,15,1,0,12,12,5.49
81285116,2010,埼玉西武,11,4,4,0,0,0,1,1,0,.500,275,65.2,71,11,14,3,34,3,0,32,32,4.39
81285116,2011,埼玉西武,23,1,6,0,1,2,1,0,0,.143,282,64,72,10,22,2,36,5,0,41,32,4.50
81285116,2012,埼玉西武,3,0,0,0,0,0,0,0,0,.000,61,14,19,3,2,0,5,1,0,6,5,3.21
81285116,2014,埼玉西武,7,0,0,0,1,1,0,0,0,.000,43,8.1,10,1,8,0,4,0,0,8,8,8.64
51455116,2011,埼玉西武,5,0,0,0,0,0,0,0,0,.000,35,7.2,8,0,2,4,5,1,0,3,3,3.52
51455116,2012,埼玉西武,1,0,0,0,0,0,0,0,0,.000,18,2.1,8,1,3,0,0,1,0,5,5,19.29
51455116,2013,埼玉西武,2,0,0,0,0,0,0,0,0,.000,10,2,3,1,1,1,2,0,0,4,4,18.00
51455116,2014,埼玉西武,20,2,6,0,3,4,0,0,0,.250,229,50.1,56,2,25,6,30,3,0,30,27,4.83
51455116,2015,埼玉西武,7,0,1,0,1,1,0,0,0,.000,52,11.1,10,1,8,1,7,0,0,9,9,7.15
51455116,2016,埼玉西武,10,2,0,0,1,3,0,0,0,1.000,52,13,11,0,3,1,9,0,0,3,3,2.08
51455116,2017,埼玉西武,8,0,0,0,0,0,0,0,0,.000,53,11.2,10,1,7,2,5,0,0,3,2,1.54
71675112,2006,西武,11,3,4,0,0,0,1,0,0,.429,221,51.1,47,8,19,4,46,1,0,29,24,4.21
71675112,2007,西武,7,2,1,0,0,0,0,0,0,.667,130,29.1,25,4,19,2,14,0,0,10,8,2.45
71675112,2009,埼玉西武,18,1,1,1,1,2,0,0,0,.500,97,21.1,18,0,15,1,15,2,0,13,12,5.06
71675112,2010,埼玉西武,6,0,1,0,0,0,0,0,0,.000,18,3.2,5,0,3,0,1,1,0,1,0,0.00
71675112,2011,埼玉西武,26,1,0,0,1,2,0,0,0,1.000,85,21,17,1,3,3,11,1,0,7,3,1.29
71675112,2012,埼玉西武,56,2,1,0,12,14,0,0,0,.667,173,40.2,44,4,7,2,31,1,0,17,16,3.54
01405131,2013,埼玉西武,9,0,1,1,0,0,0,0,0,.000,44,10.1,11,0,2,2,7,2,0,4,4,3.48
71675118,2009,埼玉西武,2,0,0,0,0,0,0,0,0,.000,10,1,4,0,3,0,2,1,0,3,3,27.00
71675118,2010,埼玉西武,2,0,0,0,0,0,0,0,0,.000,12,2.1,2,1,3,0,2,1,0,2,2,7.71
71675118,2012,埼玉西武,3,0,0,0,0,0,0,0,0,.000,12,2.2,0,0,3,1,4,1,0,0,0,0.00
71675118,2014,埼玉西武,10,0,0,0,1,1,0,0,0,.000,63,14.2,14,1,8,0,17,2,0,3,3,1.84
71675118,2015,埼玉西武,18,1,0,0,0,1,0,0,0,1.000,91,19,19,3,15,0,15,2,0,11,11,5.21
01205119,2004,西武,14,3,1,0,,,0,0,0,.750,191,38.2,49,3,23,2,35,2,0,28,24,5.59
01205119,2005,西武,5,0,0,0,0,0,0,0,0,.000,51,8.2,16,2,6,1,7,1,0,12,11,11.42
01205119,2007,西武,45,3,3,0,4,7,0,0,0,.500,264,60.2,52,2,32,3,45,4,0,26,26,3.86
01205119,2008,埼玉西武,3,0,0,0,0,0,0,0,0,.000,29,5.2,6,0,7,0,3,1,0,4,4,6.35
71875114,2009,埼玉西武,12,0,1,0,0,0,0,0,0,.000,59,11.2,16,0,10,0,6,0,0,9,9,6.94
71875114,2010,埼玉西武,9,0,0,0,0,0,0,0,0,.000,34,6.2,11,0,3,1,3,0,0,7,7,9.45
71875114,2012,埼玉西武,4,0,1,0,0,0,0,0,0,.000,47,9.2,12,1,6,1,3,1,0,8,7,6.52
71875114,2013,埼玉西武,12,0,1,0,0,0,0,0,0,.000,74,16,21,1,7,2,10,0,0,5,4,2.25
51755131,2011,埼玉西武,10,4,1,0,0,0,2,0,0,.800,231,54.1,63,6,8,3,24,1,0,26,25,4.14
51755131,2012,埼玉西武,14,4,3,1,0,0,0,0,0,.571,339,81.1,75,5,25,1,57,3,0,34,28,3.10
51755131,2013,埼玉西武,17,9,4,0,0,0,3,3,1,.692,441,108,79,5,44,3,92,2,0,28,23,1.92
51755131,2014,埼玉西武,23,5,11,0,0,0,1,0,0,.313,615,139.2,133,9,78,5,111,7,1,61,55,3.54
51755131,2015,埼玉西武,23,9,10,0,0,0,0,0,0,.474,542,133,97,9,55,2,122,5,1,48,42,2.84
51755131,2016,埼玉西武,22,12,7,0,0,0,2,0,0,.632,595,143,117,7,67,2,127,3,0,51,41,2.58
51755131,2017,埼玉西武,26,16,6,0,0,0,6,4,0,.727,735,187.2,122,16,49,6,217,6,0,49,41,1.97
51755131,2018,埼玉西武,23,14,4,0,0,0,1,0,0,.778,654,163.2,124,16,45,4,153,7,0,59,56,3.08
81385133,2012,埼玉西武,24,1,1,0,1,2,0,0,0,.500,160,36,39,2,12,4,24,3,0,15,11,2.75
81385133,2013,埼玉西武,37,0,5,8,2,2,0,0,0,.000,166,36.2,43,7,12,1,44,1,0,28,26,6.38
81385133,2015,埼玉西武,3,0,0,0,0,0,0,0,0,.000,13,3.1,3,0,1,0,3,0,0,0,0,0.00
81385133,2016,埼玉西武,36,1,0,0,3,4,0,0,0,1.000,126,31.2,18,2,16,0,36,4,0,6,6,1.71
81385133,2017,埼玉西武,20,2,0,0,4,6,0,0,0,1.000,77,19.1,10,0,11,1,17,1,0,2,2,0.93
81385133,2018,埼玉西武,10,1,0,0,2,3,0,0,0,1.000,43,9,12,2,4,1,7,2,0,8,7,7.00
81385133,2019,埼玉西武,2,0,0,0,0,0,0,0,0,.000,11,2.1,4,1,0,0,5,0,0,4,4,15.43
41745113,2002,ヤクルト,29,3,9,0,,,1,1,0,.250,444,107.2,93,14,28,6,100,4,0,49,44,3.68
41745113,2003,ヤクルト,32,4,1,0,,,0,0,0,.800,247,54,71,14,19,1,44,1,0,40,36,6.00
41745113,2004,ヤクルト,34,4,2,0,,,0,0,0,.667,215,49,49,5,22,2,42,5,0,24,24,4.41
41745113,2005,ヤクルト,5,1,2,0,0,1,0,0,0,.333,46,10,14,2,3,1,7,1,0,10,10,9.00
41745113,2006,東京ヤクルト,30,0,0,0,1,1,0,0,0,.000,149,34.1,33,3,14,1,35,6,0,21,19,4.98
41745113,2007,東京ヤクルト,2,0,0,0,0,0,0,0,0,.000,7,1,2,1,2,0,2,0,0,1,1,9.00
41745113,2008,北海道日本ハム,31,6,1,0,2,8,0,0,0,.857,211,51,41,4,18,5,35,4,0,18,18,3.18
41745113,2009,北海道日本ハム,19,0,2,0,2,2,0,0,0,.000,133,28.2,37,3,13,3,11,0,1,19,19,5.97
41745113,2010,横浜,29,1,1,0,5,6,0,0,0,.500,139,32.2,36,2,12,1,16,1,0,11,11,3.03
41745113,2011,埼玉西武,16,0,0,0,1,1,0,0,0,.000,98,22,24,3,9,0,12,0,1,11,6,2.45
41745113,2013,埼玉西武,11,0,2,0,2,2,0,0,0,.000,77,17.1,15,1,11,0,14,2,0,11,10,5.19
81885135,2012,埼玉西武,55,4,3,4,25,29,0,0,0,.571,185,42.1,30,0,23,7,41,2,2,11,8,1.70
81885135,2013,埼玉西武,47,1,2,3,21,22,0,0,0,.333,158,38,20,1,23,3,45,0,0,11,8,1.89
81885135,2014,埼玉西武,60,6,4,0,20,26,0,0,0,.600,230,51.2,54,1,25,4,59,3,0,18,17,2.96
71775135,2012,埼玉西武,9,1,1,0,0,0,0,0,0,.500,100,22.1,18,1,15,3,7,3,0,10,10,4.03
71775135,2013,埼玉西武,11,0,0,0,1,1,0,0,0,.000,63,12.2,18,1,8,1,12,1,0,15,15,10.66
71775135,2014,埼玉西武,4,0,2,0,0,0,0,0,0,.000,71,16,14,2,7,2,8,0,0,8,7,3.94
71775135,2015,埼玉西武,3,0,0,0,0,0,0,0,0,.000,23,5,5,2,0,2,5,0,0,6,4,7.20
71775135,2016,埼玉西武,50,0,2,1,2,2,0,0,0,.000,324,74.2,62,2,39,13,55,3,0,33,31,3.74
71775135,2017,埼玉西武,10,0,0,0,0,0,0,0,0,.000,56,11.1,17,2,6,1,8,1,0,11,11,8.74
71775135,2018,埼玉西武,22,1,0,0,0,1,0,0,0,1.000,115,26.1,24,4,15,4,10,1,0,12,12,4.10
71775135,2019,埼玉西武,8,0,0,0,0,0,0,0,0,.000,69,15.1,15,2,5,4,6,0,0,10,10,5.87
33135135,2012,埼玉西武,16,2,5,3,0,0,0,0,0,.286,121,23,40,2,12,3,16,3,1,19,18,7.04
91295135,2012,埼玉西武,41,6,0,0,9,14,0,0,0,1.000,223,53,50,4,17,3,41,1,0,16,16,2.72
91295135,2013,埼玉西武,28,8,8,0,1,1,6,2,2,.500,688,164.1,158,12,44,9,122,3,1,68,63,3.45
91295135,2014,埼玉西武,21,4,5,3,2,3,1,1,0,.444,255,59,59,6,24,2,41,1,0,27,24,3.66
91295135,2015,埼玉西武,26,11,7,0,0,0,1,0,0,.611,644,152,145,19,53,8,107,1,0,62,60,3.55
91295135,2016,埼玉西武,21,4,6,0,1,2,0,0,0,.400,335,71.1,85,3,31,9,41,2,0,55,50,6.31
91295135,2017,埼玉西武,20,8,7,0,0,0,0,0,0,.533,500,116.1,125,10,35,3,83,0,0,50,44,3.40
91295135,2018,埼玉西武,22,5,8,0,0,0,0,0,0,.385,535,124.1,114,16,56,6,82,2,0,65,61,4.42
91295135,2019,埼玉西武,19,5,6,0,0,0,0,0,0,.455,444,102,106,12,31,4,57,1,2,56,51,4.50
91295135,2020,埼玉西武,8,1,2,0,0,1,0,0,0,.333,117,24,30,5,13,3,13,4,0,21,20,7.50
91295135,2021,埼玉西武,40,1,1,0,8,9,0,0,0,.500,176,40,41,1,19,2,26,0,0,18,15,3.38
91295135,2022,埼玉西武,13,0,0,0,0,0,0,0,0,.000,70,15.1,15,2,8,1,15,1,0,11,4,2.35
43145137,2014,埼玉西武,2,0,2,0,0,0,0,0,0,.000,30,4.1,8,2,6,2,3,0,0,8,7,14.54
43145137,2016,埼玉西武,2,0,2,0,0,0,0,0,0,.000,37,7.2,11,0,7,0,4,1,2,10,10,11.74
43145137,2017,埼玉西武,5,0,1,0,0,0,0,0,0,.000,33,6,9,3,5,1,8,3,0,13,13,19.50
43145137,2018,埼玉西武,10,0,1,0,0,0,0,0,0,.000,67,15.2,14,1,7,1,12,3,0,6,6,3.45
43145137,2019,埼玉西武,2,0,1,0,0,0,0,0,0,.000,51,9.1,17,3,6,1,5,0,0,12,12,11.57
31735137,2016,埼玉西武,7,1,3,0,0,0,0,0,0,.250,111,25,24,3,13,5,17,3,0,16,16,5.76
31935137,2013,埼玉西武,24,1,0,0,10,11,0,0,0,1.000,77,18.2,10,1,11,1,28,1,0,7,7,3.38
31935137,2014,埼玉西武,63,2,1,29,13,15,0,0,0,.667,258,62.2,47,2,24,1,80,3,0,15,14,2.01
31935137,2015,埼玉西武,62,2,3,22,14,16,0,0,0,.400,264,61.2,49,3,26,5,55,2,0,21,20,2.92
31935137,2016,埼玉西武,7,1,0,1,3,4,0,0,0,1.000,23,5.1,5,0,3,0,2,0,0,1,1,1.69
31935137,2017,埼玉西武,3,0,1,0,0,0,0,0,0,.000,13,2.2,3,1,2,0,2,0,0,2,2,6.75
31935137,2018,埼玉西武,1,0,0,0,0,0,0,0,0,.000,2,+,1,0,1,0,0,1,0,2,2,----
71275137,2013,埼玉西武,42,5,3,0,5,10,0,0,0,.625,237,52.2,60,3,19,1,44,1,0,25,22,3.76
71275137,2014,埼玉西武,44,3,4,0,22,25,0,0,0,.429,181,44.2,35,3,13,1,37,0,0,14,14,2.82
71275137,2015,埼玉西武,72,2,4,3,40,42,0,0,0,.333,302,74,64,1,15,4,62,2,0,26,25,3.04
71275137,2016,埼玉西武,53,3,5,28,5,8,0,0,0,.375,232,54.1,51,1,15,2,53,0,0,13,10,1.66
71275137,2017,埼玉西武,57,1,5,28,4,5,0,0,0,.167,220,56.1,41,7,13,0,58,0,0,17,15,2.40
71275137,2018,埼玉西武,41,2,4,14,2,4,0,0,0,.333,170,38.1,44,5,9,2,23,1,0,23,22,5.17
71275137,2019,埼玉西武,65,4,1,30,7,11,0,0,0,.800,272,69.2,51,5,10,0,74,0,0,15,14,1.81
71275137,2020,埼玉西武,48,5,0,33,1,6,0,0,0,1.000,196,49,41,3,10,2,42,0,0,11,11,2.02
71275137,2021,埼玉西武,33,0,3,8,9,9,0,0,0,.000,131,30.2,32,4,7,1,23,1,0,17,17,4.99
71275137,2022,埼玉西武,52,2,5,31,5,7,0,0,0,.286,200,51.1,37,7,10,0,34,0,0,14,14,2.45
71275137,2023,埼玉西武,40,4,4,19,6,10,0,0,0,.500,169,38,44,5,7,2,27,0,0,24,23,5.45
71275137,2024,埼玉西武,13,0,2,0,3,3,0,0,0,.000,48,11,15,1,2,0,5,0,0,5,5,4.09
31035139,2014,埼玉西武,34,2,2,0,2,4,0,0,0,.500,172,39.2,48,5,10,2,17,1,0,20,20,4.54
31035139,2015,埼玉西武,3,0,0,0,0,0,0,0,0,.000,15,3.2,1,0,4,0,2,0,0,0,0,0.00
31035139,2016,埼玉西武,6,0,0,0,0,0,0,0,0,.000,29,6,7,0,3,0,7,1,0,1,1,1.50
31035139,2018,埼玉西武,2,0,0,0,0,0,0,0,0,.000,7,1.1,2,0,1,0,0,0,0,2,2,13.50
71275139,2015,埼玉西武,1,0,0,0,0,0,0,0,0,.000,10,2,1,0,4,0,2,0,0,1,1,4.50
71275139,2017,埼玉西武,10,0,0,0,0,0,0,0,0,.000,81,18,20,5,8,0,12,0,0,12,12,6.00
93195139,2014,埼玉西武,36,2,1,0,5,7,0,0,0,.667,179,40,38,4,24,1,30,3,3,20,20,4.50
33335139,2014,埼玉西武,12,3,7,0,0,0,0,0,0,.300,281,61,77,5,23,5,29,0,2,47,37,5.46
63165130,2015,埼玉西武,21,3,7,0,0,0,0,0,0,.300,377,79.2,97,10,37,7,49,3,1,55,47,5.31
63165130,2016,埼玉西武,12,0,3,0,0,0,0,0,0,.000,107,22.1,28,2,10,4,20,2,0,23,21,8.46
63165130,2018,埼玉西武,3,1,0,0,0,0,0,0,0,1.000,68,15.2,17,4,5,1,10,0,0,11,11,6.32
63165130,2019,埼玉西武,2,1,1,0,0,0,0,0,0,.500,44,10,7,1,6,1,7,1,0,6,5,4.50
01905130,2015,埼玉西武,2,0,0,0,0,0,0,0,0,.000,26,5,6,1,5,0,4,0,0,4,3,5.40
01905130,2016,埼玉西武,15,1,1,0,0,1,0,0,0,.500,116,27.1,22,2,15,1,11,1,0,14,10,3.29
01905130,2017,埼玉西武,6,3,1,0,0,0,0,0,0,.750,110,23.2,29,1,11,3,12,2,0,14,12,4.56
01905130,2018,埼玉西武,5,0,1,0,0,0,0,0,0,.000,47,9.2,15,3,5,2,3,0,0,9,9,8.38
01905130,2019,埼玉西武,44,2,2,0,2,4,0,0,0,.500,297,67.2,68,4,32,4,39,1,0,34,33,4.39
01905130,2020,埼玉西武,8,0,0,0,0,0,0,0,0,.000,30,6.2,9,1,2,0,1,1,0,1,1,1.35
01905130,2021,埼玉西武,23,0,0,0,2,2,0,0,0,.000,84,18.1,22,1,8,2,7,1,0,10,10,4.91
01905130,2022,埼玉西武,2,0,0,0,0,0,0,0,0,.000,9,2,0,0,2,1,0,0,0,0,0,0.00
71075130,2015,埼玉西武,8,5,2,0,0,0,1,1,0,.714,185,44,32,3,23,4,22,2,1,16,15,3.07
71075130,2016,埼玉西武,22,4,11,0,0,0,2,1,0,.267,529,118,134,10,51,5,89,12,0,73,58,4.42
71075130,2017,埼玉西武,7,3,4,0,0,0,0,0,0,.429,169,39.1,36,3,20,1,30,3,0,20,18,4.12
71075130,2018,埼玉西武,3,2,1,0,0,0,0,0,0,.667,91,20,17,2,13,1,15,1,0,10,10,4.50
71075130,2019,埼玉西武,21,10,6,0,0,0,1,0,0,.625,554,123.2,144,13,47,14,90,7,1,77,62,4.51
71075130,2020,埼玉西武,20,8,8,0,0,0,1,1,0,.500,501,120.1,100,9,44,7,100,6,0,51,50,3.74
71075130,2021,埼玉西武,27,11,9,0,0,0,0,0,0,.550,728,173.2,157,23,62,6,127,13,0,81,73,3.78
71075130,2022,埼玉西武,26,12,8,0,0,0,0,0,0,.600,705,175.2,153,9,51,11,128,5,0,48,43,2.20
71075130,2023,埼玉西武,23,10,8,0,0,0,4,2,1,.556,626,155,123,8,47,7,120,7,0,47,38,2.21
71075130,2024,埼玉西武,15,0,11,0,0,0,0,0,0,.000,362,81.1,94,5,24,6,61,3,1,39,35,3.87
71075130,2025,埼玉西武,24,8,9,0,0,0,0,0,0,.471,616,148,141,10,41,6,88,7,1,56,50,3.04
71075130,2026,埼玉西武,21,9,6,0,0,0,3,0,0,.600,526,132.1,95,11,46,3,106,1,0,43,38,2.58
63365130,2015,埼玉西武,34,3,1,0,9,12,0,0,0,.750,161,34.2,40,0,21,3,21,3,0,15,14,3.63
63365130,2016,埼玉西武,19,0,0,0,6,6,0,0,0,.000,75,16.1,12,2,11,1,13,2,0,11,10,5.51
73575130,2015,埼玉西武,4,0,0,0,0,0,0,0,0,.000,23,3.2,10,1,3,0,4,1,0,6,6,14.73
03505130,2015,埼玉西武,8,2,5,0,0,0,1,0,0,.286,196,44.2,43,6,18,2,26,3,0,26,21,4.23
91795132,2016,埼玉西武,2,0,0,0,0,0,0,0,0,.000,12,3,2,0,3,0,4,1,0,0,0,0.00
91795132,2019,埼玉西武,15,1,0,0,2,3,0,0,0,1.000,62,14.2,13,3,7,0,2,0,0,6,6,3.68
91795132,2020,埼玉西武,7,0,0,0,1,1,0,0,0,.000,55,11,14,2,8,0,8,2,0,11,9,7.36
83385132,2016,埼玉西武,18,0,0,0,1,1,0,0,0,.000,80,16.2,25,1,5,0,13,3,1,14,12,6.48
51255132,2016,埼玉西武,18,7,5,0,0,0,2,1,0,.583,433,98.2,101,6,40,8,91,10,0,51,48,4.38
51255132,2017,埼玉西武,16,5,5,0,0,0,2,2,1,.500,411,96.2,93,11,26,8,74,3,0,39,37,3.44
51255132,2018,埼玉西武,26,16,5,0,0,0,5,2,1,.762,730,172.2,173,12,47,11,102,5,0,81,73,3.81
51255132,2019,埼玉西武,12,1,6,0,0,0,1,1,0,.143,306,66.1,84,8,25,6,37,3,0,47,43,5.83
41445132,2016,埼玉西武,22,0,0,0,4,4,0,0,0,.000,80,18.1,21,1,5,1,15,0,0,8,8,3.93
41445132,2017,埼玉西武,38,1,0,0,1,2,0,0,0,1.000,143,36.1,21,1,15,1,26,2,2,8,8,1.98
41445132,2018,埼玉西武,58,1,1,1,19,20,0,0,0,.500,181,41,36,7,24,4,40,2,0,17,16,3.51
41445132,2019,埼玉西武,23,2,0,0,2,4,0,0,0,1.000,84,19.2,14,1,9,3,10,0,0,8,8,3.66
41445132,2020,埼玉西武,3,0,0,0,0,0,0,0,0,.000,6,1,2,0,1,0,1,0,0,0,0,0.00
83585132,2016,埼玉西武,10,0,4,0,0,0,0,0,0,.000,218,45.2,59,3,26,2,35,1,0,34,32,6.31
31835132,2016,埼玉西武,2,0,1,0,0,0,0,0,0,.000,23,4.2,8,0,1,1,3,0,0,4,4,7.71
31835132,2017,埼玉西武,5,0,0,0,0,0,0,0,0,.000,36,7.2,7,0,6,0,5,0,0,4,4,4.70
31835132,2018,埼玉西武,1,0,0,0,0,0,0,0,0,.000,15,2.1,7,2,1,0,0,2,0,6,6,23.14
31835132,2019,埼玉西武,16,6,6,0,0,0,0,0,0,.500,375,91.1,88,13,28,3,53,2,0,48,47,4.63
31835132,2020,埼玉西武,7,1,4,0,0,0,0,0,0,.200,149,35.1,35,6,13,0,24,1,0,17,16,4.08
31835132,2021,埼玉西武,6,0,3,0,0,0,0,0,0,.000,111,25.2,23,3,14,0,9,2,0,14,12,4.21
31835132,2022,埼玉西武,45,4,2,0,20,24,0,0,0,.667,202,50.1,37,2,15,3,33,3,0,11,11,1.97
31835132,2023,埼玉西武,25,0,1,0,2,2,0,0,0,.000,148,34.2,34,2,15,0,29,1,0,7,6,1.56
31835132,2024,埼玉西武,31,1,4,0,10,11,0,0,0,.200,140,30.2,36,3,14,1,18,4,0,16,14,4.11
31835132,2025,オリックス,9,0,0,0,0,0,0,0,0,.000,56,12.2,18,1,2,0,9,0,0,9,9,6.39
73075132,2016,埼玉西武,9,0,6,0,0,0,0,0,0,.000,203,44,44,3,25,2,32,4,0,31,23,4.70
91895132,2016,埼玉西武,2,0,0,0,0,0,0,0,0,.000,12,2.2,3,0,2,0,1,1,0,0,0,0.00
91895132,2018,埼玉西武,24,0,0,0,1,1,0,0,0,.000,113,24,31,4,10,1,16,0,0,18,18,6.75
91895132,2019,埼玉西武,4,0,0,0,0,0,0,0,0,.000,25,5,9,2,1,0,3,0,0,4,4,7.20
21825132,2016,埼玉西武,4,0,0,0,0,0,0,0,0,.000,19,4,3,0,4,0,1,0,1,1,1,2.25
21825132,2017,埼玉西武,5,0,0,0,0,0,0,0,0,.000,23,4.2,6,1,4,0,5,0,0,4,4,7.71
21825132,2018,埼玉西武,4,0,0,0,0,0,0,0,0,.000,27,4.2,12,2,3,0,6,0,0,9,8,15.43
21825132,2019,埼玉西武,1,0,0,0,0,0,0,0,0,.000,3,+,0,0,3,0,0,2,0,1,1,----
31335134,2018,埼玉西武,15,5,5,0,0,0,1,0,0,.500,345,78.2,74,11,35,6,65,4,1,45,42,4.81
31335134,2019,埼玉西武,23,7,9,0,0,0,1,1,0,.438,596,135.1,127,16,72,5,105,7,1,74,65,4.32
31335134,2020,埼玉西武,19,3,4,0,0,1,0,0,0,.429,310,61.2,72,5,52,5,44,2,0,49,42,6.13
31335134,2021,埼玉西武,25,8,8,0,0,0,3,1,0,.500,682,158.1,123,15,99,11,137,11,0,66,58,3.30
31335134,2022,埼玉西武,9,5,1,0,0,0,0,0,0,.833,246,59.2,37,3,34,5,61,1,0,16,16,2.41
31335134,2023,埼玉西武,19,10,5,0,0,0,2,1,0,.667,533,133,87,11,61,8,130,4,0,38,34,2.30
31335134,2024,埼玉西武,25,10,8,0,0,0,2,1,0,.556,712,173.1,132,8,70,5,187,8,0,52,45,2.34
31335134,2025,埼玉西武,24,10,5,0,0,0,5,3,3,.667,641,163.2,101,6,45,10,178,3,0,38,35,1.92
33535134,2017,埼玉西武,18,2,2,0,0,2,0,0,0,.500,140,31,29,5,18,2,21,2,0,25,22,6.39
53555134,2017,埼玉西武,1,0,1,0,0,0,0,0,0,.000,19,3,9,2,2,0,6,0,0,7,7,21.00
13715134,2017,埼玉西武,64,1,5,0,32,33,0,0,0,.167,269,63.2,58,1,29,0,23,1,1,22,20,2.83
01205134,2017,埼玉西武,12,0,0,0,0,0,0,0,0,.000,66,14.1,18,6,6,0,9,0,0,12,11,6.91
01205134,2018,埼玉西武,4,0,0,0,0,0,0,0,0,.000,21,5,6,1,0,0,3,0,0,2,2,3.60
01205134,2019,埼玉西武,6,0,0,0,0,0,0,0,0,.000,34,7.1,9,1,4,0,3,2,0,5,5,6.14
01205134,2020,埼玉西武,31,0,0,0,0,0,0,0,0,.000,181,41,47,4,16,2,27,4,0,20,18,3.95
01205134,2021,埼玉西武,22,1,0,1,0,1,0,0,0,1.000,130,31,17,2,16,4,20,0,0,10,10,2.90
01205134,2022,埼玉西武,3,0,0,0,0,0,0,0,0,.000,13,3,3,0,1,0,1,1,0,2,2,6.00
01205134,2023,埼玉西武,24,2,1,1,6,8,0,0,0,.667,93,23.2,14,1,8,0,20,4,0,4,4,1.52
01205134,2024,埼玉西武,28,1,0,0,1,2,0,0,0,1.000,122,29.2,24,1,11,0,24,0,0,10,6,1.82
01205134,2025,埼玉西武,20,0,1,0,1,1,0,0,0,.000,116,27.2,26,4,7,2,20,0,0,13,11,3.58
01405134,2017,埼玉西武,1,0,0,0,0,0,0,0,0,.000,5,0.2,0,0,3,0,0,0,0,2,2,27.00
01405134,2018,埼玉西武,2,0,0,0,0,0,0,0,0,.000,13,2,3,0,4,0,4,0,0,4,4,18.00
01405134,2020,埼玉西武,6,0,0,0,0,0,0,0,0,.000,33,7,8,0,4,0,5,0,0,4,4,5.14
91695134,2017,埼玉西武,42,2,0,0,4,6,0,0,0,1.000,184,45,43,4,10,3,42,3,1,15,12,2.40
91695134,2018,埼玉西武,64,3,1,0,21,24,0,0,0,.750,217,53,40,9,19,2,54,1,0,22,20,3.40
91695134,2019,埼玉西武,81,5,4,0,36,41,0,0,0,.556,354,82.1,77,6,32,6,66,4,0,33,32,3.50
91695134,2020,埼玉西武,41,5,5,0,7,11,0,0,0,.500,260,60.1,60,3,23,1,53,3,0,35,28,4.18
91695134,2021,埼玉西武,25,4,4,0,2,3,0,0,0,.500,327,74.2,85,7,19,6,55,2,0,40,35,4.22
91695134,2022,埼玉西武,30,6,8,0,2,4,0,0,0,.429,349,81,77,7,27,6,48,1,0,34,26,2.89
91695134,2023,埼玉西武,54,4,3,0,28,32,0,0,0,.571,222,53,46,3,22,1,29,1,0,15,15,2.55
91695134,2024,埼玉西武,13,0,0,0,4,4,0,0,0,.000,46,9.2,14,1,3,0,6,0,0,5,5,4.66
73075134,2017,埼玉西武,5,1,1,0,0,0,0,0,0,.500,108,21,32,2,13,2,11,0,0,17,16,6.86
11315136,2018,埼玉西武,16,3,0,0,0,2,0,0,0,1.000,115,26.1,26,1,9,1,13,1,0,12,8,2.73
11315136,2019,埼玉西武,6,0,0,0,0,0,0,0,0,.000,25,6,7,1,3,0,2,0,0,4,4,6.00
11315136,2020,埼玉西武,12,0,2,0,0,0,0,0,0,.000,128,28.2,30,3,16,0,18,6,0,13,13,4.08
11315136,2021,埼玉西武,13,0,1,0,2,2,0,0,0,.000,91,18,22,2,16,2,9,2,0,9,8,4.00
83385136,2018,埼玉西武,20,7,4,3,1,3,0,0,0,.636,330,74.1,60,5,45,6,51,0,0,38,37,4.48
41745136,2018,埼玉西武,16,1,3,0,1,2,0,0,0,.250,78,16.2,14,2,14,3,10,2,0,13,13,7.02
41745136,2019,埼玉西武,9,0,0,0,1,1,0,0,0,.000,51,10.2,12,4,6,3,7,0,0,9,8,6.75
41745136,2020,埼玉西武,7,0,1,0,0,0,0,0,0,.000,51,10,15,2,7,1,3,1,0,12,11,9.90
31035136,2019,埼玉西武,26,2,1,1,6,8,0,0,0,.667,111,24,29,2,9,3,23,3,0,13,9,3.38
31035136,2020,埼玉西武,54,1,0,1,33,34,0,0,0,1.000,214,53,22,2,29,8,62,5,0,11,11,1.87
31035136,2021,埼玉西武,62,3,4,20,21,24,0,0,0,.429,247,60,36,0,28,5,70,3,0,6,6,0.90
31035136,2022,埼玉西武,61,1,3,9,34,35,0,0,0,.250,226,57.2,36,2,18,2,75,3,0,15,10,1.56
31035136,2023,埼玉西武,23,11,7,0,0,0,0,0,0,.611,611,150,115,10,55,5,153,0,0,47,40,2.40
31035136,2024,埼玉西武,22,3,2,0,9,11,0,0,0,.600,208,48.2,44,1,21,5,43,1,0,11,9,1.66
31035136,2025,埼玉西武,54,4,2,31,8,12,0,0,0,.667,220,52.2,43,0,21,3,53,2,0,12,10,1.71
31035136,2026,埼玉西武,23,12,5,0,0,0,1,1,0,.706,568,146,95,4,45,7,141,4,0,25,22,1.36
13015136,2018,埼玉西武,22,2,1,1,10,12,0,0,0,.667,88,21.2,15,2,12,2,26,0,0,5,5,2.08
13015136,2019,埼玉西武,41,2,5,1,10,12,0,0,0,.286,199,41.2,40,2,28,8,36,4,0,25,17,3.67
63165136,2020,埼玉西武,8,2,4,0,0,0,0,0,0,.333,169,38,47,5,13,2,18,0,0,23,23,5.45
63165136,2021,埼玉西武,15,1,1,0,1,1,0,0,0,.500,157,38.2,31,3,10,4,28,0,0,12,12,2.79
63165136,2022,埼玉西武,20,10,7,0,0,1,1,1,1,.588,463,115.2,104,11,16,4,61,2,0,39,37,2.88
63165136,2023,埼玉西武,15,2,6,0,0,0,1,1,1,.250,340,83,72,9,21,5,39,1,0,38,34,3.69
63165136,2024,埼玉西武,7,1,4,0,0,1,0,0,0,.200,106,24.1,22,4,11,0,13,0,0,13,13,4.81
63165136,2025,埼玉西武,16,6,5,0,0,0,1,0,0,.545,377,93.2,74,10,16,9,44,0,0,30,26,2.50
63765136,2018,埼玉西武,36,2,1,1,9,11,0,0,0,.667,147,32,29,3,23,2,24,0,0,21,15,4.22
71175138,2019,埼玉西武,1,0,0,0,0,0,0,0,0,.000,10,2,4,0,1,0,0,0,0,2,2,9.00
13315138,2019,埼玉西武,17,12,1,0,0,0,0,0,0,.923,410,100.1,103,8,15,6,51,2,1,38,32,2.87
13315138,2020,埼玉西武,21,6,8,0,0,0,0,0,0,.429,485,112,125,13,35,8,66,0,0,68,65,5.22
13315138,2021,埼玉西武,11,1,6,0,0,0,0,0,0,.143,262,60,76,3,15,3,26,3,0,41,39,5.85
81685138,2019,埼玉西武,16,7,4,0,0,0,0,0,0,.636,384,85.1,87,11,46,2,65,8,0,47,43,4.54
81685138,2020,埼玉西武,20,6,7,0,0,0,0,0,0,.462,452,103,89,19,56,2,66,2,0,55,50,4.37
81685138,2021,埼玉西武,28,10,8,0,0,0,1,1,0,.556,638,149.2,137,15,64,4,130,4,0,63,63,3.79
81685138,2022,埼玉西武,21,7,6,0,0,0,1,0,0,.538,536,129.2,106,8,44,3,104,3,0,49,46,3.19
81685138,2023,埼玉西武,20,6,8,0,0,0,1,0,0,.429,496,116.2,102,14,48,5,89,3,1,48,45,3.47
81685138,2024,埼玉西武,34,1,9,0,6,6,0,0,0,.100,284,66.1,54,11,29,2,41,1,0,32,29,3.93
81685138,2025,埼玉西武,3,0,2,0,0,0,0,0,0,.000,59,14,14,3,5,0,12,0,0,10,10,6.43
81685138,2026,埼玉西武,9,0,0,1,0,0,0,0,0,.000,46,10.1,11,2,3,0,14,0,0,8,8,6.97
71875138,2019,埼玉西武,29,2,1,0,2,4,0,0,0,.667,143,31,29,3,20,3,24,1,0,17,17,4.94
71875138,2020,埼玉西武,47,7,1,1,16,23,0,0,0,.875,178,46.2,22,3,20,1,41,1,1,8,7,1.35
71875138,2021,埼玉西武,45,3,1,1,13,16,0,0,0,.750,184,40.1,42,3,22,2,29,3,0,18,18,4.02
71875138,2022,埼玉西武,43,1,1,1,10,11,0,0,0,.500,148,36.2,30,2,8,2,33,0,0,10,7,1.72
71875138,2023,埼玉西武,31,2,1,3,12,14,0,0,0,.667,117,27.2,22,1,15,0,26,1,0,8,6,1.95
71875138,2026,埼玉西武,23,2,2,0,7,9,0,0,0,.500,89,21,18,1,7,0,16,0,0,8,7,3.00
53155138,2021,埼玉西武,17,4,4,0,2,2,0,0,0,.500,232,55,43,3,30,3,33,4,0,24,21,3.44
53155138,2022,埼玉西武,3,1,1,0,0,0,0,0,0,.500,67,13.1,15,1,11,1,6,2,0,11,9,6.08
53155138,2023,埼玉西武,2,1,0,0,0,0,0,0,0,1.000,42,11,7,0,5,0,4,0,0,1,1,0.82
53155138,2024,埼玉西武,14,3,4,0,0,0,0,0,0,.429,366,87.2,81,5,27,5,50,1,0,26,26,2.67
53155138,2025,埼玉西武,23,7,9,0,0,0,1,1,1,.438,565,134,127,9,38,4,81,3,0,47,40,2.69
53155138,2026,埼玉西武,20,5,7,0,0,0,0,0,0,.417,523,127,112,10,40,0,99,0,0,52,51,3.61
71375151,2021,埼玉西武,4,0,0,0,0,0,0,0,0,.000,28,4.1,9,1,6,0,5,0,0,5,5,10.38
21325151,2021,埼玉西武,5,1,1,0,0,0,0,0,0,.500,94,21.1,26,3,9,0,10,1,1,15,15,6.33
03305151,2020,埼玉西武,49,3,2,0,16,19,0,0,0,.600,220,49.1,52,2,20,3,45,1,0,20,17,3.10
03305151,2021,埼玉西武,61,4,3,2,17,21,0,0,0,.571,258,57.1,57,6,33,0,59,3,1,28,24,3.77
13715151,2020,埼玉西武,5,1,2,0,0,0,0,0,0,.333,96,21.1,22,3,10,1,21,0,0,16,16,6.75
61465151,2020,埼玉西武,12,3,3,0,0,0,0,0,0,.500,217,50.2,48,7,21,3,23,1,0,30,28,4.97
61465151,2021,埼玉西武,8,1,6,0,0,0,0,0,0,.143,174,36.2,39,8,26,4,26,4,0,27,27,6.63
61465151,2024,埼玉西武,1,0,0,0,0,0,0,0,0,.000,15,2.1,3,0,3,1,1,0,0,4,3,11.57
61465151,2025,埼玉西武,16,0,0,0,0,0,0,0,0,.000,60,14,13,0,10,0,12,1,0,8,7,4.50
61465151,2026,埼玉西武,25,0,1,0,4,4,0,0,0,.000,99,21.2,23,1,15,0,18,1,1,10,6,2.49
61665151,2020,埼玉西武,2,0,0,0,0,0,0,0,0,.000,12,2,5,0,2,0,0,0,0,3,3,13.50
61665151,2021,埼玉西武,5,0,0,0,0,0,0,0,0,.000,22,4,5,0,5,1,1,0,0,5,5,11.25
61665151,2025,北海道日本ハム,3,0,0,0,0,0,0,0,0,.000,22,4,8,1,2,0,5,0,0,4,3,6.75
61665151,2026,北海道日本ハム,2,0,1,0,0,0,0,0,0,.000,11,1.1,4,0,3,0,0,0,0,4,3,20.25
51855151,2020,埼玉西武,49,2,1,0,13,15,0,0,0,.667,202,44.2,40,1,29,1,45,3,0,21,19,3.83
51855151,2021,埼玉西武,29,1,2,0,6,7,0,0,0,.333,117,24.2,23,4,18,3,30,5,0,18,18,6.57
51855151,2022,埼玉西武,45,1,0,1,1,2,0,0,0,1.000,205,48.2,46,3,19,0,44,3,0,17,14,2.59
51855151,2023,埼玉西武,4,1,2,0,0,0,0,0,0,.333,83,16.1,23,3,13,2,9,1,0,13,13,7.16
51855151,2024,東京ヤクルト,4,0,0,0,0,0,0,0,0,.000,21,4,9,0,1,0,4,0,0,3,3,6.75
41145119,2004,横浜,2,0,0,0,,,0,0,0,.000,10,1.1,2,0,3,1,2,0,0,1,1,6.75
41145119,2005,横浜,2,0,0,0,0,0,0,0,0,.000,6,1.1,2,0,0,0,1,0,0,0,0,0.00
41145119,2006,横浜,28,3,3,0,0,0,0,0,0,.500,326,84.2,62,16,16,1,86,3,0,28,28,2.98
41145119,2007,横浜,9,2,0,0,1,3,0,0,0,1.000,44,10.1,11,1,3,0,10,0,0,3,3,2.61
41145119,2008,横浜,23,0,2,0,3,3,0,0,0,.000,102,24,18,6,13,0,28,1,0,16,14,5.25
41145119,2009,横浜,4,0,0,0,0,0,0,0,0,.000,32,6,9,1,2,2,10,1,0,8,7,10.50
41145119,2010,横浜,41,2,1,0,23,25,0,0,0,.667,213,52,28,4,28,1,69,3,0,9,7,1.21
41145119,2011,横浜,45,2,1,0,19,21,0,0,0,.667,188,46.1,37,7,16,0,61,1,0,21,19,3.69
41145119,2012,横浜DeNA,5,0,0,0,0,0,0,0,0,.000,34,7,10,1,5,0,10,0,0,5,5,6.43
81183889,1994,横浜,15,1,1,0,,,0,0,0,.500,126,28,29,1,18,0,18,0,0,13,13,4.18
81183889,1995,横浜,3,0,0,0,,,0,0,0,.000,44,9.1,3,0,13,0,6,0,0,2,2,1.93
81183889,1996,横浜,14,0,1,0,,,0,0,0,.000,95,18,27,3,14,1,11,3,0,19,19,9.50
81183889,1998,横浜,2,0,0,0,,,0,0,0,.000,10,2,2,0,2,0,1,0,0,2,2,9.00
81183889,2010,横浜,22,7,9,0,0,0,1,0,0,.438,525,121.2,145,16,22,3,62,2,0,72,62,4.59
81183889,2011,横浜,7,0,6,0,0,0,0,0,0,.000,145,32.2,41,6,10,0,14,1,0,26,25,6.89
91393888,1999,広島東洋,28,1,0,0,,,0,0,0,1.000,169,36.1,37,2,21,3,31,2,1,20,15,3.72
91393888,2000,広島東洋,23,1,3,2,,,0,0,0,.250,78,15.2,23,1,7,0,6,2,0,15,12,6.89
91393888,2001,広島東洋,27,0,1,5,,,0,0,0,.000,118,29.2,26,0,12,2,21,0,0,6,6,1.82
91393888,2002,広島東洋,44,2,1,30,,,0,0,0,.667,180,43,44,3,13,1,33,1,0,14,13,2.72
91393888,2003,広島東洋,23,2,1,0,,,0,0,0,.667,104,23.1,25,2,8,2,15,0,1,11,11,4.24
91393888,2004,広島東洋,21,4,3,0,,,2,1,0,.571,387,91.1,88,9,24,10,60,0,0,33,32,3.15
91393888,2005,広島東洋,18,6,11,0,0,0,4,2,1,.353,514,115.2,130,17,33,9,86,0,0,67,60,4.67
91393888,2006,広島東洋,18,0,0,0,8,8,0,0,0,.000,70,15,16,1,9,0,17,0,0,10,9,5.40
91393888,2007,広島東洋,3,0,1,0,0,0,0,0,0,.000,62,12,20,2,6,2,9,0,0,16,11,8.25
91393888,2008,横浜,39,3,4,0,5,8,0,0,0,.429,205,47.1,48,2,20,3,25,2,0,22,20,3.80
91393888,2009,横浜,7,0,1,0,0,0,0,0,0,.000,50,10,14,1,5,1,6,2,1,10,8,7.20
21525131,2010,横浜,27,3,12,0,1,1,0,0,0,.200,620,145,165,15,28,7,83,1,1,67,59,3.66
21525131,2011,横浜,29,4,3,0,3,4,0,0,0,.571,291,70.2,72,8,11,2,51,0,0,28,28,3.57
21525131,2012,横浜DeNA,61,0,2,0,26,26,0,0,0,.000,175,44,34,4,11,2,45,0,0,14,14,2.86
21525131,2013,横浜DeNA,48,1,4,0,9,10,0,0,0,.200,153,34,40,4,10,4,33,0,0,16,15,3.97
21525131,2014,横浜DeNA,37,2,1,1,13,15,0,0,0,.667,160,38.1,37,6,8,3,26,0,0,21,21,4.93
21525131,2015,横浜DeNA,9,0,0,0,3,3,0,0,0,.000,37,8,11,2,3,0,6,0,0,7,7,7.88
21525131,2016,横浜DeNA,26,0,0,0,6,6,0,0,0,.000,75,16.2,19,2,6,1,17,0,0,10,10,5.40
21525131,2017,横浜DeNA,33,2,0,0,10,12,0,0,0,1.000,115,26.1,29,4,7,0,20,0,0,15,13,4.44
21525131,2018,横浜DeNA,9,0,0,0,1,1,0,0,0,.000,43,10,14,2,0,0,9,0,0,9,9,8.10
61365111,2000,横浜,46,7,3,18,,,0,0,0,.700,243,62.1,46,7,13,1,73,1,1,20,20,2.89
61365111,2001,横浜,69,9,5,3,,,0,0,0,.643,344,90.2,58,10,26,3,70,1,0,25,25,2.48
61365111,2002,横浜,36,1,3,2,,,0,0,0,.250,174,41.1,41,5,9,2,39,0,0,20,18,3.92
61365111,2003,横浜,28,0,1,0,,,0,0,0,.000,108,26.2,21,7,6,0,23,0,0,16,12,4.05
61365111,2004,横浜,52,2,3,0,,,0,0,0,.400,220,52,45,3,18,6,26,0,0,21,20,3.46
61365111,2005,横浜,58,6,5,0,20,26,0,0,0,.545,203,51.2,44,4,11,3,35,0,1,14,14,2.44
61365111,2006,横浜,59,3,1,0,18,21,0,0,0,.750,267,61,63,4,26,3,46,0,0,25,24,3.54
61365111,2007,横浜,76,3,1,0,29,32,0,0,0,.750,147,35.1,32,1,10,5,25,0,0,13,12,3.06
61365111,2008,横浜,16,1,0,0,5,6,0,0,0,1.000,27,6,7,0,1,1,8,0,0,5,5,7.50
61365111,2009,横浜,43,3,2,1,16,19,0,0,0,.600,133,31.2,35,5,7,3,20,0,0,18,17,4.83
61365111,2010,横浜,7,0,1,0,0,0,0,0,0,.000,21,3.2,10,2,0,0,2,0,0,5,5,12.27
01705131,2011,横浜,8,1,4,0,0,0,0,0,0,.200,198,47,42,2,20,2,39,1,0,13,12,2.30
01705131,2012,横浜DeNA,19,4,12,0,0,0,1,1,0,.250,498,112.2,108,10,59,2,95,4,0,57,46,3.67
01705131,2013,横浜DeNA,3,2,1,0,0,1,0,0,0,.667,93,19.1,27,2,6,5,10,0,0,16,16,7.45
01705131,2014,横浜DeNA,49,2,3,2,14,16,0,0,0,.400,267,62.1,61,4,23,1,59,4,0,29,24,3.47
01705131,2015,横浜DeNA,28,3,2,1,0,3,0,0,0,.600,138,33.1,22,1,16,3,28,4,0,10,9,2.43
01705131,2016,横浜DeNA,1,0,0,0,0,0,0,0,0,.000,12,1.2,4,0,3,0,2,0,0,4,4,21.60
01705131,2017,横浜DeNA,4,0,0,0,0,0,0,0,0,.000,30,8,5,0,4,0,3,3,0,2,2,2.25
01705131,2018,横浜DeNA,13,0,0,0,1,1,0,0,0,.000,75,16.2,17,2,9,0,15,1,0,9,9,4.86
01705131,2019,横浜DeNA,53,5,3,0,9,14,0,0,0,.625,299,69.1,62,9,28,2,81,3,0,37,37,4.80
01705131,2020,横浜DeNA,42,3,4,0,10,13,0,0,0,.429,191,46,36,5,22,4,51,1,0,18,16,3.13
01705131,2021,横浜DeNA,18,1,1,0,0,1,0,0,0,.500,125,29.2,24,1,13,1,37,1,0,18,17,5.16
01705131,2021,千葉ロッテ,25,2,0,2,17,19,0,0,0,1.000,106,25,18,0,17,0,19,2,0,4,4,1.44
01705131,2022,千葉ロッテ,6,0,0,0,0,0,0,0,0,.000,22,5,5,0,3,0,4,1,0,1,1,1.80
01705131,2023,千葉ロッテ,3,0,0,0,0,0,0,0,0,.000,13,3.2,1,0,2,0,2,0,0,0,0,0.00
01705131,2024,千葉ロッテ,41,3,1,1,10,13,0,0,0,.750,165,41.2,31,2,12,3,21,1,0,7,7,1.51
01705116,2008,横浜,31,6,5,1,0,0,1,1,1,.545,561,128.2,136,19,43,11,69,0,0,63,63,4.41
01705116,2009,横浜,12,1,8,0,0,0,1,0,0,.111,295,66.1,69,5,24,4,37,4,2,41,33,4.48
01705116,2010,横浜,20,0,2,0,0,0,0,0,0,.000,171,37.2,42,8,17,2,26,2,0,27,26,6.21
01705116,2011,横浜,17,4,3,0,0,0,0,0,0,.571,268,62.1,61,5,19,3,40,0,0,25,24,3.47
01705116,2012,横浜DeNA,35,2,3,0,1,2,0,0,0,.400,337,77,76,8,23,11,44,3,0,36,32,3.74
01705116,2013,横浜DeNA,11,0,1,0,0,0,0,0,0,.000,67,13.1,18,2,9,1,9,0,0,13,13,8.78
01705116,2014,横浜DeNA,2,0,1,0,0,0,0,0,0,.000,12,3,4,1,0,0,2,0,0,2,2,6.00
11715118,2009,横浜,1,0,1,0,0,0,0,0,0,.000,26,6,5,2,3,0,6,0,0,2,2,3.00
11715118,2010,横浜,8,1,2,0,0,0,0,0,0,.333,107,21,36,8,9,1,11,2,0,23,23,9.86
11715118,2011,横浜,5,0,1,0,0,0,0,0,0,.000,34,9,7,1,2,0,7,0,0,4,4,4.00
11715118,2012,横浜DeNA,17,1,0,0,0,0,0,0,0,1.000,139,32.1,34,1,9,4,26,3,0,19,18,5.01
11715118,2013,横浜DeNA,6,1,2,0,0,0,0,0,0,.333,126,28.1,30,3,17,1,20,4,0,15,15,4.76
11715118,2014,横浜DeNA,2,0,0,0,0,0,0,0,0,.000,8,2,1,0,2,0,1,0,0,0,0,0.00
11715118,2015,横浜DeNA,27,3,3,0,2,5,0,0,0,.500,164,35.1,37,3,20,1,27,3,0,21,17,4.33
11715118,2016,横浜DeNA,20,0,0,0,0,0,0,0,0,.000,112,26.2,26,3,10,1,19,2,0,12,11,3.71
21523886,1998,福岡ダイエー,51,2,4,3,,,0,0,0,.333,240,55.2,51,2,31,1,47,2,0,28,28,4.53
21523886,1999,福岡ダイエー,60,14,1,0,,,0,0,0,.933,301,79.1,46,5,25,1,80,3,0,11,11,1.25
21523886,2000,福岡ダイエー,57,9,3,2,,,0,0,0,.750,308,76.1,64,11,18,2,43,2,0,28,27,3.18
21523886,2001,福岡ダイエー,33,3,0,0,,,0,0,0,1.000,192,41.2,52,4,17,0,28,3,0,31,29,6.26
21523886,2002,福岡ダイエー,19,0,0,0,,,0,0,0,.000,82,21.2,10,0,7,0,20,2,0,2,2,0.83
21523886,2003,福岡ダイエー,30,1,4,10,,,0,0,0,.200,159,42.2,30,3,5,1,40,0,0,12,11,2.32
21523886,2005,福岡ソフトバンク,1,0,0,0,1,1,0,0,0,.000,1,0.1,0,0,0,0,1,0,0,0,0,0.00
21523886,2006,福岡ソフトバンク,50,0,1,0,12,12,0,0,0,.000,152,34.1,38,3,13,0,32,0,0,13,13,3.41
21523886,2007,福岡ソフトバンク,37,0,3,2,6,6,0,0,0,.000,110,26.2,22,3,9,0,18,0,0,12,11,3.71
21523886,2008,福岡ソフトバンク,21,0,0,0,7,7,0,0,0,.000,63,14,16,0,5,0,11,1,0,5,5,3.21
21523886,2010,横浜,20,2,0,0,2,4,0,0,0,1.000,54,10,20,2,4,1,5,2,0,13,13,11.70
21523886,2011,横浜,67,1,0,0,17,18,0,0,0,1.000,175,44,37,2,12,1,35,0,0,10,9,1.84
21523886,2012,横浜DeNA,50,1,3,0,16,17,0,0,0,.250,105,22,25,2,12,3,12,1,0,14,12,4.91
41545111,2000,千葉ロッテ,27,3,6,0,,,1,0,0,.333,475,100,110,9,66,2,69,13,0,77,68,6.12
41545111,2001,千葉ロッテ,31,6,2,0,,,0,0,0,.750,191,43.1,43,6,20,2,30,0,0,20,18,3.74
41545111,2002,千葉ロッテ,31,14,11,0,,,2,1,0,.560,768,177.2,197,28,57,3,124,4,1,91,90,4.56
41545111,2003,千葉ロッテ,28,15,10,0,,,5,1,0,.600,850,204.1,200,14,53,6,147,9,0,86,71,3.13
41545111,2004,千葉ロッテ,23,10,11,0,,,5,2,1,.476,699,169.1,160,21,42,4,126,2,0,73,64,3.40
41545111,2005,千葉ロッテ,23,10,11,0,0,0,7,1,2,.476,687,164.1,170,27,37,5,99,4,0,77,70,3.83
41545111,2006,千葉ロッテ,25,10,8,0,0,0,6,1,1,.556,718,171,178,9,36,6,137,2,0,74,65,3.42
41545111,2007,千葉ロッテ,25,6,10,0,0,0,3,1,0,.375,657,145,189,15,39,6,101,1,0,86,77,4.78
41545111,2008,千葉ロッテ,25,13,9,0,0,1,7,2,2,.591,679,165.2,151,13,41,1,108,4,0,81,69,3.75
41545111,2009,千葉ロッテ,23,6,7,0,0,0,2,0,0,.462,638,144.2,177,14,42,1,88,5,0,75,71,4.42
41545111,2010,横浜,26,10,11,0,0,0,1,1,0,.476,699,155,203,26,39,8,105,1,0,98,93,5.40
41545111,2011,横浜,7,2,4,0,0,0,0,0,0,.333,172,37,47,4,14,1,20,1,0,23,19,4.62
81785119,2010,横浜,1,0,0,0,0,0,0,0,0,.000,14,2.1,3,0,4,0,1,0,0,3,3,11.57
01005114,2007,横浜,9,2,1,0,0,0,0,0,0,.667,140,30,35,3,14,2,23,1,0,24,18,5.40
01005114,2008,横浜,11,0,2,0,0,0,0,0,0,.000,90,17,30,3,9,0,17,1,0,17,15,7.94
01005114,2009,横浜,56,4,0,1,5,9,0,0,0,1.000,312,74,81,5,16,1,59,2,0,36,33,4.01
01005114,2010,横浜,7,1,1,0,0,0,0,0,0,.500,70,15,23,3,4,0,9,0,0,13,13,7.80
01005114,2011,横浜,29,5,15,0,0,0,0,0,0,.250,739,177.1,182,9,36,2,127,3,0,71,68,3.45
01005114,2012,横浜DeNA,24,7,10,0,0,0,2,0,0,.412,643,151.2,155,9,40,4,97,2,0,63,54,3.20
01005114,2013,横浜DeNA,20,2,5,0,4,5,0,0,0,.286,298,66.1,76,10,31,0,54,0,0,44,43,5.83
01005114,2014,横浜DeNA,14,2,3,0,2,2,0,0,0,.400,213,49.2,54,6,14,0,30,0,0,26,23,4.17
01005114,2015,横浜DeNA,7,2,3,0,0,0,0,0,0,.400,149,34.1,46,1,10,0,19,1,0,19,19,4.98
01005114,2017,横浜DeNA,1,0,0,0,0,0,0,0,0,.000,8,1,4,0,1,0,0,0,0,3,3,27.00
11015116,2010,横浜,5,1,2,0,0,0,0,0,0,.333,103,25,22,6,10,0,12,1,0,11,11,3.96
11015116,2011,横浜,1,0,0,0,0,0,0,0,0,.000,16,3,6,1,0,0,1,0,0,4,2,6.00
11015116,2012,横浜DeNA,15,0,2,0,0,0,0,0,0,.000,153,34.2,38,3,8,2,27,1,0,19,18,4.67
11015116,2013,横浜DeNA,9,0,0,0,0,0,0,0,0,.000,59,13,16,4,6,0,11,0,0,7,7,4.85
11015116,2014,横浜DeNA,11,1,0,0,0,1,0,0,0,1.000,68,15.1,21,1,3,1,17,1,0,8,7,4.11
11015116,2015,横浜DeNA,35,2,2,1,16,18,0,0,0,.500,140,32.2,29,1,16,0,29,3,0,9,8,2.20
11015116,2016,横浜DeNA,61,5,3,0,23,28,0,0,0,.625,197,44,46,2,18,1,39,3,0,16,12,2.45
11015116,2017,横浜DeNA,60,1,3,0,11,12,0,0,0,.250,205,48.1,43,3,23,1,36,2,0,26,24,4.47
11015116,2018,横浜DeNA,11,1,1,0,0,1,0,0,0,.500,54,12.1,14,2,6,0,14,0,0,9,9,6.57
11015116,2021,横浜DeNA,8,0,0,0,0,0,0,0,0,.000,18,4.2,3,0,2,1,6,1,0,0,0,0.00
11015116,2022,横浜DeNA,47,3,0,0,13,16,0,0,0,1.000,160,37.2,31,5,14,2,25,1,0,14,11,2.63
11015116,2023,横浜DeNA,11,0,0,0,1,1,0,0,0,.000,46,11,12,1,2,0,9,1,0,5,5,4.09
71275115,2002,横浜,4,1,0,0,,,0,0,0,1.000,58,14.1,11,1,3,0,13,0,1,5,5,3.14
71275115,2003,横浜,7,0,3,0,,,0,0,0,.000,87,18.2,23,3,6,2,9,3,0,15,14,6.75
71275115,2004,横浜,6,0,0,0,,,0,0,0,.000,49,10.1,13,2,7,0,4,0,0,5,4,3.48
71275115,2005,横浜,14,1,1,0,0,0,0,0,0,.500,125,28.1,33,7,11,0,9,1,0,16,16,5.08
71275115,2006,横浜,33,5,3,0,0,1,0,0,0,.625,324,76.2,70,9,35,3,39,1,0,31,25,2.93
71275115,2007,横浜,14,1,2,0,0,0,0,0,0,.333,180,35.2,46,6,25,1,21,2,0,29,22,5.55
71275115,2008,横浜,2,0,0,0,0,0,0,0,0,.000,16,2.2,7,3,1,0,3,0,0,7,7,23.63
71275115,2010,横浜,9,1,0,0,0,1,0,0,0,1.000,45,9.2,15,2,4,0,7,0,0,6,6,5.59
31235131,2010,横浜,18,0,0,0,1,1,0,0,0,.000,101,24,17,2,16,1,15,2,0,10,9,3.38
31235131,2012,横浜DeNA,5,0,0,0,0,0,0,0,0,.000,41,8.1,9,1,5,1,6,0,0,10,9,9.72
31235131,2013,横浜DeNA,2,0,0,0,0,0,0,0,0,.000,15,3,6,0,0,0,3,0,0,3,3,9.00
41845131,2010,横浜,15,1,0,0,1,1,0,0,0,1.000,122,25.1,38,5,7,1,25,0,0,16,13,4.62
91495116,2010,横浜,5,0,0,0,0,0,0,0,0,.000,21,4,4,0,4,1,1,0,1,4,4,9.00
91495131,2010,横浜,2,0,1,0,0,0,0,0,0,.000,42,9,9,3,6,1,5,1,0,5,5,5.00
91495131,2011,横浜,5,1,0,0,0,0,0,0,0,1.000,72,15.2,16,2,13,0,9,0,0,8,6,3.45
41443885,1992,横浜大洋,1,0,0,0,,,0,0,0,.000,6,2,0,0,0,0,1,0,0,0,0,0.00
41443885,1993,横浜,15,3,3,0,,,1,0,0,.500,255,60.1,60,4,21,2,61,2,0,23,23,3.43
41443885,1994,横浜,17,2,2,0,,,1,1,0,.500,228,47.2,61,2,25,0,35,2,1,27,23,4.34
41443885,1995,横浜,25,8,8,0,,,3,0,1,.500,619,147.2,131,17,52,4,107,5,0,66,64,3.90
41443885,1996,横浜,34,5,10,0,,,4,0,0,.333,582,131.1,151,17,55,1,101,0,0,82,72,4.93
41443885,1997,横浜,26,10,3,0,,,4,1,1,.769,578,142.1,113,9,51,3,129,4,1,54,53,3.35
41443885,1998,横浜,25,12,7,0,,,2,1,0,.632,656,158.2,138,12,60,3,119,4,0,64,56,3.18
41443885,1999,横浜,30,9,10,0,,,4,3,1,.474,729,175,174,22,51,2,130,2,0,92,83,4.27
41443885,2000,横浜,24,11,6,0,,,4,0,1,.647,665,164.2,154,22,32,3,122,3,0,64,59,3.22
41443885,2001,横浜,26,11,6,0,,,5,2,0,.647,673,168.2,137,14,53,2,135,1,0,56,54,2.88
41443885,2002,横浜,19,4,10,0,,,4,2,2,.286,488,119.2,108,12,28,2,100,1,0,46,43,3.23
41443885,2003,横浜,15,5,5,0,,,1,0,0,.500,420,101.1,94,18,21,5,82,1,0,48,46,4.09
41443885,2004,横浜,22,6,8,0,,,1,0,1,.429,618,144,158,17,33,5,135,7,0,69,68,4.25
41443885,2005,横浜,28,12,9,0,0,0,10,2,3,.571,856,214.2,168,20,52,4,177,4,0,68,60,2.52
41443885,2006,横浜,30,8,12,0,0,0,9,3,3,.400,912,216.2,227,19,44,5,160,3,0,94,83,3.45
41443885,2007,横浜,28,11,13,0,0,0,4,3,0,.458,793,185.1,184,15,51,7,159,5,0,74,63,3.06
41443885,2008,横浜,21,7,10,0,0,0,4,1,1,.412,589,144,137,22,29,4,111,4,0,63,57,3.56
41443885,2009,横浜,28,11,11,0,0,0,6,1,0,.500,799,195.1,175,28,37,4,138,2,0,82,72,3.32
41443885,2010,横浜,16,3,8,0,0,0,0,0,0,.273,365,79.2,108,12,23,4,58,2,0,67,64,7.23
41443885,2011,横浜,18,5,6,0,0,0,2,1,0,.455,463,111.1,96,9,31,7,74,1,0,39,36,2.91
41443885,2012,横浜DeNA,25,9,9,0,0,0,6,1,1,.500,738,182.2,160,15,48,3,107,4,0,61,58,2.86
41443885,2013,横浜DeNA,27,9,13,0,0,0,2,1,0,.409,731,175.2,181,26,33,1,109,5,0,88,77,3.94
41443885,2014,横浜DeNA,15,5,6,0,0,0,1,0,1,.455,403,94.2,99,14,23,4,55,3,0,38,32,3.04
41443885,2015,横浜DeNA,17,6,6,0,0,0,0,0,0,.500,416,98,103,9,25,1,62,5,0,47,45,4.13
41443885,2016,横浜DeNA,3,0,3,0,0,0,0,0,0,.000,75,14.2,29,3,4,0,14,0,0,18,18,11.05
61865114,2007,横浜,3,0,0,0,0,0,0,0,0,.000,21,3,5,0,7,1,2,0,0,2,2,6.00
61865114,2008,横浜,25,0,2,0,8,8,0,0,0,.000,129,28,34,5,10,3,22,2,0,20,20,6.43
23525118,2009,横浜,8,5,2,0,0,1,1,1,0,.714,232,55,33,2,34,4,59,0,1,12,12,1.96
23525118,2010,横浜,16,2,9,0,0,0,0,0,0,.182,391,91,77,9,52,3,83,4,1,46,43,4.25
43145131,2012,横浜DeNA,6,0,4,0,0,0,0,0,0,.000,124,24.1,32,4,19,3,15,2,0,25,24,8.88
51555133,2011,横浜,71,4,1,0,11,15,0,0,0,.800,184,44.1,40,4,15,2,36,4,0,19,15,3.05
51555133,2012,横浜DeNA,33,1,0,0,5,6,0,0,0,1.000,143,35,31,2,15,0,20,2,0,7,7,1.80
51555133,2013,横浜DeNA,58,2,0,2,17,19,0,0,0,1.000,188,48,32,6,17,1,38,1,0,18,16,3.00
51555133,2014,横浜DeNA,44,3,1,0,15,18,0,0,0,.750,143,32.1,32,1,13,2,28,2,0,18,16,4.45
51555133,2015,横浜DeNA,21,0,1,0,6,6,0,0,0,.000,65,15.2,16,3,2,1,13,0,0,7,7,4.02
51555133,2016,横浜DeNA,16,0,0,0,1,1,0,0,0,.000,59,12.2,15,4,6,2,14,0,0,7,7,4.97
01505133,2011,横浜,1,1,0,0,0,0,0,0,0,1.000,23,6,4,0,0,0,6,0,1,1,1,1.50
01505133,2012,横浜DeNA,10,3,3,0,0,1,1,0,0,.500,250,57.2,56,3,19,2,40,4,0,25,21,3.28
01505133,2013,横浜DeNA,8,1,4,0,0,0,0,0,0,.200,146,31.1,35,3,20,0,23,1,0,22,21,6.03
01505133,2014,横浜DeNA,5,0,3,0,0,0,0,0,0,.000,99,21.2,27,4,9,1,18,0,0,13,13,5.40
31935133,2011,横浜,6,0,2,0,0,0,0,0,0,.000,88,19.1,21,2,9,0,9,0,0,12,11,5.12
31935133,2013,横浜DeNA,24,2,1,0,0,2,0,0,0,.667,256,58.2,60,1,29,3,38,2,0,19,18,2.76
31935133,2015,横浜DeNA,11,0,0,0,1,1,0,0,0,.000,64,14.1,13,0,10,0,11,1,0,6,6,3.77
31935133,2016,横浜DeNA,1,0,0,0,0,0,0,0,0,.000,2,0.1,1,1,0,0,0,0,0,1,1,27.00
31935133,2017,横浜DeNA,3,0,0,0,0,0,0,0,0,.000,16,3,5,0,2,0,3,0,0,0,0,0.00
53755133,2011,横浜,2,1,1,0,0,0,0,0,0,.500,36,7,16,0,1,0,4,0,0,10,10,12.86
71075133,2011,横浜,17,2,6,0,0,0,0,0,0,.250,373,85,93,16,32,3,52,4,0,52,50,5.29
71075133,2012,横浜DeNA,2,0,2,0,0,0,0,0,0,.000,45,9.1,12,1,7,0,7,0,0,9,9,8.68
71075133,2013,横浜DeNA,14,6,3,0,0,1,1,1,0,.667,285,63.1,64,6,36,3,35,1,0,34,34,4.83
71075133,2014,横浜DeNA,9,0,1,0,0,0,0,0,0,.000,64,14.1,20,2,2,0,14,2,0,12,8,5.02
71075133,2015,横浜DeNA,29,3,2,1,3,5,0,0,0,.600,241,56,59,10,23,0,42,1,1,26,24,3.86
71075133,2016,横浜DeNA,62,5,3,0,23,28,0,0,0,.625,233,53.2,54,2,18,1,49,0,0,17,16,2.68
71075133,2017,横浜DeNA,23,0,2,0,9,9,0,0,0,.000,73,16.2,16,1,9,1,14,0,0,15,15,8.10
71075133,2018,横浜DeNA,10,0,0,0,2,2,0,0,0,.000,44,10.2,10,3,3,0,4,0,0,9,9,7.59
63165133,2011,横浜,18,1,4,0,0,0,0,0,0,.200,163,36.1,48,4,11,4,17,1,1,29,29,7.18
63165133,2012,横浜DeNA,9,0,0,0,1,1,0,0,0,.000,59,13.1,16,2,5,0,8,0,0,11,11,7.43
33535133,2011,横浜,8,1,7,0,0,0,0,0,0,.125,181,39.1,47,3,21,0,36,4,2,28,26,5.95
61165135,2012,横浜DeNA,2,0,0,0,1,1,0,0,0,.000,9,2,1,0,2,0,2,0,0,0,0,0.00
53555135,2012,横浜DeNA,2,0,1,0,0,0,0,0,0,.000,48,8.1,17,2,6,0,5,0,0,10,10,10.80
41245135,2013,横浜DeNA,1,0,0,0,0,0,0,0,0,.000,4,0.2,1,0,1,0,0,0,0,2,2,27.00
71175137,2013,横浜DeNA,1,0,0,0,0,0,0,0,0,.000,6,1,1,0,2,0,0,0,0,1,1,9.00
71175137,2014,横浜DeNA,4,0,0,0,0,0,0,0,0,.000,23,4.2,5,2,4,0,6,0,0,3,3,5.79
71175137,2015,横浜DeNA,5,0,1,0,0,0,0,0,0,.000,38,9.1,6,1,6,0,6,1,0,3,3,2.89
61165137,2013,横浜DeNA,18,5,7,0,2,2,1,0,0,.417,401,89.1,101,7,35,2,66,1,0,56,53,5.34
61165137,2014,横浜DeNA,25,11,9,0,0,0,3,1,1,.550,682,159.1,163,18,49,7,104,8,0,83,71,4.01
61165137,2015,横浜DeNA,21,5,8,0,0,0,3,0,1,.385,598,134.2,164,13,40,3,92,7,1,56,49,3.27
61165137,2016,横浜DeNA,23,7,11,0,0,0,2,1,0,.389,654,151.2,156,14,47,6,113,6,0,65,59,3.50
61165137,2017,横浜DeNA,25,6,10,0,0,0,1,0,0,.375,636,152.1,147,9,46,8,93,3,0,66,65,3.84
61165137,2018,横浜DeNA,24,6,3,1,8,10,0,0,0,.667,256,61,60,5,16,2,44,2,0,27,24,3.54
61165137,2019,横浜DeNA,15,4,5,0,0,0,0,0,0,.444,309,70,74,5,28,3,50,3,1,43,37,4.76
61165137,2020,横浜DeNA,17,6,7,0,0,0,1,0,0,.462,384,89,98,10,26,1,69,2,0,41,39,3.94
61165137,2021,読売,5,0,1,0,0,0,0,0,0,.000,26,5,11,3,1,0,5,0,0,8,8,14.40
61165137,2022,読売,7,1,0,0,1,2,0,0,0,1.000,22,5,5,0,2,0,4,1,0,1,1,1.80
53355137,2013,横浜DeNA,7,1,3,0,0,0,0,0,0,.250,155,33.2,43,7,18,3,14,1,1,22,21,5.61
41245137,2013,横浜DeNA,34,6,9,0,1,1,2,1,0,.400,642,146.1,138,20,79,0,145,6,1,67,64,3.94
41245137,2014,横浜DeNA,8,1,2,0,0,0,0,0,0,.333,126,24,41,5,14,1,24,4,3,30,29,10.88
41245137,2015,横浜DeNA,20,5,5,0,0,0,0,0,0,.500,384,88,84,9,34,3,67,9,0,52,47,4.81
41245137,2016,横浜DeNA,4,1,1,0,0,0,0,0,0,.500,102,24,24,5,8,0,15,1,0,13,10,3.75
41245137,2017,横浜DeNA,16,0,1,0,0,0,0,0,0,.000,99,20.2,29,4,9,0,17,4,0,17,15,6.53
41245137,2018,横浜DeNA,60,7,2,0,15,22,0,0,0,.778,292,68,61,8,31,2,82,6,0,30,30,3.97
41245137,2019,横浜DeNA,71,5,4,0,23,28,0,0,0,.556,309,72.2,67,10,31,0,62,2,0,36,35,4.33
41245137,2020,横浜DeNA,48,3,1,18,5,8,0,0,0,.750,180,47.2,30,1,13,1,46,1,0,13,13,2.45
41245137,2021,横浜DeNA,59,3,5,23,1,4,0,0,0,.375,246,57.1,66,8,12,0,57,3,0,31,26,4.08
41245137,2022,横浜DeNA,13,2,2,1,5,7,0,0,0,.500,50,12.2,8,1,6,0,11,0,0,4,4,2.84
41245137,2023,横浜DeNA,27,3,1,0,6,9,0,0,0,.750,108,22.1,33,3,7,2,17,2,0,12,12,4.84
41245137,2024,横浜DeNA,7,1,1,0,0,1,0,0,0,.500,33,7,6,1,6,0,7,0,0,4,4,5.14
41245137,2025,横浜DeNA,6,0,0,0,0,0,0,0,0,.000,39,6.2,13,1,6,0,4,1,0,10,8,10.80
11915139,2015,横浜DeNA,14,3,5,0,0,0,0,0,0,.375,335,76,85,5,28,2,57,0,0,34,27,3.20
11915139,2016,横浜DeNA,17,2,2,0,0,1,0,0,0,.500,237,52.1,64,5,18,2,34,0,0,26,22,3.78
11915139,2017,横浜DeNA,62,1,2,0,25,26,0,0,0,.333,236,54.2,54,5,13,3,49,1,1,25,25,4.12
11915139,2018,横浜DeNA,70,0,2,0,24,24,0,0,0,.000,227,52.1,44,4,25,5,44,0,0,22,21,3.61
11915139,2019,横浜DeNA,16,1,0,0,1,2,0,0,0,1.000,65,12.1,21,2,8,1,10,1,0,9,7,5.11
11915139,2020,横浜DeNA,17,0,0,0,4,4,0,0,0,.000,68,17,10,2,5,2,14,0,0,6,5,2.65
11915139,2021,横浜DeNA,58,2,2,0,18,20,0,0,0,.500,166,41.2,26,1,13,2,27,2,0,15,15,3.24
11915139,2022,横浜DeNA,15,0,0,0,0,0,0,0,0,.000,62,12.2,17,2,5,1,8,0,0,9,8,5.68
11915139,2023,中日,18,0,1,0,1,1,0,0,0,.000,60,13.2,12,1,7,0,12,1,0,7,7,4.61
21725111,2000,読売,24,9,6,0,,,3,2,1,.600,563,135.2,133,10,36,2,102,1,0,59,48,3.18
21725111,2001,読売,30,9,9,0,,,3,1,0,.500,584,134.2,126,20,52,3,99,4,0,65,59,3.94
21725111,2002,読売,24,10,4,0,,,2,0,1,.714,669,163.1,143,16,39,6,145,4,1,58,56,3.09
21725111,2003,読売,13,4,4,0,,,3,0,0,.500,364,86.2,79,14,27,4,78,1,1,42,37,3.84
21725111,2004,読売,16,5,10,0,,,3,1,1,.333,402,91,107,18,26,3,61,3,0,59,55,5.44
21725111,2005,読売,27,8,12,0,1,1,4,2,0,.400,695,163,171,18,48,4,135,1,0,88,81,4.47
21725111,2006,読売,35,2,6,15,4,5,0,0,0,.250,266,62,70,10,15,1,51,1,0,36,34,4.94
21725111,2007,読売,28,14,4,0,0,0,2,2,0,.778,764,186.2,168,21,50,2,141,1,0,63,57,2.75
21725111,2008,読売,23,8,5,0,0,0,0,0,0,.615,518,122,127,16,30,5,94,2,0,63,56,4.13
21725111,2009,読売,25,10,6,0,0,0,1,0,0,.625,610,144,147,16,36,6,126,0,2,58,47,2.94
21725111,2014,横浜DeNA,10,0,6,0,0,0,0,0,0,.000,230,51,65,14,21,1,33,0,1,33,30,5.29
21725111,2015,横浜DeNA,6,0,1,0,0,0,0,0,0,.000,45,8.1,14,3,4,0,4,0,0,12,8,8.64
51255139,2014,横浜DeNA,9,0,0,0,0,0,0,0,0,.000,50,13,9,1,5,1,7,2,0,5,5,3.46
51255139,2015,横浜DeNA,28,0,2,0,4,4,0,0,0,.000,140,32,29,2,14,1,27,4,0,12,12,3.38
51255139,2016,横浜DeNA,4,0,0,0,0,0,0,0,0,.000,21,3.1,7,2,3,1,2,0,0,9,8,21.60
51255139,2017,横浜DeNA,33,0,1,0,1,1,0,0,0,.000,157,36.1,32,5,17,4,29,2,1,19,19,4.71
51255139,2018,横浜DeNA,17,0,0,0,0,0,0,0,0,.000,116,25.2,35,3,6,0,27,0,0,19,19,6.66
51255139,2019,横浜DeNA,8,0,0,0,1,1,0,0,0,.000,48,9.2,15,2,4,2,11,0,0,11,10,9.31
51255139,2020,横浜DeNA,43,1,1,0,11,11,0,0,0,.500,195,44.1,38,2,25,2,46,3,0,16,14,2.84
51255139,2021,横浜DeNA,38,2,0,1,3,5,0,0,0,1.000,185,41.2,41,6,21,2,34,1,0,21,19,4.10
51255139,2022,横浜DeNA,47,4,3,0,10,14,0,0,0,.571,180,42,47,5,8,2,39,0,0,21,20,4.29
11415139,2014,横浜DeNA,26,1,1,0,4,5,0,0,0,.500,117,27.2,23,3,11,0,23,3,0,12,11,3.58
11415139,2015,横浜DeNA,4,1,0,0,0,1,0,0,0,1.000,26,6,6,0,2,0,4,0,0,2,1,1.50
31435139,2014,横浜DeNA,65,1,4,21,13,14,0,0,0,.200,279,65.2,55,3,27,4,67,2,1,18,17,2.33
31435139,2015,横浜DeNA,21,1,1,0,9,10,0,0,0,.500,93,22.1,16,0,9,1,20,3,0,3,2,0.81
31435139,2016,横浜DeNA,59,2,4,2,32,34,0,0,0,.333,241,58.2,47,7,18,2,36,2,0,21,17,2.61
31435139,2017,横浜DeNA,61,3,3,0,31,34,0,0,0,.500,213,51,47,8,16,2,29,1,0,31,29,5.12
31435139,2018,横浜DeNA,65,1,1,0,25,26,0,0,0,.500,239,56,55,3,20,3,40,2,0,19,19,3.05
31435139,2019,横浜DeNA,6,0,1,0,1,1,0,0,0,.000,25,4.2,5,0,6,0,5,1,0,4,3,5.79
31435139,2020,横浜DeNA,10,0,0,0,0,0,0,0,0,.000,55,13,13,0,6,1,7,1,0,4,4,2.77
31435139,2021,横浜DeNA,40,2,1,0,3,5,0,0,0,.667,148,35,36,5,9,1,25,0,0,15,15,3.86
31435139,2022,横浜DeNA,19,0,0,0,0,0,0,0,0,.000,106,24.2,28,3,8,1,19,0,0,10,10,3.65
31435139,2023,読売,22,0,1,0,7,7,0,0,0,.000,73,15.2,18,1,8,4,9,0,0,8,8,4.60
63165139,2014,横浜DeNA,24,9,9,0,0,0,2,0,0,.500,608,146,133,15,45,2,96,1,3,57,55,3.39
63165139,2015,横浜DeNA,15,3,6,0,2,2,0,0,0,.333,267,60.2,62,8,27,1,54,2,0,36,35,5.19
63165139,2016,横浜DeNA,13,5,7,0,0,0,1,0,0,.417,342,80,88,15,19,0,65,5,0,47,46,5.18
01105130,2017,横浜DeNA,9,1,3,0,1,1,0,0,0,.250,186,42,41,9,21,4,27,1,0,22,20,4.29
01105130,2018,横浜DeNA,9,1,6,0,0,0,0,0,0,.143,198,43.2,52,8,23,1,34,1,0,24,23,4.74
01105130,2019,横浜DeNA,5,0,1,0,0,0,0,0,0,.000,52,11.1,17,4,3,1,9,0,0,14,14,11.12
11315130,2015,横浜DeNA,12,2,6,0,0,0,0,0,0,.250,300,71.2,67,6,26,1,58,3,0,23,23,2.89
11315130,2016,横浜DeNA,25,9,4,0,0,0,0,0,0,.692,608,153,128,21,36,1,132,5,1,53,53,3.12
11315130,2017,横浜DeNA,18,6,6,0,0,0,0,0,0,.500,436,106,90,10,34,0,103,6,0,43,40,3.40
11315130,2018,横浜DeNA,23,3,7,0,0,2,0,0,0,.300,408,92.1,95,16,34,5,87,2,0,62,51,4.97
11315130,2019,横浜DeNA,40,4,1,0,10,11,0,0,0,.800,285,71.1,59,7,21,0,78,2,0,19,17,2.14
11315130,2020,横浜DeNA,50,1,4,0,25,26,0,0,0,.200,176,42.2,32,1,14,1,46,3,0,15,12,2.53
11315130,2021,横浜DeNA,33,1,2,0,2,3,0,0,0,.333,168,37.2,44,4,18,2,39,1,0,24,24,5.73
11315130,2022,横浜DeNA,15,7,4,0,0,0,0,0,0,.636,337,82.1,67,8,26,1,68,3,0,30,27,2.95
11315130,2023,横浜DeNA,23,4,9,0,0,0,0,0,0,.308,500,118,127,12,30,5,99,3,0,56,52,3.97
11315130,2024,横浜DeNA,6,2,3,0,0,0,0,0,0,.400,126,32,28,5,6,0,24,0,0,13,12,3.38
11315130,2026,横浜DeNA,10,0,0,0,2,2,0,0,0,.000,54,13.1,13,3,2,0,14,0,0,5,4,2.70
43545130,2015,横浜DeNA,52,5,4,0,22,27,0,0,0,.556,211,51.2,44,2,15,2,53,0,4,17,17,2.96
23725130,2015,横浜DeNA,1,0,1,0,0,0,0,0,0,.000,11,1.1,2,0,5,0,0,0,0,5,5,33.75
31635130,2015,横浜DeNA,13,0,0,0,0,0,0,0,0,.000,74,15.2,16,0,12,0,16,1,0,9,5,2.87
31635130,2016,横浜DeNA,6,0,1,0,0,0,0,0,0,.000,36,6.2,11,2,6,0,5,1,0,9,9,12.15
41845130,2015,横浜DeNA,58,2,4,37,7,9,0,0,0,.333,215,56.1,38,2,11,1,66,4,1,13,12,1.92
41845130,2016,横浜DeNA,59,2,5,33,7,9,0,0,0,.286,252,57.2,57,7,23,0,61,2,0,27,23,3.59
41845130,2017,横浜DeNA,68,4,2,26,15,19,0,0,0,.667,260,65.2,52,3,13,1,84,1,0,16,12,1.64
41845130,2018,横浜DeNA,57,2,4,37,3,5,0,0,0,.333,226,56.1,40,5,18,1,63,1,0,18,17,2.72
41845130,2019,横浜DeNA,61,3,2,30,4,7,0,0,0,.600,243,60,44,6,19,0,54,0,0,18,13,1.95
41845130,2020,横浜DeNA,40,0,3,6,8,8,0,0,0,.000,176,38,52,4,14,0,31,1,0,26,24,5.68
41845130,2021,横浜DeNA,60,3,2,1,27,30,0,0,0,.600,229,55,58,2,14,3,39,0,0,21,20,3.27
41845130,2022,横浜DeNA,56,0,2,37,3,3,0,0,0,.000,197,54.1,29,4,9,0,42,1,0,9,8,1.33
41845130,2023,横浜DeNA,49,3,7,20,8,11,0,0,0,.300,189,45.1,48,7,8,1,54,1,0,22,22,4.37
41845130,2024,横浜DeNA,38,3,5,4,11,14,0,0,0,.375,163,37.2,35,4,11,3,29,1,1,18,14,3.35
41845130,2025,横浜DeNA,17,0,3,1,1,1,0,0,0,.000,65,15,14,4,7,0,12,0,0,7,7,4.20
41845130,2026,横浜DeNA,23,0,3,14,2,2,0,0,0,.000,92,20.2,20,3,10,2,22,1,0,15,14,6.10
11315132,2017,横浜DeNA,1,1,0,0,0,0,0,0,0,1.000,21,5,4,0,2,0,5,0,0,0,0,0.00
01305132,2016,横浜DeNA,22,8,9,0,0,0,0,0,0,.471,541,135.1,108,16,38,2,136,1,0,47,44,2.93
01305132,2017,横浜DeNA,24,11,7,0,0,0,3,2,0,.611,600,148,115,13,52,5,140,3,0,49,49,2.98
01305132,2018,横浜DeNA,23,4,11,0,4,5,1,0,0,.267,402,84.2,108,18,38,4,80,6,0,77,64,6.80
01305132,2019,横浜DeNA,25,13,7,0,0,0,3,3,0,.650,684,170,128,18,56,4,186,2,0,59,55,2.91
01305132,2020,横浜DeNA,9,5,3,0,0,0,0,0,0,.625,224,53,47,2,17,1,63,2,0,24,19,3.23
01305132,2021,横浜DeNA,19,5,5,0,0,0,1,0,1,.500,476,120,97,16,26,4,110,0,0,43,41,3.08
01305132,2022,横浜DeNA,21,11,4,0,0,0,3,2,1,.733,560,143.2,106,14,29,3,132,3,0,37,36,2.26
01305132,2023,横浜DeNA,22,7,4,0,0,0,2,0,0,.636,596,148,132,17,24,4,174,2,0,46,46,2.80
41945132,2026,横浜DeNA,1,0,0,0,0,0,0,0,0,.000,1,0.1,0,0,0,0,0,0,0,0,0,0.00
31235132,2018,横浜DeNA,1,0,0,0,0,0,0,0,0,.000,6,1,3,0,0,0,0,0,0,2,2,18.00
01405132,2016,横浜DeNA,6,0,0,0,0,0,0,0,0,.000,34,7,7,0,6,1,7,0,0,6,2,2.57
13215132,2016,横浜DeNA,5,0,0,0,0,0,0,0,0,.000,29,6,7,3,2,0,3,0,0,7,3,4.50
03705132,2016,横浜DeNA,15,3,2,0,0,0,0,0,0,.600,199,47.1,48,10,12,0,22,0,0,31,29,5.51
23325134,2017,横浜DeNA,21,10,2,0,0,0,1,1,0,.833,541,133,114,14,37,2,112,1,0,46,44,2.98
23325134,2018,横浜DeNA,16,4,9,0,0,0,0,0,0,.308,410,92,108,16,31,5,82,1,1,59,51,4.99
11515134,2018,横浜DeNA,2,0,0,0,0,0,0,0,0,.000,12,3,0,0,4,0,3,0,0,0,0,0.00
11515134,2019,横浜DeNA,16,0,0,0,0,0,0,0,0,.000,101,22.1,23,3,14,0,18,3,0,10,10,4.03
11515134,2020,横浜DeNA,1,0,0,0,0,0,0,0,0,.000,7,1,2,0,2,0,1,0,0,2,2,18.00
11515134,2021,横浜DeNA,1,0,0,0,0,0,0,0,0,.000,11,1,5,1,2,1,1,0,0,6,6,54.00
11715134,2018,横浜DeNA,13,6,6,0,0,1,0,0,0,.500,267,59,67,10,33,1,42,1,0,38,37,5.64
11715134,2019,横浜DeNA,9,0,6,0,0,0,0,0,0,.000,173,35.2,45,3,27,0,29,2,1,26,23,5.80
11715134,2020,横浜DeNA,6,2,1,0,0,0,0,0,0,.667,127,29,29,4,11,1,25,0,0,15,15,4.66
11715134,2021,横浜DeNA,16,2,7,0,0,0,0,0,0,.222,353,76,91,9,41,2,67,3,0,47,42,4.97
11715134,2022,横浜DeNA,17,2,2,0,1,2,0,0,0,.500,254,55.2,56,4,30,5,39,7,0,24,20,3.23
11715134,2024,横浜DeNA,23,2,1,0,5,7,0,0,0,.667,103,22.1,18,0,18,0,20,3,0,7,5,2.01
03505134,2017,横浜DeNA,7,2,3,0,0,0,0,0,0,.400,163,36,35,5,22,3,27,3,1,25,19,4.75
61965134,2017,横浜DeNA,12,0,0,0,0,0,0,0,0,.000,73,15,18,0,10,2,10,0,0,7,7,4.20
61965134,2019,横浜DeNA,5,0,0,0,0,0,0,0,0,.000,39,7,10,2,6,2,5,0,0,7,7,9.00
61965134,2020,横浜DeNA,5,0,0,0,0,0,0,0,0,.000,24,5.1,5,1,3,0,8,0,0,3,3,5.06
61965134,2021,横浜DeNA,2,0,0,0,0,0,0,0,0,.000,6,1,0,0,1,2,1,0,0,0,0,0.00
51655134,2017,横浜DeNA,22,10,6,0,0,0,0,0,0,.625,546,123.2,116,9,69,2,136,9,1,54,49,3.57
51655134,2018,横浜DeNA,19,4,5,0,1,1,0,0,0,.444,416,94.2,92,9,48,3,97,6,0,42,41,3.90
51655134,2019,横浜DeNA,17,6,5,0,1,1,2,2,0,.545,341,82.1,59,8,38,3,85,1,0,33,29,3.17
51655134,2020,横浜DeNA,16,6,5,0,0,0,0,0,0,.545,363,78.1,84,8,47,3,67,4,0,43,40,4.60
51655134,2021,横浜DeNA,17,5,7,0,0,0,1,1,0,.417,387,91.1,73,8,52,3,84,5,0,42,40,3.94
51655134,2022,横浜DeNA,19,8,7,0,0,0,0,0,0,.533,464,112.1,104,8,33,2,88,3,1,42,42,3.36
51655134,2023,横浜DeNA,14,3,7,0,0,0,1,0,0,.300,304,68,71,6,35,0,56,1,0,42,34,4.50
51655134,2024,横浜DeNA,11,2,4,0,0,0,1,0,0,.333,229,52.2,47,3,29,1,45,0,0,26,19,3.25
03705134,2017,横浜DeNA,62,4,3,7,27,31,0,0,0,.571,247,60,50,4,19,2,66,2,0,19,18,2.70
03705134,2018,横浜DeNA,58,5,1,0,33,38,0,0,0,.833,235,56,53,3,16,3,67,0,0,16,16,2.57
03705134,2019,横浜DeNA,42,0,3,0,22,22,0,0,0,.000,172,36.2,38,4,22,3,45,1,0,24,21,5.15
03705134,2020,横浜DeNA,57,3,2,0,19,22,0,0,0,.600,231,53,52,6,27,2,65,0,0,31,29,4.92
81885134,2017,横浜DeNA,1,0,1,0,0,0,0,0,0,.000,21,4.2,5,0,2,1,5,0,0,3,3,5.79
51155136,2018,横浜DeNA,24,11,5,0,0,0,1,1,0,.688,626,154,130,13,42,2,155,1,0,45,42,2.45
51155136,2019,横浜DeNA,7,4,2,0,0,0,0,0,0,.667,161,38.1,38,4,10,1,31,1,0,17,16,3.76
51155136,2021,横浜DeNA,3,1,2,0,0,0,0,0,0,.333,75,19.2,10,1,4,0,20,0,0,5,5,2.29
51155136,2022,横浜DeNA,12,1,6,0,0,0,0,0,0,.143,229,50.2,67,5,10,2,41,1,0,30,26,4.62
51155136,2023,横浜DeNA,24,16,3,0,0,0,4,2,4,.842,665,172.1,149,14,15,1,133,1,0,40,38,1.98
51155136,2024,横浜DeNA,26,13,4,0,0,0,2,2,1,.765,731,183,166,11,27,6,140,0,0,45,44,2.16
51155136,2025,横浜DeNA,24,14,8,0,0,0,2,0,1,.636,648,160.1,142,15,26,5,123,0,0,50,39,2.19
51155136,2026,横浜DeNA,25,12,6,0,0,0,1,0,1,.667,642,161.1,136,12,28,4,120,1,0,50,43,2.40
21725136,2019,横浜DeNA,16,0,1,0,0,0,0,0,0,.000,115,25,31,1,8,2,20,3,0,19,16,5.76
81785136,2019,横浜DeNA,3,0,1,0,0,0,0,0,0,.000,37,7.2,9,0,4,1,4,0,0,5,5,5.87
81785136,2020,横浜DeNA,3,0,2,0,0,0,0,0,0,.000,62,12,22,2,7,0,10,1,1,10,10,7.50
81785136,2021,横浜DeNA,8,2,3,0,0,0,0,0,0,.400,160,35,37,4,19,1,18,3,0,20,16,4.11
81785136,2022,横浜DeNA,1,0,0,0,0,0,0,0,0,.000,14,3,4,1,1,0,2,0,0,3,3,9.00
81785136,2023,東京ヤクルト,13,0,2,0,2,2,0,0,0,.000,73,16.1,19,0,6,0,17,1,0,7,6,3.31
81785136,2024,東京ヤクルト,2,0,1,0,0,0,0,0,0,.000,43,8.1,11,0,8,0,6,2,0,10,10,10.80
81785136,2025,東京ヤクルト,18,0,0,0,0,0,0,0,0,.000,108,24.1,27,2,13,3,12,1,0,11,10,3.70
81785136,2026,東京ヤクルト,34,0,1,0,4,4,0,0,0,.000,126,30,23,2,14,1,23,0,0,11,11,3.30
11915136,2019,横浜DeNA,14,0,0,0,1,1,0,0,0,.000,74,16.2,17,1,10,1,17,1,0,9,9,4.86
11915136,2020,横浜DeNA,3,0,0,0,0,0,0,0,0,.000,35,7.1,12,0,3,0,4,1,0,6,6,7.36
11915136,2021,横浜DeNA,30,0,1,0,1,1,0,0,0,.000,181,41,36,3,29,0,37,3,1,15,14,3.07
11915136,2024,東北楽天,8,0,0,0,0,0,0,0,0,.000,48,10.2,11,0,8,0,9,1,0,10,10,8.44
21225136,2019,横浜DeNA,3,0,1,0,0,0,0,0,0,.000,25,5,7,2,3,0,3,0,0,3,3,5.40
21225136,2020,横浜DeNA,3,0,1,0,0,0,0,0,0,.000,27,6.1,6,2,4,0,3,0,0,5,5,7.11
21225136,2021,横浜DeNA,7,0,1,0,0,0,0,0,0,.000,122,26.1,32,3,15,0,24,1,0,22,19,6.49
21225136,2022,横浜DeNA,8,0,0,0,0,0,0,0,0,.000,46,10.1,8,1,7,1,11,0,0,5,5,4.35
21225136,2023,横浜DeNA,9,0,1,0,0,0,0,0,0,.000,41,10.2,9,2,3,0,10,0,0,3,3,2.53
21225136,2024,横浜DeNA,31,1,3,0,10,11,0,0,0,.250,134,31,29,2,10,1,30,2,0,11,11,3.19
21225136,2025,横浜DeNA,30,0,1,1,3,3,0,0,0,.000,106,25.2,24,3,7,0,25,1,0,9,9,3.16
21225136,2026,横浜DeNA,51,6,6,0,21,27,0,0,0,.500,186,46.2,33,5,19,0,56,1,0,14,13,2.51
01305138,2019,横浜DeNA,15,6,5,0,0,0,0,0,0,.545,302,66.2,81,7,25,2,54,1,0,38,37,5.00
01305138,2020,横浜DeNA,19,10,6,0,0,0,1,0,1,.625,452,113.2,96,13,29,3,81,0,1,34,32,2.53
01305138,2021,横浜DeNA,22,6,7,0,0,0,0,0,0,.462,499,112,137,9,30,3,106,3,0,57,54,4.34
01305138,2022,横浜DeNA,24,11,8,0,0,0,0,0,0,.579,562,136.2,126,13,36,8,118,4,0,48,42,2.77
01305138,2023,横浜DeNA,13,5,4,0,0,0,1,1,0,.556,304,76.1,57,6,18,4,55,0,0,27,25,2.95
01305138,2024,横浜DeNA,15,6,7,0,0,0,0,0,0,.462,370,88.1,78,6,24,4,58,0,1,35,28,2.85
01305138,2025,横浜DeNA,11,2,6,0,0,0,1,1,0,.250,274,67,67,4,13,3,44,0,0,24,23,3.09
81585138,2019,横浜DeNA,25,7,6,0,0,0,1,1,0,.538,584,134,136,14,51,3,102,3,1,68,59,3.96
81585138,2020,横浜DeNA,11,2,3,0,0,0,1,1,0,.400,247,59,57,8,20,2,50,4,0,29,27,4.12
81585138,2021,横浜DeNA,8,1,3,0,0,0,0,0,0,.250,155,34,37,5,17,1,26,1,0,27,27,7.15
81585138,2022,横浜DeNA,13,3,6,0,0,0,1,1,1,.333,278,66.2,65,8,17,2,49,0,1,40,35,4.73
81585138,2023,横浜DeNA,46,5,3,0,4,9,0,0,0,.625,270,64,53,3,26,4,54,3,0,21,15,2.11
81585138,2024,横浜DeNA,18,2,2,0,1,3,0,0,0,.500,110,22.2,32,3,11,1,16,0,0,14,11,4.37
81585138,2025,福岡ソフトバンク,8,0,0,0,0,0,0,0,0,.000,57,13,15,3,3,0,11,0,0,11,10,6.92
81585138,2026,福岡ソフトバンク,35,8,2,1,10,14,0,0,0,.800,360,88,78,15,24,4,79,1,0,33,31,3.17
73775138,2019,横浜DeNA,4,0,0,0,1,1,0,0,0,.000,17,4.1,4,1,2,0,2,0,0,1,1,2.08
51855138,2023,横浜DeNA,11,0,0,0,3,3,0,0,0,.000,66,16.1,14,2,2,1,16,0,0,7,7,3.86
51855138,2024,横浜DeNA,1,0,0,0,0,0,0,0,0,.000,12,2,3,0,3,0,4,0,0,3,3,13.50
51855138,2025,横浜DeNA,50,4,1,0,14,18,0,0,0,.800,214,51.2,40,1,24,0,44,2,0,15,12,2.09
51855138,2026,横浜DeNA,30,0,3,0,5,5,0,0,0,.000,119,28.2,26,3,8,1,28,2,0,11,11,3.45
41145151,2020,横浜DeNA,33,3,1,0,4,7,0,0,0,.750,143,35,28,2,12,2,39,0,0,9,7,1.80
41145151,2021,横浜DeNA,39,0,1,0,6,6,0,0,0,.000,144,35.1,30,0,15,1,38,2,0,11,11,2.80
41145151,2022,横浜DeNA,71,3,3,1,39,42,0,0,0,.500,269,68,52,1,17,5,69,2,0,14,13,1.72
41145151,2023,横浜DeNA,58,4,6,2,33,37,0,0,0,.400,212,50.1,54,6,16,0,43,0,0,21,18,3.22
41145151,2024,横浜DeNA,37,2,3,0,18,20,0,0,0,.400,129,32.1,28,5,5,2,28,1,0,13,13,3.62
41145151,2025,横浜DeNA,55,0,5,13,32,32,0,0,0,.000,214,53,46,3,13,1,58,0,0,17,17,2.89
41145151,2026,横浜DeNA,51,2,4,0,24,26,0,0,0,.333,196,46.2,44,4,16,0,44,1,0,16,16,3.09
11015151,2020,横浜DeNA,10,4,1,0,0,0,0,0,0,.800,200,46,48,10,17,3,29,1,0,30,29,5.67
11015151,2021,横浜DeNA,16,4,6,0,0,0,0,0,0,.400,310,70.1,89,9,22,3,46,2,0,43,41,5.25
11015151,2022,横浜DeNA,15,0,5,0,0,0,0,0,0,.000,212,48,52,9,21,3,28,1,0,33,33,6.19
11015151,2023,横浜DeNA,13,0,1,0,0,0,0,0,0,.000,111,25,27,2,12,2,13,1,0,16,16,5.76
11015151,2024,横浜DeNA,48,1,1,0,13,14,0,0,0,.500,190,45,43,3,12,1,39,3,0,16,11,2.20
11015151,2025,横浜DeNA,35,4,1,0,4,8,0,0,0,.800,157,37,35,2,10,1,33,2,0,14,13,3.16
11015151,2026,横浜DeNA,32,0,1,0,4,4,0,0,0,.000,140,30.1,31,5,15,1,24,2,0,16,11,3.26
43545151,2024,横浜DeNA,7,0,0,0,4,4,0,0,0,.000,19,4.2,2,0,3,0,1,3,0,0,0,0.00
73775151,2020,横浜DeNA,10,2,2,0,0,0,0,0,0,.500,166,38,40,6,13,2,29,0,0,22,21,4.97
73775151,2021,横浜DeNA,18,3,4,0,0,1,0,0,0,.429,191,47,41,5,14,2,41,0,0,23,22,4.21
73775151,2022,横浜DeNA,3,0,2,0,0,0,0,0,0,.000,18,3,9,0,1,0,4,0,0,5,5,15.00
