player_id,name,note,name_looks_foreign,year,team_code,player_url
21125113,阿部　慎之助,2001年 公式戦初出場,FALSE,2010,1947001,https://npb.jp/bis/players/21125113.html
31135115,朝井　秀樹,2003年 公式戦初出場,FALSE,2010,1947001,https://npb.jp/bis/players/31135115.html
51455119,李　承燁,2004年 公式戦初出場,FALSE,2010,1947001,https://npb.jp/bis/players/51455119.html
31335114,隠善　智也,2008年 公式戦初出場,FALSE,2010,1947001,https://npb.jp/bis/players/31335114.html
81185131,市川　友也,2010年 公式戦初出場,FALSE,2010,1947001,https://npb.jp/bis/players/81185131.html
81185119,内海　哲也,2004年 公式戦初出場,FALSE,2010,1947001,https://npb.jp/bis/players/81185119.html
91395114,上野　貴久,2010年 公式戦初出場,FALSE,2010,1947001,https://npb.jp/bis/players/91395114.html
91695131,エドガー,2010年 公式戦初出場,FALSE,2010,1947001,https://npb.jp/bis/players/91695131.html
93993868,大道　典嘉,1989年 公式戦初出場,FALSE,2010,1947001,https://npb.jp/bis/players/93993868.html
21323884,小笠原　道大,1997年 公式戦初出場,FALSE,2010,1947001,https://npb.jp/bis/players/21323884.html
71575115,小田嶋　正邦,2002年 公式戦初出場,FALSE,2010,1947001,https://npb.jp/bis/players/71575115.html
81385112,越智　大祐,2008年 公式戦初出場,FALSE,2010,1947001,https://npb.jp/bis/players/81385112.html
23525114,Ｗ．オビスポ,2007年 公式戦初出場,TRUE,2010,1947001,https://npb.jp/bis/players/23525114.html
41345118,大田　泰示,2009年 公式戦初出場,FALSE,2010,1947001,https://npb.jp/bis/players/41345118.html
91595131,小野　淳平,2011年 公式戦初出場,FALSE,2010,1947001,https://npb.jp/bis/players/91595131.html
21323888,加藤　健,2000年 公式戦初出場,FALSE,2010,1947001,https://npb.jp/bis/players/21323888.html
81385110,亀井　義行,2005年 公式戦初出場,FALSE,2010,1947001,https://npb.jp/bis/players/81385110.html
31735114,金刃　憲人,2007年 公式戦初出場,FALSE,2010,1947001,https://npb.jp/bis/players/31735114.html
71575116,加治前　竜一,2008年 公式戦初出場,FALSE,2010,1947001,https://npb.jp/bis/players/71575116.html
51555118,笠原　将生,2012年 公式戦初出場,FALSE,2010,1947001,https://npb.jp/bis/players/51555118.html
81585131,河野　元貴,2013年 公式戦初出場,FALSE,2010,1947001,https://npb.jp/bis/players/81585131.html
01505110,木村　正太,2009年 公式戦初出場,FALSE,2010,1947001,https://npb.jp/bis/players/01505110.html
71775131,鬼屋敷　正人,2013年 公式戦初出場,FALSE,2010,1947001,https://npb.jp/bis/players/71775131.html
21725117,久保　裕也,2003年 公式戦初出場,FALSE,2010,1947001,https://npb.jp/bis/players/21725117.html
41545110,工藤　隆人,2005年 公式戦初出場,FALSE,2010,1947001,https://npb.jp/bis/players/41545110.html
21625110,Ｍ．クルーン,2005年 公式戦初出場,TRUE,2010,1947001,https://npb.jp/bis/players/21625110.html
03105114,Ｓ．グライシンガー,2007年 公式戦初出場,TRUE,2010,1947001,https://npb.jp/bis/players/03105114.html
61563888,小林　雅英,1999年 公式戦初出場,FALSE,2010,1947001,https://npb.jp/bis/players/61563888.html
71875119,Ｄ．ゴンザレス,2004年 公式戦初出場,TRUE,2010,1947001,https://npb.jp/bis/players/71875119.html
51753888,實松　一成,2000年 公式戦初出場,FALSE,2010,1947001,https://npb.jp/bis/players/51753888.html
51955114,坂本　勇人,2007年 入団,FALSE,2010,1947001,https://npb.jp/bis/players/51955114.html
61763884,鈴木　尚広,2002年 公式戦初出場,FALSE,2010,1947001,https://npb.jp/bis/players/61763884.html
91993884,谷　佳知,1997年 公式戦初出場,FALSE,2010,1947001,https://npb.jp/bis/players/91993884.html
51953886,高橋　由伸,1998年 公式戦初出場,FALSE,2010,1947001,https://npb.jp/bis/players/51953886.html
71775111,高木　康成,2001年 公式戦初出場,FALSE,2010,1947001,https://npb.jp/bis/players/71775111.html
61065114,田中　大二郎,2008年 公式戦初出場,FALSE,2010,1947001,https://npb.jp/bis/players/61065114.html
91995131,長野　久義,2010年 公式戦初出場,FALSE,2010,1947001,https://npb.jp/bis/players/91995131.html
21723882,鶴岡　一成,2000年 公式戦初出場,FALSE,2010,1947001,https://npb.jp/bis/players/21723882.html
31235114,円谷　英俊,2008年 公式戦初出場,FALSE,2010,1947001,https://npb.jp/bis/players/31235114.html
01905131,土本　恭平,2010年 公式戦初出場,FALSE,2010,1947001,https://npb.jp/bis/players/01905131.html
51255114,寺内　崇幸,2008年 公式戦初出場,FALSE,2010,1947001,https://npb.jp/bis/players/51255114.html
61963887,豊田　清,1995年 公式戦初出場,FALSE,2010,1947001,https://npb.jp/bis/players/61963887.html
31035110,東野　峻,2007年 公式戦初出場,FALSE,2010,1947001,https://npb.jp/bis/players/31035110.html
61065112,栂野　雅史,2006年 公式戦初出場,FALSE,2010,1947001,https://npb.jp/bis/players/61065112.html
71075113,中里　篤史,2001年 公式戦初出場,FALSE,2010,1947001,https://npb.jp/bis/players/71075113.html
21025116,中井　大介,2009年 公式戦初出場,FALSE,2010,1947001,https://npb.jp/bis/players/21025116.html
81085118,仲澤　広基,2013年 公式戦初出場,FALSE,2010,1947001,https://npb.jp/bis/players/81085118.html
31035119,西村　健太朗,2004年 公式戦初出場,FALSE,2010,1947001,https://npb.jp/bis/players/31035119.html
81085110,野間口　貴彦,2005年 公式戦初出場,FALSE,2010,1947001,https://npb.jp/bis/players/81085110.html
51455118,橋本　到,2010年 公式戦初出場,FALSE,2010,1947001,https://npb.jp/bis/players/51455118.html
01203886,藤田　宗一,1998年 公式戦初出場,FALSE,2010,1947001,https://npb.jp/bis/players/01203886.html
21223886,古城　茂幸,1999年 公式戦初出場,FALSE,2010,1947001,https://npb.jp/bis/players/21223886.html
91095111,藤井　秀悟,2000年 公式戦初出場,FALSE,2010,1947001,https://npb.jp/bis/players/91095111.html
11415112,深田　拓也,2007年 公式戦初出場,FALSE,2010,1947001,https://npb.jp/bis/players/11415112.html
31435112,福田　聡志,2006年 公式戦初出場,FALSE,2010,1947001,https://npb.jp/bis/players/31435112.html
31435116,藤村　大介,2011年 公式戦初出場,FALSE,2010,1947001,https://npb.jp/bis/players/31435116.html
71475116,古川　祐樹,2009年 公式戦初出場,FALSE,2010,1947001,https://npb.jp/bis/players/71475116.html
21425118,福元　淳史,2012年 公式戦初出場,FALSE,2010,1947001,https://npb.jp/bis/players/21425118.html
13115131,黄　志龍,2010年 公式戦初出場,FALSE,2010,1947001,https://npb.jp/bis/players/13115131.html
61265110,星　孝典,2005年 公式戦初出場,FALSE,2010,1947001,https://npb.jp/bis/players/61265110.html
21225131,星野　真澄,2010年 公式戦初出場,FALSE,2010,1947001,https://npb.jp/bis/players/21225131.html
11415110,ＭＩＣＨＥＡＬ,2005年 公式戦初出場,FALSE,2010,1947001,https://npb.jp/bis/players/11415110.html
01605114,松本　哲也,2008年 公式戦初出場,FALSE,2010,1947001,https://npb.jp/bis/players/01605114.html
31635116,村田　透,2017年 公式戦初出場,FALSE,2010,1947001,https://npb.jp/bis/players/31635116.html
51655117,矢野　謙次,2003年 公式戦初出場,FALSE,2010,1947001,https://npb.jp/bis/players/51655117.html
71875112,山口　鉄也,2007年 公式戦初出場,FALSE,2010,1947001,https://npb.jp/bis/players/71875112.html
11815118,山本　和作,2013年 公式戦初出場,FALSE,2010,1947001,https://npb.jp/bis/players/11815118.html
63165113,Ａ．ラミレス,2001年 公式戦初出場,TRUE,2010,1947001,https://npb.jp/bis/players/63165113.html
43545112,林　羿豪,2010年 公式戦初出場,FALSE,2010,1947001,https://npb.jp/bis/players/43545112.html
43345118,Ｌ．ロメロ,2010年 公式戦初出場,TRUE,2010,1947001,https://npb.jp/bis/players/43345118.html
13115112,脇谷　亮太,2006年 公式戦初出場,FALSE,2010,1947001,https://npb.jp/bis/players/13115112.html
21125113,阿部　慎之助,2001年 公式戦初出場,FALSE,2011,1947001,https://npb.jp/bis/players/21125113.html
31135115,朝井　秀樹,2003年 公式戦初出場,FALSE,2011,1947001,https://npb.jp/bis/players/31135115.html
61865133,Ｊ．アルバラデホ,2011年 公式戦初出場,TRUE,2011,1947001,https://npb.jp/bis/players/61865133.html
31335114,隠善　智也,2008年 公式戦初出場,FALSE,2011,1947001,https://npb.jp/bis/players/31335114.html
81185131,市川　友也,2010年 公式戦初出場,FALSE,2011,1947001,https://npb.jp/bis/players/81185131.html
81185119,内海　哲也,2004年 公式戦初出場,FALSE,2011,1947001,https://npb.jp/bis/players/81185119.html
91395114,上野　貴久,2010年 公式戦初出場,FALSE,2011,1947001,https://npb.jp/bis/players/91395114.html
41143880,大村　三郎,1995年 公式戦初出場,FALSE,2011,1947001,https://npb.jp/bis/players/41143880.html
21323884,小笠原　道大,1997年 公式戦初出場,FALSE,2011,1947001,https://npb.jp/bis/players/21323884.html
81385112,越智　大祐,2008年 公式戦初出場,FALSE,2011,1947001,https://npb.jp/bis/players/81385112.html
41345118,大田　泰示,2009年 公式戦初出場,FALSE,2011,1947001,https://npb.jp/bis/players/41345118.html
91595131,小野　淳平,2011年 公式戦初出場,FALSE,2011,1947001,https://npb.jp/bis/players/91595131.html
21323888,加藤　健,2000年 公式戦初出場,FALSE,2011,1947001,https://npb.jp/bis/players/21323888.html
81385110,亀井　義行,2005年 公式戦初出場,FALSE,2011,1947001,https://npb.jp/bis/players/81385110.html
31735114,金刃　憲人,2007年 公式戦初出場,FALSE,2011,1947001,https://npb.jp/bis/players/31735114.html
71575116,加治前　竜一,2008年 公式戦初出場,FALSE,2011,1947001,https://npb.jp/bis/players/71575116.html
51555118,笠原　将生,2012年 公式戦初出場,FALSE,2011,1947001,https://npb.jp/bis/players/51555118.html
81585131,河野　元貴,2013年 公式戦初出場,FALSE,2011,1947001,https://npb.jp/bis/players/81585131.html
01505110,木村　正太,2009年 公式戦初出場,FALSE,2011,1947001,https://npb.jp/bis/players/01505110.html
71775131,鬼屋敷　正人,2013年 公式戦初出場,FALSE,2011,1947001,https://npb.jp/bis/players/71775131.html
21725117,久保　裕也,2003年 公式戦初出場,FALSE,2011,1947001,https://npb.jp/bis/players/21725117.html
41545110,工藤　隆人,2005年 公式戦初出場,FALSE,2011,1947001,https://npb.jp/bis/players/41545110.html
03105114,Ｓ．グライシンガー,2007年 公式戦初出場,TRUE,2011,1947001,https://npb.jp/bis/players/03105114.html
91995117,紺田　敏正,2003年 公式戦初出場,FALSE,2011,1947001,https://npb.jp/bis/players/91995117.html
71875119,Ｄ．ゴンザレス,2004年 公式戦初出場,TRUE,2011,1947001,https://npb.jp/bis/players/71875119.html
51955133,小山　雄輝,2011年 公式戦初出場,FALSE,2011,1947001,https://npb.jp/bis/players/51955133.html
51753888,實松　一成,2000年 公式戦初出場,FALSE,2011,1947001,https://npb.jp/bis/players/51753888.html
51955114,坂本　勇人,2007年 入団,FALSE,2011,1947001,https://npb.jp/bis/players/51955114.html
81985133,澤村　拓一,2011年 公式戦初出場,FALSE,2011,1947001,https://npb.jp/bis/players/81985133.html
61763884,鈴木　尚広,2002年 公式戦初出場,FALSE,2011,1947001,https://npb.jp/bis/players/61763884.html
31935119,須永　英輝,2004年 公式戦初出場,FALSE,2011,1947001,https://npb.jp/bis/players/31935119.html
31933884,高橋　信二,2000年 公式戦初出場,FALSE,2011,1947001,https://npb.jp/bis/players/31933884.html
91993884,谷　佳知,1997年 公式戦初出場,FALSE,2011,1947001,https://npb.jp/bis/players/91993884.html
51953886,高橋　由伸,1998年 公式戦初出場,FALSE,2011,1947001,https://npb.jp/bis/players/51953886.html
71775111,高木　康成,2001年 公式戦初出場,FALSE,2011,1947001,https://npb.jp/bis/players/71775111.html
61065114,田中　大二郎,2008年 公式戦初出場,FALSE,2011,1947001,https://npb.jp/bis/players/61065114.html
91995131,長野　久義,2010年 公式戦初出場,FALSE,2011,1947001,https://npb.jp/bis/players/91995131.html
21723882,鶴岡　一成,2000年 公式戦初出場,FALSE,2011,1947001,https://npb.jp/bis/players/21723882.html
31235114,円谷　英俊,2008年 公式戦初出場,FALSE,2011,1947001,https://npb.jp/bis/players/31235114.html
01905131,土本　恭平,2010年 公式戦初出場,FALSE,2011,1947001,https://npb.jp/bis/players/01905131.html
51255114,寺内　崇幸,2008年 公式戦初出場,FALSE,2011,1947001,https://npb.jp/bis/players/51255114.html
31035110,東野　峻,2007年 公式戦初出場,FALSE,2011,1947001,https://npb.jp/bis/players/31035110.html
03105133,Ｃ．トーレス,2011年 公式戦初出場,TRUE,2011,1947001,https://npb.jp/bis/players/03105133.html
71075113,中里　篤史,2001年 公式戦初出場,FALSE,2011,1947001,https://npb.jp/bis/players/71075113.html
21025116,中井　大介,2009年 公式戦初出場,FALSE,2011,1947001,https://npb.jp/bis/players/21025116.html
81085118,仲澤　広基,2013年 公式戦初出場,FALSE,2011,1947001,https://npb.jp/bis/players/81085118.html
31035119,西村　健太朗,2004年 公式戦初出場,FALSE,2011,1947001,https://npb.jp/bis/players/31035119.html
81085110,野間口　貴彦,2005年 公式戦初出場,FALSE,2011,1947001,https://npb.jp/bis/players/81085110.html
51455118,橋本　到,2010年 公式戦初出場,FALSE,2011,1947001,https://npb.jp/bis/players/51455118.html
21223886,古城　茂幸,1999年 公式戦初出場,FALSE,2011,1947001,https://npb.jp/bis/players/21223886.html
91095111,藤井　秀悟,2000年 公式戦初出場,FALSE,2011,1947001,https://npb.jp/bis/players/91095111.html
31435112,福田　聡志,2006年 公式戦初出場,FALSE,2011,1947001,https://npb.jp/bis/players/31435112.html
31435116,藤村　大介,2011年 公式戦初出場,FALSE,2011,1947001,https://npb.jp/bis/players/31435116.html
71475116,古川　祐樹,2009年 公式戦初出場,FALSE,2011,1947001,https://npb.jp/bis/players/71475116.html
21425118,福元　淳史,2012年 公式戦初出場,FALSE,2011,1947001,https://npb.jp/bis/players/21425118.html
13115131,黄　志龍,2010年 公式戦初出場,FALSE,2011,1947001,https://npb.jp/bis/players/13115131.html
23725133,Ｊ．フィールズ,2011年 公式戦初出場,TRUE,2011,1947001,https://npb.jp/bis/players/23725133.html
61265110,星　孝典,2005年 公式戦初出場,FALSE,2011,1947001,https://npb.jp/bis/players/61265110.html
21225131,星野　真澄,2010年 公式戦初出場,FALSE,2011,1947001,https://npb.jp/bis/players/21225131.html
11415110,ＭＩＣＨＥＡＬ,2005年 公式戦初出場,FALSE,2011,1947001,https://npb.jp/bis/players/11415110.html
01605114,松本　哲也,2008年 公式戦初出場,FALSE,2011,1947001,https://npb.jp/bis/players/01605114.html
31635133,丸毛　謙一,2014年 公式戦初出場,FALSE,2011,1947001,https://npb.jp/bis/players/31635133.html
21625133,宮國　椋丞,2012年 公式戦初出場,FALSE,2011,1947001,https://npb.jp/bis/players/21625133.html
51655117,矢野　謙次,2003年 公式戦初出場,FALSE,2011,1947001,https://npb.jp/bis/players/51655117.html
71875112,山口　鉄也,2007年 公式戦初出場,FALSE,2011,1947001,https://npb.jp/bis/players/71875112.html
11815118,山本　和作,2013年 公式戦初出場,FALSE,2011,1947001,https://npb.jp/bis/players/11815118.html
63165113,Ａ．ラミレス,2001年 公式戦初出場,TRUE,2011,1947001,https://npb.jp/bis/players/63165113.html
13515133,Ｒ．ライアル,2011年 公式戦初出場,TRUE,2011,1947001,https://npb.jp/bis/players/13515133.html
43545112,林　羿豪,2010年 公式戦初出場,FALSE,2011,1947001,https://npb.jp/bis/players/43545112.html
43345118,Ｌ．ロメロ,2010年 公式戦初出場,TRUE,2011,1947001,https://npb.jp/bis/players/43345118.html
13115112,脇谷　亮太,2006年 公式戦初出場,FALSE,2011,1947001,https://npb.jp/bis/players/13115112.html
21125113,阿部　慎之助,2001年 公式戦初出場,FALSE,2012,1947001,https://npb.jp/bis/players/21125113.html
31135115,朝井　秀樹,2003年 公式戦初出場,FALSE,2012,1947001,https://npb.jp/bis/players/31135115.html
91193884,石井　義人,1997年 公式戦初出場,FALSE,2012,1947001,https://npb.jp/bis/players/91193884.html
31335114,隠善　智也,2008年 公式戦初出場,FALSE,2012,1947001,https://npb.jp/bis/players/31335114.html
81185131,市川　友也,2010年 公式戦初出場,FALSE,2012,1947001,https://npb.jp/bis/players/81185131.html
21125135,一岡　竜司,2012年 公式戦初出場,FALSE,2012,1947001,https://npb.jp/bis/players/21125135.html
31335135,今村　信貴,2013年 公式戦初出場,FALSE,2012,1947001,https://npb.jp/bis/players/31335135.html
81185119,内海　哲也,2004年 公式戦初出場,FALSE,2012,1947001,https://npb.jp/bis/players/81185119.html
91695131,エドガー,2010年 公式戦初出場,FALSE,2012,1947001,https://npb.jp/bis/players/91695131.html
71375135,江柄子　裕樹,2012年 公式戦初出場,FALSE,2012,1947001,https://npb.jp/bis/players/71375135.html
21323884,小笠原　道大,1997年 公式戦初出場,FALSE,2012,1947001,https://npb.jp/bis/players/21323884.html
81385112,越智　大祐,2008年 公式戦初出場,FALSE,2012,1947001,https://npb.jp/bis/players/81385112.html
41345118,大田　泰示,2009年 公式戦初出場,FALSE,2012,1947001,https://npb.jp/bis/players/41345118.html
91595131,小野　淳平,2011年 公式戦初出場,FALSE,2012,1947001,https://npb.jp/bis/players/91595131.html
21323888,加藤　健,2000年 公式戦初出場,FALSE,2012,1947001,https://npb.jp/bis/players/21323888.html
81385110,亀井　義行,2005年 公式戦初出場,FALSE,2012,1947001,https://npb.jp/bis/players/81385110.html
31735114,金刃　憲人,2007年 公式戦初出場,FALSE,2012,1947001,https://npb.jp/bis/players/31735114.html
71575116,加治前　竜一,2008年 公式戦初出場,FALSE,2012,1947001,https://npb.jp/bis/players/71575116.html
51555118,笠原　将生,2012年 公式戦初出場,FALSE,2012,1947001,https://npb.jp/bis/players/51555118.html
81585131,河野　元貴,2013年 公式戦初出場,FALSE,2012,1947001,https://npb.jp/bis/players/81585131.html
71775131,鬼屋敷　正人,2013年 公式戦初出場,FALSE,2012,1947001,https://npb.jp/bis/players/71775131.html
21725117,久保　裕也,2003年 公式戦初出場,FALSE,2012,1947001,https://npb.jp/bis/players/21725117.html
81585116,久米　勇紀,2008年 公式戦初出場,FALSE,2012,1947001,https://npb.jp/bis/players/81585116.html
71875119,Ｄ．ゴンザレス,2004年 公式戦初出場,TRUE,2012,1947001,https://npb.jp/bis/players/71875119.html
51955133,小山　雄輝,2011年 公式戦初出場,FALSE,2012,1947001,https://npb.jp/bis/players/51955133.html
51753888,實松　一成,2000年 公式戦初出場,FALSE,2012,1947001,https://npb.jp/bis/players/51753888.html
61765115,真田　裕貴,2002年 公式戦初出場,FALSE,2012,1947001,https://npb.jp/bis/players/61765115.html
51955114,坂本　勇人,2007年 入団,FALSE,2012,1947001,https://npb.jp/bis/players/51955114.html
81985133,澤村　拓一,2011年 公式戦初出場,FALSE,2012,1947001,https://npb.jp/bis/players/81985133.html
61763884,鈴木　尚広,2002年 公式戦初出場,FALSE,2012,1947001,https://npb.jp/bis/players/61763884.html
31935115,杉内　俊哉,2002年 公式戦初出場,FALSE,2012,1947001,https://npb.jp/bis/players/31935115.html
31935119,須永　英輝,2004年 公式戦初出場,FALSE,2012,1947001,https://npb.jp/bis/players/31935119.html
91993884,谷　佳知,1997年 公式戦初出場,FALSE,2012,1947001,https://npb.jp/bis/players/91993884.html
51953886,高橋　由伸,1998年 公式戦初出場,FALSE,2012,1947001,https://npb.jp/bis/players/51953886.html
71775111,高木　康成,2001年 公式戦初出場,FALSE,2012,1947001,https://npb.jp/bis/players/71775111.html
81985112,高口　隆行,2007年 公式戦初出場,FALSE,2012,1947001,https://npb.jp/bis/players/81985112.html
61065114,田中　大二郎,2008年 公式戦初出場,FALSE,2012,1947001,https://npb.jp/bis/players/61065114.html
81985118,立岡　宗一郎,2010年 公式戦初出場,FALSE,2012,1947001,https://npb.jp/bis/players/81985118.html
31035135,高木　京介,2012年 公式戦初出場,FALSE,2012,1947001,https://npb.jp/bis/players/31035135.html
61065135,田原　誠次,2012年 公式戦初出場,FALSE,2012,1947001,https://npb.jp/bis/players/61065135.html
91995131,長野　久義,2010年 公式戦初出場,FALSE,2012,1947001,https://npb.jp/bis/players/91995131.html
31235114,円谷　英俊,2008年 公式戦初出場,FALSE,2012,1947001,https://npb.jp/bis/players/31235114.html
01905131,土本　恭平,2010年 公式戦初出場,FALSE,2012,1947001,https://npb.jp/bis/players/01905131.html
51255135,土田　瑞起,2014年 公式戦初出場,FALSE,2012,1947001,https://npb.jp/bis/players/51255135.html
51255114,寺内　崇幸,2008年 公式戦初出場,FALSE,2012,1947001,https://npb.jp/bis/players/51255114.html
31035110,東野　峻,2007年 公式戦初出場,FALSE,2012,1947001,https://npb.jp/bis/players/31035110.html
01003886,中谷　仁,2002年 公式戦初出場,FALSE,2012,1947001,https://npb.jp/bis/players/01003886.html
21025116,中井　大介,2009年 公式戦初出場,FALSE,2012,1947001,https://npb.jp/bis/players/21025116.html
81085118,仲澤　広基,2013年 公式戦初出場,FALSE,2012,1947001,https://npb.jp/bis/players/81085118.html
31035119,西村　健太朗,2004年 公式戦初出場,FALSE,2012,1947001,https://npb.jp/bis/players/31035119.html
81085110,野間口　貴彦,2005年 公式戦初出場,FALSE,2012,1947001,https://npb.jp/bis/players/81085110.html
51455118,橋本　到,2010年 公式戦初出場,FALSE,2012,1947001,https://npb.jp/bis/players/51455118.html
21223886,古城　茂幸,1999年 公式戦初出場,FALSE,2012,1947001,https://npb.jp/bis/players/21223886.html
31435112,福田　聡志,2006年 公式戦初出場,FALSE,2012,1947001,https://npb.jp/bis/players/31435112.html
31435116,藤村　大介,2011年 公式戦初出場,FALSE,2012,1947001,https://npb.jp/bis/players/31435116.html
71475116,古川　祐樹,2009年 公式戦初出場,FALSE,2012,1947001,https://npb.jp/bis/players/71475116.html
21425118,福元　淳史,2012年 公式戦初出場,FALSE,2012,1947001,https://npb.jp/bis/players/21425118.html
43145116,Ｄ．ホールトン,2008年 公式戦初出場,TRUE,2012,1947001,https://npb.jp/bis/players/43145116.html
21225131,星野　真澄,2010年 公式戦初出場,FALSE,2012,1947001,https://npb.jp/bis/players/21225131.html
43145135,Ｊ．ボウカー,2012年 公式戦初出場,TRUE,2012,1947001,https://npb.jp/bis/players/43145135.html
01605114,松本　哲也,2008年 公式戦初出場,FALSE,2012,1947001,https://npb.jp/bis/players/01605114.html
31635133,丸毛　謙一,2014年 公式戦初出場,FALSE,2012,1947001,https://npb.jp/bis/players/31635133.html
63165135,Ｓ．マシソン,2012年 公式戦初出場,TRUE,2012,1947001,https://npb.jp/bis/players/63165135.html
21625133,宮國　椋丞,2012年 公式戦初出場,FALSE,2012,1947001,https://npb.jp/bis/players/21625133.html
81485117,村田　修一,2003年 公式戦初出場,FALSE,2012,1947001,https://npb.jp/bis/players/81485117.html
51655117,矢野　謙次,2003年 公式戦初出場,FALSE,2012,1947001,https://npb.jp/bis/players/51655117.html
71875112,山口　鉄也,2007年 公式戦初出場,FALSE,2012,1947001,https://npb.jp/bis/players/71875112.html
11815118,山本　和作,2013年 公式戦初出場,FALSE,2012,1947001,https://npb.jp/bis/players/11815118.html
43545112,林　羿豪,2010年 公式戦初出場,FALSE,2012,1947001,https://npb.jp/bis/players/43545112.html
43345118,Ｌ．ロメロ,2010年 公式戦初出場,TRUE,2012,1947001,https://npb.jp/bis/players/43345118.html
13115112,脇谷　亮太,2006年 公式戦初出場,FALSE,2012,1947001,https://npb.jp/bis/players/13115112.html
21125113,阿部　慎之助,2001年 公式戦初出場,FALSE,2013,1947001,https://npb.jp/bis/players/21125113.html
51155114,青木　高広,2007年 公式戦初出場,FALSE,2013,1947001,https://npb.jp/bis/players/51155114.html
91195131,阿南　徹,2010年 公式戦初出場,FALSE,2013,1947001,https://npb.jp/bis/players/91195131.html
71675137,Ｍ．アコスタ,2013年 公式戦初出場,TRUE,2013,1947001,https://npb.jp/bis/players/71675137.html
91193884,石井　義人,1997年 公式戦初出場,FALSE,2013,1947001,https://npb.jp/bis/players/91193884.html
81185112,井野　卓,2007年 公式戦初出場,FALSE,2013,1947001,https://npb.jp/bis/players/81185112.html
31335114,隠善　智也,2008年 公式戦初出場,FALSE,2013,1947001,https://npb.jp/bis/players/31335114.html
81185131,市川　友也,2010年 公式戦初出場,FALSE,2013,1947001,https://npb.jp/bis/players/81185131.html
21125135,一岡　竜司,2012年 公式戦初出場,FALSE,2013,1947001,https://npb.jp/bis/players/21125135.html
31335135,今村　信貴,2013年 公式戦初出場,FALSE,2013,1947001,https://npb.jp/bis/players/31335135.html
81185119,内海　哲也,2004年 公式戦初出場,FALSE,2013,1947001,https://npb.jp/bis/players/81185119.html
71375135,江柄子　裕樹,2012年 公式戦初出場,FALSE,2013,1947001,https://npb.jp/bis/players/71375135.html
21323884,小笠原　道大,1997年 公式戦初出場,FALSE,2013,1947001,https://npb.jp/bis/players/21323884.html
81385112,越智　大祐,2008年 公式戦初出場,FALSE,2013,1947001,https://npb.jp/bis/players/81385112.html
41345118,大田　泰示,2009年 公式戦初出場,FALSE,2013,1947001,https://npb.jp/bis/players/41345118.html
91595131,小野　淳平,2011年 公式戦初出場,FALSE,2013,1947001,https://npb.jp/bis/players/91595131.html
61365137,大累　進,2013年 公式戦初出場,FALSE,2013,1947001,https://npb.jp/bis/players/61365137.html
21323888,加藤　健,2000年 公式戦初出場,FALSE,2013,1947001,https://npb.jp/bis/players/21323888.html
01305119,香月　良太,2004年 公式戦初出場,FALSE,2013,1947001,https://npb.jp/bis/players/01305119.html
81385110,亀井　善行,2005年 公式戦初出場,FALSE,2013,1947001,https://npb.jp/bis/players/81385110.html
71575116,加治前　竜一,2008年 公式戦初出場,FALSE,2013,1947001,https://npb.jp/bis/players/71575116.html
51555118,笠原　将生,2012年 公式戦初出場,FALSE,2013,1947001,https://npb.jp/bis/players/51555118.html
81585131,河野　元貴,2013年 公式戦初出場,FALSE,2013,1947001,https://npb.jp/bis/players/81585131.html
71775131,鬼屋敷　正人,2013年 公式戦初出場,FALSE,2013,1947001,https://npb.jp/bis/players/71775131.html
21725117,久保　裕也,2003年 公式戦初出場,FALSE,2013,1947001,https://npb.jp/bis/players/21725117.html
81585137,公文　克彦,2013年 公式戦初出場,FALSE,2013,1947001,https://npb.jp/bis/players/81585137.html
51955133,小山　雄輝,2011年 公式戦初出場,FALSE,2013,1947001,https://npb.jp/bis/players/51955133.html
51753888,實松　一成,2000年 公式戦初出場,FALSE,2013,1947001,https://npb.jp/bis/players/51753888.html
51955114,坂本　勇人,2007年 入団,FALSE,2013,1947001,https://npb.jp/bis/players/51955114.html
81985133,澤村　拓一,2011年 公式戦初出場,FALSE,2013,1947001,https://npb.jp/bis/players/81985133.html
11715137,坂口　真規,2013年 公式戦初出場,FALSE,2013,1947001,https://npb.jp/bis/players/11715137.html
61763884,鈴木　尚広,2002年 公式戦初出場,FALSE,2013,1947001,https://npb.jp/bis/players/61763884.html
31935115,杉内　俊哉,2002年 公式戦初出場,FALSE,2013,1947001,https://npb.jp/bis/players/31935115.html
31935119,須永　英輝,2004年 公式戦初出場,FALSE,2013,1947001,https://npb.jp/bis/players/31935119.html
41745137,菅野　智之,2013年 公式戦初出場,FALSE,2013,1947001,https://npb.jp/bis/players/41745137.html
91993884,谷　佳知,1997年 公式戦初出場,FALSE,2013,1947001,https://npb.jp/bis/players/91993884.html
51953886,高橋　由伸,1998年 公式戦初出場,FALSE,2013,1947001,https://npb.jp/bis/players/51953886.html
71775111,高木　康成,2001年 公式戦初出場,FALSE,2013,1947001,https://npb.jp/bis/players/71775111.html
81985112,高口　隆行,2007年 公式戦初出場,FALSE,2013,1947001,https://npb.jp/bis/players/81985112.html
81985118,立岡　宗一郎,2010年 公式戦初出場,FALSE,2013,1947001,https://npb.jp/bis/players/81985118.html
31035135,高木　京介,2012年 公式戦初出場,FALSE,2013,1947001,https://npb.jp/bis/players/31035135.html
61065135,田原　誠次,2012年 公式戦初出場,FALSE,2013,1947001,https://npb.jp/bis/players/61065135.html
91995131,長野　久義,2010年 公式戦初出場,FALSE,2013,1947001,https://npb.jp/bis/players/91995131.html
51255135,土田　瑞起,2014年 公式戦初出場,FALSE,2013,1947001,https://npb.jp/bis/players/51255135.html
81985137,辻　東倫,2015年 公式戦初出場,FALSE,2013,1947001,https://npb.jp/bis/players/81985137.html
51255114,寺内　崇幸,2008年 公式戦初出場,FALSE,2013,1947001,https://npb.jp/bis/players/51255114.html
21025116,中井　大介,2009年 公式戦初出場,FALSE,2013,1947001,https://npb.jp/bis/players/21025116.html
31035119,西村　健太朗,2004年 公式戦初出場,FALSE,2013,1947001,https://npb.jp/bis/players/31035119.html
81085110,野間口　貴彦,2005年 公式戦初出場,FALSE,2013,1947001,https://npb.jp/bis/players/81085110.html
51455118,橋本　到,2010年 公式戦初出場,FALSE,2013,1947001,https://npb.jp/bis/players/51455118.html
21223886,古城　茂幸,1999年 公式戦初出場,FALSE,2013,1947001,https://npb.jp/bis/players/21223886.html
31435112,福田　聡志,2006年 公式戦初出場,FALSE,2013,1947001,https://npb.jp/bis/players/31435112.html
31435116,藤村　大介,2011年 公式戦初出場,FALSE,2013,1947001,https://npb.jp/bis/players/31435116.html
43145116,Ｄ．ホールトン,2008年 公式戦初出場,TRUE,2013,1947001,https://npb.jp/bis/players/43145116.html
21225131,星野　真澄,2010年 公式戦初出場,FALSE,2013,1947001,https://npb.jp/bis/players/21225131.html
43145135,Ｊ．ボウカー,2012年 公式戦初出場,TRUE,2013,1947001,https://npb.jp/bis/players/43145135.html
01605114,松本　哲也,2008年 公式戦初出場,FALSE,2013,1947001,https://npb.jp/bis/players/01605114.html
31635133,丸毛　謙一,2014年 公式戦初出場,FALSE,2013,1947001,https://npb.jp/bis/players/31635133.html
63165135,Ｓ．マシソン,2012年 公式戦初出場,TRUE,2013,1947001,https://npb.jp/bis/players/63165135.html
21625133,宮國　椋丞,2012年 公式戦初出場,FALSE,2013,1947001,https://npb.jp/bis/players/21625133.html
81485117,村田　修一,2003年 公式戦初出場,FALSE,2013,1947001,https://npb.jp/bis/players/81485117.html
51655117,矢野　謙次,2003年 公式戦初出場,FALSE,2013,1947001,https://npb.jp/bis/players/51655117.html
71875112,山口　鉄也,2007年 公式戦初出場,FALSE,2013,1947001,https://npb.jp/bis/players/71875112.html
01805114,横川　史学,2008年 公式戦初出場,FALSE,2013,1947001,https://npb.jp/bis/players/01805114.html
43545112,林　羿豪,2010年 公式戦初出場,FALSE,2013,1947001,https://npb.jp/bis/players/43545112.html
93195137,Ｊ．ロペス,2013年 公式戦初出場,TRUE,2013,1947001,https://npb.jp/bis/players/93195137.html
13115112,脇谷　亮太,2006年 公式戦初出場,FALSE,2013,1947001,https://npb.jp/bis/players/13115112.html
21125113,阿部　慎之助,2001年 公式戦初出場,FALSE,2014,1947001,https://npb.jp/bis/players/21125113.html
51155114,青木　高広,2007年 公式戦初出場,FALSE,2014,1947001,https://npb.jp/bis/players/51155114.html
91195131,阿南　徹,2010年 公式戦初出場,FALSE,2014,1947001,https://npb.jp/bis/players/91195131.html
11815139,Ｌ．アンダーソン,2014年 公式戦初出場,TRUE,2014,1947001,https://npb.jp/bis/players/11815139.html
91193884,石井　義人,1997年 公式戦初出場,FALSE,2014,1947001,https://npb.jp/bis/players/91193884.html
41143886,井端　弘和,1998年 公式戦初出場,FALSE,2014,1947001,https://npb.jp/bis/players/41143886.html
81185112,井野　卓,2007年 公式戦初出場,FALSE,2014,1947001,https://npb.jp/bis/players/81185112.html
31335114,隠善　智也,2008年 公式戦初出場,FALSE,2014,1947001,https://npb.jp/bis/players/31335114.html
31335135,今村　信貴,2013年 公式戦初出場,FALSE,2014,1947001,https://npb.jp/bis/players/31335135.html
81185119,内海　哲也,2004年 公式戦初出場,FALSE,2014,1947001,https://npb.jp/bis/players/81185119.html
71375135,江柄子　裕樹,2012年 公式戦初出場,FALSE,2014,1947001,https://npb.jp/bis/players/71375135.html
11515115,大竹　寛,2003年 公式戦初出場,FALSE,2014,1947001,https://npb.jp/bis/players/11515115.html
81385112,越智　大祐,2008年 公式戦初出場,FALSE,2014,1947001,https://npb.jp/bis/players/81385112.html
41345118,大田　泰示,2009年 公式戦初出場,FALSE,2014,1947001,https://npb.jp/bis/players/41345118.html
61365137,大累　進,2013年 公式戦初出場,FALSE,2014,1947001,https://npb.jp/bis/players/61365137.html
91595139,奥村　展征,2016年 公式戦初出場,FALSE,2014,1947001,https://npb.jp/bis/players/91595139.html
21323888,加藤　健,2000年 公式戦初出場,FALSE,2014,1947001,https://npb.jp/bis/players/21323888.html
01305119,香月　良太,2004年 公式戦初出場,FALSE,2014,1947001,https://npb.jp/bis/players/01305119.html
01305110,片岡　治大,2005年 公式戦初出場,FALSE,2014,1947001,https://npb.jp/bis/players/01305110.html
81385110,亀井　善行,2005年 公式戦初出場,FALSE,2014,1947001,https://npb.jp/bis/players/81385110.html
71575116,加治前　竜一,2008年 公式戦初出場,FALSE,2014,1947001,https://npb.jp/bis/players/71575116.html
51555118,笠原　将生,2012年 公式戦初出場,FALSE,2014,1947001,https://npb.jp/bis/players/51555118.html
81585131,河野　元貴,2013年 公式戦初出場,FALSE,2014,1947001,https://npb.jp/bis/players/81585131.html
71775131,鬼屋敷　正人,2013年 公式戦初出場,FALSE,2014,1947001,https://npb.jp/bis/players/71775131.html
21725117,久保　裕也,2003年 公式戦初出場,FALSE,2014,1947001,https://npb.jp/bis/players/21725117.html
81585137,公文　克彦,2013年 公式戦初出場,FALSE,2014,1947001,https://npb.jp/bis/players/81585137.html
51955133,小山　雄輝,2011年 公式戦初出場,FALSE,2014,1947001,https://npb.jp/bis/players/51955133.html
91795139,小林　誠司,2014年 入団,FALSE,2014,1947001,https://npb.jp/bis/players/91795139.html
51753888,實松　一成,2000年 公式戦初出場,FALSE,2014,1947001,https://npb.jp/bis/players/51753888.html
51955114,坂本　勇人,2007年 入団,FALSE,2014,1947001,https://npb.jp/bis/players/51955114.html
81985133,澤村　拓一,2011年 公式戦初出場,FALSE,2014,1947001,https://npb.jp/bis/players/81985133.html
11715137,坂口　真規,2013年 公式戦初出場,FALSE,2014,1947001,https://npb.jp/bis/players/11715137.html
61763884,鈴木　尚広,2002年 公式戦初出場,FALSE,2014,1947001,https://npb.jp/bis/players/61763884.html
31935115,杉内　俊哉,2002年 公式戦初出場,FALSE,2014,1947001,https://npb.jp/bis/players/31935115.html
31935119,須永　英輝,2004年 公式戦初出場,FALSE,2014,1947001,https://npb.jp/bis/players/31935119.html
41745137,菅野　智之,2013年 公式戦初出場,FALSE,2014,1947001,https://npb.jp/bis/players/41745137.html
81885139,Ｃ．セドン,2014年 公式戦初出場,TRUE,2014,1947001,https://npb.jp/bis/players/81885139.html
43345139,Ｆ．セペダ,2014年 公式戦初出場,TRUE,2014,1947001,https://npb.jp/bis/players/43345139.html
51953886,高橋　由伸,1998年 公式戦初出場,FALSE,2014,1947001,https://npb.jp/bis/players/51953886.html
71775111,高木　康成,2001年 公式戦初出場,FALSE,2014,1947001,https://npb.jp/bis/players/71775111.html
81985118,立岡　宗一郎,2010年 公式戦初出場,FALSE,2014,1947001,https://npb.jp/bis/players/81985118.html
31035135,高木　京介,2012年 公式戦初出場,FALSE,2014,1947001,https://npb.jp/bis/players/31035135.html
61065135,田原　誠次,2012年 公式戦初出場,FALSE,2014,1947001,https://npb.jp/bis/players/61065135.html
01905139,平良　拳太郎,2014年 入団,FALSE,2014,1947001,https://npb.jp/bis/players/01905139.html
41945139,田口　麗斗,2014年 入団,FALSE,2014,1947001,https://npb.jp/bis/players/41945139.html
91995131,長野　久義,2010年 公式戦初出場,FALSE,2014,1947001,https://npb.jp/bis/players/91995131.html
51255135,土田　瑞起,2014年 公式戦初出場,FALSE,2014,1947001,https://npb.jp/bis/players/51255135.html
81985137,辻　東倫,2015年 公式戦初出場,FALSE,2014,1947001,https://npb.jp/bis/players/81985137.html
51255114,寺内　崇幸,2008年 公式戦初出場,FALSE,2014,1947001,https://npb.jp/bis/players/51255114.html
21025116,中井　大介,2009年 公式戦初出場,FALSE,2014,1947001,https://npb.jp/bis/players/21025116.html
31035119,西村　健太朗,2004年 公式戦初出場,FALSE,2014,1947001,https://npb.jp/bis/players/31035119.html
81085110,野間口　貴彦,2005年 公式戦初出場,FALSE,2014,1947001,https://npb.jp/bis/players/81085110.html
51455118,橋本　到,2010年 公式戦初出場,FALSE,2014,1947001,https://npb.jp/bis/players/51455118.html
31435112,福田　聡志,2006年 公式戦初出場,FALSE,2014,1947001,https://npb.jp/bis/players/31435112.html
31435116,藤村　大介,2011年 公式戦初出場,FALSE,2014,1947001,https://npb.jp/bis/players/31435116.html
21225131,星野　真澄,2010年 公式戦初出場,FALSE,2014,1947001,https://npb.jp/bis/players/21225131.html
01605114,松本　哲也,2008年 公式戦初出場,FALSE,2014,1947001,https://npb.jp/bis/players/01605114.html
63165135,Ｓ．マシソン,2012年 公式戦初出場,TRUE,2014,1947001,https://npb.jp/bis/players/63165135.html
21625133,宮國　椋丞,2012年 公式戦初出場,FALSE,2014,1947001,https://npb.jp/bis/players/21625133.html
81485117,村田　修一,2003年 公式戦初出場,FALSE,2014,1947001,https://npb.jp/bis/players/81485117.html
93595139,Ｈ．メンドーサ,2015年 公式戦初出場,TRUE,2014,1947001,https://npb.jp/bis/players/93595139.html
51655117,矢野　謙次,2003年 公式戦初出場,FALSE,2014,1947001,https://npb.jp/bis/players/51655117.html
71875112,山口　鉄也,2007年 公式戦初出場,FALSE,2014,1947001,https://npb.jp/bis/players/71875112.html
01805114,横川　史学,2008年 公式戦初出場,FALSE,2014,1947001,https://npb.jp/bis/players/01805114.html
93195137,Ｊ．ロペス,2013年 公式戦初出場,TRUE,2014,1947001,https://npb.jp/bis/players/93195137.html
61665139,和田　恋,2018年 公式戦初出場,FALSE,2014,1947001,https://npb.jp/bis/players/61665139.html
41443880,相川　亮二,1999年 公式戦初出場,FALSE,2015,1947001,https://npb.jp/bis/players/41443880.html
21125113,阿部　慎之助,2001年 公式戦初出場,FALSE,2015,1947001,https://npb.jp/bis/players/21125113.html
51155114,青木　高広,2007年 公式戦初出場,FALSE,2015,1947001,https://npb.jp/bis/players/51155114.html
91195131,阿南　徹,2010年 公式戦初出場,FALSE,2015,1947001,https://npb.jp/bis/players/91195131.html
11815139,Ｌ．アンダーソン,2014年 公式戦初出場,TRUE,2015,1947001,https://npb.jp/bis/players/11815139.html
41143886,井端　弘和,1998年 公式戦初出場,FALSE,2015,1947001,https://npb.jp/bis/players/41143886.html
31335114,隠善　智也,2008年 公式戦初出場,FALSE,2015,1947001,https://npb.jp/bis/players/31335114.html
31335135,今村　信貴,2013年 公式戦初出場,FALSE,2015,1947001,https://npb.jp/bis/players/31335135.html
81185119,内海　哲也,2004年 公式戦初出場,FALSE,2015,1947001,https://npb.jp/bis/players/81185119.html
71375135,江柄子　裕樹,2012年 公式戦初出場,FALSE,2015,1947001,https://npb.jp/bis/players/71375135.html
11515115,大竹　寛,2003年 公式戦初出場,FALSE,2015,1947001,https://npb.jp/bis/players/11515115.html
41345118,大田　泰示,2009年 公式戦初出場,FALSE,2015,1947001,https://npb.jp/bis/players/41345118.html
61365137,大累　進,2013年 公式戦初出場,FALSE,2015,1947001,https://npb.jp/bis/players/61365137.html
11515130,岡本　和真,2015年 公式戦初出場,FALSE,2015,1947001,https://npb.jp/bis/players/11515130.html
21323888,加藤　健,2000年 公式戦初出場,FALSE,2015,1947001,https://npb.jp/bis/players/21323888.html
01305119,香月　良太,2004年 公式戦初出場,FALSE,2015,1947001,https://npb.jp/bis/players/01305119.html
01305110,片岡　治大,2005年 公式戦初出場,FALSE,2015,1947001,https://npb.jp/bis/players/01305110.html
81385110,亀井　善行,2005年 公式戦初出場,FALSE,2015,1947001,https://npb.jp/bis/players/81385110.html
51555118,笠原　将生,2012年 公式戦初出場,FALSE,2015,1947001,https://npb.jp/bis/players/51555118.html
81585131,河野　元貴,2013年 公式戦初出場,FALSE,2015,1947001,https://npb.jp/bis/players/81585131.html
83785130,Ａ．カステヤーノス,2015年 公式戦初出場,TRUE,2015,1947001,https://npb.jp/bis/players/83785130.html
91593888,金城　龍彦,1999年 公式戦初出場,FALSE,2015,1947001,https://npb.jp/bis/players/91593888.html
01705114,北　篤,2010年 公式戦初出場,FALSE,2015,1947001,https://npb.jp/bis/players/01705114.html
71775131,鬼屋敷　正人,2013年 公式戦初出場,FALSE,2015,1947001,https://npb.jp/bis/players/71775131.html
21725117,久保　裕也,2003年 公式戦初出場,FALSE,2015,1947001,https://npb.jp/bis/players/21725117.html
81585137,公文　克彦,2013年 公式戦初出場,FALSE,2015,1947001,https://npb.jp/bis/players/81585137.html
51955133,小山　雄輝,2011年 公式戦初出場,FALSE,2015,1947001,https://npb.jp/bis/players/51955133.html
91795139,小林　誠司,2014年 入団,FALSE,2015,1947001,https://npb.jp/bis/players/91795139.html
51753888,實松　一成,2000年 公式戦初出場,FALSE,2015,1947001,https://npb.jp/bis/players/51753888.html
51955114,坂本　勇人,2007年 入団,FALSE,2015,1947001,https://npb.jp/bis/players/51955114.html
81985133,澤村　拓一,2011年 公式戦初出場,FALSE,2015,1947001,https://npb.jp/bis/players/81985133.html
11715137,坂口　真規,2013年 公式戦初出場,FALSE,2015,1947001,https://npb.jp/bis/players/11715137.html
21925130,篠原　慎平,2017年 公式戦初出場,FALSE,2015,1947001,https://npb.jp/bis/players/21925130.html
61763884,鈴木　尚広,2002年 公式戦初出場,FALSE,2015,1947001,https://npb.jp/bis/players/61763884.html
31935115,杉内　俊哉,2002年 公式戦初出場,FALSE,2015,1947001,https://npb.jp/bis/players/31935115.html
31935119,須永　英輝,2004年 公式戦初出場,FALSE,2015,1947001,https://npb.jp/bis/players/31935119.html
41745137,菅野　智之,2013年 公式戦初出場,FALSE,2015,1947001,https://npb.jp/bis/players/41745137.html
43345139,Ｆ．セペダ,2014年 公式戦初出場,TRUE,2015,1947001,https://npb.jp/bis/players/43345139.html
51953886,高橋　由伸,1998年 公式戦初出場,FALSE,2015,1947001,https://npb.jp/bis/players/51953886.html
81985118,立岡　宗一郎,2010年 公式戦初出場,FALSE,2015,1947001,https://npb.jp/bis/players/81985118.html
31035135,高木　京介,2012年 公式戦初出場,FALSE,2015,1947001,https://npb.jp/bis/players/31035135.html
61065135,田原　誠次,2012年 公式戦初出場,FALSE,2015,1947001,https://npb.jp/bis/players/61065135.html
01905139,平良　拳太郎,2014年 入団,FALSE,2015,1947001,https://npb.jp/bis/players/01905139.html
41945139,田口　麗斗,2014年 入団,FALSE,2015,1947001,https://npb.jp/bis/players/41945139.html
31035130,高木　勇人,2015年 公式戦初出場,FALSE,2015,1947001,https://npb.jp/bis/players/31035130.html
31235130,田中　貴也,2015年 入団,FALSE,2015,1947001,https://npb.jp/bis/players/31235130.html
91995131,長野　久義,2010年 公式戦初出場,FALSE,2015,1947001,https://npb.jp/bis/players/91995131.html
51255135,土田　瑞起,2014年 公式戦初出場,FALSE,2015,1947001,https://npb.jp/bis/players/51255135.html
81985137,辻　東倫,2015年 公式戦初出場,FALSE,2015,1947001,https://npb.jp/bis/players/81985137.html
51255114,寺内　崇幸,2008年 公式戦初出場,FALSE,2015,1947001,https://npb.jp/bis/players/51255114.html
01905119,堂上　剛裕,2005年 公式戦初出場,FALSE,2015,1947001,https://npb.jp/bis/players/01905119.html
21225130,戸根　千明,2015年 公式戦初出場,FALSE,2015,1947001,https://npb.jp/bis/players/21225130.html
21025116,中井　大介,2009年 公式戦初出場,FALSE,2015,1947001,https://npb.jp/bis/players/21025116.html
31035119,西村　健太朗,2004年 公式戦初出場,FALSE,2015,1947001,https://npb.jp/bis/players/31035119.html
81085110,野間口　貴彦,2005年 公式戦初出場,FALSE,2015,1947001,https://npb.jp/bis/players/81085110.html
51455118,橋本　到,2010年 公式戦初出場,FALSE,2015,1947001,https://npb.jp/bis/players/51455118.html
31435112,福田　聡志,2006年 公式戦初出場,FALSE,2015,1947001,https://npb.jp/bis/players/31435112.html
31435116,藤村　大介,2011年 公式戦初出場,FALSE,2015,1947001,https://npb.jp/bis/players/31435116.html
33735130,Ｊ．フランシスコ,2015年 公式戦初出場,TRUE,2015,1947001,https://npb.jp/bis/players/33735130.html
33535130,Ａ．ポレダ,2015年 公式戦初出場,TRUE,2015,1947001,https://npb.jp/bis/players/33535130.html
01605114,松本　哲也,2008年 公式戦初出場,FALSE,2015,1947001,https://npb.jp/bis/players/01605114.html
63165135,Ｓ．マシソン,2012年 公式戦初出場,TRUE,2015,1947001,https://npb.jp/bis/players/63165135.html
53555130,Ｍ．マイコラス,2015年 公式戦初出場,TRUE,2015,1947001,https://npb.jp/bis/players/53555130.html
21625133,宮國　椋丞,2012年 公式戦初出場,FALSE,2015,1947001,https://npb.jp/bis/players/21625133.html
81485117,村田　修一,2003年 公式戦初出場,FALSE,2015,1947001,https://npb.jp/bis/players/81485117.html
93595139,Ｈ．メンドーサ,2015年 公式戦初出場,TRUE,2015,1947001,https://npb.jp/bis/players/93595139.html
51655117,矢野　謙次,2003年 公式戦初出場,FALSE,2015,1947001,https://npb.jp/bis/players/51655117.html
71875112,山口　鉄也,2007年 公式戦初出場,FALSE,2015,1947001,https://npb.jp/bis/players/71875112.html
61665118,矢貫　俊之,2010年 公式戦初出場,FALSE,2015,1947001,https://npb.jp/bis/players/61665118.html
01805114,横川　史学,2008年 公式戦初出場,FALSE,2015,1947001,https://npb.jp/bis/players/01805114.html
21825133,吉川　大幾,2012年 公式戦初出場,FALSE,2015,1947001,https://npb.jp/bis/players/21825133.html
61665139,和田　恋,2018年 公式戦初出場,FALSE,2015,1947001,https://npb.jp/bis/players/61665139.html
41443880,相川　亮二,1999年 公式戦初出場,FALSE,2016,1947001,https://npb.jp/bis/players/41443880.html
21125113,阿部　慎之助,2001年 公式戦初出場,FALSE,2016,1947001,https://npb.jp/bis/players/21125113.html
91195131,阿南　徹,2010年 公式戦初出場,FALSE,2016,1947001,https://npb.jp/bis/players/91195131.html
91695137,Ａ．アブレイユ,2014年 公式戦初出場,TRUE,2016,1947001,https://npb.jp/bis/players/91695137.html
11815139,Ｌ．アンダーソン,2014年 公式戦初出場,TRUE,2016,1947001,https://npb.jp/bis/players/11815139.html
83985132,Ｓ．アダメス,2018年 公式戦初出場,TRUE,2016,1947001,https://npb.jp/bis/players/83985132.html
31335133,乾　真大,2011年 公式戦初出場,FALSE,2016,1947001,https://npb.jp/bis/players/31335133.html
31335135,今村　信貴,2013年 公式戦初出場,FALSE,2016,1947001,https://npb.jp/bis/players/31335135.html
81185119,内海　哲也,2004年 公式戦初出場,FALSE,2016,1947001,https://npb.jp/bis/players/81185119.html
11515135,ウーゴ,2012年 公式戦初出場,FALSE,2016,1947001,https://npb.jp/bis/players/11515135.html
61365132,宇佐見　真吾,2016年 入団,FALSE,2016,1947001,https://npb.jp/bis/players/61365132.html
71375135,江柄子　裕樹,2012年 公式戦初出場,FALSE,2016,1947001,https://npb.jp/bis/players/71375135.html
11515115,大竹　寛,2003年 公式戦初出場,FALSE,2016,1947001,https://npb.jp/bis/players/11515115.html
41345118,大田　泰示,2009年 公式戦初出場,FALSE,2016,1947001,https://npb.jp/bis/players/41345118.html
61365137,大累　進,2013年 公式戦初出場,FALSE,2016,1947001,https://npb.jp/bis/players/61365137.html
11515130,岡本　和真,2015年 公式戦初出場,FALSE,2016,1947001,https://npb.jp/bis/players/11515130.html
21323888,加藤　健,2000年 公式戦初出場,FALSE,2016,1947001,https://npb.jp/bis/players/21323888.html
01305119,香月　良太,2004年 公式戦初出場,FALSE,2016,1947001,https://npb.jp/bis/players/01305119.html
01305110,片岡　治大,2005年 公式戦初出場,FALSE,2016,1947001,https://npb.jp/bis/players/01305110.html
81385110,亀井　善行,2005年 公式戦初出場,FALSE,2016,1947001,https://npb.jp/bis/players/81385110.html
81585131,河野　元貴,2013年 公式戦初出場,FALSE,2016,1947001,https://npb.jp/bis/players/81585131.html
33035132,Ｊ．Ａ．ガルシア,2016年 公式戦初出場,TRUE,2016,1947001,https://npb.jp/bis/players/33035132.html
01705114,北　篤,2010年 公式戦初出場,FALSE,2016,1947001,https://npb.jp/bis/players/01705114.html
71775131,鬼屋敷　正人,2013年 公式戦初出場,FALSE,2016,1947001,https://npb.jp/bis/players/71775131.html
43345132,ギャレット,2016年 公式戦初出場,FALSE,2016,1947001,https://npb.jp/bis/players/43345132.html
81585137,公文　克彦,2013年 公式戦初出場,FALSE,2016,1947001,https://npb.jp/bis/players/81585137.html
01805139,Ｌ．クルーズ,2014年 公式戦初出場,TRUE,2016,1947001,https://npb.jp/bis/players/01805139.html
51955133,小山　雄輝,2011年 公式戦初出場,FALSE,2016,1947001,https://npb.jp/bis/players/51955133.html
91795139,小林　誠司,2014年 入団,FALSE,2016,1947001,https://npb.jp/bis/players/91795139.html
51753888,實松　一成,2000年 公式戦初出場,FALSE,2016,1947001,https://npb.jp/bis/players/51753888.html
51955114,坂本　勇人,2007年 入団,FALSE,2016,1947001,https://npb.jp/bis/players/51955114.html
81985133,澤村　拓一,2011年 公式戦初出場,FALSE,2016,1947001,https://npb.jp/bis/players/81985133.html
11715137,坂口　真規,2013年 公式戦初出場,FALSE,2016,1947001,https://npb.jp/bis/players/11715137.html
31935132,桜井　俊貴,2016年 公式戦初出場,FALSE,2016,1947001,https://npb.jp/bis/players/31935132.html
21925130,篠原　慎平,2017年 公式戦初出場,FALSE,2016,1947001,https://npb.jp/bis/players/21925130.html
21925132,重信　慎之介,2016年 公式戦初出場,FALSE,2016,1947001,https://npb.jp/bis/players/21925132.html
61763884,鈴木　尚広,2002年 公式戦初出場,FALSE,2016,1947001,https://npb.jp/bis/players/61763884.html
31935115,杉内　俊哉,2002年 公式戦初出場,FALSE,2016,1947001,https://npb.jp/bis/players/31935115.html
41745137,菅野　智之,2013年 公式戦初出場,FALSE,2016,1947001,https://npb.jp/bis/players/41745137.html
81985118,立岡　宗一郎,2010年 公式戦初出場,FALSE,2016,1947001,https://npb.jp/bis/players/81985118.html
31035135,高木　京介,2012年 公式戦初出場,FALSE,2016,1947001,https://npb.jp/bis/players/31035135.html
61065135,田原　誠次,2012年 公式戦初出場,FALSE,2016,1947001,https://npb.jp/bis/players/61065135.html
01905139,平良　拳太郎,2014年 入団,FALSE,2016,1947001,https://npb.jp/bis/players/01905139.html
41945139,田口　麗斗,2014年 入団,FALSE,2016,1947001,https://npb.jp/bis/players/41945139.html
31035130,高木　勇人,2015年 公式戦初出場,FALSE,2016,1947001,https://npb.jp/bis/players/31035130.html
31235130,田中　貴也,2015年 入団,FALSE,2016,1947001,https://npb.jp/bis/players/31235130.html
91995131,長野　久義,2010年 公式戦初出場,FALSE,2016,1947001,https://npb.jp/bis/players/91995131.html
51255135,土田　瑞起,2014年 公式戦初出場,FALSE,2016,1947001,https://npb.jp/bis/players/51255135.html
81985137,辻　東倫,2015年 公式戦初出場,FALSE,2016,1947001,https://npb.jp/bis/players/81985137.html
51255114,寺内　崇幸,2008年 公式戦初出場,FALSE,2016,1947001,https://npb.jp/bis/players/51255114.html
01905119,堂上　剛裕,2005年 公式戦初出場,FALSE,2016,1947001,https://npb.jp/bis/players/01905119.html
21225130,戸根　千明,2015年 公式戦初出場,FALSE,2016,1947001,https://npb.jp/bis/players/21225130.html
21025116,中井　大介,2009年 公式戦初出場,FALSE,2016,1947001,https://npb.jp/bis/players/21025116.html
81285132,中川　皓太,2016年 入団,FALSE,2016,1947001,https://npb.jp/bis/players/81285132.html
31035119,西村　健太朗,2004年 公式戦初出場,FALSE,2016,1947001,https://npb.jp/bis/players/31035119.html
51455118,橋本　到,2010年 公式戦初出場,FALSE,2016,1947001,https://npb.jp/bis/players/51455118.html
81485132,長谷川　潤,2016年 公式戦初出場,FALSE,2016,1947001,https://npb.jp/bis/players/81485132.html
31435116,藤村　大介,2011年 公式戦初出場,FALSE,2016,1947001,https://npb.jp/bis/players/31435116.html
33535130,Ａ．ポレダ,2015年 公式戦初出場,TRUE,2016,1947001,https://npb.jp/bis/players/33535130.html
01605114,松本　哲也,2008年 公式戦初出場,FALSE,2016,1947001,https://npb.jp/bis/players/01605114.html
63165135,Ｓ．マシソン,2012年 公式戦初出場,TRUE,2016,1947001,https://npb.jp/bis/players/63165135.html
53555130,Ｍ．マイコラス,2015年 公式戦初出場,TRUE,2016,1947001,https://npb.jp/bis/players/53555130.html
51855132,増田　大輝,2016年 入団,FALSE,2016,1947001,https://npb.jp/bis/players/51855132.html
21625133,宮國　椋丞,2012年 公式戦初出場,FALSE,2016,1947001,https://npb.jp/bis/players/21625133.html
81485117,村田　修一,2003年 公式戦初出場,FALSE,2016,1947001,https://npb.jp/bis/players/81485117.html
93595139,Ｈ．メンドーサ,2015年 公式戦初出場,TRUE,2016,1947001,https://npb.jp/bis/players/93595139.html
71875112,山口　鉄也,2007年 公式戦初出場,FALSE,2016,1947001,https://npb.jp/bis/players/71875112.html
61665118,矢貫　俊之,2010年 公式戦初出場,FALSE,2016,1947001,https://npb.jp/bis/players/61665118.html
93195132,山本　泰寛,2016年 入団,FALSE,2016,1947001,https://npb.jp/bis/players/93195132.html
21825133,吉川　大幾,2012年 公式戦初出場,FALSE,2016,1947001,https://npb.jp/bis/players/21825133.html
13115112,脇谷　亮太,2006年 公式戦初出場,FALSE,2016,1947001,https://npb.jp/bis/players/13115112.html
61665139,和田　恋,2018年 公式戦初出場,FALSE,2016,1947001,https://npb.jp/bis/players/61665139.html
41443880,相川　亮二,1999年 公式戦初出場,FALSE,2017,1947001,https://npb.jp/bis/players/41443880.html
21125113,阿部　慎之助,2001年 公式戦初出場,FALSE,2017,1947001,https://npb.jp/bis/players/21125113.html
83985132,Ｓ．アダメス,2018年 公式戦初出場,TRUE,2017,1947001,https://npb.jp/bis/players/83985132.html
31335133,乾　真大,2011年 公式戦初出場,FALSE,2017,1947001,https://npb.jp/bis/players/31335133.html
01105135,石川　慎吾,2012年 入団,FALSE,2017,1947001,https://npb.jp/bis/players/01105135.html
31335135,今村　信貴,2013年 公式戦初出場,FALSE,2017,1947001,https://npb.jp/bis/players/31335135.html
91195134,池田　駿,2017年 公式戦初出場,FALSE,2017,1947001,https://npb.jp/bis/players/91195134.html
81185119,内海　哲也,2004年 公式戦初出場,FALSE,2017,1947001,https://npb.jp/bis/players/81185119.html
61365132,宇佐見　真吾,2016年 入団,FALSE,2017,1947001,https://npb.jp/bis/players/61365132.html
71375135,江柄子　裕樹,2012年 公式戦初出場,FALSE,2017,1947001,https://npb.jp/bis/players/71375135.html
11515115,大竹　寛,2003年 公式戦初出場,FALSE,2017,1947001,https://npb.jp/bis/players/11515115.html
11515130,岡本　和真,2015年 公式戦初出場,FALSE,2017,1947001,https://npb.jp/bis/players/11515130.html
71375134,大江　竜聖,2017年 入団,FALSE,2017,1947001,https://npb.jp/bis/players/71375134.html
01305110,片岡　治大,2005年 公式戦初出場,FALSE,2017,1947001,https://npb.jp/bis/players/01305110.html
81385110,亀井　善行,2005年 公式戦初出場,FALSE,2017,1947001,https://npb.jp/bis/players/81385110.html
81585131,河野　元貴,2013年 公式戦初出場,FALSE,2017,1947001,https://npb.jp/bis/players/81585131.html
51555134,加藤　脩平,2019年 公式戦初出場,FALSE,2017,1947001,https://npb.jp/bis/players/51555134.html
13515134,Ａ．カミネロ,2017年 公式戦初出場,TRUE,2017,1947001,https://npb.jp/bis/players/13515134.html
01705114,北　篤,2010年 公式戦初出場,FALSE,2017,1947001,https://npb.jp/bis/players/01705114.html
71775131,鬼屋敷　正人,2013年 公式戦初出場,FALSE,2017,1947001,https://npb.jp/bis/players/71775131.html
43345132,ギャレット,2016年 公式戦初出場,FALSE,2017,1947001,https://npb.jp/bis/players/43345132.html
01805139,Ｌ．クルーズ,2014年 公式戦初出場,TRUE,2017,1947001,https://npb.jp/bis/players/01805139.html
91795139,小林　誠司,2014年 入団,FALSE,2017,1947001,https://npb.jp/bis/players/91795139.html
51753888,實松　一成,2000年 公式戦初出場,FALSE,2017,1947001,https://npb.jp/bis/players/51753888.html
51955114,坂本　勇人,2007年 入団,FALSE,2017,1947001,https://npb.jp/bis/players/51955114.html
81985133,澤村　拓一,2011年 公式戦初出場,FALSE,2017,1947001,https://npb.jp/bis/players/81985133.html
11715137,坂口　真規,2013年 公式戦初出場,FALSE,2017,1947001,https://npb.jp/bis/players/11715137.html
31935132,桜井　俊貴,2016年 公式戦初出場,FALSE,2017,1947001,https://npb.jp/bis/players/31935132.html
51955134,坂本　工宜,2019年 公式戦初出場,FALSE,2017,1947001,https://npb.jp/bis/players/51955134.html
21925130,篠原　慎平,2017年 公式戦初出場,FALSE,2017,1947001,https://npb.jp/bis/players/21925130.html
21925132,重信　慎之介,2016年 公式戦初出場,FALSE,2017,1947001,https://npb.jp/bis/players/21925132.html
31935115,杉内　俊哉,2002年 公式戦初出場,FALSE,2017,1947001,https://npb.jp/bis/players/31935115.html
41745137,菅野　智之,2013年 公式戦初出場,FALSE,2017,1947001,https://npb.jp/bis/players/41745137.html
81985118,立岡　宗一郎,2010年 公式戦初出場,FALSE,2017,1947001,https://npb.jp/bis/players/81985118.html
31035135,高木　京介,2012年 公式戦初出場,FALSE,2017,1947001,https://npb.jp/bis/players/31035135.html
61065135,田原　誠次,2012年 公式戦初出場,FALSE,2017,1947001,https://npb.jp/bis/players/61065135.html
41945139,田口　麗斗,2014年 入団,FALSE,2017,1947001,https://npb.jp/bis/players/41945139.html
31035130,高木　勇人,2015年 公式戦初出場,FALSE,2017,1947001,https://npb.jp/bis/players/31035130.html
31235130,田中　貴也,2015年 入団,FALSE,2017,1947001,https://npb.jp/bis/players/31235130.html
71075134,髙田　萌生,2018年 公式戦初出場,FALSE,2017,1947001,https://npb.jp/bis/players/71075134.html
51255134,谷岡　竜平,2017年 公式戦初出場,FALSE,2017,1947001,https://npb.jp/bis/players/51255134.html
91995131,長野　久義,2010年 公式戦初出場,FALSE,2017,1947001,https://npb.jp/bis/players/91995131.html
51255135,土田　瑞起,2014年 公式戦初出場,FALSE,2017,1947001,https://npb.jp/bis/players/51255135.html
81985137,辻　東倫,2015年 公式戦初出場,FALSE,2017,1947001,https://npb.jp/bis/players/81985137.html
51255114,寺内　崇幸,2008年 公式戦初出場,FALSE,2017,1947001,https://npb.jp/bis/players/51255114.html
01905119,堂上　剛裕,2005年 公式戦初出場,FALSE,2017,1947001,https://npb.jp/bis/players/01905119.html
21225130,戸根　千明,2015年 公式戦初出場,FALSE,2017,1947001,https://npb.jp/bis/players/21225130.html
21025116,中井　大介,2009年 公式戦初出場,FALSE,2017,1947001,https://npb.jp/bis/players/21025116.html
81285132,中川　皓太,2016年 入団,FALSE,2017,1947001,https://npb.jp/bis/players/81285132.html
31035119,西村　健太朗,2004年 公式戦初出場,FALSE,2017,1947001,https://npb.jp/bis/players/31035119.html
51455118,橋本　到,2010年 公式戦初出場,FALSE,2017,1947001,https://npb.jp/bis/players/51455118.html
81485132,長谷川　潤,2016年 公式戦初出場,FALSE,2017,1947001,https://npb.jp/bis/players/81485132.html
31635134,畠　世周,2017年 入団,FALSE,2017,1947001,https://npb.jp/bis/players/31635134.html
31435116,藤村　大介,2011年 公式戦初出場,FALSE,2017,1947001,https://npb.jp/bis/players/31435116.html
71875134,堀岡　隼人,2017年 入団,FALSE,2017,1947001,https://npb.jp/bis/players/71875134.html
01605114,松本　哲也,2008年 公式戦初出場,FALSE,2017,1947001,https://npb.jp/bis/players/01605114.html
63165135,Ｓ．マシソン,2012年 公式戦初出場,TRUE,2017,1947001,https://npb.jp/bis/players/63165135.html
21825137,Ｃ．マギー,2013年 公式戦初出場,TRUE,2017,1947001,https://npb.jp/bis/players/21825137.html
53555130,Ｍ．マイコラス,2015年 公式戦初出場,TRUE,2017,1947001,https://npb.jp/bis/players/53555130.html
51855132,増田　大輝,2016年 入団,FALSE,2017,1947001,https://npb.jp/bis/players/51855132.html
21825134,松原　聖弥,2020年 公式戦初出場,FALSE,2017,1947001,https://npb.jp/bis/players/21825134.html
13915134,マルティネス,2018年 公式戦初出場,FALSE,2017,1947001,https://npb.jp/bis/players/13915134.html
21625133,宮國　椋丞,2012年 公式戦初出場,FALSE,2017,1947001,https://npb.jp/bis/players/21625133.html
81485117,村田　修一,2003年 公式戦初出場,FALSE,2017,1947001,https://npb.jp/bis/players/81485117.html
33935134,Ｃ．Ｃ．メルセデス,2018年 公式戦初出場,TRUE,2017,1947001,https://npb.jp/bis/players/33935134.html
61665114,森福　允彦,2007年 公式戦初出場,FALSE,2017,1947001,https://npb.jp/bis/players/61665114.html
51855112,山口　俊,2006年 公式戦初出場,FALSE,2017,1947001,https://npb.jp/bis/players/51855112.html
71875112,山口　鉄也,2007年 公式戦初出場,FALSE,2017,1947001,https://npb.jp/bis/players/71875112.html
93195132,山本　泰寛,2016年 入団,FALSE,2017,1947001,https://npb.jp/bis/players/93195132.html
21825112,陽　岱鋼,2007年 公式戦初出場,FALSE,2017,1947001,https://npb.jp/bis/players/21825112.html
41845114,吉川　光夫,2007年 公式戦初出場,FALSE,2017,1947001,https://npb.jp/bis/players/41845114.html
21825133,吉川　大幾,2012年 公式戦初出場,FALSE,2017,1947001,https://npb.jp/bis/players/21825133.html
73375134,吉川　尚輝,2017年 入団,FALSE,2017,1947001,https://npb.jp/bis/players/73375134.html
93395134,廖　任磊,2019年 公式戦初出場,FALSE,2017,1947001,https://npb.jp/bis/players/93395134.html
13115112,脇谷　亮太,2006年 公式戦初出場,FALSE,2017,1947001,https://npb.jp/bis/players/13115112.html
61665139,和田　恋,2018年 公式戦初出場,FALSE,2017,1947001,https://npb.jp/bis/players/61665139.html
21125113,阿部　慎之助,2001年 公式戦初出場,FALSE,2018,1947001,https://npb.jp/bis/players/21125113.html
83985132,Ｓ．アダメス,2018年 公式戦初出場,TRUE,2018,1947001,https://npb.jp/bis/players/83985132.html
01105135,石川　慎吾,2012年 入団,FALSE,2018,1947001,https://npb.jp/bis/players/01105135.html
31335135,今村　信貴,2013年 公式戦初出場,FALSE,2018,1947001,https://npb.jp/bis/players/31335135.html
91195134,池田　駿,2017年 公式戦初出場,FALSE,2018,1947001,https://npb.jp/bis/players/91195134.html
11313888,上原　浩治,1999年 公式戦初出場,FALSE,2018,1947001,https://npb.jp/bis/players/11313888.html
81185119,内海　哲也,2004年 公式戦初出場,FALSE,2018,1947001,https://npb.jp/bis/players/81185119.html
61365132,宇佐見　真吾,2016年 入団,FALSE,2018,1947001,https://npb.jp/bis/players/61365132.html
11515115,大竹　寛,2003年 公式戦初出場,FALSE,2018,1947001,https://npb.jp/bis/players/11515115.html
11515130,岡本　和真,2015年 公式戦初出場,FALSE,2018,1947001,https://npb.jp/bis/players/11515130.html
71375134,大江　竜聖,2017年 入団,FALSE,2018,1947001,https://npb.jp/bis/players/71375134.html
21325136,大城　卓三,2018年 入団,FALSE,2018,1947001,https://npb.jp/bis/players/21325136.html
81385110,亀井　善行,2005年 公式戦初出場,FALSE,2018,1947001,https://npb.jp/bis/players/81385110.html
81585131,河野　元貴,2013年 公式戦初出場,FALSE,2018,1947001,https://npb.jp/bis/players/81585131.html
51555134,加藤　脩平,2019年 公式戦初出場,FALSE,2018,1947001,https://npb.jp/bis/players/51555134.html
13515134,Ａ．カミネロ,2017年 公式戦初出場,TRUE,2018,1947001,https://npb.jp/bis/players/13515134.html
91595136,岸田　行倫,2018年 入団,FALSE,2018,1947001,https://npb.jp/bis/players/91595136.html
21525136,北村　拓己,2018年 公式戦初出場,FALSE,2018,1947001,https://npb.jp/bis/players/21525136.html
31735136,鍬原　拓也,2018年 公式戦初出場,FALSE,2018,1947001,https://npb.jp/bis/players/31735136.html
43545134,Ａ．ゲレーロ,2017年 公式戦初出場,TRUE,2018,1947001,https://npb.jp/bis/players/43545134.html
91795139,小林　誠司,2014年 入団,FALSE,2018,1947001,https://npb.jp/bis/players/91795139.html
51955114,坂本　勇人,2007年 入団,FALSE,2018,1947001,https://npb.jp/bis/players/51955114.html
81985133,澤村　拓一,2011年 公式戦初出場,FALSE,2018,1947001,https://npb.jp/bis/players/81985133.html
31935132,桜井　俊貴,2016年 公式戦初出場,FALSE,2018,1947001,https://npb.jp/bis/players/31935132.html
51955134,坂本　工宜,2019年 公式戦初出場,FALSE,2018,1947001,https://npb.jp/bis/players/51955134.html
21925130,篠原　慎平,2017年 公式戦初出場,FALSE,2018,1947001,https://npb.jp/bis/players/21925130.html
21925132,重信　慎之介,2016年 公式戦初出場,FALSE,2018,1947001,https://npb.jp/bis/players/21925132.html
31935115,杉内　俊哉,2002年 公式戦初出場,FALSE,2018,1947001,https://npb.jp/bis/players/31935115.html
41745137,菅野　智之,2013年 公式戦初出場,FALSE,2018,1947001,https://npb.jp/bis/players/41745137.html
81985118,立岡　宗一郎,2010年 公式戦初出場,FALSE,2018,1947001,https://npb.jp/bis/players/81985118.html
31035135,高木　京介,2012年 公式戦初出場,FALSE,2018,1947001,https://npb.jp/bis/players/31035135.html
61065135,田原　誠次,2012年 公式戦初出場,FALSE,2018,1947001,https://npb.jp/bis/players/61065135.html
41945139,田口　麗斗,2014年 入団,FALSE,2018,1947001,https://npb.jp/bis/players/41945139.html
31235130,田中　貴也,2015年 入団,FALSE,2018,1947001,https://npb.jp/bis/players/31235130.html
71075134,髙田　萌生,2018年 公式戦初出場,FALSE,2018,1947001,https://npb.jp/bis/players/71075134.html
51255134,谷岡　竜平,2017年 公式戦初出場,FALSE,2018,1947001,https://npb.jp/bis/players/51255134.html
81085136,田中　俊太,2018年 公式戦初出場,FALSE,2018,1947001,https://npb.jp/bis/players/81085136.html
91995131,長野　久義,2010年 公式戦初出場,FALSE,2018,1947001,https://npb.jp/bis/players/91995131.html
81985137,辻　東倫,2015年 公式戦初出場,FALSE,2018,1947001,https://npb.jp/bis/players/81985137.html
51255114,寺内　崇幸,2008年 公式戦初出場,FALSE,2018,1947001,https://npb.jp/bis/players/51255114.html
21225130,戸根　千明,2015年 公式戦初出場,FALSE,2018,1947001,https://npb.jp/bis/players/21225130.html
21025116,中井　大介,2009年 公式戦初出場,FALSE,2018,1947001,https://npb.jp/bis/players/21025116.html
81285132,中川　皓太,2016年 入団,FALSE,2018,1947001,https://npb.jp/bis/players/81285132.html
31035119,西村　健太朗,2004年 公式戦初出場,FALSE,2018,1947001,https://npb.jp/bis/players/31035119.html
81285118,野上　亮磨,2009年 公式戦初出場,FALSE,2018,1947001,https://npb.jp/bis/players/81285118.html
51455118,橋本　到,2010年 公式戦初出場,FALSE,2018,1947001,https://npb.jp/bis/players/51455118.html
31635134,畠　世周,2017年 入団,FALSE,2018,1947001,https://npb.jp/bis/players/31635134.html
71875134,堀岡　隼人,2017年 入団,FALSE,2018,1947001,https://npb.jp/bis/players/71875134.html
63165135,Ｓ．マシソン,2012年 公式戦初出場,TRUE,2018,1947001,https://npb.jp/bis/players/63165135.html
21825137,Ｃ．マギー,2013年 公式戦初出場,TRUE,2018,1947001,https://npb.jp/bis/players/21825137.html
51855132,増田　大輝,2016年 入団,FALSE,2018,1947001,https://npb.jp/bis/players/51855132.html
21825134,松原　聖弥,2020年 公式戦初出場,FALSE,2018,1947001,https://npb.jp/bis/players/21825134.html
13915134,マルティネス,2018年 公式戦初出場,FALSE,2018,1947001,https://npb.jp/bis/players/13915134.html
21625133,宮國　椋丞,2012年 公式戦初出場,FALSE,2018,1947001,https://npb.jp/bis/players/21625133.html
33935134,Ｃ．Ｃ．メルセデス,2018年 公式戦初出場,TRUE,2018,1947001,https://npb.jp/bis/players/33935134.html
61665114,森福　允彦,2007年 公式戦初出場,FALSE,2018,1947001,https://npb.jp/bis/players/61665114.html
51855112,山口　俊,2006年 公式戦初出場,FALSE,2018,1947001,https://npb.jp/bis/players/51855112.html
71875112,山口　鉄也,2007年 公式戦初出場,FALSE,2018,1947001,https://npb.jp/bis/players/71875112.html
93195132,山本　泰寛,2016年 入団,FALSE,2018,1947001,https://npb.jp/bis/players/93195132.html
93795136,Ｔ．ヤングマン,2018年 公式戦初出場,TRUE,2018,1947001,https://npb.jp/bis/players/93795136.html
43145136,湯浅　大,2018年 入団,FALSE,2018,1947001,https://npb.jp/bis/players/43145136.html
21825112,陽　岱鋼,2007年 公式戦初出場,FALSE,2018,1947001,https://npb.jp/bis/players/21825112.html
41845114,吉川　光夫,2007年 公式戦初出場,FALSE,2018,1947001,https://npb.jp/bis/players/41845114.html
21825133,吉川　大幾,2012年 公式戦初出場,FALSE,2018,1947001,https://npb.jp/bis/players/21825133.html
73375134,吉川　尚輝,2017年 入団,FALSE,2018,1947001,https://npb.jp/bis/players/73375134.html
93395134,廖　任磊,2019年 公式戦初出場,FALSE,2018,1947001,https://npb.jp/bis/players/93395134.html
13115112,脇谷　亮太,2006年 公式戦初出場,FALSE,2018,1947001,https://npb.jp/bis/players/13115112.html
61665139,和田　恋,2018年 公式戦初出場,FALSE,2018,1947001,https://npb.jp/bis/players/61665139.html
13315136,若林　晃弘,2018年 公式戦初出場,FALSE,2018,1947001,https://npb.jp/bis/players/13315136.html
21125113,阿部　慎之助,2001年 公式戦初出場,FALSE,2019,1947001,https://npb.jp/bis/players/21125113.html
83985132,Ｓ．アダメス,2018年 公式戦初出場,TRUE,2019,1947001,https://npb.jp/bis/players/83985132.html
01105111,岩隈　久志,2001年 公式戦初出場,FALSE,2019,1947001,https://npb.jp/bis/players/01105111.html
01105135,石川　慎吾,2012年 入団,FALSE,2019,1947001,https://npb.jp/bis/players/01105135.html
31335135,今村　信貴,2013年 公式戦初出場,FALSE,2019,1947001,https://npb.jp/bis/players/31335135.html
91195134,池田　駿,2017年 公式戦初出場,FALSE,2019,1947001,https://npb.jp/bis/players/91195134.html
11313888,上原　浩治,1999年 公式戦初出場,FALSE,2019,1947001,https://npb.jp/bis/players/11313888.html
61365132,宇佐見　真吾,2016年 入団,FALSE,2019,1947001,https://npb.jp/bis/players/61365132.html
11515115,大竹　寛,2003年 公式戦初出場,FALSE,2019,1947001,https://npb.jp/bis/players/11515115.html
11515130,岡本　和真,2015年 公式戦初出場,FALSE,2019,1947001,https://npb.jp/bis/players/11515130.html
71375134,大江　竜聖,2017年 入団,FALSE,2019,1947001,https://npb.jp/bis/players/71375134.html
21325136,大城　卓三,2018年 入団,FALSE,2019,1947001,https://npb.jp/bis/players/21325136.html
81385110,亀井　善行,2005年 公式戦初出場,FALSE,2019,1947001,https://npb.jp/bis/players/81385110.html
51555137,鍵谷　陽平,2013年 公式戦初出場,FALSE,2019,1947001,https://npb.jp/bis/players/51555137.html
51555134,加藤　脩平,2019年 公式戦初出場,FALSE,2019,1947001,https://npb.jp/bis/players/51555134.html
91595136,岸田　行倫,2018年 入団,FALSE,2019,1947001,https://npb.jp/bis/players/91595136.html
21525136,北村　拓己,2018年 公式戦初出場,FALSE,2019,1947001,https://npb.jp/bis/players/21525136.html
31735136,鍬原　拓也,2018年 公式戦初出場,FALSE,2019,1947001,https://npb.jp/bis/players/31735136.html
23125138,Ｒ．クック,2019年 公式戦初出場,TRUE,2019,1947001,https://npb.jp/bis/players/23125138.html
43545134,Ａ．ゲレーロ,2017年 公式戦初出場,TRUE,2019,1947001,https://npb.jp/bis/players/43545134.html
91795139,小林　誠司,2014年 入団,FALSE,2019,1947001,https://npb.jp/bis/players/91795139.html
51955114,坂本　勇人,2007年 入団,FALSE,2019,1947001,https://npb.jp/bis/players/51955114.html
81985133,澤村　拓一,2011年 公式戦初出場,FALSE,2019,1947001,https://npb.jp/bis/players/81985133.html
31935132,桜井　俊貴,2016年 公式戦初出場,FALSE,2019,1947001,https://npb.jp/bis/players/31935132.html
51955134,坂本　工宜,2019年 公式戦初出場,FALSE,2019,1947001,https://npb.jp/bis/players/51955134.html
21925132,重信　慎之介,2016年 公式戦初出場,FALSE,2019,1947001,https://npb.jp/bis/players/21925132.html
91995112,炭谷　銀仁朗,2006年 入団,FALSE,2019,1947001,https://npb.jp/bis/players/91995112.html
41745137,菅野　智之,2013年 公式戦初出場,FALSE,2019,1947001,https://npb.jp/bis/players/41745137.html
81985118,立岡　宗一郎,2010年 公式戦初出場,FALSE,2019,1947001,https://npb.jp/bis/players/81985118.html
31035135,高木　京介,2012年 公式戦初出場,FALSE,2019,1947001,https://npb.jp/bis/players/31035135.html
61065135,田原　誠次,2012年 公式戦初出場,FALSE,2019,1947001,https://npb.jp/bis/players/61065135.html
41945139,田口　麗斗,2014年 入団,FALSE,2019,1947001,https://npb.jp/bis/players/41945139.html
31235130,田中　貴也,2015年 入団,FALSE,2019,1947001,https://npb.jp/bis/players/31235130.html
71075134,髙田　萌生,2018年 公式戦初出場,FALSE,2019,1947001,https://npb.jp/bis/players/71075134.html
51255134,谷岡　竜平,2017年 公式戦初出場,FALSE,2019,1947001,https://npb.jp/bis/players/51255134.html
81085136,田中　俊太,2018年 公式戦初出場,FALSE,2019,1947001,https://npb.jp/bis/players/81085136.html
61965138,髙橋　優貴,2019年 公式戦初出場,FALSE,2019,1947001,https://npb.jp/bis/players/61965138.html
93795138,Ｒ．デラロサ,2019年 公式戦初出場,TRUE,2019,1947001,https://npb.jp/bis/players/93795138.html
21225130,戸根　千明,2015年 公式戦初出場,FALSE,2019,1947001,https://npb.jp/bis/players/21225130.html
41045138,戸郷　翔征,2019年 入団,FALSE,2019,1947001,https://npb.jp/bis/players/41045138.html
01005113,中島　宏之,2002年 公式戦初出場,FALSE,2019,1947001,https://npb.jp/bis/players/01005113.html
81285132,中川　皓太,2016年 入団,FALSE,2019,1947001,https://npb.jp/bis/players/81285132.html
11215138,直江　大輔,2020年 公式戦初出場,FALSE,2019,1947001,https://npb.jp/bis/players/11215138.html
61265138,沼田　翔平,2019年 入団,FALSE,2019,1947001,https://npb.jp/bis/players/61265138.html
81285118,野上　亮磨,2009年 公式戦初出場,FALSE,2019,1947001,https://npb.jp/bis/players/81285118.html
31635134,畠　世周,2017年 入団,FALSE,2019,1947001,https://npb.jp/bis/players/31635134.html
93395138,Ｃ．ビヤヌエバ,2019年 公式戦初出場,TRUE,2019,1947001,https://npb.jp/bis/players/93395138.html
11615135,藤岡　貴裕,2012年 公式戦初出場,FALSE,2019,1947001,https://npb.jp/bis/players/11615135.html
41245139,古川　侑利,2014年 公式戦初出場,FALSE,2019,1947001,https://npb.jp/bis/players/41245139.html
71875134,堀岡　隼人,2017年 入団,FALSE,2019,1947001,https://npb.jp/bis/players/71875134.html
21425116,丸　佳浩,2008年 入団,FALSE,2019,1947001,https://npb.jp/bis/players/21425116.html
63165135,Ｓ．マシソン,2012年 公式戦初出場,TRUE,2019,1947001,https://npb.jp/bis/players/63165135.html
51855132,増田　大輝,2016年 入団,FALSE,2019,1947001,https://npb.jp/bis/players/51855132.html
21825134,松原　聖弥,2020年 公式戦初出場,FALSE,2019,1947001,https://npb.jp/bis/players/21825134.html
13915134,マルティネス,2018年 公式戦初出場,FALSE,2019,1947001,https://npb.jp/bis/players/13915134.html
01605138,増田　陸,2019年 入団,FALSE,2019,1947001,https://npb.jp/bis/players/01605138.html
21625133,宮國　椋丞,2012年 公式戦初出場,FALSE,2019,1947001,https://npb.jp/bis/players/21625133.html
33935134,Ｃ．Ｃ．メルセデス,2018年 公式戦初出場,TRUE,2019,1947001,https://npb.jp/bis/players/33935134.html
61665114,森福　允彦,2007年 公式戦初出場,FALSE,2019,1947001,https://npb.jp/bis/players/61665114.html
13515138,Ｉ．モタ,2020年 公式戦初出場,TRUE,2019,1947001,https://npb.jp/bis/players/13515138.html
51855112,山口　俊,2006年 公式戦初出場,FALSE,2019,1947001,https://npb.jp/bis/players/51855112.html
93195132,山本　泰寛,2016年 入団,FALSE,2019,1947001,https://npb.jp/bis/players/93195132.html
93795136,Ｔ．ヤングマン,2018年 公式戦初出場,TRUE,2019,1947001,https://npb.jp/bis/players/93795136.html
01805138,山下　航汰,2019年 公式戦初出場,FALSE,2019,1947001,https://npb.jp/bis/players/01805138.html
43145136,湯浅　大,2018年 入団,FALSE,2019,1947001,https://npb.jp/bis/players/43145136.html
21825112,陽　岱鋼,2007年 公式戦初出場,FALSE,2019,1947001,https://npb.jp/bis/players/21825112.html
41845114,吉川　光夫,2007年 公式戦初出場,FALSE,2019,1947001,https://npb.jp/bis/players/41845114.html
21825133,吉川　大幾,2012年 公式戦初出場,FALSE,2019,1947001,https://npb.jp/bis/players/21825133.html
73375134,吉川　尚輝,2017年 入団,FALSE,2019,1947001,https://npb.jp/bis/players/73375134.html
81885138,横川　凱,2019年 入団,FALSE,2019,1947001,https://npb.jp/bis/players/81885138.html
61665139,和田　恋,2018年 公式戦初出場,FALSE,2019,1947001,https://npb.jp/bis/players/61665139.html
13315136,若林　晃弘,2018年 公式戦初出場,FALSE,2019,1947001,https://npb.jp/bis/players/13315136.html
01105111,岩隈　久志,2001年 公式戦初出場,FALSE,2020,1947001,https://npb.jp/bis/players/01105111.html
01105135,石川　慎吾,2012年 入団,FALSE,2020,1947001,https://npb.jp/bis/players/01105135.html
31335135,今村　信貴,2013年 公式戦初出場,FALSE,2020,1947001,https://npb.jp/bis/players/31335135.html
91195134,池田　駿,2017年 公式戦初出場,FALSE,2020,1947001,https://npb.jp/bis/players/91195134.html
51355151,井上　温大,2020年 入団,FALSE,2020,1947001,https://npb.jp/bis/players/51355151.html
03105130,Ｚ．ウィーラー,2015年 公式戦初出場,TRUE,2020,1947001,https://npb.jp/bis/players/03105130.html
13315151,Ｅ．ウレーニャ,2020年 公式戦初出場,TRUE,2020,1947001,https://npb.jp/bis/players/13315151.html
11515115,大竹　寛,2003年 公式戦初出場,FALSE,2020,1947001,https://npb.jp/bis/players/11515115.html
11515130,岡本　和真,2015年 公式戦初出場,FALSE,2020,1947001,https://npb.jp/bis/players/11515130.html
71375134,大江　竜聖,2017年 入団,FALSE,2020,1947001,https://npb.jp/bis/players/71375134.html
21325136,大城　卓三,2018年 入団,FALSE,2020,1947001,https://npb.jp/bis/players/21325136.html
81385110,亀井　善行,2005年 公式戦初出場,FALSE,2020,1947001,https://npb.jp/bis/players/81385110.html
51555137,鍵谷　陽平,2013年 公式戦初出場,FALSE,2020,1947001,https://npb.jp/bis/players/51555137.html
21525130,香月　一也,2015年 入団,FALSE,2020,1947001,https://npb.jp/bis/players/21525130.html
51555134,加藤　脩平,2019年 公式戦初出場,FALSE,2020,1947001,https://npb.jp/bis/players/51555134.html
91595136,岸田　行倫,2018年 入団,FALSE,2020,1947001,https://npb.jp/bis/players/91595136.html
21525136,北村　拓己,2018年 公式戦初出場,FALSE,2020,1947001,https://npb.jp/bis/players/21525136.html
31935151,菊田　拡和,2023年 公式戦初出場,FALSE,2020,1947001,https://npb.jp/bis/players/31935151.html
31735136,鍬原　拓也,2018年 公式戦初出場,FALSE,2020,1947001,https://npb.jp/bis/players/31735136.html
91795139,小林　誠司,2014年 入団,FALSE,2020,1947001,https://npb.jp/bis/players/91795139.html
51955114,坂本　勇人,2007年 入団,FALSE,2020,1947001,https://npb.jp/bis/players/51955114.html
81985133,澤村　拓一,2011年 公式戦初出場,FALSE,2020,1947001,https://npb.jp/bis/players/81985133.html
31935132,桜井　俊貴,2016年 公式戦初出場,FALSE,2020,1947001,https://npb.jp/bis/players/31935132.html
83385151,Ａ．サンチェス,2020年 公式戦初出場,TRUE,2020,1947001,https://npb.jp/bis/players/83385151.html
21925132,重信　慎之介,2016年 公式戦初出場,FALSE,2020,1947001,https://npb.jp/bis/players/21925132.html
91995112,炭谷　銀仁朗,2006年 入団,FALSE,2020,1947001,https://npb.jp/bis/players/91995112.html
41745137,菅野　智之,2013年 公式戦初出場,FALSE,2020,1947001,https://npb.jp/bis/players/41745137.html
81985118,立岡　宗一郎,2010年 公式戦初出場,FALSE,2020,1947001,https://npb.jp/bis/players/81985118.html
31035135,高木　京介,2012年 公式戦初出場,FALSE,2020,1947001,https://npb.jp/bis/players/31035135.html
61065135,田原　誠次,2012年 公式戦初出場,FALSE,2020,1947001,https://npb.jp/bis/players/61065135.html
41945139,田口　麗斗,2014年 入団,FALSE,2020,1947001,https://npb.jp/bis/players/41945139.html
31235130,田中　貴也,2015年 入団,FALSE,2020,1947001,https://npb.jp/bis/players/31235130.html
81085132,田中　豊樹,2016年 公式戦初出場,FALSE,2020,1947001,https://npb.jp/bis/players/81085132.html
71075134,髙田　萌生,2018年 公式戦初出場,FALSE,2020,1947001,https://npb.jp/bis/players/71075134.html
91095134,高梨　雄平,2017年 入団,FALSE,2020,1947001,https://npb.jp/bis/players/91095134.html
51255134,谷岡　竜平,2017年 公式戦初出場,FALSE,2020,1947001,https://npb.jp/bis/players/51255134.html
81085136,田中　俊太,2018年 公式戦初出場,FALSE,2020,1947001,https://npb.jp/bis/players/81085136.html
61965138,髙橋　優貴,2019年 公式戦初出場,FALSE,2020,1947001,https://npb.jp/bis/players/61965138.html
93795138,Ｒ．デラロサ,2019年 公式戦初出場,TRUE,2020,1947001,https://npb.jp/bis/players/93795138.html
63565151,Ｎ．ディプラン,2020年 公式戦初出場,TRUE,2020,1947001,https://npb.jp/bis/players/63565151.html
21225130,戸根　千明,2015年 公式戦初出場,FALSE,2020,1947001,https://npb.jp/bis/players/21225130.html
41045138,戸郷　翔征,2019年 入団,FALSE,2020,1947001,https://npb.jp/bis/players/41045138.html
01005113,中島　宏之,2002年 公式戦初出場,FALSE,2020,1947001,https://npb.jp/bis/players/01005113.html
81285132,中川　皓太,2016年 入団,FALSE,2020,1947001,https://npb.jp/bis/players/81285132.html
11215138,直江　大輔,2020年 公式戦初出場,FALSE,2020,1947001,https://npb.jp/bis/players/11215138.html
61265138,沼田　翔平,2019年 入団,FALSE,2020,1947001,https://npb.jp/bis/players/61265138.html
81285118,野上　亮磨,2009年 公式戦初出場,FALSE,2020,1947001,https://npb.jp/bis/players/81285118.html
31635134,畠　世周,2017年 入団,FALSE,2020,1947001,https://npb.jp/bis/players/31635134.html
53755151,Ｇ．パーラ,2020年 公式戦初出場,TRUE,2020,1947001,https://npb.jp/bis/players/53755151.html
31635151,平間　隼人,2021年 公式戦初出場,FALSE,2020,1947001,https://npb.jp/bis/players/31635151.html
93795151,Ｔ．ビエイラ,2020年 公式戦初出場,TRUE,2020,1947001,https://npb.jp/bis/players/93795151.html
11615135,藤岡　貴裕,2012年 公式戦初出場,FALSE,2020,1947001,https://npb.jp/bis/players/11615135.html
41245139,古川　侑利,2014年 公式戦初出場,FALSE,2020,1947001,https://npb.jp/bis/players/41245139.html
71875134,堀岡　隼人,2017年 入団,FALSE,2020,1947001,https://npb.jp/bis/players/71875134.html
21625151,堀田　賢慎,2020年 入団,FALSE,2020,1947001,https://npb.jp/bis/players/21625151.html
21425116,丸　佳浩,2008年 入団,FALSE,2020,1947001,https://npb.jp/bis/players/21425116.html
51855132,増田　大輝,2016年 入団,FALSE,2020,1947001,https://npb.jp/bis/players/51855132.html
21825134,松原　聖弥,2020年 公式戦初出場,FALSE,2020,1947001,https://npb.jp/bis/players/21825134.html
01605138,増田　陸,2019年 入団,FALSE,2020,1947001,https://npb.jp/bis/players/01605138.html
21625133,宮國　椋丞,2012年 公式戦初出場,FALSE,2020,1947001,https://npb.jp/bis/players/21625133.html
33935134,Ｃ．Ｃ．メルセデス,2018年 公式戦初出場,TRUE,2020,1947001,https://npb.jp/bis/players/33935134.html
13515138,Ｉ．モタ,2020年 公式戦初出場,TRUE,2020,1947001,https://npb.jp/bis/players/13515138.html
71875130,八百板　卓丸,2018年 公式戦初出場,FALSE,2020,1947001,https://npb.jp/bis/players/71875130.html
93195132,山本　泰寛,2016年 入団,FALSE,2020,1947001,https://npb.jp/bis/players/93195132.html
01805138,山下　航汰,2019年 公式戦初出場,FALSE,2020,1947001,https://npb.jp/bis/players/01805138.html
03105151,山瀬　慎之助,2020年 入団,FALSE,2020,1947001,https://npb.jp/bis/players/03105151.html
43145136,湯浅　大,2018年 入団,FALSE,2020,1947001,https://npb.jp/bis/players/43145136.html
21825112,陽　岱鋼,2007年 公式戦初出場,FALSE,2020,1947001,https://npb.jp/bis/players/21825112.html
21825133,吉川　大幾,2012年 公式戦初出場,FALSE,2020,1947001,https://npb.jp/bis/players/21825133.html
73375134,吉川　尚輝,2017年 入団,FALSE,2020,1947001,https://npb.jp/bis/players/73375134.html
81885138,横川　凱,2019年 入団,FALSE,2020,1947001,https://npb.jp/bis/players/81885138.html
13315136,若林　晃弘,2018年 公式戦初出場,FALSE,2020,1947001,https://npb.jp/bis/players/13315136.html
71173882,荒木　雅博,1997年 公式戦初出場,FALSE,2010,1954001,https://npb.jp/bis/players/71173882.html
51155111,朝倉　健太,2000年 公式戦初出場,FALSE,2010,1954001,https://npb.jp/bis/players/51155111.html
01105112,新井　良太,2006年 公式戦初出場,FALSE,2010,1954001,https://npb.jp/bis/players/01105112.html
71175114,浅尾　拓也,2007年 公式戦初出場,FALSE,2010,1954001,https://npb.jp/bis/players/71175114.html
31135116,赤坂　和幸,2008年 公式戦初出場,FALSE,2010,1954001,https://npb.jp/bis/players/31135116.html
31135131,赤田　龍一郎,2013年 公式戦初出場,FALSE,2010,1954001,https://npb.jp/bis/players/31135131.html
41143886,井端　弘和,1998年 公式戦初出場,FALSE,2010,1954001,https://npb.jp/bis/players/41143886.html
81183888,岩瀬　仁紀,1999年 公式戦初出場,FALSE,2010,1954001,https://npb.jp/bis/players/81183888.html
81185114,岩﨑　達郎,2008年 公式戦初出場,FALSE,2010,1954001,https://npb.jp/bis/players/81185114.html
21125118,伊藤　準規,2009年 公式戦初出場,FALSE,2010,1954001,https://npb.jp/bis/players/21125118.html
41145118,井藤　真吾,2013年 公式戦初出場,FALSE,2010,1954001,https://npb.jp/bis/players/41145118.html
31335118,岩﨑　恭平,2009年 公式戦初出場,FALSE,2010,1954001,https://npb.jp/bis/players/31335118.html
51355118,岩田　慎司,2010年 公式戦初出場,FALSE,2010,1954001,https://npb.jp/bis/players/51355118.html
91393886,小田　幸平,1998年 公式戦初出場,FALSE,2010,1954001,https://npb.jp/bis/players/91393886.html
51353888,小笠原　孝,1999年 公式戦初出場,FALSE,2010,1954001,https://npb.jp/bis/players/51353888.html
11515112,小山　桂司,2008年 公式戦初出場,FALSE,2010,1954001,https://npb.jp/bis/players/11515112.html
11515118,小熊　凌祐,2011年 公式戦初出場,FALSE,2010,1954001,https://npb.jp/bis/players/11515118.html
01305131,大島　洋平,2010年 入団,FALSE,2010,1954001,https://npb.jp/bis/players/01305131.html
11515131,岡田　俊哉,2013年 公式戦初出場,FALSE,2010,1954001,https://npb.jp/bis/players/11515131.html
51555131,小川　龍也,2011年 公式戦初出場,FALSE,2010,1954001,https://npb.jp/bis/players/51555131.html
21323880,河原　純一,1995年 公式戦初出場,FALSE,2010,1954001,https://npb.jp/bis/players/21323880.html
11515110,川井　雄太,2005年 公式戦初出場,FALSE,2010,1954001,https://npb.jp/bis/players/11515110.html
21523888,小池　正晃,2001年 公式戦初出場,FALSE,2010,1954001,https://npb.jp/bis/players/21523888.html
31935117,小林　正人,2005年 公式戦初出場,FALSE,2010,1954001,https://npb.jp/bis/players/31935117.html
51755110,金剛　弘樹,2005年 公式戦初出場,FALSE,2010,1954001,https://npb.jp/bis/players/51755110.html
71775119,佐藤　充,2004年 公式戦初出場,FALSE,2010,1954001,https://npb.jp/bis/players/71775119.html
21725110,澤井　道久,2005年 公式戦初出場,FALSE,2010,1954001,https://npb.jp/bis/players/21725110.html
61765112,齊藤　信介,2006年 公式戦初出場,FALSE,2010,1954001,https://npb.jp/bis/players/61765112.html
01703884,清水　将海,1997年 公式戦初出場,FALSE,2010,1954001,https://npb.jp/bis/players/01703884.html
21925114,清水　昭信,2008年 公式戦初出場,FALSE,2010,1954001,https://npb.jp/bis/players/21925114.html
61765110,鈴木　義広,2005年 公式戦初出場,FALSE,2010,1954001,https://npb.jp/bis/players/61765110.html
31835131,セサル,2010年 公式戦初出場,FALSE,2010,1954001,https://npb.jp/bis/players/31835131.html
21123866,立浪　和義,1988年 公式戦初出場,FALSE,2010,1954001,https://npb.jp/bis/players/21123866.html
85583868,谷繁　元信,1989年 公式戦初出場,FALSE,2010,1954001,https://npb.jp/bis/players/85583868.html
71975115,髙橋　聡文,2004年 公式戦初出場,FALSE,2010,1954001,https://npb.jp/bis/players/71975115.html
81085114,田中　大輔,2007年 公式戦初出場,FALSE,2010,1954001,https://npb.jp/bis/players/81085114.html
51055116,谷　哲也,2009年 公式戦初出場,FALSE,2010,1954001,https://npb.jp/bis/players/51055116.html
01905118,髙島　祥平,2010年 公式戦初出場,FALSE,2010,1954001,https://npb.jp/bis/players/01905118.html
21625119,チェン,2005年 公式戦初出場,FALSE,2010,1954001,https://npb.jp/bis/players/21625119.html
01905119,堂上　剛裕,2005年 公式戦初出場,FALSE,2010,1954001,https://npb.jp/bis/players/01905119.html
01205114,堂上　直倫,2008年 公式戦初出場,FALSE,2010,1954001,https://npb.jp/bis/players/01205114.html
81285117,長峰　昌司,2004年 公式戦初出場,FALSE,2010,1954001,https://npb.jp/bis/players/81285117.html
41945119,中川　裕貴,2006年 公式戦初出場,FALSE,2010,1954001,https://npb.jp/bis/players/41945119.html
51055110,中田　賢一,2005年 公式戦初出場,FALSE,2010,1954001,https://npb.jp/bis/players/51055110.html
91095110,中村　一生,2008年 公式戦初出場,FALSE,2010,1954001,https://npb.jp/bis/players/91095110.html
71075131,中田　亮二,2010年 公式戦初出場,FALSE,2010,1954001,https://npb.jp/bis/players/71075131.html
11415114,西川　明,2008年 公式戦初出場,FALSE,2010,1954001,https://npb.jp/bis/players/11415114.html
33335116,Ｍ．ネルソン,2008年 公式戦初出場,TRUE,2010,1954001,https://npb.jp/bis/players/33335116.html
31435118,野本　圭,2009年 公式戦初出場,FALSE,2010,1954001,https://npb.jp/bis/players/31435118.html
91895131,バルデス,2010年 公式戦初出場,FALSE,2010,1954001,https://npb.jp/bis/players/91895131.html
71973889,平井　正史,1994年 公式戦初出場,FALSE,2010,1954001,https://npb.jp/bis/players/71973889.html
01503888,英智,2001年 公式戦初出場,FALSE,2010,1954001,https://npb.jp/bis/players/01503888.html
21225115,久本　祐一,2002年 公式戦初出場,FALSE,2010,1954001,https://npb.jp/bis/players/21225115.html
61265112,平田　良介,2006年 公式戦初出場,FALSE,2010,1954001,https://npb.jp/bis/players/61265112.html
51455112,藤井　淳志,2006年 公式戦初出場,FALSE,2010,1954001,https://npb.jp/bis/players/51455112.html
31635114,福田　永将,2009年 公式戦初出場,FALSE,2010,1954001,https://npb.jp/bis/players/31635114.html
23125118,ブランコ,2009年 公式戦初出場,FALSE,2010,1954001,https://npb.jp/bis/players/23125118.html
91495115,前田　章宏,2003年 公式戦初出場,FALSE,2010,1954001,https://npb.jp/bis/players/91495115.html
51455131,松井　雅人,2010年 公式戦初出場,FALSE,2010,1954001,https://npb.jp/bis/players/51455131.html
71475131,松井　佑介,2010年 公式戦初出場,FALSE,2010,1954001,https://npb.jp/bis/players/71475131.html
51255119,三瀬　幸司,2004年 公式戦初出場,FALSE,2010,1954001,https://npb.jp/bis/players/51255119.html
21223884,森野　将彦,1997年 公式戦初出場,FALSE,2010,1954001,https://npb.jp/bis/players/21223884.html
01403862,山本昌,1986年 公式戦初出場,FALSE,2010,1954001,https://npb.jp/bis/players/01403862.html
31635115,山井　大介,2002年 公式戦初出場,FALSE,2010,1954001,https://npb.jp/bis/players/31635115.html
81685112,柳田　殖生,2007年 公式戦初出場,FALSE,2010,1954001,https://npb.jp/bis/players/81685112.html
21625116,山内　壮馬,2008年 公式戦初出場,FALSE,2010,1954001,https://npb.jp/bis/players/21625116.html
41445131,矢地　健人,2010年 公式戦初出場,FALSE,2010,1954001,https://npb.jp/bis/players/41445131.html
41845112,吉見　一起,2006年 公式戦初出場,FALSE,2010,1954001,https://npb.jp/bis/players/41845112.html
31433884,和田　一浩,1997年 公式戦初出場,FALSE,2010,1954001,https://npb.jp/bis/players/31433884.html
71173882,荒木　雅博,1997年 公式戦初出場,FALSE,2011,1954001,https://npb.jp/bis/players/71173882.html
51155111,朝倉　健太,2000年 公式戦初出場,FALSE,2011,1954001,https://npb.jp/bis/players/51155111.html
71175114,浅尾　拓也,2007年 公式戦初出場,FALSE,2011,1954001,https://npb.jp/bis/players/71175114.html
31135116,赤坂　和幸,2008年 公式戦初出場,FALSE,2011,1954001,https://npb.jp/bis/players/31135116.html
31135131,赤田　龍一郎,2013年 公式戦初出場,FALSE,2011,1954001,https://npb.jp/bis/players/31135131.html
41143886,井端　弘和,1998年 公式戦初出場,FALSE,2011,1954001,https://npb.jp/bis/players/41143886.html
81183888,岩瀬　仁紀,1999年 公式戦初出場,FALSE,2011,1954001,https://npb.jp/bis/players/81183888.html
81185114,岩﨑　達郎,2008年 公式戦初出場,FALSE,2011,1954001,https://npb.jp/bis/players/81185114.html
21125118,伊藤　準規,2009年 公式戦初出場,FALSE,2011,1954001,https://npb.jp/bis/players/21125118.html
41145118,井藤　真吾,2013年 公式戦初出場,FALSE,2011,1954001,https://npb.jp/bis/players/41145118.html
31335118,岩﨑　恭平,2009年 公式戦初出場,FALSE,2011,1954001,https://npb.jp/bis/players/31335118.html
51355118,岩田　慎司,2010年 公式戦初出場,FALSE,2011,1954001,https://npb.jp/bis/players/51355118.html
91393886,小田　幸平,1998年 公式戦初出場,FALSE,2011,1954001,https://npb.jp/bis/players/91393886.html
51353888,小笠原　孝,1999年 公式戦初出場,FALSE,2011,1954001,https://npb.jp/bis/players/51353888.html
11515112,小山　桂司,2008年 公式戦初出場,FALSE,2011,1954001,https://npb.jp/bis/players/11515112.html
11515118,小熊　凌祐,2011年 公式戦初出場,FALSE,2011,1954001,https://npb.jp/bis/players/11515118.html
01305131,大島　洋平,2010年 入団,FALSE,2011,1954001,https://npb.jp/bis/players/01305131.html
11515131,岡田　俊哉,2013年 公式戦初出場,FALSE,2011,1954001,https://npb.jp/bis/players/11515131.html
51555131,小川　龍也,2011年 公式戦初出場,FALSE,2011,1954001,https://npb.jp/bis/players/51555131.html
11515133,大野　雄大,2011年 入団,FALSE,2011,1954001,https://npb.jp/bis/players/11515133.html
21323880,河原　純一,1995年 公式戦初出場,FALSE,2011,1954001,https://npb.jp/bis/players/21323880.html
11515110,川井　雄太,2005年 公式戦初出場,FALSE,2011,1954001,https://npb.jp/bis/players/11515110.html
81885133,カラスコ,2011年 公式戦初出場,FALSE,2011,1954001,https://npb.jp/bis/players/81885133.html
91795112,木下　達生,2006年 公式戦初出場,FALSE,2011,1954001,https://npb.jp/bis/players/91795112.html
13115133,グスマン,2011年 公式戦初出場,FALSE,2011,1954001,https://npb.jp/bis/players/13115133.html
21523888,小池　正晃,2001年 公式戦初出場,FALSE,2011,1954001,https://npb.jp/bis/players/21523888.html
31935117,小林　正人,2005年 公式戦初出場,FALSE,2011,1954001,https://npb.jp/bis/players/31935117.html
51755110,金剛　弘樹,2005年 公式戦初出場,FALSE,2011,1954001,https://npb.jp/bis/players/51755110.html
21523887,佐伯　貴弘,1993年 公式戦初出場,FALSE,2011,1954001,https://npb.jp/bis/players/21523887.html
61765112,齊藤　信介,2006年 公式戦初出場,FALSE,2011,1954001,https://npb.jp/bis/players/61765112.html
21925114,清水　昭信,2008年 公式戦初出場,FALSE,2011,1954001,https://npb.jp/bis/players/21925114.html
61765110,鈴木　義広,2005年 公式戦初出場,FALSE,2011,1954001,https://npb.jp/bis/players/61765110.html
03505133,Ｅ．ソト,2011年 公式戦初出場,TRUE,2011,1954001,https://npb.jp/bis/players/03505133.html
85583868,谷繁　元信,1989年 公式戦初出場,FALSE,2011,1954001,https://npb.jp/bis/players/85583868.html
71975115,髙橋　聡文,2004年 公式戦初出場,FALSE,2011,1954001,https://npb.jp/bis/players/71975115.html
81085114,田中　大輔,2007年 公式戦初出場,FALSE,2011,1954001,https://npb.jp/bis/players/81085114.html
51055116,谷　哲也,2009年 公式戦初出場,FALSE,2011,1954001,https://npb.jp/bis/players/51055116.html
01905118,髙島　祥平,2010年 公式戦初出場,FALSE,2011,1954001,https://npb.jp/bis/players/01905118.html
21625119,チェン,2005年 公式戦初出場,FALSE,2011,1954001,https://npb.jp/bis/players/21625119.html
01905119,堂上　剛裕,2005年 公式戦初出場,FALSE,2011,1954001,https://npb.jp/bis/players/01905119.html
01205114,堂上　直倫,2008年 公式戦初出場,FALSE,2011,1954001,https://npb.jp/bis/players/01205114.html
81285117,長峰　昌司,2004年 公式戦初出場,FALSE,2011,1954001,https://npb.jp/bis/players/81285117.html
41945119,中川　裕貴,2006年 公式戦初出場,FALSE,2011,1954001,https://npb.jp/bis/players/41945119.html
51055110,中田　賢一,2005年 公式戦初出場,FALSE,2011,1954001,https://npb.jp/bis/players/51055110.html
91095110,中村　一生,2008年 公式戦初出場,FALSE,2011,1954001,https://npb.jp/bis/players/91095110.html
71075131,中田　亮二,2010年 公式戦初出場,FALSE,2011,1954001,https://npb.jp/bis/players/71075131.html
33335116,Ｍ．ネルソン,2008年 公式戦初出場,TRUE,2011,1954001,https://npb.jp/bis/players/33335116.html
31435118,野本　圭,2009年 公式戦初出場,FALSE,2011,1954001,https://npb.jp/bis/players/31435118.html
71973889,平井　正史,1994年 公式戦初出場,FALSE,2011,1954001,https://npb.jp/bis/players/71973889.html
01503888,英智,2001年 公式戦初出場,FALSE,2011,1954001,https://npb.jp/bis/players/01503888.html
21225115,久本　祐一,2002年 公式戦初出場,FALSE,2011,1954001,https://npb.jp/bis/players/21225115.html
61265112,平田　良介,2006年 公式戦初出場,FALSE,2011,1954001,https://npb.jp/bis/players/61265112.html
51455112,藤井　淳志,2006年 公式戦初出場,FALSE,2011,1954001,https://npb.jp/bis/players/51455112.html
31635114,福田　永将,2009年 公式戦初出場,FALSE,2011,1954001,https://npb.jp/bis/players/31635114.html
23125118,ブランコ,2009年 公式戦初出場,FALSE,2011,1954001,https://npb.jp/bis/players/23125118.html
91495115,前田　章宏,2003年 公式戦初出場,FALSE,2011,1954001,https://npb.jp/bis/players/91495115.html
51455131,松井　雅人,2010年 公式戦初出場,FALSE,2011,1954001,https://npb.jp/bis/players/51455131.html
71475131,松井　佑介,2010年 公式戦初出場,FALSE,2011,1954001,https://npb.jp/bis/players/71475131.html
31435113,水田　圭介,2001年 公式戦初出場,FALSE,2011,1954001,https://npb.jp/bis/players/31435113.html
51255119,三瀬　幸司,2004年 公式戦初出場,FALSE,2011,1954001,https://npb.jp/bis/players/51255119.html
61665133,武藤　祐太,2011年 公式戦初出場,FALSE,2011,1954001,https://npb.jp/bis/players/61665133.html
21223884,森野　将彦,1997年 公式戦初出場,FALSE,2011,1954001,https://npb.jp/bis/players/21223884.html
81685133,森越　祐人,2013年 公式戦初出場,FALSE,2011,1954001,https://npb.jp/bis/players/81685133.html
01403862,山本昌,1986年 公式戦初出場,FALSE,2011,1954001,https://npb.jp/bis/players/01403862.html
31635115,山井　大介,2002年 公式戦初出場,FALSE,2011,1954001,https://npb.jp/bis/players/31635115.html
81685112,柳田　殖生,2007年 公式戦初出場,FALSE,2011,1954001,https://npb.jp/bis/players/81685112.html
21625116,山内　壮馬,2008年 公式戦初出場,FALSE,2011,1954001,https://npb.jp/bis/players/21625116.html
41445131,矢地　健人,2010年 公式戦初出場,FALSE,2011,1954001,https://npb.jp/bis/players/41445131.html
41845112,吉見　一起,2006年 公式戦初出場,FALSE,2011,1954001,https://npb.jp/bis/players/41845112.html
21825133,吉川　大幾,2012年 公式戦初出場,FALSE,2011,1954001,https://npb.jp/bis/players/21825133.html
31433884,和田　一浩,1997年 公式戦初出場,FALSE,2011,1954001,https://npb.jp/bis/players/31433884.html
71173882,荒木　雅博,1997年 公式戦初出場,FALSE,2012,1954001,https://npb.jp/bis/players/71173882.html
51155111,朝倉　健太,2000年 公式戦初出場,FALSE,2012,1954001,https://npb.jp/bis/players/51155111.html
71175114,浅尾　拓也,2007年 公式戦初出場,FALSE,2012,1954001,https://npb.jp/bis/players/71175114.html
31135116,赤坂　和幸,2008年 公式戦初出場,FALSE,2012,1954001,https://npb.jp/bis/players/31135116.html
31135131,赤田　龍一郎,2013年 公式戦初出場,FALSE,2012,1954001,https://npb.jp/bis/players/31135131.html
41143886,井端　弘和,1998年 公式戦初出場,FALSE,2012,1954001,https://npb.jp/bis/players/41143886.html
81183888,岩瀬　仁紀,1999年 公式戦初出場,FALSE,2012,1954001,https://npb.jp/bis/players/81183888.html
81185114,岩﨑　達郎,2008年 公式戦初出場,FALSE,2012,1954001,https://npb.jp/bis/players/81185114.html
21125118,伊藤　準規,2009年 公式戦初出場,FALSE,2012,1954001,https://npb.jp/bis/players/21125118.html
41145118,井藤　真吾,2013年 公式戦初出場,FALSE,2012,1954001,https://npb.jp/bis/players/41145118.html
31335118,岩﨑　恭平,2009年 公式戦初出場,FALSE,2012,1954001,https://npb.jp/bis/players/31335118.html
51355118,岩田　慎司,2010年 公式戦初出場,FALSE,2012,1954001,https://npb.jp/bis/players/51355118.html
91393886,小田　幸平,1998年 公式戦初出場,FALSE,2012,1954001,https://npb.jp/bis/players/91393886.html
51353888,小笠原　孝,1999年 公式戦初出場,FALSE,2012,1954001,https://npb.jp/bis/players/51353888.html
11515118,小熊　凌祐,2011年 公式戦初出場,FALSE,2012,1954001,https://npb.jp/bis/players/11515118.html
01305131,大島　洋平,2010年 入団,FALSE,2012,1954001,https://npb.jp/bis/players/01305131.html
11515131,岡田　俊哉,2013年 公式戦初出場,FALSE,2012,1954001,https://npb.jp/bis/players/11515131.html
51555131,小川　龍也,2011年 公式戦初出場,FALSE,2012,1954001,https://npb.jp/bis/players/51555131.html
11515133,大野　雄大,2011年 入団,FALSE,2012,1954001,https://npb.jp/bis/players/11515133.html
41343886,川上　憲伸,1998年 公式戦初出場,FALSE,2012,1954001,https://npb.jp/bis/players/41343886.html
21525135,川崎　貴弘,2013年 公式戦初出場,FALSE,2012,1954001,https://npb.jp/bis/players/21525135.html
31935117,小林正,2005年 公式戦初出場,FALSE,2012,1954001,https://npb.jp/bis/players/31935117.html
51755110,金剛　弘樹,2005年 公式戦初出場,FALSE,2012,1954001,https://npb.jp/bis/players/51755110.html
61765112,齊藤　信介,2006年 公式戦初出場,FALSE,2012,1954001,https://npb.jp/bis/players/61765112.html
21925114,清水　昭信,2008年 公式戦初出場,FALSE,2012,1954001,https://npb.jp/bis/players/21925114.html
61765110,鈴木　義広,2005年 公式戦初出場,FALSE,2012,1954001,https://npb.jp/bis/players/61765110.html
03505133,Ｅ．ソト,2011年 公式戦初出場,TRUE,2012,1954001,https://npb.jp/bis/players/03505133.html
93395135,ソーサ,2012年 公式戦初出場,FALSE,2012,1954001,https://npb.jp/bis/players/93395135.html
85583868,谷繁　元信,1989年 公式戦初出場,FALSE,2012,1954001,https://npb.jp/bis/players/85583868.html
71975115,髙橋　聡文,2004年 公式戦初出場,FALSE,2012,1954001,https://npb.jp/bis/players/71975115.html
81085114,田中　大輔,2007年 公式戦初出場,FALSE,2012,1954001,https://npb.jp/bis/players/81085114.html
51055116,谷　哲也,2009年 公式戦初出場,FALSE,2012,1954001,https://npb.jp/bis/players/51055116.html
01905118,髙島　祥平,2010年 公式戦初出場,FALSE,2012,1954001,https://npb.jp/bis/players/01905118.html
91095135,高橋　周平,2012年 入団,FALSE,2012,1954001,https://npb.jp/bis/players/91095135.html
21025135,田島　慎二,2012年 公式戦初出場,FALSE,2012,1954001,https://npb.jp/bis/players/21025135.html
31235135,辻　孟彦,2013年 公式戦初出場,FALSE,2012,1954001,https://npb.jp/bis/players/31235135.html
03305135,ディアス,2012年 公式戦初出場,FALSE,2012,1954001,https://npb.jp/bis/players/03305135.html
01905119,堂上　剛裕,2005年 公式戦初出場,FALSE,2012,1954001,https://npb.jp/bis/players/01905119.html
01205114,堂上　直倫,2008年 公式戦初出場,FALSE,2012,1954001,https://npb.jp/bis/players/01205114.html
51055110,中田　賢一,2005年 公式戦初出場,FALSE,2012,1954001,https://npb.jp/bis/players/51055110.html
71075131,中田　亮二,2010年 公式戦初出場,FALSE,2012,1954001,https://npb.jp/bis/players/71075131.html
71475135,西川　健太郎,2012年 公式戦初出場,FALSE,2012,1954001,https://npb.jp/bis/players/71475135.html
33335116,Ｍ．ネルソン,2008年 公式戦初出場,TRUE,2012,1954001,https://npb.jp/bis/players/33335116.html
31435118,野本　圭,2009年 公式戦初出場,FALSE,2012,1954001,https://npb.jp/bis/players/31435118.html
71973889,平井　正史,1994年 公式戦初出場,FALSE,2012,1954001,https://npb.jp/bis/players/71973889.html
01503888,英智,2001年 公式戦初出場,FALSE,2012,1954001,https://npb.jp/bis/players/01503888.html
21225115,久本　祐一,2002年 公式戦初出場,FALSE,2012,1954001,https://npb.jp/bis/players/21225115.html
61265112,平田　良介,2006年 公式戦初出場,FALSE,2012,1954001,https://npb.jp/bis/players/61265112.html
51455112,藤井　淳志,2006年 公式戦初出場,FALSE,2012,1954001,https://npb.jp/bis/players/51455112.html
31635114,福田　永将,2009年 公式戦初出場,FALSE,2012,1954001,https://npb.jp/bis/players/31635114.html
23125118,ブランコ,2009年 公式戦初出場,FALSE,2012,1954001,https://npb.jp/bis/players/23125118.html
91495115,前田　章宏,2003年 公式戦初出場,FALSE,2012,1954001,https://npb.jp/bis/players/91495115.html
51455131,松井　雅人,2010年 公式戦初出場,FALSE,2012,1954001,https://npb.jp/bis/players/51455131.html
71475131,松井　佑介,2010年 公式戦初出場,FALSE,2012,1954001,https://npb.jp/bis/players/71475131.html
51255119,三瀬　幸司,2004年 公式戦初出場,FALSE,2012,1954001,https://npb.jp/bis/players/51255119.html
61665133,武藤　祐太,2011年 公式戦初出場,FALSE,2012,1954001,https://npb.jp/bis/players/61665133.html
21223884,森野　将彦,1997年 公式戦初出場,FALSE,2012,1954001,https://npb.jp/bis/players/21223884.html
81685133,森越　祐人,2013年 公式戦初出場,FALSE,2012,1954001,https://npb.jp/bis/players/81685133.html
01403862,山本昌,1986年 公式戦初出場,FALSE,2012,1954001,https://npb.jp/bis/players/01403862.html
01303868,山﨑　武司,1989年 公式戦初出場,FALSE,2012,1954001,https://npb.jp/bis/players/01303868.html
31635115,山井　大介,2002年 公式戦初出場,FALSE,2012,1954001,https://npb.jp/bis/players/31635115.html
81685112,柳田　殖生,2007年 公式戦初出場,FALSE,2012,1954001,https://npb.jp/bis/players/81685112.html
21625116,山内　壮馬,2008年 公式戦初出場,FALSE,2012,1954001,https://npb.jp/bis/players/21625116.html
41445131,矢地　健人,2010年 公式戦初出場,FALSE,2012,1954001,https://npb.jp/bis/players/41445131.html
11515110,雄太,2005年 公式戦初出場,FALSE,2012,1954001,https://npb.jp/bis/players/11515110.html
41845112,吉見　一起,2006年 公式戦初出場,FALSE,2012,1954001,https://npb.jp/bis/players/41845112.html
21825133,吉川　大幾,2012年 公式戦初出場,FALSE,2012,1954001,https://npb.jp/bis/players/21825133.html
31433884,和田　一浩,1997年 公式戦初出場,FALSE,2012,1954001,https://npb.jp/bis/players/31433884.html
71173882,荒木　雅博,1997年 公式戦初出場,FALSE,2013,1954001,https://npb.jp/bis/players/71173882.html
51155111,朝倉　健太,2000年 公式戦初出場,FALSE,2013,1954001,https://npb.jp/bis/players/51155111.html
71175114,浅尾　拓也,2007年 公式戦初出場,FALSE,2013,1954001,https://npb.jp/bis/players/71175114.html
31135116,赤坂　和幸,2008年 公式戦初出場,FALSE,2013,1954001,https://npb.jp/bis/players/31135116.html
31135131,赤田　龍一郎,2013年 公式戦初出場,FALSE,2013,1954001,https://npb.jp/bis/players/31135131.html
41143886,井端　弘和,1998年 公式戦初出場,FALSE,2013,1954001,https://npb.jp/bis/players/41143886.html
81183888,岩瀬　仁紀,1999年 公式戦初出場,FALSE,2013,1954001,https://npb.jp/bis/players/81183888.html
81185114,岩﨑　達郎,2008年 公式戦初出場,FALSE,2013,1954001,https://npb.jp/bis/players/81185114.html
21125118,伊藤　準規,2009年 公式戦初出場,FALSE,2013,1954001,https://npb.jp/bis/players/21125118.html
41145118,井藤　真吾,2013年 公式戦初出場,FALSE,2013,1954001,https://npb.jp/bis/players/41145118.html
31335118,岩﨑　恭平,2009年 公式戦初出場,FALSE,2013,1954001,https://npb.jp/bis/players/31335118.html
51355118,岩田　慎司,2010年 公式戦初出場,FALSE,2013,1954001,https://npb.jp/bis/players/51355118.html
81185137,井上　公志,2013年 公式戦初出場,FALSE,2013,1954001,https://npb.jp/bis/players/81185137.html
91393886,小田　幸平,1998年 公式戦初出場,FALSE,2013,1954001,https://npb.jp/bis/players/91393886.html
11515118,小熊　凌祐,2011年 公式戦初出場,FALSE,2013,1954001,https://npb.jp/bis/players/11515118.html
01305131,大島　洋平,2010年 入団,FALSE,2013,1954001,https://npb.jp/bis/players/01305131.html
11515131,岡田　俊哉,2013年 公式戦初出場,FALSE,2013,1954001,https://npb.jp/bis/players/11515131.html
51555131,小川　龍也,2011年 公式戦初出場,FALSE,2013,1954001,https://npb.jp/bis/players/51555131.html
11515133,大野　雄大,2011年 入団,FALSE,2013,1954001,https://npb.jp/bis/players/11515133.html
41343886,川上　憲伸,1998年 公式戦初出場,FALSE,2013,1954001,https://npb.jp/bis/players/41343886.html
21525135,川崎　貴弘,2013年 公式戦初出場,FALSE,2013,1954001,https://npb.jp/bis/players/21525135.html
01605137,Ｄ．カブレラ,2013年 公式戦初出場,TRUE,2013,1954001,https://npb.jp/bis/players/01605137.html
21625137,Ｍ．クラーク,2013年 公式戦初出場,TRUE,2013,1954001,https://npb.jp/bis/players/21625137.html
31935117,小林　正人,2005年 公式戦初出場,FALSE,2013,1954001,https://npb.jp/bis/players/31935117.html
21925114,清水　昭信,2008年 公式戦初出場,FALSE,2013,1954001,https://npb.jp/bis/players/21925114.html
61765110,鈴木　義広,2005年 公式戦初出場,FALSE,2013,1954001,https://npb.jp/bis/players/61765110.html
61765137,杉山　翔大,2015年 公式戦初出場,FALSE,2013,1954001,https://npb.jp/bis/players/61765137.html
85583868,谷繁　元信,1989年 公式戦初出場,FALSE,2013,1954001,https://npb.jp/bis/players/85583868.html
71975115,髙橋　聡文,2004年 公式戦初出場,FALSE,2013,1954001,https://npb.jp/bis/players/71975115.html
81085114,田中　大輔,2007年 公式戦初出場,FALSE,2013,1954001,https://npb.jp/bis/players/81085114.html
51055116,谷　哲也,2009年 公式戦初出場,FALSE,2013,1954001,https://npb.jp/bis/players/51055116.html
91095135,高橋　周平,2012年 入団,FALSE,2013,1954001,https://npb.jp/bis/players/91095135.html
21025135,田島　慎二,2012年 公式戦初出場,FALSE,2013,1954001,https://npb.jp/bis/players/21025135.html
31235135,辻　孟彦,2013年 公式戦初出場,FALSE,2013,1954001,https://npb.jp/bis/players/31235135.html
03305135,Ｖ．ディアス,2012年 公式戦初出場,TRUE,2013,1954001,https://npb.jp/bis/players/03305135.html
01905119,堂上　剛裕,2005年 公式戦初出場,FALSE,2013,1954001,https://npb.jp/bis/players/01905119.html
01205114,堂上　直倫,2008年 公式戦初出場,FALSE,2013,1954001,https://npb.jp/bis/players/01205114.html
51055110,中田　賢一,2005年 公式戦初出場,FALSE,2013,1954001,https://npb.jp/bis/players/51055110.html
71075131,中田　亮二,2010年 公式戦初出場,FALSE,2013,1954001,https://npb.jp/bis/players/71075131.html
71475135,西川　健太郎,2012年 公式戦初出場,FALSE,2013,1954001,https://npb.jp/bis/players/71475135.html
31435118,野本　圭,2009年 公式戦初出場,FALSE,2013,1954001,https://npb.jp/bis/players/31435118.html
71075137,濱田　達郎,2014年 公式戦初出場,FALSE,2013,1954001,https://npb.jp/bis/players/71075137.html
61265112,平田　良介,2006年 公式戦初出場,FALSE,2013,1954001,https://npb.jp/bis/players/61265112.html
51455112,藤井　淳志,2006年 公式戦初出場,FALSE,2013,1954001,https://npb.jp/bis/players/51455112.html
31635114,福田　永将,2009年 公式戦初出場,FALSE,2013,1954001,https://npb.jp/bis/players/31635114.html
21025137,福谷　浩司,2013年 入団,FALSE,2013,1954001,https://npb.jp/bis/players/21025137.html
81085137,古本　武尊,2014年 公式戦初出場,FALSE,2013,1954001,https://npb.jp/bis/players/81085137.html
91895137,Ｂ．ブラッドリー,2013年 公式戦初出場,TRUE,2013,1954001,https://npb.jp/bis/players/91895137.html
91495115,前田　章宏,2003年 公式戦初出場,FALSE,2013,1954001,https://npb.jp/bis/players/91495115.html
51455131,松井　雅人,2010年 公式戦初出場,FALSE,2013,1954001,https://npb.jp/bis/players/51455131.html
71475131,松井　佑介,2010年 公式戦初出場,FALSE,2013,1954001,https://npb.jp/bis/players/71475131.html
33335137,Ｗ．マドリガル,2013年 公式戦初出場,TRUE,2013,1954001,https://npb.jp/bis/players/33335137.html
51255119,三瀬　幸司,2004年 公式戦初出場,FALSE,2013,1954001,https://npb.jp/bis/players/51255119.html
81285137,溝脇　隼人,2014年 公式戦初出場,FALSE,2013,1954001,https://npb.jp/bis/players/81285137.html
61665133,武藤　祐太,2011年 公式戦初出場,FALSE,2013,1954001,https://npb.jp/bis/players/61665133.html
21223884,森野　将彦,1997年 公式戦初出場,FALSE,2013,1954001,https://npb.jp/bis/players/21223884.html
81685133,森越　祐人,2013年 公式戦初出場,FALSE,2013,1954001,https://npb.jp/bis/players/81685133.html
01403862,山本昌,1986年 公式戦初出場,FALSE,2013,1954001,https://npb.jp/bis/players/01403862.html
01303868,山﨑　武司,1989年 公式戦初出場,FALSE,2013,1954001,https://npb.jp/bis/players/01303868.html
31635115,山井　大介,2002年 公式戦初出場,FALSE,2013,1954001,https://npb.jp/bis/players/31635115.html
81685112,柳田　殖生,2007年 公式戦初出場,FALSE,2013,1954001,https://npb.jp/bis/players/81685112.html
21625116,山内　壮馬,2008年 公式戦初出場,FALSE,2013,1954001,https://npb.jp/bis/players/21625116.html
41445131,矢地　健人,2010年 公式戦初出場,FALSE,2013,1954001,https://npb.jp/bis/players/41445131.html
11515110,雄太,2005年 公式戦初出場,FALSE,2013,1954001,https://npb.jp/bis/players/11515110.html
41845112,吉見　一起,2006年 公式戦初出場,FALSE,2013,1954001,https://npb.jp/bis/players/41845112.html
21825133,吉川　大幾,2012年 公式戦初出場,FALSE,2013,1954001,https://npb.jp/bis/players/21825133.html
53155137,Ｈ．ルナ,2013年 公式戦初出場,TRUE,2013,1954001,https://npb.jp/bis/players/53155137.html
31433884,和田　一浩,1997年 公式戦初出場,FALSE,2013,1954001,https://npb.jp/bis/players/31433884.html
51655137,若松　駿太,2014年 公式戦初出場,FALSE,2013,1954001,https://npb.jp/bis/players/51655137.html
71173882,荒木　雅博,1997年 公式戦初出場,FALSE,2014,1954001,https://npb.jp/bis/players/71173882.html
51155111,朝倉　健太,2000年 公式戦初出場,FALSE,2014,1954001,https://npb.jp/bis/players/51155111.html
71175114,浅尾　拓也,2007年 公式戦初出場,FALSE,2014,1954001,https://npb.jp/bis/players/71175114.html
31135116,赤坂　和幸,2008年 公式戦初出場,FALSE,2014,1954001,https://npb.jp/bis/players/31135116.html
31135131,赤田　龍一郎,2013年 公式戦初出場,FALSE,2014,1954001,https://npb.jp/bis/players/31135131.html
21125139,阿知羅　拓馬,2016年 公式戦初出場,FALSE,2014,1954001,https://npb.jp/bis/players/21125139.html
81183888,岩瀬　仁紀,1999年 公式戦初出場,FALSE,2014,1954001,https://npb.jp/bis/players/81183888.html
21125118,伊藤　準規,2009年 公式戦初出場,FALSE,2014,1954001,https://npb.jp/bis/players/21125118.html
41145118,井藤　真吾,2013年 公式戦初出場,FALSE,2014,1954001,https://npb.jp/bis/players/41145118.html
31335118,岩﨑　恭平,2009年 公式戦初出場,FALSE,2014,1954001,https://npb.jp/bis/players/31335118.html
51355118,岩田　慎司,2010年 公式戦初出場,FALSE,2014,1954001,https://npb.jp/bis/players/51355118.html
81185137,井上　公志,2013年 公式戦初出場,FALSE,2014,1954001,https://npb.jp/bis/players/81185137.html
31835139,Ａ．エルナンデス,2014年 公式戦初出場,TRUE,2014,1954001,https://npb.jp/bis/players/31835139.html
21323884,小笠原　道大,1997年 公式戦初出場,FALSE,2014,1954001,https://npb.jp/bis/players/21323884.html
91393886,小田　幸平,1998年 公式戦初出場,FALSE,2014,1954001,https://npb.jp/bis/players/91393886.html
11515118,小熊　凌祐,2011年 公式戦初出場,FALSE,2014,1954001,https://npb.jp/bis/players/11515118.html
01305131,大島　洋平,2010年 入団,FALSE,2014,1954001,https://npb.jp/bis/players/01305131.html
11515131,岡田　俊哉,2013年 公式戦初出場,FALSE,2014,1954001,https://npb.jp/bis/players/11515131.html
51555131,小川　龍也,2011年 公式戦初出場,FALSE,2014,1954001,https://npb.jp/bis/players/51555131.html
11515133,大野　雄大,2011年 入団,FALSE,2014,1954001,https://npb.jp/bis/players/11515133.html
41343886,川上　憲伸,1998年 公式戦初出場,FALSE,2014,1954001,https://npb.jp/bis/players/41343886.html
21525135,川崎　貴弘,2013年 公式戦初出場,FALSE,2014,1954001,https://npb.jp/bis/players/21525135.html
01605137,Ｄ．カブレラ,2013年 公式戦初出場,TRUE,2014,1954001,https://npb.jp/bis/players/01605137.html
41545139,桂　依央利,2015年 公式戦初出場,FALSE,2014,1954001,https://npb.jp/bis/players/41545139.html
41545110,工藤　隆人,2005年 公式戦初出場,FALSE,2014,1954001,https://npb.jp/bis/players/41545110.html
31935117,小林　正人,2005年 公式戦初出場,FALSE,2014,1954001,https://npb.jp/bis/players/31935117.html
61865139,Ａ．ゴメス,2014年 公式戦初出場,TRUE,2014,1954001,https://npb.jp/bis/players/61865139.html
61765110,鈴木　義広,2005年 公式戦初出場,FALSE,2014,1954001,https://npb.jp/bis/players/61765110.html
61765137,杉山　翔大,2015年 公式戦初出場,FALSE,2014,1954001,https://npb.jp/bis/players/61765137.html
81785139,鈴木　翔太,2014年 公式戦初出場,FALSE,2014,1954001,https://npb.jp/bis/players/81785139.html
91995139,祖父江　大輔,2014年 公式戦初出場,FALSE,2014,1954001,https://npb.jp/bis/players/91995139.html
85583868,谷繁　元信,1989年 公式戦初出場,FALSE,2014,1954001,https://npb.jp/bis/players/85583868.html
71975115,髙橋　聡文,2004年 公式戦初出場,FALSE,2014,1954001,https://npb.jp/bis/players/71975115.html
61065117,武山　真吾,2008年 公式戦初出場,FALSE,2014,1954001,https://npb.jp/bis/players/61065117.html
81085114,田中　大輔,2007年 公式戦初出場,FALSE,2014,1954001,https://npb.jp/bis/players/81085114.html
51055116,谷　哲也,2009年 公式戦初出場,FALSE,2014,1954001,https://npb.jp/bis/players/51055116.html
91095135,高橋　周平,2012年 入団,FALSE,2014,1954001,https://npb.jp/bis/players/91095135.html
21025135,田島　慎二,2012年 公式戦初出場,FALSE,2014,1954001,https://npb.jp/bis/players/21025135.html
31235135,辻　孟彦,2013年 公式戦初出場,FALSE,2014,1954001,https://npb.jp/bis/players/31235135.html
01905119,堂上　剛裕,2005年 公式戦初出場,FALSE,2014,1954001,https://npb.jp/bis/players/01905119.html
01205114,堂上　直倫,2008年 公式戦初出場,FALSE,2014,1954001,https://npb.jp/bis/players/01205114.html
71075131,中田　亮二,2010年 公式戦初出場,FALSE,2014,1954001,https://npb.jp/bis/players/71075131.html
71475135,西川　健太郎,2012年 公式戦初出場,FALSE,2014,1954001,https://npb.jp/bis/players/71475135.html
31435118,野本　圭,2009年 公式戦初出場,FALSE,2014,1954001,https://npb.jp/bis/players/31435118.html
73175118,Ｎ．パヤノ,2009年 公式戦初出場,TRUE,2014,1954001,https://npb.jp/bis/players/73175118.html
71075137,濱田　達郎,2014年 公式戦初出場,FALSE,2014,1954001,https://npb.jp/bis/players/71075137.html
61265112,平田　良介,2006年 公式戦初出場,FALSE,2014,1954001,https://npb.jp/bis/players/61265112.html
51455112,藤井　淳志,2006年 公式戦初出場,FALSE,2014,1954001,https://npb.jp/bis/players/51455112.html
31635114,福田　永将,2009年 公式戦初出場,FALSE,2014,1954001,https://npb.jp/bis/players/31635114.html
21025137,福谷　浩司,2013年 入団,FALSE,2014,1954001,https://npb.jp/bis/players/21025137.html
81085137,古本　武尊,2014年 公式戦初出場,FALSE,2014,1954001,https://npb.jp/bis/players/81085137.html
51455131,松井　雅人,2010年 公式戦初出場,FALSE,2014,1954001,https://npb.jp/bis/players/51455131.html
71475131,松井　佑介,2010年 公式戦初出場,FALSE,2014,1954001,https://npb.jp/bis/players/71475131.html
61265139,又吉　克樹,2014年 公式戦初出場,FALSE,2014,1954001,https://npb.jp/bis/players/61265139.html
51255119,三瀬　幸司,2004年 公式戦初出場,FALSE,2014,1954001,https://npb.jp/bis/players/51255119.html
51655133,三ツ俣　大樹,2012年 公式戦初出場,FALSE,2014,1954001,https://npb.jp/bis/players/51655133.html
81285137,溝脇　隼人,2014年 公式戦初出場,FALSE,2014,1954001,https://npb.jp/bis/players/81285137.html
61665133,武藤　祐太,2011年 公式戦初出場,FALSE,2014,1954001,https://npb.jp/bis/players/61665133.html
21223884,森野　将彦,1997年 公式戦初出場,FALSE,2014,1954001,https://npb.jp/bis/players/21223884.html
81685133,森越　祐人,2013年 公式戦初出場,FALSE,2014,1954001,https://npb.jp/bis/players/81685133.html
01403862,山本昌,1986年 公式戦初出場,FALSE,2014,1954001,https://npb.jp/bis/players/01403862.html
01303868,山﨑　武司,1989年 公式戦初出場,FALSE,2014,1954001,https://npb.jp/bis/players/01303868.html
31635115,山井　大介,2002年 公式戦初出場,FALSE,2014,1954001,https://npb.jp/bis/players/31635115.html
21625116,山内　壮馬,2008年 公式戦初出場,FALSE,2014,1954001,https://npb.jp/bis/players/21625116.html
41445131,矢地　健人,2010年 公式戦初出場,FALSE,2014,1954001,https://npb.jp/bis/players/41445131.html
11515110,雄太,2005年 公式戦初出場,FALSE,2014,1954001,https://npb.jp/bis/players/11515110.html
41845112,吉見　一起,2006年 公式戦初出場,FALSE,2014,1954001,https://npb.jp/bis/players/41845112.html
21825133,吉川　大幾,2012年 公式戦初出場,FALSE,2014,1954001,https://npb.jp/bis/players/21825133.html
53155137,Ｈ．ルナ,2013年 公式戦初出場,TRUE,2014,1954001,https://npb.jp/bis/players/53155137.html
31433884,和田　一浩,1997年 公式戦初出場,FALSE,2014,1954001,https://npb.jp/bis/players/31433884.html
51655137,若松　駿太,2014年 公式戦初出場,FALSE,2014,1954001,https://npb.jp/bis/players/51655137.html
71173882,荒木　雅博,1997年 公式戦初出場,FALSE,2015,1954001,https://npb.jp/bis/players/71173882.html
51155111,朝倉　健太,2000年 公式戦初出場,FALSE,2015,1954001,https://npb.jp/bis/players/51155111.html
71175114,浅尾　拓也,2007年 公式戦初出場,FALSE,2015,1954001,https://npb.jp/bis/players/71175114.html
31135116,赤坂　和幸,2008年 公式戦初出場,FALSE,2015,1954001,https://npb.jp/bis/players/31135116.html
31135131,赤田　龍一郎,2013年 公式戦初出場,FALSE,2015,1954001,https://npb.jp/bis/players/31135131.html
21125139,阿知羅　拓馬,2016年 公式戦初出場,FALSE,2015,1954001,https://npb.jp/bis/players/21125139.html
81183888,岩瀬　仁紀,1999年 公式戦初出場,FALSE,2015,1954001,https://npb.jp/bis/players/81183888.html
21125118,伊藤　準規,2009年 公式戦初出場,FALSE,2015,1954001,https://npb.jp/bis/players/21125118.html
51355118,岩田　慎司,2010年 公式戦初出場,FALSE,2015,1954001,https://npb.jp/bis/players/51355118.html
41145130,石川　駿,2016年 公式戦初出場,FALSE,2015,1954001,https://npb.jp/bis/players/41145130.html
71375130,井領　雅貴,2015年 公式戦初出場,FALSE,2015,1954001,https://npb.jp/bis/players/71375130.html
31835139,Ａ．エルナンデス,2014年 公式戦初出場,TRUE,2015,1954001,https://npb.jp/bis/players/31835139.html
41345130,遠藤　一星,2015年 公式戦初出場,FALSE,2015,1954001,https://npb.jp/bis/players/41345130.html
21323884,小笠原　道大,1997年 公式戦初出場,FALSE,2015,1954001,https://npb.jp/bis/players/21323884.html
11515118,小熊　凌祐,2011年 公式戦初出場,FALSE,2015,1954001,https://npb.jp/bis/players/11515118.html
01305131,大島　洋平,2010年 入団,FALSE,2015,1954001,https://npb.jp/bis/players/01305131.html
11515131,岡田　俊哉,2013年 公式戦初出場,FALSE,2015,1954001,https://npb.jp/bis/players/11515131.html
51555131,小川　龍也,2011年 公式戦初出場,FALSE,2015,1954001,https://npb.jp/bis/players/51555131.html
11515133,大野　雄大,2011年 入団,FALSE,2015,1954001,https://npb.jp/bis/players/11515133.html
41343886,川上　憲伸,1998年 公式戦初出場,FALSE,2015,1954001,https://npb.jp/bis/players/41343886.html
71575135,亀澤　恭平,2015年 公式戦初出場,FALSE,2015,1954001,https://npb.jp/bis/players/71575135.html
21525135,川崎　貴弘,2013年 公式戦初出場,FALSE,2015,1954001,https://npb.jp/bis/players/21525135.html
41545139,桂　依央利,2015年 公式戦初出場,FALSE,2015,1954001,https://npb.jp/bis/players/41545139.html
41545130,加藤　匠馬,2015年 入団,FALSE,2015,1954001,https://npb.jp/bis/players/41545130.html
11715130,金子　丈,2015年 公式戦初出場,FALSE,2015,1954001,https://npb.jp/bis/players/11715130.html
41545110,工藤　隆人,2005年 公式戦初出場,FALSE,2015,1954001,https://npb.jp/bis/players/41545110.html
81785130,近藤　弘基,2016年 公式戦初出場,FALSE,2015,1954001,https://npb.jp/bis/players/81785130.html
61765137,杉山　翔大,2015年 公式戦初出場,FALSE,2015,1954001,https://npb.jp/bis/players/61765137.html
81785139,鈴木　翔太,2014年 公式戦初出場,FALSE,2015,1954001,https://npb.jp/bis/players/81785139.html
91995139,祖父江　大輔,2014年 公式戦初出場,FALSE,2015,1954001,https://npb.jp/bis/players/91995139.html
85583868,谷繁　元信,1989年 公式戦初出場,FALSE,2015,1954001,https://npb.jp/bis/players/85583868.html
71975115,髙橋　聡文,2004年 公式戦初出場,FALSE,2015,1954001,https://npb.jp/bis/players/71975115.html
61065117,武山　真吾,2008年 公式戦初出場,FALSE,2015,1954001,https://npb.jp/bis/players/61065117.html
51055116,谷　哲也,2009年 公式戦初出場,FALSE,2015,1954001,https://npb.jp/bis/players/51055116.html
91095135,高橋　周平,2012年 入団,FALSE,2015,1954001,https://npb.jp/bis/players/91095135.html
21025135,田島　慎二,2012年 公式戦初出場,FALSE,2015,1954001,https://npb.jp/bis/players/21025135.html
01205114,堂上　直倫,2008年 公式戦初出場,FALSE,2015,1954001,https://npb.jp/bis/players/01205114.html
81285130,友永　翔太,2015年 公式戦初出場,FALSE,2015,1954001,https://npb.jp/bis/players/81285130.html
23325130,Ｒ．ナニータ,2015年 公式戦初出場,TRUE,2015,1954001,https://npb.jp/bis/players/23325130.html
71475135,西川　健太郎,2012年 公式戦初出場,FALSE,2015,1954001,https://npb.jp/bis/players/71475135.html
63765130,Ｄ．ネイラー,2015年 公式戦初出場,TRUE,2015,1954001,https://npb.jp/bis/players/63765130.html
31435118,野本　圭,2009年 公式戦初出場,FALSE,2015,1954001,https://npb.jp/bis/players/31435118.html
21425130,野村　亮介,2015年 公式戦初出場,FALSE,2015,1954001,https://npb.jp/bis/players/21425130.html
71075137,濱田　達郎,2014年 公式戦初出場,FALSE,2015,1954001,https://npb.jp/bis/players/71075137.html
41445130,浜田　智博,2015年 公式戦初出場,FALSE,2015,1954001,https://npb.jp/bis/players/41445130.html
83385130,Ｒ．バルデス,2015年 公式戦初出場,TRUE,2015,1954001,https://npb.jp/bis/players/83385130.html
61265112,平田　良介,2006年 公式戦初出場,FALSE,2015,1954001,https://npb.jp/bis/players/61265112.html
51455112,藤井　淳志,2006年 公式戦初出場,FALSE,2015,1954001,https://npb.jp/bis/players/51455112.html
31635114,福田　永将,2009年 公式戦初出場,FALSE,2015,1954001,https://npb.jp/bis/players/31635114.html
21025137,福谷　浩司,2013年 入団,FALSE,2015,1954001,https://npb.jp/bis/players/21025137.html
81085137,古本　武尊,2014年 公式戦初出場,FALSE,2015,1954001,https://npb.jp/bis/players/81085137.html
51455131,松井　雅人,2010年 公式戦初出場,FALSE,2015,1954001,https://npb.jp/bis/players/51455131.html
71475131,松井　佑介,2010年 公式戦初出場,FALSE,2015,1954001,https://npb.jp/bis/players/71475131.html
61265139,又吉　克樹,2014年 公式戦初出場,FALSE,2015,1954001,https://npb.jp/bis/players/61265139.html
51655133,三ツ俣　大樹,2012年 公式戦初出場,FALSE,2015,1954001,https://npb.jp/bis/players/51655133.html
81285137,溝脇　隼人,2014年 公式戦初出場,FALSE,2015,1954001,https://npb.jp/bis/players/81285137.html
61665133,武藤　祐太,2011年 公式戦初出場,FALSE,2015,1954001,https://npb.jp/bis/players/61665133.html
21223884,森野　将彦,1997年 公式戦初出場,FALSE,2015,1954001,https://npb.jp/bis/players/21223884.html
01403862,山本昌,1986年 公式戦初出場,FALSE,2015,1954001,https://npb.jp/bis/players/01403862.html
31635115,山井　大介,2002年 公式戦初出場,FALSE,2015,1954001,https://npb.jp/bis/players/31635115.html
61665112,八木　智哉,2006年 公式戦初出場,FALSE,2015,1954001,https://npb.jp/bis/players/61665112.html
21625116,山内　壮馬,2008年 公式戦初出場,FALSE,2015,1954001,https://npb.jp/bis/players/21625116.html
33135130,山本　雅士,2015年 公式戦初出場,FALSE,2015,1954001,https://npb.jp/bis/players/33135130.html
11515110,雄太,2005年 公式戦初出場,FALSE,2015,1954001,https://npb.jp/bis/players/11515110.html
41845112,吉見　一起,2006年 公式戦初出場,FALSE,2015,1954001,https://npb.jp/bis/players/41845112.html
53155137,Ｈ．ルナ,2013年 公式戦初出場,TRUE,2015,1954001,https://npb.jp/bis/players/53155137.html
31433884,和田　一浩,1997年 公式戦初出場,FALSE,2015,1954001,https://npb.jp/bis/players/31433884.html
51655137,若松　駿太,2014年 公式戦初出場,FALSE,2015,1954001,https://npb.jp/bis/players/51655137.html
71173882,荒木　雅博,1997年 公式戦初出場,FALSE,2016,1954001,https://npb.jp/bis/players/71173882.html
71175114,浅尾　拓也,2007年 公式戦初出場,FALSE,2016,1954001,https://npb.jp/bis/players/71175114.html
31135116,赤坂　和幸,2008年 公式戦初出場,FALSE,2016,1954001,https://npb.jp/bis/players/31135116.html
31135131,赤田　龍一郎,2013年 公式戦初出場,FALSE,2016,1954001,https://npb.jp/bis/players/31135131.html
21125139,阿知羅　拓馬,2016年 公式戦初出場,FALSE,2016,1954001,https://npb.jp/bis/players/21125139.html
61165132,阿部　寿樹,2016年 入団,FALSE,2016,1954001,https://npb.jp/bis/players/61165132.html
81183888,岩瀬　仁紀,1999年 公式戦初出場,FALSE,2016,1954001,https://npb.jp/bis/players/81183888.html
21125118,伊藤　準規,2009年 公式戦初出場,FALSE,2016,1954001,https://npb.jp/bis/players/21125118.html
51355118,岩田　慎司,2010年 公式戦初出場,FALSE,2016,1954001,https://npb.jp/bis/players/51355118.html
41145130,石川　駿,2016年 公式戦初出場,FALSE,2016,1954001,https://npb.jp/bis/players/41145130.html
71375130,井領　雅貴,2015年 公式戦初出場,FALSE,2016,1954001,https://npb.jp/bis/players/71375130.html
51355132,石岡　諒太,2017年 公式戦初出場,FALSE,2016,1954001,https://npb.jp/bis/players/51355132.html
31835139,Ａ．エルナンデス,2014年 公式戦初出場,TRUE,2016,1954001,https://npb.jp/bis/players/31835139.html
41345130,遠藤　一星,2015年 公式戦初出場,FALSE,2016,1954001,https://npb.jp/bis/players/41345130.html
41345116,大場　翔太,2008年 公式戦初出場,FALSE,2016,1954001,https://npb.jp/bis/players/41345116.html
11515118,小熊　凌祐,2011年 公式戦初出場,FALSE,2016,1954001,https://npb.jp/bis/players/11515118.html
01305131,大島　洋平,2010年 入団,FALSE,2016,1954001,https://npb.jp/bis/players/01305131.html
11515131,岡田　俊哉,2013年 公式戦初出場,FALSE,2016,1954001,https://npb.jp/bis/players/11515131.html
51555131,小川　龍也,2011年 公式戦初出場,FALSE,2016,1954001,https://npb.jp/bis/players/51555131.html
11515133,大野　雄大,2011年 入団,FALSE,2016,1954001,https://npb.jp/bis/players/11515133.html
71575132,小笠原　慎之介,2016年 入団,FALSE,2016,1954001,https://npb.jp/bis/players/71575132.html
71575135,亀澤　恭平,2015年 公式戦初出場,FALSE,2016,1954001,https://npb.jp/bis/players/71575135.html
21525135,川崎　貴弘,2013年 公式戦初出場,FALSE,2016,1954001,https://npb.jp/bis/players/21525135.html
41545139,桂　依央利,2015年 公式戦初出場,FALSE,2016,1954001,https://npb.jp/bis/players/41545139.html
41545130,加藤　匠馬,2015年 入団,FALSE,2016,1954001,https://npb.jp/bis/players/41545130.html
11715130,金子　丈,2015年 公式戦初出場,FALSE,2016,1954001,https://npb.jp/bis/players/11715130.html
31735132,木下　拓哉,2016年 入団,FALSE,2016,1954001,https://npb.jp/bis/players/31735132.html
41545110,工藤　隆人,2005年 公式戦初出場,FALSE,2016,1954001,https://npb.jp/bis/players/41545110.html
81785130,近藤　弘基,2016年 公式戦初出場,FALSE,2016,1954001,https://npb.jp/bis/players/81785130.html
71975132,佐藤　優,2016年 公式戦初出場,FALSE,2016,1954001,https://npb.jp/bis/players/71975132.html
33535132,ジョーダン,2016年 公式戦初出場,FALSE,2016,1954001,https://npb.jp/bis/players/33535132.html
61765137,杉山　翔大,2015年 公式戦初出場,FALSE,2016,1954001,https://npb.jp/bis/players/61765137.html
81785139,鈴木　翔太,2014年 公式戦初出場,FALSE,2016,1954001,https://npb.jp/bis/players/81785139.html
93095132,Ｌ．セプティモ,2016年 公式戦初出場,TRUE,2016,1954001,https://npb.jp/bis/players/93095132.html
91995139,祖父江　大輔,2014年 公式戦初出場,FALSE,2016,1954001,https://npb.jp/bis/players/91995139.html
41743880,多村　仁志,1997年 公式戦初出場,FALSE,2016,1954001,https://npb.jp/bis/players/41743880.html
61065117,武山　真吾,2008年 公式戦初出場,FALSE,2016,1954001,https://npb.jp/bis/players/61065117.html
51055116,谷　哲也,2009年 公式戦初出場,FALSE,2016,1954001,https://npb.jp/bis/players/51055116.html
91095135,高橋　周平,2012年 入団,FALSE,2016,1954001,https://npb.jp/bis/players/91095135.html
21025135,田島　慎二,2012年 公式戦初出場,FALSE,2016,1954001,https://npb.jp/bis/players/21025135.html
01205114,堂上　直倫,2008年 公式戦初出場,FALSE,2016,1954001,https://npb.jp/bis/players/01205114.html
81285130,友永　翔太,2015年 公式戦初出場,FALSE,2016,1954001,https://npb.jp/bis/players/81285130.html
23325130,Ｒ．ナニータ,2015年 公式戦初出場,TRUE,2016,1954001,https://npb.jp/bis/players/23325130.html
71475135,西川　健太郎,2012年 公式戦初出場,FALSE,2016,1954001,https://npb.jp/bis/players/71475135.html
63765130,Ｄ．ネイラー,2015年 公式戦初出場,TRUE,2016,1954001,https://npb.jp/bis/players/63765130.html
31435118,野本　圭,2009年 公式戦初出場,FALSE,2016,1954001,https://npb.jp/bis/players/31435118.html
21425130,野村　亮介,2015年 公式戦初出場,FALSE,2016,1954001,https://npb.jp/bis/players/21425130.html
71075137,濱田　達郎,2014年 公式戦初出場,FALSE,2016,1954001,https://npb.jp/bis/players/71075137.html
41445130,浜田　智博,2015年 公式戦初出場,FALSE,2016,1954001,https://npb.jp/bis/players/41445130.html
83385130,Ｒ．バルデス,2015年 公式戦初出場,TRUE,2016,1954001,https://npb.jp/bis/players/83385130.html
61265112,平田　良介,2006年 公式戦初出場,FALSE,2016,1954001,https://npb.jp/bis/players/61265112.html
13715132,Ｄ．ビシエド,2016年 入団,TRUE,2016,1954001,https://npb.jp/bis/players/13715132.html
51455112,藤井　淳志,2006年 公式戦初出場,FALSE,2016,1954001,https://npb.jp/bis/players/51455112.html
31635114,福田　永将,2009年 公式戦初出場,FALSE,2016,1954001,https://npb.jp/bis/players/31635114.html
21025137,福谷　浩司,2013年 入団,FALSE,2016,1954001,https://npb.jp/bis/players/21025137.html
81085137,古本　武尊,2014年 公式戦初出場,FALSE,2016,1954001,https://npb.jp/bis/players/81085137.html
41645132,福　敬登,2016年 入団,FALSE,2016,1954001,https://npb.jp/bis/players/41645132.html
51455131,松井　雅人,2010年 公式戦初出場,FALSE,2016,1954001,https://npb.jp/bis/players/51455131.html
71475131,松井　佑介,2010年 公式戦初出場,FALSE,2016,1954001,https://npb.jp/bis/players/71475131.html
61265139,又吉　克樹,2014年 公式戦初出場,FALSE,2016,1954001,https://npb.jp/bis/players/61265139.html
51655133,三ツ俣　大樹,2012年 公式戦初出場,FALSE,2016,1954001,https://npb.jp/bis/players/51655133.html
81285137,溝脇　隼人,2014年 公式戦初出場,FALSE,2016,1954001,https://npb.jp/bis/players/81285137.html
01805132,三ツ間　卓也,2017年 公式戦初出場,FALSE,2016,1954001,https://npb.jp/bis/players/01805132.html
61665133,武藤　祐太,2011年 公式戦初出場,FALSE,2016,1954001,https://npb.jp/bis/players/61665133.html
21223884,森野　将彦,1997年 公式戦初出場,FALSE,2016,1954001,https://npb.jp/bis/players/21223884.html
01403862,山本昌,1986年 公式戦初出場,FALSE,2016,1954001,https://npb.jp/bis/players/01403862.html
31635115,山井　大介,2002年 公式戦初出場,FALSE,2016,1954001,https://npb.jp/bis/players/31635115.html
61665112,八木　智哉,2006年 公式戦初出場,FALSE,2016,1954001,https://npb.jp/bis/players/61665112.html
33135130,山本　雅士,2015年 公式戦初出場,FALSE,2016,1954001,https://npb.jp/bis/players/33135130.html
11515110,雄太,2005年 公式戦初出場,FALSE,2016,1954001,https://npb.jp/bis/players/11515110.html
41845112,吉見　一起,2006年 公式戦初出場,FALSE,2016,1954001,https://npb.jp/bis/players/41845112.html
51655137,若松　駿太,2014年 公式戦初出場,FALSE,2016,1954001,https://npb.jp/bis/players/51655137.html
03305132,渡辺　勝,2019年 公式戦初出場,FALSE,2016,1954001,https://npb.jp/bis/players/03305132.html
71173882,荒木　雅博,1997年 公式戦初出場,FALSE,2017,1954001,https://npb.jp/bis/players/71173882.html
71175114,浅尾　拓也,2007年 公式戦初出場,FALSE,2017,1954001,https://npb.jp/bis/players/71175114.html
31135116,赤坂　和幸,2008年 公式戦初出場,FALSE,2017,1954001,https://npb.jp/bis/players/31135116.html
31135131,赤田　龍一郎,2013年 公式戦初出場,FALSE,2017,1954001,https://npb.jp/bis/players/31135131.html
21125139,阿知羅　拓馬,2016年 公式戦初出場,FALSE,2017,1954001,https://npb.jp/bis/players/21125139.html
61165132,阿部　寿樹,2016年 入団,FALSE,2017,1954001,https://npb.jp/bis/players/61165132.html
03305134,Ｅ．アラウホ,2017年 公式戦初出場,TRUE,2017,1954001,https://npb.jp/bis/players/03305134.html
81183888,岩瀬　仁紀,1999年 公式戦初出場,FALSE,2017,1954001,https://npb.jp/bis/players/81183888.html
81185114,岩﨑　達郎,2008年 公式戦初出場,FALSE,2017,1954001,https://npb.jp/bis/players/81185114.html
21125118,伊藤　準規,2009年 公式戦初出場,FALSE,2017,1954001,https://npb.jp/bis/players/21125118.html
41145130,石川　駿,2016年 公式戦初出場,FALSE,2017,1954001,https://npb.jp/bis/players/41145130.html
71375130,井領　雅貴,2015年 公式戦初出場,FALSE,2017,1954001,https://npb.jp/bis/players/71375130.html
51355132,石岡　諒太,2017年 公式戦初出場,FALSE,2017,1954001,https://npb.jp/bis/players/51355132.html
41145134,石垣　雅海,2017年 入団,FALSE,2017,1954001,https://npb.jp/bis/players/41145134.html
41345130,遠藤　一星,2015年 公式戦初出場,FALSE,2017,1954001,https://npb.jp/bis/players/41345130.html
11515118,小熊　凌祐,2011年 公式戦初出場,FALSE,2017,1954001,https://npb.jp/bis/players/11515118.html
01305131,大島　洋平,2010年 入団,FALSE,2017,1954001,https://npb.jp/bis/players/01305131.html
11515131,岡田　俊哉,2013年 公式戦初出場,FALSE,2017,1954001,https://npb.jp/bis/players/11515131.html
51555131,小川　龍也,2011年 公式戦初出場,FALSE,2017,1954001,https://npb.jp/bis/players/51555131.html
11515133,大野　雄大,2011年 入団,FALSE,2017,1954001,https://npb.jp/bis/players/11515133.html
71575132,小笠原　慎之介,2016年 入団,FALSE,2017,1954001,https://npb.jp/bis/players/71575132.html
71575135,亀澤　恭平,2015年 公式戦初出場,FALSE,2017,1954001,https://npb.jp/bis/players/71575135.html
41545139,桂　依央利,2015年 公式戦初出場,FALSE,2017,1954001,https://npb.jp/bis/players/41545139.html
41545130,加藤　匠馬,2015年 入団,FALSE,2017,1954001,https://npb.jp/bis/players/41545130.html
11715130,金子　丈,2015年 公式戦初出場,FALSE,2017,1954001,https://npb.jp/bis/players/11715130.html
31535134,笠原　祥太郎,2017年 公式戦初出場,FALSE,2017,1954001,https://npb.jp/bis/players/31535134.html
31735132,木下　拓哉,2016年 入団,FALSE,2017,1954001,https://npb.jp/bis/players/31735132.html
41545134,木下　雄介,2018年 公式戦初出場,FALSE,2017,1954001,https://npb.jp/bis/players/41545134.html
81585134,京田　陽太,2017年 入団,FALSE,2017,1954001,https://npb.jp/bis/players/81585134.html
41545110,工藤　隆人,2005年 公式戦初出場,FALSE,2017,1954001,https://npb.jp/bis/players/41545110.html
43545134,Ａ．ゲレーロ,2017年 公式戦初出場,TRUE,2017,1954001,https://npb.jp/bis/players/43545134.html
81785130,近藤　弘基,2016年 公式戦初出場,FALSE,2017,1954001,https://npb.jp/bis/players/81785130.html
71975132,佐藤　優,2016年 公式戦初出場,FALSE,2017,1954001,https://npb.jp/bis/players/71975132.html
33535132,ジョーダン,2016年 公式戦初出場,FALSE,2017,1954001,https://npb.jp/bis/players/33535132.html
61765137,杉山　翔大,2015年 公式戦初出場,FALSE,2017,1954001,https://npb.jp/bis/players/61765137.html
81785139,鈴木　翔太,2014年 公式戦初出場,FALSE,2017,1954001,https://npb.jp/bis/players/81785139.html
91995139,祖父江　大輔,2014年 公式戦初出場,FALSE,2017,1954001,https://npb.jp/bis/players/91995139.html
61065117,武山　真吾,2008年 公式戦初出場,FALSE,2017,1954001,https://npb.jp/bis/players/61065117.html
51055116,谷　哲也,2009年 公式戦初出場,FALSE,2017,1954001,https://npb.jp/bis/players/51055116.html
31035118,谷元　圭介,2009年 公式戦初出場,FALSE,2017,1954001,https://npb.jp/bis/players/31035118.html
91095135,高橋　周平,2012年 入団,FALSE,2017,1954001,https://npb.jp/bis/players/91095135.html
21025135,田島　慎二,2012年 公式戦初出場,FALSE,2017,1954001,https://npb.jp/bis/players/21025135.html
01205114,堂上　直倫,2008年 公式戦初出場,FALSE,2017,1954001,https://npb.jp/bis/players/01205114.html
81285130,友永　翔太,2015年 公式戦初出場,FALSE,2017,1954001,https://npb.jp/bis/players/81285130.html
31435118,野本　圭,2009年 公式戦初出場,FALSE,2017,1954001,https://npb.jp/bis/players/31435118.html
21425130,野村　亮介,2015年 公式戦初出場,FALSE,2017,1954001,https://npb.jp/bis/players/21425130.html
71075137,濱田　達郎,2014年 公式戦初出場,FALSE,2017,1954001,https://npb.jp/bis/players/71075137.html
41445130,浜田　智博,2015年 公式戦初出場,FALSE,2017,1954001,https://npb.jp/bis/players/41445130.html
83385130,Ｒ．バルデス,2015年 公式戦初出場,TRUE,2017,1954001,https://npb.jp/bis/players/83385130.html
61265112,平田　良介,2006年 公式戦初出場,FALSE,2017,1954001,https://npb.jp/bis/players/61265112.html
13715132,Ｄ．ビシエド,2016年 入団,TRUE,2017,1954001,https://npb.jp/bis/players/13715132.html
51455112,藤井　淳志,2006年 公式戦初出場,FALSE,2017,1954001,https://npb.jp/bis/players/51455112.html
31635114,福田　永将,2009年 公式戦初出場,FALSE,2017,1954001,https://npb.jp/bis/players/31635114.html
21025137,福谷　浩司,2013年 入団,FALSE,2017,1954001,https://npb.jp/bis/players/21025137.html
81085137,古本　武尊,2014年 公式戦初出場,FALSE,2017,1954001,https://npb.jp/bis/players/81085137.html
41645132,福　敬登,2016年 入団,FALSE,2017,1954001,https://npb.jp/bis/players/41645132.html
21625134,藤嶋　健人,2017年 入団,FALSE,2017,1954001,https://npb.jp/bis/players/21625134.html
51455131,松井　雅人,2010年 公式戦初出場,FALSE,2017,1954001,https://npb.jp/bis/players/51455131.html
71475131,松井　佑介,2010年 公式戦初出場,FALSE,2017,1954001,https://npb.jp/bis/players/71475131.html
61265139,又吉　克樹,2014年 公式戦初出場,FALSE,2017,1954001,https://npb.jp/bis/players/61265139.html
61865134,丸山　泰資,2017年 公式戦初出場,FALSE,2017,1954001,https://npb.jp/bis/players/61865134.html
23925134,Ｒ．マルティネス,2017年 入団,TRUE,2017,1954001,https://npb.jp/bis/players/23925134.html
51655133,三ツ俣　大樹,2012年 公式戦初出場,FALSE,2017,1954001,https://npb.jp/bis/players/51655133.html
81285137,溝脇　隼人,2014年 公式戦初出場,FALSE,2017,1954001,https://npb.jp/bis/players/81285137.html
01805132,三ツ間　卓也,2017年 公式戦初出場,FALSE,2017,1954001,https://npb.jp/bis/players/01805132.html
61665133,武藤　祐太,2011年 公式戦初出場,FALSE,2017,1954001,https://npb.jp/bis/players/61665133.html
21223884,森野　将彦,1997年 公式戦初出場,FALSE,2017,1954001,https://npb.jp/bis/players/21223884.html
31635115,山井　大介,2002年 公式戦初出場,FALSE,2017,1954001,https://npb.jp/bis/players/31635115.html
61665112,八木　智哉,2006年 公式戦初出場,FALSE,2017,1954001,https://npb.jp/bis/players/61665112.html
33135130,山本　雅士,2015年 公式戦初出場,FALSE,2017,1954001,https://npb.jp/bis/players/33135130.html
63165134,柳　裕也,2017年 入団,FALSE,2017,1954001,https://npb.jp/bis/players/63165134.html
41845112,吉見　一起,2006年 公式戦初出場,FALSE,2017,1954001,https://npb.jp/bis/players/41845112.html
93995134,Ｊ．ロンドン,2017年 公式戦初出場,TRUE,2017,1954001,https://npb.jp/bis/players/93995134.html
51655137,若松　駿太,2014年 公式戦初出場,FALSE,2017,1954001,https://npb.jp/bis/players/51655137.html
03305132,渡辺　勝,2019年 公式戦初出場,FALSE,2017,1954001,https://npb.jp/bis/players/03305132.html
71173882,荒木　雅博,1997年 公式戦初出場,FALSE,2018,1954001,https://npb.jp/bis/players/71173882.html
71175114,浅尾　拓也,2007年 公式戦初出場,FALSE,2018,1954001,https://npb.jp/bis/players/71175114.html
21125139,阿知羅　拓馬,2016年 公式戦初出場,FALSE,2018,1954001,https://npb.jp/bis/players/21125139.html
61165132,阿部　寿樹,2016年 入団,FALSE,2018,1954001,https://npb.jp/bis/players/61165132.html
43345136,Ｚ．アルモンテ,2018年 公式戦初出場,TRUE,2018,1954001,https://npb.jp/bis/players/43345136.html
81183888,岩瀬　仁紀,1999年 公式戦初出場,FALSE,2018,1954001,https://npb.jp/bis/players/81183888.html
21125118,伊藤　準規,2009年 公式戦初出場,FALSE,2018,1954001,https://npb.jp/bis/players/21125118.html
41145130,石川　駿,2016年 公式戦初出場,FALSE,2018,1954001,https://npb.jp/bis/players/41145130.html
71375130,井領　雅貴,2015年 公式戦初出場,FALSE,2018,1954001,https://npb.jp/bis/players/71375130.html
51355132,石岡　諒太,2017年 公式戦初出場,FALSE,2018,1954001,https://npb.jp/bis/players/51355132.html
41145134,石垣　雅海,2017年 入団,FALSE,2018,1954001,https://npb.jp/bis/players/41145134.html
21125136,石川　翔,2018年 公式戦初出場,FALSE,2018,1954001,https://npb.jp/bis/players/21125136.html
41145136,石田　健人マルク,2020年 公式戦初出場,FALSE,2018,1954001,https://npb.jp/bis/players/41145136.html
81185136,伊藤　康祐,2019年 公式戦初出場,FALSE,2018,1954001,https://npb.jp/bis/players/81185136.html
41345130,遠藤　一星,2015年 公式戦初出場,FALSE,2018,1954001,https://npb.jp/bis/players/41345130.html
61365118,大野　奨太,2009年 公式戦初出場,FALSE,2018,1954001,https://npb.jp/bis/players/61365118.html
11515118,小熊　凌祐,2011年 公式戦初出場,FALSE,2018,1954001,https://npb.jp/bis/players/11515118.html
01305131,大島　洋平,2010年 入団,FALSE,2018,1954001,https://npb.jp/bis/players/01305131.html
11515131,岡田　俊哉,2013年 公式戦初出場,FALSE,2018,1954001,https://npb.jp/bis/players/11515131.html
51555131,小川　龍也,2011年 公式戦初出場,FALSE,2018,1954001,https://npb.jp/bis/players/51555131.html
11515133,大野　雄大,2011年 入団,FALSE,2018,1954001,https://npb.jp/bis/players/11515133.html
71575132,小笠原　慎之介,2016年 入団,FALSE,2018,1954001,https://npb.jp/bis/players/71575132.html
71575135,亀澤　恭平,2015年 公式戦初出場,FALSE,2018,1954001,https://npb.jp/bis/players/71575135.html
41545139,桂　依央利,2015年 公式戦初出場,FALSE,2018,1954001,https://npb.jp/bis/players/41545139.html
41545130,加藤　匠馬,2015年 入団,FALSE,2018,1954001,https://npb.jp/bis/players/41545130.html
31535134,笠原　祥太郎,2017年 公式戦初出場,FALSE,2018,1954001,https://npb.jp/bis/players/31535134.html
33535136,Ｏ．ガルシア,2018年 公式戦初出場,TRUE,2018,1954001,https://npb.jp/bis/players/33535136.html
31735132,木下　拓哉,2016年 入団,FALSE,2018,1954001,https://npb.jp/bis/players/31735132.html
41545134,木下　雄介,2018年 公式戦初出場,FALSE,2018,1954001,https://npb.jp/bis/players/41545134.html
81585134,京田　陽太,2017年 入団,FALSE,2018,1954001,https://npb.jp/bis/players/81585134.html
41545110,工藤　隆人,2005年 公式戦初出場,FALSE,2018,1954001,https://npb.jp/bis/players/41545110.html
81785130,近藤　弘基,2016年 公式戦初出場,FALSE,2018,1954001,https://npb.jp/bis/players/81785130.html
71975132,佐藤　優,2016年 公式戦初出場,FALSE,2018,1954001,https://npb.jp/bis/players/71975132.html
01905136,清水　達也,2018年 入団,FALSE,2018,1954001,https://npb.jp/bis/players/01905136.html
73575136,Ｄ．ジー,2018年 公式戦初出場,TRUE,2018,1954001,https://npb.jp/bis/players/73575136.html
61765137,杉山　翔大,2015年 公式戦初出場,FALSE,2018,1954001,https://npb.jp/bis/players/61765137.html
81785139,鈴木　翔太,2014年 公式戦初出場,FALSE,2018,1954001,https://npb.jp/bis/players/81785139.html
61965136,鈴木　博志,2018年 入団,FALSE,2018,1954001,https://npb.jp/bis/players/61965136.html
91995139,祖父江　大輔,2014年 公式戦初出場,FALSE,2018,1954001,https://npb.jp/bis/players/91995139.html
61065117,武山　真吾,2008年 公式戦初出場,FALSE,2018,1954001,https://npb.jp/bis/players/61065117.html
51055116,谷　哲也,2009年 公式戦初出場,FALSE,2018,1954001,https://npb.jp/bis/players/51055116.html
31035118,谷元　圭介,2009年 公式戦初出場,FALSE,2018,1954001,https://npb.jp/bis/players/31035118.html
91095135,高橋　周平,2012年 入団,FALSE,2018,1954001,https://npb.jp/bis/players/91095135.html
21025135,田島　慎二,2012年 公式戦初出場,FALSE,2018,1954001,https://npb.jp/bis/players/21025135.html
21025136,髙松　渡,2018年 入団,FALSE,2018,1954001,https://npb.jp/bis/players/21025136.html
01205114,堂上　直倫,2008年 公式戦初出場,FALSE,2018,1954001,https://npb.jp/bis/players/01205114.html
81285130,友永　翔太,2015年 公式戦初出場,FALSE,2018,1954001,https://npb.jp/bis/players/81285130.html
31435118,野本　圭,2009年 公式戦初出場,FALSE,2018,1954001,https://npb.jp/bis/players/31435118.html
71075137,濱田　達郎,2014年 公式戦初出場,FALSE,2018,1954001,https://npb.jp/bis/players/71075137.html
41445130,浜田　智博,2015年 公式戦初出場,FALSE,2018,1954001,https://npb.jp/bis/players/41445130.html
61265112,平田　良介,2006年 公式戦初出場,FALSE,2018,1954001,https://npb.jp/bis/players/61265112.html
13715132,Ｄ．ビシエド,2016年 入団,TRUE,2018,1954001,https://npb.jp/bis/players/13715132.html
51455112,藤井　淳志,2006年 公式戦初出場,FALSE,2018,1954001,https://npb.jp/bis/players/51455112.html
31635114,福田　永将,2009年 公式戦初出場,FALSE,2018,1954001,https://npb.jp/bis/players/31635114.html
21025137,福谷　浩司,2013年 入団,FALSE,2018,1954001,https://npb.jp/bis/players/21025137.html
41645132,福　敬登,2016年 入団,FALSE,2018,1954001,https://npb.jp/bis/players/41645132.html
21625134,藤嶋　健人,2017年 入団,FALSE,2018,1954001,https://npb.jp/bis/players/21625134.html
31233888,松坂　大輔,1999年 公式戦初出場,FALSE,2018,1954001,https://npb.jp/bis/players/31233888.html
51455131,松井　雅人,2010年 公式戦初出場,FALSE,2018,1954001,https://npb.jp/bis/players/51455131.html
71475131,松井　佑介,2010年 公式戦初出場,FALSE,2018,1954001,https://npb.jp/bis/players/71475131.html
61265139,又吉　克樹,2014年 公式戦初出場,FALSE,2018,1954001,https://npb.jp/bis/players/61265139.html
61865134,丸山　泰資,2017年 公式戦初出場,FALSE,2018,1954001,https://npb.jp/bis/players/61865134.html
23925134,Ｒ．マルティネス,2017年 入団,TRUE,2018,1954001,https://npb.jp/bis/players/23925134.html
73975136,Ａ．マルティネス,2018年 入団,TRUE,2018,1954001,https://npb.jp/bis/players/73975136.html
51655133,三ツ俣　大樹,2012年 公式戦初出場,FALSE,2018,1954001,https://npb.jp/bis/players/51655133.html
81285137,溝脇　隼人,2014年 公式戦初出場,FALSE,2018,1954001,https://npb.jp/bis/players/81285137.html
01805132,三ツ間　卓也,2017年 公式戦初出場,FALSE,2018,1954001,https://npb.jp/bis/players/01805132.html
53755136,Ｓ．モヤ,2018年 公式戦初出場,TRUE,2018,1954001,https://npb.jp/bis/players/53755136.html
31635115,山井　大介,2002年 公式戦初出場,FALSE,2018,1954001,https://npb.jp/bis/players/31635115.html
33135130,山本　雅士,2015年 公式戦初出場,FALSE,2018,1954001,https://npb.jp/bis/players/33135130.html
63165134,柳　裕也,2017年 入団,FALSE,2018,1954001,https://npb.jp/bis/players/63165134.html
03105136,山本　拓実,2018年 入団,FALSE,2018,1954001,https://npb.jp/bis/players/03105136.html
41845112,吉見　一起,2006年 公式戦初出場,FALSE,2018,1954001,https://npb.jp/bis/players/41845112.html
83985136,Ｊ．ロドリゲス,2018年 公式戦初出場,TRUE,2018,1954001,https://npb.jp/bis/players/83985136.html
51655137,若松　駿太,2014年 公式戦初出場,FALSE,2018,1954001,https://npb.jp/bis/players/51655137.html
03305132,渡辺　勝,2019年 公式戦初出場,FALSE,2018,1954001,https://npb.jp/bis/players/03305132.html
71173882,荒木　雅博,1997年 公式戦初出場,FALSE,2019,1954001,https://npb.jp/bis/players/71173882.html
21125139,阿知羅　拓馬,2016年 公式戦初出場,FALSE,2019,1954001,https://npb.jp/bis/players/21125139.html
61165132,阿部　寿樹,2016年 入団,FALSE,2019,1954001,https://npb.jp/bis/players/61165132.html
43345136,Ｚ．アルモンテ,2018年 公式戦初出場,TRUE,2019,1954001,https://npb.jp/bis/players/43345136.html
81183888,岩瀬　仁紀,1999年 公式戦初出場,FALSE,2019,1954001,https://npb.jp/bis/players/81183888.html
21125118,伊藤　準規,2009年 公式戦初出場,FALSE,2019,1954001,https://npb.jp/bis/players/21125118.html
41145130,石川　駿,2016年 公式戦初出場,FALSE,2019,1954001,https://npb.jp/bis/players/41145130.html
71375130,井領　雅貴,2015年 公式戦初出場,FALSE,2019,1954001,https://npb.jp/bis/players/71375130.html
51355132,石岡　諒太,2017年 公式戦初出場,FALSE,2019,1954001,https://npb.jp/bis/players/51355132.html
41145134,石垣　雅海,2017年 入団,FALSE,2019,1954001,https://npb.jp/bis/players/41145134.html
21125136,石川　翔,2018年 公式戦初出場,FALSE,2019,1954001,https://npb.jp/bis/players/21125136.html
41145136,石田　健人マルク,2020年 公式戦初出場,FALSE,2019,1954001,https://npb.jp/bis/players/41145136.html
81185136,伊藤　康祐,2019年 公式戦初出場,FALSE,2019,1954001,https://npb.jp/bis/players/81185136.html
91195138,石橋　康太,2019年 入団,FALSE,2019,1954001,https://npb.jp/bis/players/91195138.html
81185138,梅津　晃大,2019年 入団,FALSE,2019,1954001,https://npb.jp/bis/players/81185138.html
41345130,遠藤　一星,2015年 公式戦初出場,FALSE,2019,1954001,https://npb.jp/bis/players/41345130.html
61365118,大野　奨太,2009年 公式戦初出場,FALSE,2019,1954001,https://npb.jp/bis/players/61365118.html
11515118,小熊　凌祐,2011年 公式戦初出場,FALSE,2019,1954001,https://npb.jp/bis/players/11515118.html
01305131,大島　洋平,2010年 入団,FALSE,2019,1954001,https://npb.jp/bis/players/01305131.html
11515131,岡田　俊哉,2013年 公式戦初出場,FALSE,2019,1954001,https://npb.jp/bis/players/11515131.html
11515133,大野　雄大,2011年 入団,FALSE,2019,1954001,https://npb.jp/bis/players/11515133.html
71575132,小笠原　慎之介,2016年 入団,FALSE,2019,1954001,https://npb.jp/bis/players/71575132.html
71575135,亀澤　恭平,2015年 公式戦初出場,FALSE,2019,1954001,https://npb.jp/bis/players/71575135.html
41545139,桂　依央利,2015年 公式戦初出場,FALSE,2019,1954001,https://npb.jp/bis/players/41545139.html
41545130,加藤　匠馬,2015年 入団,FALSE,2019,1954001,https://npb.jp/bis/players/41545130.html
31535134,笠原　祥太郎,2017年 公式戦初出場,FALSE,2019,1954001,https://npb.jp/bis/players/31535134.html
21525138,勝野　昌慶,2019年 入団,FALSE,2019,1954001,https://npb.jp/bis/players/21525138.html
31735132,木下　拓哉,2016年 入団,FALSE,2019,1954001,https://npb.jp/bis/players/31735132.html
41545134,木下　雄介,2018年 公式戦初出場,FALSE,2019,1954001,https://npb.jp/bis/players/41545134.html
81585134,京田　陽太,2017年 入団,FALSE,2019,1954001,https://npb.jp/bis/players/81585134.html
81785130,近藤　弘基,2016年 公式戦初出場,FALSE,2019,1954001,https://npb.jp/bis/players/81785130.html
71975132,佐藤　優,2016年 公式戦初出場,FALSE,2019,1954001,https://npb.jp/bis/players/71975132.html
01905136,清水　達也,2018年 入団,FALSE,2019,1954001,https://npb.jp/bis/players/01905136.html
61765137,杉山　翔大,2015年 公式戦初出場,FALSE,2019,1954001,https://npb.jp/bis/players/61765137.html
81785139,鈴木　翔太,2014年 公式戦初出場,FALSE,2019,1954001,https://npb.jp/bis/players/81785139.html
61965136,鈴木　博志,2018年 入団,FALSE,2019,1954001,https://npb.jp/bis/players/61965136.html
91995139,祖父江　大輔,2014年 公式戦初出場,FALSE,2019,1954001,https://npb.jp/bis/players/91995139.html
61065117,武山　真吾,2008年 公式戦初出場,FALSE,2019,1954001,https://npb.jp/bis/players/61065117.html
31035118,谷元　圭介,2009年 公式戦初出場,FALSE,2019,1954001,https://npb.jp/bis/players/31035118.html
91095135,高橋　周平,2012年 入団,FALSE,2019,1954001,https://npb.jp/bis/players/91095135.html
21025135,田島　慎二,2012年 公式戦初出場,FALSE,2019,1954001,https://npb.jp/bis/players/21025135.html
91995137,武田　健吾,2013年 公式戦初出場,FALSE,2019,1954001,https://npb.jp/bis/players/91995137.html
21025136,髙松　渡,2018年 入団,FALSE,2019,1954001,https://npb.jp/bis/players/21025136.html
81985138,滝野　要,2020年 公式戦初出場,FALSE,2019,1954001,https://npb.jp/bis/players/81985138.html
01205114,堂上　直倫,2008年 公式戦初出場,FALSE,2019,1954001,https://npb.jp/bis/players/01205114.html
81285130,友永　翔太,2015年 公式戦初出場,FALSE,2019,1954001,https://npb.jp/bis/players/81285130.html
81285138,根尾　昂,2019年 入団,FALSE,2019,1954001,https://npb.jp/bis/players/81285138.html
71075137,濱田　達郎,2014年 公式戦初出場,FALSE,2019,1954001,https://npb.jp/bis/players/71075137.html
41445130,浜田　智博,2015年 公式戦初出場,FALSE,2019,1954001,https://npb.jp/bis/players/41445130.html
61265112,平田　良介,2006年 公式戦初出場,FALSE,2019,1954001,https://npb.jp/bis/players/61265112.html
13715132,Ｄ．ビシエド,2016年 入団,TRUE,2019,1954001,https://npb.jp/bis/players/13715132.html
51455112,藤井　淳志,2006年 公式戦初出場,FALSE,2019,1954001,https://npb.jp/bis/players/51455112.html
31635114,福田　永将,2009年 公式戦初出場,FALSE,2019,1954001,https://npb.jp/bis/players/31635114.html
21025137,福谷　浩司,2013年 入団,FALSE,2019,1954001,https://npb.jp/bis/players/21025137.html
41645132,福　敬登,2016年 入団,FALSE,2019,1954001,https://npb.jp/bis/players/41645132.html
21625134,藤嶋　健人,2017年 入団,FALSE,2019,1954001,https://npb.jp/bis/players/21625134.html
31233888,松坂　大輔,1999年 公式戦初出場,FALSE,2019,1954001,https://npb.jp/bis/players/31233888.html
51455131,松井　雅人,2010年 公式戦初出場,FALSE,2019,1954001,https://npb.jp/bis/players/51455131.html
71475131,松井　佑介,2010年 公式戦初出場,FALSE,2019,1954001,https://npb.jp/bis/players/71475131.html
21225137,松葉　貴大,2013年 入団,FALSE,2019,1954001,https://npb.jp/bis/players/21225137.html
61265139,又吉　克樹,2014年 公式戦初出場,FALSE,2019,1954001,https://npb.jp/bis/players/61265139.html
61865134,丸山　泰資,2017年 公式戦初出場,FALSE,2019,1954001,https://npb.jp/bis/players/61865134.html
23925134,Ｒ．マルティネス,2017年 入団,TRUE,2019,1954001,https://npb.jp/bis/players/23925134.html
73975136,Ａ．マルティネス,2018年 入団,TRUE,2019,1954001,https://npb.jp/bis/players/73975136.html
51655133,三ツ俣　大樹,2012年 公式戦初出場,FALSE,2019,1954001,https://npb.jp/bis/players/51655133.html
81285137,溝脇　隼人,2014年 公式戦初出場,FALSE,2019,1954001,https://npb.jp/bis/players/81285137.html
01805132,三ツ間　卓也,2017年 公式戦初出場,FALSE,2019,1954001,https://npb.jp/bis/players/01805132.html
53755136,Ｓ．モヤ,2018年 公式戦初出場,TRUE,2019,1954001,https://npb.jp/bis/players/53755136.html
31635115,山井　大介,2002年 公式戦初出場,FALSE,2019,1954001,https://npb.jp/bis/players/31635115.html
63165134,柳　裕也,2017年 入団,FALSE,2019,1954001,https://npb.jp/bis/players/63165134.html
03105136,山本　拓実,2018年 入団,FALSE,2019,1954001,https://npb.jp/bis/players/03105136.html
41845112,吉見　一起,2006年 公式戦初出場,FALSE,2019,1954001,https://npb.jp/bis/players/41845112.html
83985136,Ｊ．ロドリゲス,2018年 公式戦初出場,TRUE,2019,1954001,https://npb.jp/bis/players/83985136.html
03505138,Ｅ．ロメロ,2019年 公式戦初出場,TRUE,2019,1954001,https://npb.jp/bis/players/03505138.html
03305132,渡辺　勝,2019年 公式戦初出場,FALSE,2019,1954001,https://npb.jp/bis/players/03305132.html
21125139,阿知羅　拓馬,2016年 公式戦初出場,FALSE,2020,1954001,https://npb.jp/bis/players/21125139.html
61165132,阿部　寿樹,2016年 入団,FALSE,2020,1954001,https://npb.jp/bis/players/61165132.html
43345136,Ｚ．アルモンテ,2018年 公式戦初出場,TRUE,2020,1954001,https://npb.jp/bis/players/43345136.html
21125118,伊藤　準規,2009年 公式戦初出場,FALSE,2020,1954001,https://npb.jp/bis/players/21125118.html
41145130,石川　駿,2016年 公式戦初出場,FALSE,2020,1954001,https://npb.jp/bis/players/41145130.html
71375130,井領　雅貴,2015年 公式戦初出場,FALSE,2020,1954001,https://npb.jp/bis/players/71375130.html
51355132,石岡　諒太,2017年 公式戦初出場,FALSE,2020,1954001,https://npb.jp/bis/players/51355132.html
41145134,石垣　雅海,2017年 入団,FALSE,2020,1954001,https://npb.jp/bis/players/41145134.html
21125136,石川　翔,2018年 公式戦初出場,FALSE,2020,1954001,https://npb.jp/bis/players/21125136.html
81185136,伊藤　康祐,2019年 公式戦初出場,FALSE,2020,1954001,https://npb.jp/bis/players/81185136.html
91195138,石橋　康太,2019年 入団,FALSE,2020,1954001,https://npb.jp/bis/players/91195138.html
91195151,石川　昂弥,2020年 入団,FALSE,2020,1954001,https://npb.jp/bis/players/91195151.html
81185138,梅津　晃大,2019年 入団,FALSE,2020,1954001,https://npb.jp/bis/players/81185138.html
41345130,遠藤　一星,2015年 公式戦初出場,FALSE,2020,1954001,https://npb.jp/bis/players/41345130.html
61365118,大野　奨太,2009年 公式戦初出場,FALSE,2020,1954001,https://npb.jp/bis/players/61365118.html
11515118,小熊　凌祐,2011年 公式戦初出場,FALSE,2020,1954001,https://npb.jp/bis/players/11515118.html
01305131,大島　洋平,2010年 入団,FALSE,2020,1954001,https://npb.jp/bis/players/01305131.html
11515131,岡田　俊哉,2013年 公式戦初出場,FALSE,2020,1954001,https://npb.jp/bis/players/11515131.html
11515133,大野　雄大,2011年 入団,FALSE,2020,1954001,https://npb.jp/bis/players/11515133.html
71575132,小笠原　慎之介,2016年 入団,FALSE,2020,1954001,https://npb.jp/bis/players/71575132.html
61565151,岡野　祐一郎,2020年 公式戦初出場,FALSE,2020,1954001,https://npb.jp/bis/players/61565151.html
81585151,岡林　勇希,2020年 入団,FALSE,2020,1954001,https://npb.jp/bis/players/81585151.html
41545139,桂　依央利,2015年 公式戦初出場,FALSE,2020,1954001,https://npb.jp/bis/players/41545139.html
41545130,加藤　匠馬,2015年 入団,FALSE,2020,1954001,https://npb.jp/bis/players/41545130.html
31535134,笠原　祥太郎,2017年 公式戦初出場,FALSE,2020,1954001,https://npb.jp/bis/players/31535134.html
21525138,勝野　昌慶,2019年 入団,FALSE,2020,1954001,https://npb.jp/bis/players/21525138.html
31735132,木下　拓哉,2016年 入団,FALSE,2020,1954001,https://npb.jp/bis/players/31735132.html
41545134,木下　雄介,2018年 公式戦初出場,FALSE,2020,1954001,https://npb.jp/bis/players/41545134.html
81585134,京田　陽太,2017年 入団,FALSE,2020,1954001,https://npb.jp/bis/players/81585134.html
21925151,郡司　裕也,2020年 入団,FALSE,2020,1954001,https://npb.jp/bis/players/21925151.html
43345151,Ｌ．ゴンサレス,2020年 公式戦初出場,TRUE,2020,1954001,https://npb.jp/bis/players/43345151.html
71975132,佐藤　優,2016年 公式戦初出場,FALSE,2020,1954001,https://npb.jp/bis/players/71975132.html
01905136,清水　達也,2018年 入団,FALSE,2020,1954001,https://npb.jp/bis/players/01905136.html
33535151,Ｍ．シエラ,2020年 公式戦初出場,TRUE,2020,1954001,https://npb.jp/bis/players/33535151.html
81785139,鈴木　翔太,2014年 公式戦初出場,FALSE,2020,1954001,https://npb.jp/bis/players/81785139.html
61965136,鈴木　博志,2018年 入団,FALSE,2020,1954001,https://npb.jp/bis/players/61965136.html
91995139,祖父江　大輔,2014年 公式戦初出場,FALSE,2020,1954001,https://npb.jp/bis/players/91995139.html
31035118,谷元　圭介,2009年 公式戦初出場,FALSE,2020,1954001,https://npb.jp/bis/players/31035118.html
91095135,高橋　周平,2012年 入団,FALSE,2020,1954001,https://npb.jp/bis/players/91095135.html
21025135,田島　慎二,2012年 公式戦初出場,FALSE,2020,1954001,https://npb.jp/bis/players/21025135.html
91995137,武田　健吾,2013年 公式戦初出場,FALSE,2020,1954001,https://npb.jp/bis/players/91995137.html
21025136,髙松　渡,2018年 入団,FALSE,2020,1954001,https://npb.jp/bis/players/21025136.html
81985138,滝野　要,2020年 公式戦初出場,FALSE,2020,1954001,https://npb.jp/bis/players/81985138.html
01205114,堂上　直倫,2008年 公式戦初出場,FALSE,2020,1954001,https://npb.jp/bis/players/01205114.html
81285138,根尾　昂,2019年 入団,FALSE,2020,1954001,https://npb.jp/bis/players/81285138.html
71075137,濱田　達郎,2014年 公式戦初出場,FALSE,2020,1954001,https://npb.jp/bis/players/71075137.html
41445130,浜田　智博,2015年 公式戦初出場,FALSE,2020,1954001,https://npb.jp/bis/players/41445130.html
21425151,橋本　侑樹,2020年 入団,FALSE,2020,1954001,https://npb.jp/bis/players/21425151.html
61265112,平田　良介,2006年 公式戦初出場,FALSE,2020,1954001,https://npb.jp/bis/players/61265112.html
13715132,Ｄ．ビシエド,2016年 入団,TRUE,2020,1954001,https://npb.jp/bis/players/13715132.html
51455112,藤井　淳志,2006年 公式戦初出場,FALSE,2020,1954001,https://npb.jp/bis/players/51455112.html
31635114,福田　永将,2009年 公式戦初出場,FALSE,2020,1954001,https://npb.jp/bis/players/31635114.html
21025137,福谷　浩司,2013年 入団,FALSE,2020,1954001,https://npb.jp/bis/players/21025137.html
41645132,福　敬登,2016年 入団,FALSE,2020,1954001,https://npb.jp/bis/players/41645132.html
21625134,藤嶋　健人,2017年 入団,FALSE,2020,1954001,https://npb.jp/bis/players/21625134.html
21225137,松葉　貴大,2013年 入団,FALSE,2020,1954001,https://npb.jp/bis/players/21225137.html
61265139,又吉　克樹,2014年 公式戦初出場,FALSE,2020,1954001,https://npb.jp/bis/players/61265139.html
61865134,丸山　泰資,2017年 公式戦初出場,FALSE,2020,1954001,https://npb.jp/bis/players/61865134.html
23925134,Ｒ．マルティネス,2017年 入団,TRUE,2020,1954001,https://npb.jp/bis/players/23925134.html
41145136,マルク,2020年 公式戦初出場,FALSE,2020,1954001,https://npb.jp/bis/players/41145136.html
73975136,Ａ．マルティネス,2018年 入団,TRUE,2020,1954001,https://npb.jp/bis/players/73975136.html
51655133,三ツ俣　大樹,2012年 公式戦初出場,FALSE,2020,1954001,https://npb.jp/bis/players/51655133.html
81285137,溝脇　隼人,2014年 公式戦初出場,FALSE,2020,1954001,https://npb.jp/bis/players/81285137.html
01805132,三ツ間　卓也,2017年 公式戦初出場,FALSE,2020,1954001,https://npb.jp/bis/players/01805132.html
31635115,山井　大介,2002年 公式戦初出場,FALSE,2020,1954001,https://npb.jp/bis/players/31635115.html
63165134,柳　裕也,2017年 入団,FALSE,2020,1954001,https://npb.jp/bis/players/63165134.html
03105136,山本　拓実,2018年 入団,FALSE,2020,1954001,https://npb.jp/bis/players/03105136.html
41845112,吉見　一起,2006年 公式戦初出場,FALSE,2020,1954001,https://npb.jp/bis/players/41845112.html
03505138,Ｅ．ロメロ,2019年 公式戦初出場,TRUE,2020,1954001,https://npb.jp/bis/players/03505138.html
33935151,Ｙ．ロドリゲス,2020年 公式戦初出場,TRUE,2020,1954001,https://npb.jp/bis/players/33935151.html
03305132,渡辺　勝,2019年 公式戦初出場,FALSE,2020,1954001,https://npb.jp/bis/players/03305132.html
01103888,新井　貴浩,1999年 公式戦初出場,FALSE,2010,1961001,https://npb.jp/bis/players/01103888.html
51155115,浅井　良,2002年 公式戦初出場,FALSE,2010,1961001,https://npb.jp/bis/players/51155115.html
41145115,安藤　優也,2002年 公式戦初出場,FALSE,2010,1961001,https://npb.jp/bis/players/41145115.html
51155117,阿部　健太,2003年 公式戦初出場,FALSE,2010,1961001,https://npb.jp/bis/players/51155117.html
51155131,秋山　拓巳,2010年 公式戦初出場,FALSE,2010,1961001,https://npb.jp/bis/players/51155131.html
51355112,岩田　稔,2006年 公式戦初出場,FALSE,2010,1961001,https://npb.jp/bis/players/51355112.html
21125116,石川　俊介,2008年 公式戦初出場,FALSE,2010,1961001,https://npb.jp/bis/players/21125116.html
51355114,上園　啓史,2007年 公式戦初出場,FALSE,2010,1961001,https://npb.jp/bis/players/51355114.html
01305118,上本　博紀,2010年 公式戦初出場,FALSE,2010,1961001,https://npb.jp/bis/players/01305118.html
01305117,江草　仁貴,2003年 公式戦初出場,FALSE,2010,1961001,https://npb.jp/bis/players/01305117.html
91395110,岡﨑　太一,2009年 公式戦初出場,FALSE,2010,1961001,https://npb.jp/bis/players/91395110.html
41343885,金本　知憲,1992年 公式戦初出場,FALSE,2010,1961001,https://npb.jp/bis/players/41343885.html
71373880,金村　曉,1995年 公式戦初出場,FALSE,2010,1961001,https://npb.jp/bis/players/71373880.html
71375111,葛城　育郎,2000年 公式戦初出場,FALSE,2010,1961001,https://npb.jp/bis/players/71375111.html
11715113,狩野　恵輔,2004年 公式戦初出場,FALSE,2010,1961001,https://npb.jp/bis/players/11715113.html
01505112,金村　大裕,2009年 公式戦初出場,FALSE,2010,1961001,https://npb.jp/bis/players/01505112.html
61565112,川﨑　雄介,2006年 公式戦初出場,FALSE,2010,1961001,https://npb.jp/bis/players/61565112.html
61565116,清原　大貴,2011年 公式戦初出場,FALSE,2010,1961001,https://npb.jp/bis/players/61565116.html
61765117,久保田　智之,2003年 公式戦初出場,FALSE,2010,1961001,https://npb.jp/bis/players/61765117.html
61565110,久保　康友,2005年 公式戦初出場,FALSE,2010,1961001,https://npb.jp/bis/players/61565110.html
41545119,小宮山　慎二,2007年 公式戦初出場,FALSE,2010,1961001,https://npb.jp/bis/players/41545119.html
11915114,小嶋　達也,2007年 公式戦初出場,FALSE,2010,1961001,https://npb.jp/bis/players/11915114.html
01705115,桜井　広大,2007年 公式戦初出場,FALSE,2010,1961001,https://npb.jp/bis/players/01705115.html
61565119,坂　克彦,2006年 公式戦初出場,FALSE,2010,1961001,https://npb.jp/bis/players/61565119.html
81585119,桟原　将司,2004年 公式戦初出場,FALSE,2010,1961001,https://npb.jp/bis/players/81585119.html
81283883,下柳　剛,1991年 公式戦初出場,FALSE,2010,1961001,https://npb.jp/bis/players/81283883.html
31733880,城島　健司,1995年 公式戦初出場,FALSE,2010,1961001,https://npb.jp/bis/players/31733880.html
21725119,庄田　隆弘,2007年 公式戦初出場,FALSE,2010,1961001,https://npb.jp/bis/players/21725119.html
41945114,清水　誉,2009年 公式戦初出場,FALSE,2010,1961001,https://npb.jp/bis/players/41945114.html
71975116,白仁田　寛和,2011年 公式戦初出場,FALSE,2010,1961001,https://npb.jp/bis/players/71975116.html
21725118,柴田　講平,2009年 公式戦初出場,FALSE,2010,1961001,https://npb.jp/bis/players/21725118.html
41745118,蕭　一傑,2011年 公式戦初出場,FALSE,2010,1961001,https://npb.jp/bis/players/41745118.html
13515118,ジェン,2009年 公式戦初出場,FALSE,2010,1961001,https://npb.jp/bis/players/13515118.html
51055117,杉山　直久,2003年 公式戦初出場,FALSE,2010,1961001,https://npb.jp/bis/players/51055117.html
83585114,Ｊ．スタンリッジ,2007年 公式戦初出場,TRUE,2010,1961001,https://npb.jp/bis/players/83585114.html
81783884,関本　賢太郎,2000年 公式戦初出場,FALSE,2010,1961001,https://npb.jp/bis/players/81783884.html
31933886,高橋　光信,2000年 公式戦初出場,FALSE,2010,1961001,https://npb.jp/bis/players/31933886.html
41945110,玉置　隆,2006年 公式戦初出場,FALSE,2010,1961001,https://npb.jp/bis/players/41945110.html
21925116,髙濱　卓也,2011年 公式戦初出場,FALSE,2010,1961001,https://npb.jp/bis/players/21925116.html
51955131,田上　健一,2010年 公式戦初出場,FALSE,2010,1961001,https://npb.jp/bis/players/51955131.html
91995119,筒井　和也,2004年 公式戦初出場,FALSE,2010,1961001,https://npb.jp/bis/players/91995119.html
41045112,鶴　直人,2008年 公式戦初出場,FALSE,2010,1961001,https://npb.jp/bis/players/41045112.html
21925119,鳥谷　敬,2004年 公式戦初出場,FALSE,2010,1961001,https://npb.jp/bis/players/21925119.html
41045110,西谷　尚徳,2006年 公式戦初出場,FALSE,2010,1961001,https://npb.jp/bis/players/41045110.html
21225118,西村　憲,2009年 公式戦初出場,FALSE,2010,1961001,https://npb.jp/bis/players/21225118.html
61065110,能見　篤史,2005年 公式戦初出場,FALSE,2010,1961001,https://npb.jp/bis/players/61065110.html
71475114,野原　将志,2011年 公式戦初出場,FALSE,2010,1961001,https://npb.jp/bis/players/71475114.html
11415118,野原　祐也,2009年 公式戦初出場,FALSE,2010,1961001,https://npb.jp/bis/players/11415118.html
61065131,原口　文仁,2016年 公式戦初出場,FALSE,2010,1961001,https://npb.jp/bis/players/61065131.html
31433885,桧山　進次郎,1992年 公式戦初出場,FALSE,2010,1961001,https://npb.jp/bis/players/31433885.html
61265115,平野　恵一,2002年 公式戦初出場,FALSE,2010,1961001,https://npb.jp/bis/players/61265115.html
81983888,福原　忍,1999年 公式戦初出場,FALSE,2010,1961001,https://npb.jp/bis/players/81983888.html
71073888,藤川　球児,2000年 公式戦初出場,FALSE,2010,1961001,https://npb.jp/bis/players/71073888.html
53155116,Ｃ．ブラゼル,2008年 公式戦初出場,TRUE,2010,1961001,https://npb.jp/bis/players/53155116.html
51255131,藤川　俊介,2010年 公式戦初出場,FALSE,2010,1961001,https://npb.jp/bis/players/51255131.html
71275131,藤原　正典,2010年 公式戦初出場,FALSE,2010,1961001,https://npb.jp/bis/players/71275131.html
91295131,二神　一人,2012年 公式戦初出場,FALSE,2010,1961001,https://npb.jp/bis/players/91295131.html
61865131,Ｃ．フォッサム,2010年 公式戦初出場,TRUE,2010,1961001,https://npb.jp/bis/players/61865131.html
53155131,Ｍ．マートン,2010年 公式戦初出場,TRUE,2010,1961001,https://npb.jp/bis/players/53155131.html
31435113,水田　圭介,2001年 公式戦初出場,FALSE,2010,1961001,https://npb.jp/bis/players/31435113.html
93195131,Ｒ．メッセンジャー,2010年 公式戦初出場,TRUE,2010,1961001,https://npb.jp/bis/players/93195131.html
71675116,森田　一成,2011年 公式戦初出場,FALSE,2010,1961001,https://npb.jp/bis/players/71675116.html
41343883,矢野　燿大,1991年 公式戦初出場,FALSE,2010,1961001,https://npb.jp/bis/players/41343883.html
61465112,大和,2009年 公式戦初出場,FALSE,2010,1961001,https://npb.jp/bis/players/61465112.html
21825114,横山　龍之介,2010年 公式戦初出場,FALSE,2010,1961001,https://npb.jp/bis/players/21825114.html
81685117,林　威助,2004年 公式戦初出場,FALSE,2010,1961001,https://npb.jp/bis/players/81685117.html
81885112,若竹　竜士,2007年 公式戦初出場,FALSE,2010,1961001,https://npb.jp/bis/players/81885112.html
33135112,渡辺　亮,2007年 公式戦初出場,FALSE,2010,1961001,https://npb.jp/bis/players/33135112.html
01103888,新井　貴浩,1999年 公式戦初出場,FALSE,2011,1961001,https://npb.jp/bis/players/01103888.html
51155115,浅井　良,2002年 公式戦初出場,FALSE,2011,1961001,https://npb.jp/bis/players/51155115.html
41145115,安藤　優也,2002年 公式戦初出場,FALSE,2011,1961001,https://npb.jp/bis/players/41145115.html
51155117,阿部　健太,2003年 公式戦初出場,FALSE,2011,1961001,https://npb.jp/bis/players/51155117.html
01105112,新井　良太,2006年 公式戦初出場,FALSE,2011,1961001,https://npb.jp/bis/players/01105112.html
51155131,秋山　拓巳,2010年 公式戦初出場,FALSE,2011,1961001,https://npb.jp/bis/players/51155131.html
91195133,荒木　郁也,2011年 公式戦初出場,FALSE,2011,1961001,https://npb.jp/bis/players/91195133.html
51355112,岩田　稔,2006年 公式戦初出場,FALSE,2011,1961001,https://npb.jp/bis/players/51355112.html
21125116,石川　俊介,2008年 公式戦初出場,FALSE,2011,1961001,https://npb.jp/bis/players/21125116.html
71375133,岩本　輝,2012年 公式戦初出場,FALSE,2011,1961001,https://npb.jp/bis/players/71375133.html
51355114,上園　啓史,2007年 公式戦初出場,FALSE,2011,1961001,https://npb.jp/bis/players/51355114.html
01305118,上本　博紀,2010年 公式戦初出場,FALSE,2011,1961001,https://npb.jp/bis/players/01305118.html
01305117,江草　仁貴,2003年 公式戦初出場,FALSE,2011,1961001,https://npb.jp/bis/players/01305117.html
01305133,榎田　大樹,2011年 公式戦初出場,FALSE,2011,1961001,https://npb.jp/bis/players/01305133.html
91395110,岡﨑　太一,2009年 公式戦初出場,FALSE,2011,1961001,https://npb.jp/bis/players/91395110.html
41343885,金本　知憲,1992年 公式戦初出場,FALSE,2011,1961001,https://npb.jp/bis/players/41343885.html
71375111,葛城　育郎,2000年 公式戦初出場,FALSE,2011,1961001,https://npb.jp/bis/players/71375111.html
21525113,加藤　康介,2001年 公式戦初出場,FALSE,2011,1961001,https://npb.jp/bis/players/21525113.html
11715113,狩野　恵輔,2004年 公式戦初出場,FALSE,2011,1961001,https://npb.jp/bis/players/11715113.html
61565112,川﨑　雄介,2006年 公式戦初出場,FALSE,2011,1961001,https://npb.jp/bis/players/61565112.html
61565116,清原　大貴,2011年 公式戦初出場,FALSE,2011,1961001,https://npb.jp/bis/players/61565116.html
61765117,久保田　智之,2003年 公式戦初出場,FALSE,2011,1961001,https://npb.jp/bis/players/61765117.html
01505119,黒瀬　春樹,2007年 公式戦初出場,FALSE,2011,1961001,https://npb.jp/bis/players/01505119.html
61565110,久保　康友,2005年 公式戦初出場,FALSE,2011,1961001,https://npb.jp/bis/players/61565110.html
61563884,小林宏,1998年 公式戦初出場,FALSE,2011,1961001,https://npb.jp/bis/players/61563884.html
41545119,小宮山　慎二,2007年 公式戦初出場,FALSE,2011,1961001,https://npb.jp/bis/players/41545119.html
11915114,小嶋　達也,2007年 公式戦初出場,FALSE,2011,1961001,https://npb.jp/bis/players/11915114.html
01705115,桜井　広大,2007年 公式戦初出場,FALSE,2011,1961001,https://npb.jp/bis/players/01705115.html
61565119,坂　克彦,2006年 公式戦初出場,FALSE,2011,1961001,https://npb.jp/bis/players/61565119.html
81585119,桟原　将司,2004年 公式戦初出場,FALSE,2011,1961001,https://npb.jp/bis/players/81585119.html
53155133,Ｒ．ザラテ,2012年 公式戦初出場,TRUE,2011,1961001,https://npb.jp/bis/players/53155133.html
81283883,下柳　剛,1991年 公式戦初出場,FALSE,2011,1961001,https://npb.jp/bis/players/81283883.html
31733880,城島　健司,1995年 公式戦初出場,FALSE,2011,1961001,https://npb.jp/bis/players/31733880.html
41945114,清水　誉,2009年 公式戦初出場,FALSE,2011,1961001,https://npb.jp/bis/players/41945114.html
71975116,白仁田　寛和,2011年 公式戦初出場,FALSE,2011,1961001,https://npb.jp/bis/players/71975116.html
21725118,柴田　講平,2009年 公式戦初出場,FALSE,2011,1961001,https://npb.jp/bis/players/21725118.html
41745118,蕭　一傑,2011年 公式戦初出場,FALSE,2011,1961001,https://npb.jp/bis/players/41745118.html
13515118,鄭　凱文,2009年 公式戦初出場,FALSE,2011,1961001,https://npb.jp/bis/players/13515118.html
51255131,俊介,2010年 公式戦初出場,FALSE,2011,1961001,https://npb.jp/bis/players/51255131.html
51055133,島本　浩也,2011年 入団,FALSE,2011,1961001,https://npb.jp/bis/players/51055133.html
51055117,杉山　直久,2003年 公式戦初出場,FALSE,2011,1961001,https://npb.jp/bis/players/51055117.html
83585114,Ｊ．スタンリッジ,2007年 公式戦初出場,TRUE,2011,1961001,https://npb.jp/bis/players/83585114.html
81783884,関本　賢太郎,2000年 公式戦初出場,FALSE,2011,1961001,https://npb.jp/bis/players/81783884.html
41945110,玉置　隆,2006年 公式戦初出場,FALSE,2011,1961001,https://npb.jp/bis/players/41945110.html
21925116,髙濱　卓也,2011年 公式戦初出場,FALSE,2011,1961001,https://npb.jp/bis/players/21925116.html
51955131,田上　健一,2010年 公式戦初出場,FALSE,2011,1961001,https://npb.jp/bis/players/51955131.html
91995119,筒井　和也,2004年 公式戦初出場,FALSE,2011,1961001,https://npb.jp/bis/players/91995119.html
41045112,鶴　直人,2008年 公式戦初出場,FALSE,2011,1961001,https://npb.jp/bis/players/41045112.html
21925119,鳥谷　敬,2004年 公式戦初出場,FALSE,2011,1961001,https://npb.jp/bis/players/21925119.html
51255133,中谷　将大,2012年 公式戦初出場,FALSE,2011,1961001,https://npb.jp/bis/players/51255133.html
21225118,西村　憲,2009年 公式戦初出場,FALSE,2011,1961001,https://npb.jp/bis/players/21225118.html
61065110,能見　篤史,2005年 公式戦初出場,FALSE,2011,1961001,https://npb.jp/bis/players/61065110.html
71475114,野原　将志,2011年 公式戦初出場,FALSE,2011,1961001,https://npb.jp/bis/players/71475114.html
11415118,野原　祐也,2009年 公式戦初出場,FALSE,2011,1961001,https://npb.jp/bis/players/11415118.html
61065131,原口　文仁,2016年 公式戦初出場,FALSE,2011,1961001,https://npb.jp/bis/players/61065131.html
31433885,桧山　進次郎,1992年 公式戦初出場,FALSE,2011,1961001,https://npb.jp/bis/players/31433885.html
61265115,平野　恵一,2002年 公式戦初出場,FALSE,2011,1961001,https://npb.jp/bis/players/61265115.html
81983888,福原　忍,1999年 公式戦初出場,FALSE,2011,1961001,https://npb.jp/bis/players/81983888.html
51053888,藤井　彰人,1999年 公式戦初出場,FALSE,2011,1961001,https://npb.jp/bis/players/51053888.html
71073888,藤川　球児,2000年 公式戦初出場,FALSE,2011,1961001,https://npb.jp/bis/players/71073888.html
53155116,Ｃ．ブラゼル,2008年 公式戦初出場,TRUE,2011,1961001,https://npb.jp/bis/players/53155116.html
71275131,藤原　正典,2010年 公式戦初出場,FALSE,2011,1961001,https://npb.jp/bis/players/71275131.html
91295131,二神　一人,2012年 公式戦初出場,FALSE,2011,1961001,https://npb.jp/bis/players/91295131.html
53155131,Ｍ．マートン,2010年 公式戦初出場,TRUE,2011,1961001,https://npb.jp/bis/players/53155131.html
93195131,Ｒ．メッセンジャー,2010年 公式戦初出場,TRUE,2011,1961001,https://npb.jp/bis/players/93195131.html
71675116,森田　一成,2011年 公式戦初出場,FALSE,2011,1961001,https://npb.jp/bis/players/71675116.html
61465112,大和,2009年 公式戦初出場,FALSE,2011,1961001,https://npb.jp/bis/players/61465112.html
21825114,横山　龍之介,2010年 公式戦初出場,FALSE,2011,1961001,https://npb.jp/bis/players/21825114.html
81685117,林　威助,2004年 公式戦初出場,FALSE,2011,1961001,https://npb.jp/bis/players/81685117.html
81885112,若竹　竜士,2007年 公式戦初出場,FALSE,2011,1961001,https://npb.jp/bis/players/81885112.html
33135112,渡辺　亮,2007年 公式戦初出場,FALSE,2011,1961001,https://npb.jp/bis/players/33135112.html
01103888,新井　貴浩,1999年 公式戦初出場,FALSE,2012,1961001,https://npb.jp/bis/players/01103888.html
51155115,浅井　良,2002年 公式戦初出場,FALSE,2012,1961001,https://npb.jp/bis/players/51155115.html
41145115,安藤　優也,2002年 公式戦初出場,FALSE,2012,1961001,https://npb.jp/bis/players/41145115.html
01105112,新井　良太,2006年 公式戦初出場,FALSE,2012,1961001,https://npb.jp/bis/players/01105112.html
51155131,秋山　拓巳,2010年 公式戦初出場,FALSE,2012,1961001,https://npb.jp/bis/players/51155131.html
91195133,荒木　郁也,2011年 公式戦初出場,FALSE,2012,1961001,https://npb.jp/bis/players/91195133.html
31335112,今成　亮太,2008年 公式戦初出場,FALSE,2012,1961001,https://npb.jp/bis/players/31335112.html
51355112,岩田　稔,2006年 公式戦初出場,FALSE,2012,1961001,https://npb.jp/bis/players/51355112.html
21125116,石川　俊介,2008年 公式戦初出場,FALSE,2012,1961001,https://npb.jp/bis/players/21125116.html
71375133,岩本　輝,2012年 公式戦初出場,FALSE,2012,1961001,https://npb.jp/bis/players/71375133.html
41145135,伊藤　和雄,2012年 公式戦初出場,FALSE,2012,1961001,https://npb.jp/bis/players/41145135.html
81185135,伊藤　隼太,2012年 公式戦初出場,FALSE,2012,1961001,https://npb.jp/bis/players/81185135.html
01305118,上本　博紀,2010年 公式戦初出場,FALSE,2012,1961001,https://npb.jp/bis/players/01305118.html
01305133,榎田　大樹,2011年 公式戦初出場,FALSE,2012,1961001,https://npb.jp/bis/players/01305133.html
91395110,岡﨑　太一,2009年 公式戦初出場,FALSE,2012,1961001,https://npb.jp/bis/players/91395110.html
41343885,金本　知憲,1992年 公式戦初出場,FALSE,2012,1961001,https://npb.jp/bis/players/41343885.html
21525113,加藤　康介,2001年 公式戦初出場,FALSE,2012,1961001,https://npb.jp/bis/players/21525113.html
11715113,狩野　恵輔,2004年 公式戦初出場,FALSE,2012,1961001,https://npb.jp/bis/players/11715113.html
61565112,川﨑　雄介,2006年 公式戦初出場,FALSE,2012,1961001,https://npb.jp/bis/players/61565112.html
61565116,清原　大貴,2011年 公式戦初出場,FALSE,2012,1961001,https://npb.jp/bis/players/61565116.html
61765117,久保田　智之,2003年 公式戦初出場,FALSE,2012,1961001,https://npb.jp/bis/players/61765117.html
01505119,黒瀬　春樹,2007年 公式戦初出場,FALSE,2012,1961001,https://npb.jp/bis/players/01505119.html
61565110,久保　康友,2005年 公式戦初出場,FALSE,2012,1961001,https://npb.jp/bis/players/61565110.html
61563884,小林宏,1998年 公式戦初出場,FALSE,2012,1961001,https://npb.jp/bis/players/61563884.html
41545119,小宮山　慎二,2007年 公式戦初出場,FALSE,2012,1961001,https://npb.jp/bis/players/41545119.html
11915114,小嶋　達也,2007年 公式戦初出場,FALSE,2012,1961001,https://npb.jp/bis/players/11915114.html
61565119,坂　克彦,2006年 公式戦初出場,FALSE,2012,1961001,https://npb.jp/bis/players/61565119.html
53155133,Ｒ．ザラテ,2012年 公式戦初出場,TRUE,2012,1961001,https://npb.jp/bis/players/53155133.html
61765135,歳内　宏明,2012年 公式戦初出場,FALSE,2012,1961001,https://npb.jp/bis/players/61765135.html
31733880,城島　健司,1995年 公式戦初出場,FALSE,2012,1961001,https://npb.jp/bis/players/31733880.html
41945114,清水　誉,2009年 公式戦初出場,FALSE,2012,1961001,https://npb.jp/bis/players/41945114.html
71975116,白仁田　寛和,2011年 公式戦初出場,FALSE,2012,1961001,https://npb.jp/bis/players/71975116.html
21725118,柴田　講平,2009年 公式戦初出場,FALSE,2012,1961001,https://npb.jp/bis/players/21725118.html
41745118,蕭　一傑,2011年 公式戦初出場,FALSE,2012,1961001,https://npb.jp/bis/players/41745118.html
13515118,鄭　凱文,2009年 公式戦初出場,FALSE,2012,1961001,https://npb.jp/bis/players/13515118.html
51255131,俊介,2010年 公式戦初出場,FALSE,2012,1961001,https://npb.jp/bis/players/51255131.html
51055133,島本　浩也,2011年 入団,FALSE,2012,1961001,https://npb.jp/bis/players/51055133.html
83585114,Ｊ．スタンリッジ,2007年 公式戦初出場,TRUE,2012,1961001,https://npb.jp/bis/players/83585114.html
81783884,関本　賢太郎,2000年 公式戦初出場,FALSE,2012,1961001,https://npb.jp/bis/players/81783884.html
41945110,玉置　隆,2006年 公式戦初出場,FALSE,2012,1961001,https://npb.jp/bis/players/41945110.html
51955131,田上　健一,2010年 公式戦初出場,FALSE,2012,1961001,https://npb.jp/bis/players/51955131.html
91995119,筒井　和也,2004年 公式戦初出場,FALSE,2012,1961001,https://npb.jp/bis/players/91995119.html
41045112,鶴　直人,2008年 公式戦初出場,FALSE,2012,1961001,https://npb.jp/bis/players/41045112.html
21925119,鳥谷　敬,2004年 公式戦初出場,FALSE,2012,1961001,https://npb.jp/bis/players/21925119.html
51255133,中谷　将大,2012年 公式戦初出場,FALSE,2012,1961001,https://npb.jp/bis/players/51255133.html
21225118,西村　憲,2009年 公式戦初出場,FALSE,2012,1961001,https://npb.jp/bis/players/21225118.html
91495135,西田　直斗,2013年 公式戦初出場,FALSE,2012,1961001,https://npb.jp/bis/players/91495135.html
61065110,能見　篤史,2005年 公式戦初出場,FALSE,2012,1961001,https://npb.jp/bis/players/61065110.html
71475114,野原　将志,2011年 公式戦初出場,FALSE,2012,1961001,https://npb.jp/bis/players/71475114.html
11415118,野原　祐也,2009年 公式戦初出場,FALSE,2012,1961001,https://npb.jp/bis/players/11415118.html
61065131,原口　文仁,2016年 公式戦初出場,FALSE,2012,1961001,https://npb.jp/bis/players/61065131.html
31433885,桧山　進次郎,1992年 公式戦初出場,FALSE,2012,1961001,https://npb.jp/bis/players/31433885.html
61265115,平野　恵一,2002年 公式戦初出場,FALSE,2012,1961001,https://npb.jp/bis/players/61265115.html
81983888,福原　忍,1999年 公式戦初出場,FALSE,2012,1961001,https://npb.jp/bis/players/81983888.html
51053888,藤井　彰人,1999年 公式戦初出場,FALSE,2012,1961001,https://npb.jp/bis/players/51053888.html
71073888,藤川　球児,2000年 公式戦初出場,FALSE,2012,1961001,https://npb.jp/bis/players/71073888.html
53155116,Ｃ．ブラゼル,2008年 公式戦初出場,TRUE,2012,1961001,https://npb.jp/bis/players/53155116.html
71275131,藤原　正典,2010年 公式戦初出場,FALSE,2012,1961001,https://npb.jp/bis/players/71275131.html
91295131,二神　一人,2012年 公式戦初出場,FALSE,2012,1961001,https://npb.jp/bis/players/91295131.html
31635112,松崎　伸吾,2006年 公式戦初出場,FALSE,2012,1961001,https://npb.jp/bis/players/31635112.html
53155131,Ｍ．マートン,2010年 公式戦初出場,TRUE,2012,1961001,https://npb.jp/bis/players/53155131.html
01605135,松田　遼馬,2013年 公式戦初出場,FALSE,2012,1961001,https://npb.jp/bis/players/01605135.html
93195131,Ｒ．メッセンジャー,2010年 公式戦初出場,TRUE,2012,1961001,https://npb.jp/bis/players/93195131.html
71675116,森田　一成,2011年 公式戦初出場,FALSE,2012,1961001,https://npb.jp/bis/players/71675116.html
61465112,大和,2009年 公式戦初出場,FALSE,2012,1961001,https://npb.jp/bis/players/61465112.html
21825114,横山　龍之介,2010年 公式戦初出場,FALSE,2012,1961001,https://npb.jp/bis/players/21825114.html
81685117,林　威助,2004年 公式戦初出場,FALSE,2012,1961001,https://npb.jp/bis/players/81685117.html
81885112,若竹　竜士,2007年 公式戦初出場,FALSE,2012,1961001,https://npb.jp/bis/players/81885112.html
33135112,渡辺　亮,2007年 公式戦初出場,FALSE,2012,1961001,https://npb.jp/bis/players/33135112.html
01103888,新井　貴浩,1999年 公式戦初出場,FALSE,2013,1961001,https://npb.jp/bis/players/01103888.html
51155115,浅井　良,2002年 公式戦初出場,FALSE,2013,1961001,https://npb.jp/bis/players/51155115.html
41145115,安藤　優也,2002年 公式戦初出場,FALSE,2013,1961001,https://npb.jp/bis/players/41145115.html
01105112,新井　良太,2006年 公式戦初出場,FALSE,2013,1961001,https://npb.jp/bis/players/01105112.html
51155131,秋山　拓巳,2010年 公式戦初出場,FALSE,2013,1961001,https://npb.jp/bis/players/51155131.html
91195133,荒木　郁也,2011年 公式戦初出場,FALSE,2013,1961001,https://npb.jp/bis/players/91195133.html
31335112,今成　亮太,2008年 公式戦初出場,FALSE,2013,1961001,https://npb.jp/bis/players/31335112.html
51355112,岩田　稔,2006年 公式戦初出場,FALSE,2013,1961001,https://npb.jp/bis/players/51355112.html
71375133,岩本　輝,2012年 公式戦初出場,FALSE,2013,1961001,https://npb.jp/bis/players/71375133.html
41145135,伊藤　和雄,2012年 公式戦初出場,FALSE,2013,1961001,https://npb.jp/bis/players/41145135.html
81185135,伊藤　隼太,2012年 公式戦初出場,FALSE,2013,1961001,https://npb.jp/bis/players/81185135.html
01305118,上本　博紀,2010年 公式戦初出場,FALSE,2013,1961001,https://npb.jp/bis/players/01305118.html
01305133,榎田　大樹,2011年 公式戦初出場,FALSE,2013,1961001,https://npb.jp/bis/players/01305133.html
91395110,岡﨑　太一,2009年 公式戦初出場,FALSE,2013,1961001,https://npb.jp/bis/players/91395110.html
81385137,緒方　凌介,2013年 公式戦初出場,FALSE,2013,1961001,https://npb.jp/bis/players/81385137.html
21525113,加藤　康介,2001年 公式戦初出場,FALSE,2013,1961001,https://npb.jp/bis/players/21525113.html
11715113,狩野　恵輔,2004年 公式戦初出場,FALSE,2013,1961001,https://npb.jp/bis/players/11715113.html
61565112,川﨑　雄介,2006年 公式戦初出場,FALSE,2013,1961001,https://npb.jp/bis/players/61565112.html
21525137,金田　和之,2014年 公式戦初出場,FALSE,2013,1961001,https://npb.jp/bis/players/21525137.html
61565116,清原　大貴,2011年 公式戦初出場,FALSE,2013,1961001,https://npb.jp/bis/players/61565116.html
61765117,久保田　智之,2003年 公式戦初出場,FALSE,2013,1961001,https://npb.jp/bis/players/61765117.html
01505119,黒瀬　春樹,2007年 公式戦初出場,FALSE,2013,1961001,https://npb.jp/bis/players/01505119.html
61565110,久保　康友,2005年 公式戦初出場,FALSE,2013,1961001,https://npb.jp/bis/players/61565110.html
41545119,小宮山　慎二,2007年 公式戦初出場,FALSE,2013,1961001,https://npb.jp/bis/players/41545119.html
11915114,小嶋　達也,2007年 公式戦初出場,FALSE,2013,1961001,https://npb.jp/bis/players/11915114.html
41645137,Ｂ．コンラッド,2013年 公式戦初出場,TRUE,2013,1961001,https://npb.jp/bis/players/41645137.html
61565119,坂　克彦,2006年 公式戦初出場,FALSE,2013,1961001,https://npb.jp/bis/players/61565119.html
53155133,Ｒ．ザラテ,2012年 公式戦初出場,TRUE,2013,1961001,https://npb.jp/bis/players/53155133.html
61765135,歳内　宏明,2012年 公式戦初出場,FALSE,2013,1961001,https://npb.jp/bis/players/61765135.html
41945114,清水　誉,2009年 公式戦初出場,FALSE,2013,1961001,https://npb.jp/bis/players/41945114.html
71975116,白仁田　寛和,2011年 公式戦初出場,FALSE,2013,1961001,https://npb.jp/bis/players/71975116.html
21725118,柴田　講平,2009年 公式戦初出場,FALSE,2013,1961001,https://npb.jp/bis/players/21725118.html
51255131,俊介,2010年 公式戦初出場,FALSE,2013,1961001,https://npb.jp/bis/players/51255131.html
51055133,島本　浩也,2011年 入団,FALSE,2013,1961001,https://npb.jp/bis/players/51055133.html
83585114,Ｊ．スタンリッジ,2007年 公式戦初出場,TRUE,2013,1961001,https://npb.jp/bis/players/83585114.html
81783884,関本　賢太郎,2000年 公式戦初出場,FALSE,2013,1961001,https://npb.jp/bis/players/81783884.html
61765111,高山　久,2000年 公式戦初出場,FALSE,2013,1961001,https://npb.jp/bis/players/61765111.html
41945110,玉置　隆,2006年 公式戦初出場,FALSE,2013,1961001,https://npb.jp/bis/players/41945110.html
11015112,高宮　和也,2006年 公式戦初出場,FALSE,2013,1961001,https://npb.jp/bis/players/11015112.html
51955131,田上　健一,2010年 公式戦初出場,FALSE,2013,1961001,https://npb.jp/bis/players/51955131.html
01905137,田面　巧二郎,2016年 公式戦初出場,FALSE,2013,1961001,https://npb.jp/bis/players/01905137.html
91995119,筒井　和也,2004年 公式戦初出場,FALSE,2013,1961001,https://npb.jp/bis/players/91995119.html
41045112,鶴　直人,2008年 公式戦初出場,FALSE,2013,1961001,https://npb.jp/bis/players/41045112.html
21925119,鳥谷　敬,2004年 公式戦初出場,FALSE,2013,1961001,https://npb.jp/bis/players/21925119.html
51255133,中谷　将大,2012年 公式戦初出場,FALSE,2013,1961001,https://npb.jp/bis/players/51255133.html
31435117,西岡　剛,2003年 公式戦初出場,FALSE,2013,1961001,https://npb.jp/bis/players/31435117.html
21225118,西村　憲,2009年 公式戦初出場,FALSE,2013,1961001,https://npb.jp/bis/players/21225118.html
91495135,西田　直斗,2013年 公式戦初出場,FALSE,2013,1961001,https://npb.jp/bis/players/91495135.html
61065110,能見　篤史,2005年 公式戦初出場,FALSE,2013,1961001,https://npb.jp/bis/players/61065110.html
71475114,野原　将志,2011年 公式戦初出場,FALSE,2013,1961001,https://npb.jp/bis/players/71475114.html
61065131,原口　文仁,2016年 公式戦初出場,FALSE,2013,1961001,https://npb.jp/bis/players/61065131.html
31433885,桧山　進次郎,1992年 公式戦初出場,FALSE,2013,1961001,https://npb.jp/bis/players/31433885.html
81983882,日高　剛,1998年 公式戦初出場,FALSE,2013,1961001,https://npb.jp/bis/players/81983882.html
61963888,福留　孝介,1999年 公式戦初出場,FALSE,2013,1961001,https://npb.jp/bis/players/61963888.html
81983888,福原　忍,1999年 公式戦初出場,FALSE,2013,1961001,https://npb.jp/bis/players/81983888.html
51053888,藤井　彰人,1999年 公式戦初出場,FALSE,2013,1961001,https://npb.jp/bis/players/51053888.html
71275131,藤原　正典,2010年 公式戦初出場,FALSE,2013,1961001,https://npb.jp/bis/players/71275131.html
91295131,二神　一人,2012年 公式戦初出場,FALSE,2013,1961001,https://npb.jp/bis/players/91295131.html
41045137,藤浪　晋太郎,2013年 入団,FALSE,2013,1961001,https://npb.jp/bis/players/41045137.html
11215137,北條　史也,2015年 公式戦初出場,FALSE,2013,1961001,https://npb.jp/bis/players/11215137.html
83185137,Ｂ．ボイヤー,2013年 公式戦初出場,TRUE,2013,1961001,https://npb.jp/bis/players/83185137.html
53155131,Ｍ．マートン,2010年 公式戦初出場,TRUE,2013,1961001,https://npb.jp/bis/players/53155131.html
01605135,松田　遼馬,2013年 公式戦初出場,FALSE,2013,1961001,https://npb.jp/bis/players/01605135.html
93195131,Ｒ．メッセンジャー,2010年 公式戦初出場,TRUE,2013,1961001,https://npb.jp/bis/players/93195131.html
71675116,森田　一成,2011年 公式戦初出場,FALSE,2013,1961001,https://npb.jp/bis/players/71675116.html
61465112,大和,2009年 公式戦初出場,FALSE,2013,1961001,https://npb.jp/bis/players/61465112.html
81685117,林　威助,2004年 公式戦初出場,FALSE,2013,1961001,https://npb.jp/bis/players/81685117.html
33135112,渡辺　亮,2007年 公式戦初出場,FALSE,2013,1961001,https://npb.jp/bis/players/33135112.html
01103888,新井　貴浩,1999年 公式戦初出場,FALSE,2014,1961001,https://npb.jp/bis/players/01103888.html
41145115,安藤　優也,2002年 公式戦初出場,FALSE,2014,1961001,https://npb.jp/bis/players/41145115.html
01105112,新井　良太,2006年 公式戦初出場,FALSE,2014,1961001,https://npb.jp/bis/players/01105112.html
51155131,秋山　拓巳,2010年 公式戦初出場,FALSE,2014,1961001,https://npb.jp/bis/players/51155131.html
91195133,荒木　郁也,2011年 公式戦初出場,FALSE,2014,1961001,https://npb.jp/bis/players/91195133.html
31335112,今成　亮太,2008年 公式戦初出場,FALSE,2014,1961001,https://npb.jp/bis/players/31335112.html
51355112,岩田　稔,2006年 公式戦初出場,FALSE,2014,1961001,https://npb.jp/bis/players/51355112.html
71375133,岩本　輝,2012年 公式戦初出場,FALSE,2014,1961001,https://npb.jp/bis/players/71375133.html
41145135,伊藤　和雄,2012年 公式戦初出場,FALSE,2014,1961001,https://npb.jp/bis/players/41145135.html
81185135,伊藤　隼太,2012年 公式戦初出場,FALSE,2014,1961001,https://npb.jp/bis/players/81185135.html
31335139,岩崎　優,2014年 入団,FALSE,2014,1961001,https://npb.jp/bis/players/31335139.html
51355139,岩貞　祐太,2014年 入団,FALSE,2014,1961001,https://npb.jp/bis/players/51355139.html
01305118,上本　博紀,2010年 公式戦初出場,FALSE,2014,1961001,https://npb.jp/bis/players/01305118.html
21325139,梅野　隆太郎,2014年 入団,FALSE,2014,1961001,https://npb.jp/bis/players/21325139.html
01305133,榎田　大樹,2011年 公式戦初出場,FALSE,2014,1961001,https://npb.jp/bis/players/01305133.html
91395110,岡﨑　太一,2009年 公式戦初出場,FALSE,2014,1961001,https://npb.jp/bis/players/91395110.html
81385137,緒方　凌介,2013年 公式戦初出場,FALSE,2014,1961001,https://npb.jp/bis/players/81385137.html
51855139,呉　昇桓,2014年 公式戦初出場,FALSE,2014,1961001,https://npb.jp/bis/players/51855139.html
21525113,加藤　康介,2001年 公式戦初出場,FALSE,2014,1961001,https://npb.jp/bis/players/21525113.html
11715113,狩野　恵輔,2004年 公式戦初出場,FALSE,2014,1961001,https://npb.jp/bis/players/11715113.html
21525137,金田　和之,2014年 公式戦初出場,FALSE,2014,1961001,https://npb.jp/bis/players/21525137.html
61765117,久保田　智之,2003年 公式戦初出場,FALSE,2014,1961001,https://npb.jp/bis/players/61765117.html
01505119,黒瀬　春樹,2007年 公式戦初出場,FALSE,2014,1961001,https://npb.jp/bis/players/01505119.html
41545119,小宮山　慎二,2007年 公式戦初出場,FALSE,2014,1961001,https://npb.jp/bis/players/41545119.html
11915114,小嶋　達也,2007年 公式戦初出場,FALSE,2014,1961001,https://npb.jp/bis/players/11915114.html
41845139,Ｍ．ゴメス,2014年 公式戦初出場,TRUE,2014,1961001,https://npb.jp/bis/players/41845139.html
61565119,坂　克彦,2006年 公式戦初出場,FALSE,2014,1961001,https://npb.jp/bis/players/61565119.html
61765135,歳内　宏明,2012年 公式戦初出場,FALSE,2014,1961001,https://npb.jp/bis/players/61765135.html
41945114,清水　誉,2009年 公式戦初出場,FALSE,2014,1961001,https://npb.jp/bis/players/41945114.html
71975116,白仁田　寛和,2011年 公式戦初出場,FALSE,2014,1961001,https://npb.jp/bis/players/71975116.html
21725118,柴田　講平,2009年 公式戦初出場,FALSE,2014,1961001,https://npb.jp/bis/players/21725118.html
51255131,俊介,2010年 公式戦初出場,FALSE,2014,1961001,https://npb.jp/bis/players/51255131.html
51055133,島本　浩也,2011年 入団,FALSE,2014,1961001,https://npb.jp/bis/players/51055133.html
81783884,関本　賢太郎,2000年 公式戦初出場,FALSE,2014,1961001,https://npb.jp/bis/players/81783884.html
61763888,建山　義紀,1999年 公式戦初出場,FALSE,2014,1961001,https://npb.jp/bis/players/61763888.html
61765111,高山　久,2000年 公式戦初出場,FALSE,2014,1961001,https://npb.jp/bis/players/61765111.html
41945110,玉置　隆,2006年 公式戦初出場,FALSE,2014,1961001,https://npb.jp/bis/players/41945110.html
11015112,高宮　和也,2006年 公式戦初出場,FALSE,2014,1961001,https://npb.jp/bis/players/11015112.html
51955131,田上　健一,2010年 公式戦初出場,FALSE,2014,1961001,https://npb.jp/bis/players/51955131.html
01905137,田面　巧二郎,2016年 公式戦初出場,FALSE,2014,1961001,https://npb.jp/bis/players/01905137.html
21723882,鶴岡　一成,2000年 公式戦初出場,FALSE,2014,1961001,https://npb.jp/bis/players/21723882.html
91995119,筒井　和也,2004年 公式戦初出場,FALSE,2014,1961001,https://npb.jp/bis/players/91995119.html
41045112,鶴　直人,2008年 公式戦初出場,FALSE,2014,1961001,https://npb.jp/bis/players/41045112.html
21925119,鳥谷　敬,2004年 公式戦初出場,FALSE,2014,1961001,https://npb.jp/bis/players/21925119.html
51255133,中谷　将大,2012年 公式戦初出場,FALSE,2014,1961001,https://npb.jp/bis/players/51255133.html
31435117,西岡　剛,2003年 公式戦初出場,FALSE,2014,1961001,https://npb.jp/bis/players/31435117.html
21225118,西村　憲,2009年 公式戦初出場,FALSE,2014,1961001,https://npb.jp/bis/players/21225118.html
91495135,西田　直斗,2013年 公式戦初出場,FALSE,2014,1961001,https://npb.jp/bis/players/91495135.html
61065110,能見　篤史,2005年 公式戦初出場,FALSE,2014,1961001,https://npb.jp/bis/players/61065110.html
61065131,原口　文仁,2016年 公式戦初出場,FALSE,2014,1961001,https://npb.jp/bis/players/61065131.html
81983882,日高　剛,1998年 公式戦初出場,FALSE,2014,1961001,https://npb.jp/bis/players/81983882.html
61963888,福留　孝介,1999年 公式戦初出場,FALSE,2014,1961001,https://npb.jp/bis/players/61963888.html
81983888,福原　忍,1999年 公式戦初出場,FALSE,2014,1961001,https://npb.jp/bis/players/81983888.html
51053888,藤井　彰人,1999年 公式戦初出場,FALSE,2014,1961001,https://npb.jp/bis/players/51053888.html
71275131,藤原　正典,2010年 公式戦初出場,FALSE,2014,1961001,https://npb.jp/bis/players/71275131.html
91295131,二神　一人,2012年 公式戦初出場,FALSE,2014,1961001,https://npb.jp/bis/players/91295131.html
41045137,藤浪　晋太郎,2013年 入団,FALSE,2014,1961001,https://npb.jp/bis/players/41045137.html
11215137,北條　史也,2015年 公式戦初出場,FALSE,2014,1961001,https://npb.jp/bis/players/11215137.html
53155131,Ｍ．マートン,2010年 公式戦初出場,TRUE,2014,1961001,https://npb.jp/bis/players/53155131.html
01605135,松田　遼馬,2013年 公式戦初出場,FALSE,2014,1961001,https://npb.jp/bis/players/01605135.html
93195131,Ｒ．メッセンジャー,2010年 公式戦初出場,TRUE,2014,1961001,https://npb.jp/bis/players/93195131.html
71675116,森田　一成,2011年 公式戦初出場,FALSE,2014,1961001,https://npb.jp/bis/players/71675116.html
61465112,大和,2009年 公式戦初出場,FALSE,2014,1961001,https://npb.jp/bis/players/61465112.html
81485139,山本　翔也,2014年 公式戦初出場,FALSE,2014,1961001,https://npb.jp/bis/players/81485139.html
31635113,吉見　祐治,2001年 公式戦初出場,FALSE,2014,1961001,https://npb.jp/bis/players/31635113.html
11615139,陽川　尚将,2016年 公式戦初出場,FALSE,2014,1961001,https://npb.jp/bis/players/11615139.html
31635139,横田　慎太郎,2016年 公式戦初出場,FALSE,2014,1961001,https://npb.jp/bis/players/31635139.html
33135112,渡辺　亮,2007年 公式戦初出場,FALSE,2014,1961001,https://npb.jp/bis/players/33135112.html
41145115,安藤　優也,2002年 公式戦初出場,FALSE,2015,1961001,https://npb.jp/bis/players/41145115.html
01105112,新井　良太,2006年 公式戦初出場,FALSE,2015,1961001,https://npb.jp/bis/players/01105112.html
51155131,秋山　拓巳,2010年 公式戦初出場,FALSE,2015,1961001,https://npb.jp/bis/players/51155131.html
91195133,荒木　郁也,2011年 公式戦初出場,FALSE,2015,1961001,https://npb.jp/bis/players/91195133.html
31335112,今成　亮太,2008年 公式戦初出場,FALSE,2015,1961001,https://npb.jp/bis/players/31335112.html
51355112,岩田　稔,2006年 公式戦初出場,FALSE,2015,1961001,https://npb.jp/bis/players/51355112.html
71375133,岩本　輝,2012年 公式戦初出場,FALSE,2015,1961001,https://npb.jp/bis/players/71375133.html
41145135,伊藤　和雄,2012年 公式戦初出場,FALSE,2015,1961001,https://npb.jp/bis/players/41145135.html
81185135,伊藤　隼太,2012年 公式戦初出場,FALSE,2015,1961001,https://npb.jp/bis/players/81185135.html
31335139,岩崎　優,2014年 入団,FALSE,2015,1961001,https://npb.jp/bis/players/31335139.html
51355139,岩貞　祐太,2014年 入団,FALSE,2015,1961001,https://npb.jp/bis/players/51355139.html
81185130,石崎　剛,2015年 公式戦初出場,FALSE,2015,1961001,https://npb.jp/bis/players/81185130.html
01305118,上本　博紀,2010年 公式戦初出場,FALSE,2015,1961001,https://npb.jp/bis/players/01305118.html
21325139,梅野　隆太郎,2014年 入団,FALSE,2015,1961001,https://npb.jp/bis/players/21325139.html
01305130,植田　海,2015年 入団,FALSE,2015,1961001,https://npb.jp/bis/players/01305130.html
01305133,榎田　大樹,2011年 公式戦初出場,FALSE,2015,1961001,https://npb.jp/bis/players/01305133.html
21325130,江越　大賀,2015年 公式戦初出場,FALSE,2015,1961001,https://npb.jp/bis/players/21325130.html
91395110,岡﨑　太一,2009年 公式戦初出場,FALSE,2015,1961001,https://npb.jp/bis/players/91395110.html
81385137,緒方　凌介,2013年 公式戦初出場,FALSE,2015,1961001,https://npb.jp/bis/players/81385137.html
51855139,呉　昇桓,2014年 公式戦初出場,FALSE,2015,1961001,https://npb.jp/bis/players/51855139.html
21525113,加藤　康介,2001年 公式戦初出場,FALSE,2015,1961001,https://npb.jp/bis/players/21525113.html
11715113,狩野　恵輔,2004年 公式戦初出場,FALSE,2015,1961001,https://npb.jp/bis/players/11715113.html
21525137,金田　和之,2014年 公式戦初出場,FALSE,2015,1961001,https://npb.jp/bis/players/21525137.html
01505119,黒瀬　春樹,2007年 公式戦初出場,FALSE,2015,1961001,https://npb.jp/bis/players/01505119.html
31735116,桑原　謙太朗,2008年 公式戦初出場,FALSE,2015,1961001,https://npb.jp/bis/players/31735116.html
41545119,小宮山　慎二,2007年 公式戦初出場,FALSE,2015,1961001,https://npb.jp/bis/players/41545119.html
11915114,小嶋　達也,2007年 公式戦初出場,FALSE,2015,1961001,https://npb.jp/bis/players/11915114.html
41845139,Ｍ．ゴメス,2014年 公式戦初出場,TRUE,2015,1961001,https://npb.jp/bis/players/41845139.html
61565119,坂　克彦,2006年 公式戦初出場,FALSE,2015,1961001,https://npb.jp/bis/players/61565119.html
61765135,歳内　宏明,2012年 公式戦初出場,FALSE,2015,1961001,https://npb.jp/bis/players/61765135.html
83585130,Ｍ．サンティアゴ,2015年 公式戦初出場,TRUE,2015,1961001,https://npb.jp/bis/players/83585130.html
41945114,清水　誉,2009年 公式戦初出場,FALSE,2015,1961001,https://npb.jp/bis/players/41945114.html
21725118,柴田　講平,2009年 公式戦初出場,FALSE,2015,1961001,https://npb.jp/bis/players/21725118.html
51255131,俊介,2010年 公式戦初出場,FALSE,2015,1961001,https://npb.jp/bis/players/51255131.html
51055133,島本　浩也,2011年 入団,FALSE,2015,1961001,https://npb.jp/bis/players/51055133.html
81783884,関本　賢太郎,2000年 公式戦初出場,FALSE,2015,1961001,https://npb.jp/bis/players/81783884.html
41945110,玉置　隆,2006年 公式戦初出場,FALSE,2015,1961001,https://npb.jp/bis/players/41945110.html
11015112,高宮　和也,2006年 公式戦初出場,FALSE,2015,1961001,https://npb.jp/bis/players/11015112.html
51955131,田上　健一,2010年 公式戦初出場,FALSE,2015,1961001,https://npb.jp/bis/players/51955131.html
01905137,田面　巧二郎,2016年 公式戦初出場,FALSE,2015,1961001,https://npb.jp/bis/players/01905137.html
21723882,鶴岡　一成,2000年 公式戦初出場,FALSE,2015,1961001,https://npb.jp/bis/players/21723882.html
91995119,筒井　和也,2004年 公式戦初出場,FALSE,2015,1961001,https://npb.jp/bis/players/91995119.html
41045112,鶴　直人,2008年 公式戦初出場,FALSE,2015,1961001,https://npb.jp/bis/players/41045112.html
21925119,鳥谷　敬,2004年 公式戦初出場,FALSE,2015,1961001,https://npb.jp/bis/players/21925119.html
51255133,中谷　将大,2012年 公式戦初出場,FALSE,2015,1961001,https://npb.jp/bis/players/51255133.html
31435117,西岡　剛,2003年 公式戦初出場,FALSE,2015,1961001,https://npb.jp/bis/players/31435117.html
91495135,西田　直斗,2013年 公式戦初出場,FALSE,2015,1961001,https://npb.jp/bis/players/91495135.html
61065110,能見　篤史,2005年 公式戦初出場,FALSE,2015,1961001,https://npb.jp/bis/players/61065110.html
61065131,原口　文仁,2016年 公式戦初出場,FALSE,2015,1961001,https://npb.jp/bis/players/61065131.html
61963888,福留　孝介,1999年 公式戦初出場,FALSE,2015,1961001,https://npb.jp/bis/players/61963888.html
81983888,福原　忍,1999年 公式戦初出場,FALSE,2015,1961001,https://npb.jp/bis/players/81983888.html
51053888,藤井　彰人,1999年 公式戦初出場,FALSE,2015,1961001,https://npb.jp/bis/players/51053888.html
71275131,藤原　正典,2010年 公式戦初出場,FALSE,2015,1961001,https://npb.jp/bis/players/71275131.html
91295131,二神　一人,2012年 公式戦初出場,FALSE,2015,1961001,https://npb.jp/bis/players/91295131.html
41045137,藤浪　晋太郎,2013年 入団,FALSE,2015,1961001,https://npb.jp/bis/players/41045137.html
93795130,Ｎ．ペレス,2015年 公式戦初出場,TRUE,2015,1961001,https://npb.jp/bis/players/93795130.html
11215137,北條　史也,2015年 公式戦初出場,FALSE,2015,1961001,https://npb.jp/bis/players/11215137.html
53155131,Ｍ．マートン,2010年 公式戦初出場,TRUE,2015,1961001,https://npb.jp/bis/players/53155131.html
01605135,松田　遼馬,2013年 公式戦初出場,FALSE,2015,1961001,https://npb.jp/bis/players/01605135.html
93195131,Ｒ．メッセンジャー,2010年 公式戦初出場,TRUE,2015,1961001,https://npb.jp/bis/players/93195131.html
81685133,森越　祐人,2013年 公式戦初出場,FALSE,2015,1961001,https://npb.jp/bis/players/81685133.html
51855130,守屋　功輝,2016年 公式戦初出場,FALSE,2015,1961001,https://npb.jp/bis/players/51855130.html
61465112,大和,2009年 公式戦初出場,FALSE,2015,1961001,https://npb.jp/bis/players/61465112.html
81485139,山本　翔也,2014年 公式戦初出場,FALSE,2015,1961001,https://npb.jp/bis/players/81485139.html
11615139,陽川　尚将,2016年 公式戦初出場,FALSE,2015,1961001,https://npb.jp/bis/players/11615139.html
31635139,横田　慎太郎,2016年 公式戦初出場,FALSE,2015,1961001,https://npb.jp/bis/players/31635139.html
53155130,横山　雄哉,2015年 公式戦初出場,FALSE,2015,1961001,https://npb.jp/bis/players/53155130.html
33135112,渡辺　亮,2007年 公式戦初出場,FALSE,2015,1961001,https://npb.jp/bis/players/33135112.html
41145115,安藤　優也,2002年 公式戦初出場,FALSE,2016,1961001,https://npb.jp/bis/players/41145115.html
01105112,新井　良太,2006年 公式戦初出場,FALSE,2016,1961001,https://npb.jp/bis/players/01105112.html
51155131,秋山　拓巳,2010年 公式戦初出場,FALSE,2016,1961001,https://npb.jp/bis/players/51155131.html
91195133,荒木　郁也,2011年 公式戦初出場,FALSE,2016,1961001,https://npb.jp/bis/players/91195133.html
71175132,青柳　晃洋,2016年 入団,FALSE,2016,1961001,https://npb.jp/bis/players/71175132.html
31335112,今成　亮太,2008年 公式戦初出場,FALSE,2016,1961001,https://npb.jp/bis/players/31335112.html
51355112,岩田　稔,2006年 公式戦初出場,FALSE,2016,1961001,https://npb.jp/bis/players/51355112.html
71375133,岩本　輝,2012年 公式戦初出場,FALSE,2016,1961001,https://npb.jp/bis/players/71375133.html
41145135,伊藤　和雄,2012年 公式戦初出場,FALSE,2016,1961001,https://npb.jp/bis/players/41145135.html
81185135,伊藤　隼太,2012年 公式戦初出場,FALSE,2016,1961001,https://npb.jp/bis/players/81185135.html
31335139,岩崎　優,2014年 入団,FALSE,2016,1961001,https://npb.jp/bis/players/31335139.html
51355139,岩貞　祐太,2014年 入団,FALSE,2016,1961001,https://npb.jp/bis/players/51355139.html
81185130,石崎　剛,2015年 公式戦初出場,FALSE,2016,1961001,https://npb.jp/bis/players/81185130.html
91395132,板山　祐太郎,2016年 入団,FALSE,2016,1961001,https://npb.jp/bis/players/91395132.html
01305118,上本　博紀,2010年 公式戦初出場,FALSE,2016,1961001,https://npb.jp/bis/players/01305118.html
21325139,梅野　隆太郎,2014年 入団,FALSE,2016,1961001,https://npb.jp/bis/players/21325139.html
01305130,植田　海,2015年 入団,FALSE,2016,1961001,https://npb.jp/bis/players/01305130.html
01305133,榎田　大樹,2011年 公式戦初出場,FALSE,2016,1961001,https://npb.jp/bis/players/01305133.html
21325130,江越　大賀,2015年 公式戦初出場,FALSE,2016,1961001,https://npb.jp/bis/players/21325130.html
91395110,岡﨑　太一,2009年 公式戦初出場,FALSE,2016,1961001,https://npb.jp/bis/players/91395110.html
81385137,緒方　凌介,2013年 公式戦初出場,FALSE,2016,1961001,https://npb.jp/bis/players/81385137.html
11715113,狩野　恵輔,2004年 公式戦初出場,FALSE,2016,1961001,https://npb.jp/bis/players/11715113.html
21525137,金田　和之,2014年 公式戦初出場,FALSE,2016,1961001,https://npb.jp/bis/players/21525137.html
31735116,桑原　謙太朗,2008年 公式戦初出場,FALSE,2016,1961001,https://npb.jp/bis/players/31735116.html
41545119,小宮山　慎二,2007年 公式戦初出場,FALSE,2016,1961001,https://npb.jp/bis/players/41545119.html
11915114,小嶋　達也,2007年 公式戦初出場,FALSE,2016,1961001,https://npb.jp/bis/players/11915114.html
41845139,Ｍ．ゴメス,2014年 公式戦初出場,TRUE,2016,1961001,https://npb.jp/bis/players/41845139.html
61565119,坂　克彦,2006年 公式戦初出場,FALSE,2016,1961001,https://npb.jp/bis/players/61565119.html
61765135,歳内　宏明,2012年 公式戦初出場,FALSE,2016,1961001,https://npb.jp/bis/players/61765135.html
11915132,坂本　誠志郎,2016年 入団,FALSE,2016,1961001,https://npb.jp/bis/players/11915132.html
23025132,Ｃ．サターホワイト,2016年 公式戦初出場,TRUE,2016,1961001,https://npb.jp/bis/players/23025132.html
41945114,清水　誉,2009年 公式戦初出場,FALSE,2016,1961001,https://npb.jp/bis/players/41945114.html
21725118,柴田　講平,2009年 公式戦初出場,FALSE,2016,1961001,https://npb.jp/bis/players/21725118.html
51255131,俊介,2010年 公式戦初出場,FALSE,2016,1961001,https://npb.jp/bis/players/51255131.html
51055133,島本　浩也,2011年 入団,FALSE,2016,1961001,https://npb.jp/bis/players/51055133.html
71975115,髙橋　聡文,2004年 公式戦初出場,FALSE,2016,1961001,https://npb.jp/bis/players/71975115.html
11015112,高宮　和也,2006年 公式戦初出場,FALSE,2016,1961001,https://npb.jp/bis/players/11015112.html
01905137,田面　巧二郎,2016年 公式戦初出場,FALSE,2016,1961001,https://npb.jp/bis/players/01905137.html
01005132,髙山　俊,2016年 公式戦初出場,FALSE,2016,1961001,https://npb.jp/bis/players/01005132.html
21025132,竹安　大知,2017年 公式戦初出場,FALSE,2016,1961001,https://npb.jp/bis/players/21025132.html
21723882,鶴岡　一成,2000年 公式戦初出場,FALSE,2016,1961001,https://npb.jp/bis/players/21723882.html
91995119,筒井　和也,2004年 公式戦初出場,FALSE,2016,1961001,https://npb.jp/bis/players/91995119.html
41045112,鶴　直人,2008年 公式戦初出場,FALSE,2016,1961001,https://npb.jp/bis/players/41045112.html
21925119,鳥谷　敬,2004年 公式戦初出場,FALSE,2016,1961001,https://npb.jp/bis/players/21925119.html
03505132,Ｒ．ドリス,2016年 入団,TRUE,2016,1961001,https://npb.jp/bis/players/03505132.html
51255133,中谷　将大,2012年 公式戦初出場,FALSE,2016,1961001,https://npb.jp/bis/players/51255133.html
31435117,西岡　剛,2003年 公式戦初出場,FALSE,2016,1961001,https://npb.jp/bis/players/31435117.html
91495135,西田　直斗,2013年 公式戦初出場,FALSE,2016,1961001,https://npb.jp/bis/players/91495135.html
61065110,能見　篤史,2005年 公式戦初出場,FALSE,2016,1961001,https://npb.jp/bis/players/61065110.html
61065131,原口　文仁,2016年 公式戦初出場,FALSE,2016,1961001,https://npb.jp/bis/players/61065131.html
61963888,福留　孝介,1999年 公式戦初出場,FALSE,2016,1961001,https://npb.jp/bis/players/61963888.html
81983888,福原　忍,1999年 公式戦初出場,FALSE,2016,1961001,https://npb.jp/bis/players/81983888.html
71073888,藤川　球児,2000年 公式戦初出場,FALSE,2016,1961001,https://npb.jp/bis/players/71073888.html
91295131,二神　一人,2012年 公式戦初出場,FALSE,2016,1961001,https://npb.jp/bis/players/91295131.html
41045137,藤浪　晋太郎,2013年 入団,FALSE,2016,1961001,https://npb.jp/bis/players/41045137.html
93795130,Ｎ．ペレス,2015年 公式戦初出場,TRUE,2016,1961001,https://npb.jp/bis/players/93795130.html
73775132,Ｍ．ヘイグ,2016年 公式戦初出場,TRUE,2016,1961001,https://npb.jp/bis/players/73775132.html
11215137,北條　史也,2015年 公式戦初出場,FALSE,2016,1961001,https://npb.jp/bis/players/11215137.html
01605135,松田　遼馬,2013年 公式戦初出場,FALSE,2016,1961001,https://npb.jp/bis/players/01605135.html
83785132,Ｍ．マテオ,2016年 公式戦初出場,TRUE,2016,1961001,https://npb.jp/bis/players/83785132.html
93195131,Ｒ．メッセンジャー,2010年 公式戦初出場,TRUE,2016,1961001,https://npb.jp/bis/players/93195131.html
81685133,森越　祐人,2013年 公式戦初出場,FALSE,2016,1961001,https://npb.jp/bis/players/81685133.html
51855130,守屋　功輝,2016年 公式戦初出場,FALSE,2016,1961001,https://npb.jp/bis/players/51855130.html
81885132,望月　惇志,2016年 公式戦初出場,FALSE,2016,1961001,https://npb.jp/bis/players/81885132.html
61465112,大和,2009年 公式戦初出場,FALSE,2016,1961001,https://npb.jp/bis/players/61465112.html
81485139,山本　翔也,2014年 公式戦初出場,FALSE,2016,1961001,https://npb.jp/bis/players/81485139.html
11615139,陽川　尚将,2016年 公式戦初出場,FALSE,2016,1961001,https://npb.jp/bis/players/11615139.html
31635139,横田　慎太郎,2016年 公式戦初出場,FALSE,2016,1961001,https://npb.jp/bis/players/31635139.html
53155130,横山　雄哉,2015年 公式戦初出場,FALSE,2016,1961001,https://npb.jp/bis/players/53155130.html
41145115,安藤　優也,2002年 公式戦初出場,FALSE,2017,1961001,https://npb.jp/bis/players/41145115.html
01105112,新井　良太,2006年 公式戦初出場,FALSE,2017,1961001,https://npb.jp/bis/players/01105112.html
51155131,秋山　拓巳,2010年 公式戦初出場,FALSE,2017,1961001,https://npb.jp/bis/players/51155131.html
91195133,荒木　郁也,2011年 公式戦初出場,FALSE,2017,1961001,https://npb.jp/bis/players/91195133.html
71175132,青柳　晃洋,2016年 入団,FALSE,2017,1961001,https://npb.jp/bis/players/71175132.html
91195119,糸井　嘉男,2007年 公式戦初出場,FALSE,2017,1961001,https://npb.jp/bis/players/91195119.html
31335112,今成　亮太,2008年 公式戦初出場,FALSE,2017,1961001,https://npb.jp/bis/players/31335112.html
51355112,岩田　稔,2006年 公式戦初出場,FALSE,2017,1961001,https://npb.jp/bis/players/51355112.html
41145135,伊藤　和雄,2012年 公式戦初出場,FALSE,2017,1961001,https://npb.jp/bis/players/41145135.html
81185135,伊藤　隼太,2012年 公式戦初出場,FALSE,2017,1961001,https://npb.jp/bis/players/81185135.html
31335139,岩崎　優,2014年 入団,FALSE,2017,1961001,https://npb.jp/bis/players/31335139.html
51355139,岩貞　祐太,2014年 入団,FALSE,2017,1961001,https://npb.jp/bis/players/51355139.html
81185130,石崎　剛,2015年 公式戦初出場,FALSE,2017,1961001,https://npb.jp/bis/players/81185130.html
91395132,板山　祐太郎,2016年 入団,FALSE,2017,1961001,https://npb.jp/bis/players/91395132.html
81185134,糸原　健斗,2017年 入団,FALSE,2017,1961001,https://npb.jp/bis/players/81185134.html
01305118,上本　博紀,2010年 公式戦初出場,FALSE,2017,1961001,https://npb.jp/bis/players/01305118.html
21325139,梅野　隆太郎,2014年 入団,FALSE,2017,1961001,https://npb.jp/bis/players/21325139.html
01305130,植田　海,2015年 入団,FALSE,2017,1961001,https://npb.jp/bis/players/01305130.html
01305133,榎田　大樹,2011年 公式戦初出場,FALSE,2017,1961001,https://npb.jp/bis/players/01305133.html
21325130,江越　大賀,2015年 公式戦初出場,FALSE,2017,1961001,https://npb.jp/bis/players/21325130.html
91395110,岡﨑　太一,2009年 公式戦初出場,FALSE,2017,1961001,https://npb.jp/bis/players/91395110.html
81385137,緒方　凌介,2013年 公式戦初出場,FALSE,2017,1961001,https://npb.jp/bis/players/81385137.html
21325134,大山　悠輔,2017年 入団,FALSE,2017,1961001,https://npb.jp/bis/players/21325134.html
81385134,小野　泰己,2017年 公式戦初出場,FALSE,2017,1961001,https://npb.jp/bis/players/81385134.html
11715113,狩野　恵輔,2004年 公式戦初出場,FALSE,2017,1961001,https://npb.jp/bis/players/11715113.html
73575134,Ｅ．キャンベル,2017年 公式戦初出場,TRUE,2017,1961001,https://npb.jp/bis/players/73575134.html
31735116,桑原　謙太朗,2008年 公式戦初出場,FALSE,2017,1961001,https://npb.jp/bis/players/31735116.html
41545119,小宮山　慎二,2007年 公式戦初出場,FALSE,2017,1961001,https://npb.jp/bis/players/41545119.html
61765135,歳内　宏明,2012年 公式戦初出場,FALSE,2017,1961001,https://npb.jp/bis/players/61765135.html
11915132,坂本　誠志郎,2016年 入団,FALSE,2017,1961001,https://npb.jp/bis/players/11915132.html
41745134,才木　浩人,2017年 入団,FALSE,2017,1961001,https://npb.jp/bis/players/41745134.html
51255131,俊介,2010年 公式戦初出場,FALSE,2017,1961001,https://npb.jp/bis/players/51255131.html
51055133,島本　浩也,2011年 入団,FALSE,2017,1961001,https://npb.jp/bis/players/51055133.html
71975115,髙橋　聡文,2004年 公式戦初出場,FALSE,2017,1961001,https://npb.jp/bis/players/71975115.html
11015112,高宮　和也,2006年 公式戦初出場,FALSE,2017,1961001,https://npb.jp/bis/players/11015112.html
01905137,田面　巧二郎,2016年 公式戦初出場,FALSE,2017,1961001,https://npb.jp/bis/players/01905137.html
01005132,髙山　俊,2016年 公式戦初出場,FALSE,2017,1961001,https://npb.jp/bis/players/01005132.html
21025132,竹安　大知,2017年 公式戦初出場,FALSE,2017,1961001,https://npb.jp/bis/players/21025132.html
21925119,鳥谷　敬,2004年 公式戦初出場,FALSE,2017,1961001,https://npb.jp/bis/players/21925119.html
03505132,Ｒ．ドリス,2016年 入団,TRUE,2017,1961001,https://npb.jp/bis/players/03505132.html
51255133,中谷　将大,2012年 公式戦初出場,FALSE,2017,1961001,https://npb.jp/bis/players/51255133.html
91495134,長坂　拳弥,2017年 入団,FALSE,2017,1961001,https://npb.jp/bis/players/91495134.html
31435117,西岡　剛,2003年 公式戦初出場,FALSE,2017,1961001,https://npb.jp/bis/players/31435117.html
91495135,西田　直斗,2013年 公式戦初出場,FALSE,2017,1961001,https://npb.jp/bis/players/91495135.html
61065110,能見　篤史,2005年 公式戦初出場,FALSE,2017,1961001,https://npb.jp/bis/players/61065110.html
61065131,原口　文仁,2016年 公式戦初出場,FALSE,2017,1961001,https://npb.jp/bis/players/61065131.html
71675134,浜地　真澄,2017年 入団,FALSE,2017,1961001,https://npb.jp/bis/players/71675134.html
61963888,福留　孝介,1999年 公式戦初出場,FALSE,2017,1961001,https://npb.jp/bis/players/61963888.html
71073888,藤川　球児,2000年 公式戦初出場,FALSE,2017,1961001,https://npb.jp/bis/players/71073888.html
41045137,藤浪　晋太郎,2013年 入団,FALSE,2017,1961001,https://npb.jp/bis/players/41045137.html
01605134,福永　春吾,2017年 公式戦初出場,FALSE,2017,1961001,https://npb.jp/bis/players/01605134.html
11215137,北條　史也,2015年 公式戦初出場,FALSE,2017,1961001,https://npb.jp/bis/players/11215137.html
01605135,松田　遼馬,2013年 公式戦初出場,FALSE,2017,1961001,https://npb.jp/bis/players/01605135.html
83785132,Ｍ．マテオ,2016年 公式戦初出場,TRUE,2017,1961001,https://npb.jp/bis/players/83785132.html
93195131,Ｒ．メッセンジャー,2010年 公式戦初出場,TRUE,2017,1961001,https://npb.jp/bis/players/93195131.html
43145139,Ｌ．メンドーサ,2014年 公式戦初出場,TRUE,2017,1961001,https://npb.jp/bis/players/43145139.html
53955134,Ｒ．メンデス,2017年 公式戦初出場,TRUE,2017,1961001,https://npb.jp/bis/players/53955134.html
81685133,森越　祐人,2013年 公式戦初出場,FALSE,2017,1961001,https://npb.jp/bis/players/81685133.html
51855130,守屋　功輝,2016年 公式戦初出場,FALSE,2017,1961001,https://npb.jp/bis/players/51855130.html
81885132,望月　惇志,2016年 公式戦初出場,FALSE,2017,1961001,https://npb.jp/bis/players/81885132.html
61465112,大和,2009年 公式戦初出場,FALSE,2017,1961001,https://npb.jp/bis/players/61465112.html
31835112,柳瀬　明宏,2006年 公式戦初出場,FALSE,2017,1961001,https://npb.jp/bis/players/31835112.html
81485139,山本　翔也,2014年 公式戦初出場,FALSE,2017,1961001,https://npb.jp/bis/players/81485139.html
11615139,陽川　尚将,2016年 公式戦初出場,FALSE,2017,1961001,https://npb.jp/bis/players/11615139.html
31635139,横田　慎太郎,2016年 公式戦初出場,FALSE,2017,1961001,https://npb.jp/bis/players/31635139.html
53155130,横山　雄哉,2015年 公式戦初出場,FALSE,2017,1961001,https://npb.jp/bis/players/53155130.html
23025134,Ｊ．ロジャース,2017年 公式戦初出場,TRUE,2017,1961001,https://npb.jp/bis/players/23025134.html
51155131,秋山　拓巳,2010年 公式戦初出場,FALSE,2018,1961001,https://npb.jp/bis/players/51155131.html
91195133,荒木　郁也,2011年 公式戦初出場,FALSE,2018,1961001,https://npb.jp/bis/players/91195133.html
71175132,青柳　晃洋,2016年 入団,FALSE,2018,1961001,https://npb.jp/bis/players/71175132.html
91195119,糸井　嘉男,2007年 公式戦初出場,FALSE,2018,1961001,https://npb.jp/bis/players/91195119.html
31335112,今成　亮太,2008年 公式戦初出場,FALSE,2018,1961001,https://npb.jp/bis/players/31335112.html
51355112,岩田　稔,2006年 公式戦初出場,FALSE,2018,1961001,https://npb.jp/bis/players/51355112.html
41145135,伊藤　和雄,2012年 公式戦初出場,FALSE,2018,1961001,https://npb.jp/bis/players/41145135.html
81185135,伊藤　隼太,2012年 公式戦初出場,FALSE,2018,1961001,https://npb.jp/bis/players/81185135.html
01105137,飯田　優也,2014年 公式戦初出場,FALSE,2018,1961001,https://npb.jp/bis/players/01105137.html
31335139,岩崎　優,2014年 入団,FALSE,2018,1961001,https://npb.jp/bis/players/31335139.html
51355139,岩貞　祐太,2014年 入団,FALSE,2018,1961001,https://npb.jp/bis/players/51355139.html
81185130,石崎　剛,2015年 公式戦初出場,FALSE,2018,1961001,https://npb.jp/bis/players/81185130.html
91395132,板山　祐太郎,2016年 入団,FALSE,2018,1961001,https://npb.jp/bis/players/91395132.html
81185134,糸原　健斗,2017年 入団,FALSE,2018,1961001,https://npb.jp/bis/players/81185134.html
01105136,石井　将希,2020年 公式戦初出場,FALSE,2018,1961001,https://npb.jp/bis/players/01105136.html
01305118,上本　博紀,2010年 公式戦初出場,FALSE,2018,1961001,https://npb.jp/bis/players/01305118.html
21325139,梅野　隆太郎,2014年 入団,FALSE,2018,1961001,https://npb.jp/bis/players/21325139.html
01305130,植田　海,2015年 入団,FALSE,2018,1961001,https://npb.jp/bis/players/01305130.html
01305133,榎田　大樹,2011年 公式戦初出場,FALSE,2018,1961001,https://npb.jp/bis/players/01305133.html
21325130,江越　大賀,2015年 公式戦初出場,FALSE,2018,1961001,https://npb.jp/bis/players/21325130.html
91395110,岡﨑　太一,2009年 公式戦初出場,FALSE,2018,1961001,https://npb.jp/bis/players/91395110.html
31535131,岡本　洋介,2010年 公式戦初出場,FALSE,2018,1961001,https://npb.jp/bis/players/31535131.html
81385137,緒方　凌介,2013年 公式戦初出場,FALSE,2018,1961001,https://npb.jp/bis/players/81385137.html
21325134,大山　悠輔,2017年 入団,FALSE,2018,1961001,https://npb.jp/bis/players/21325134.html
61365134,尾仲　祐哉,2017年 公式戦初出場,FALSE,2018,1961001,https://npb.jp/bis/players/61365134.html
81385134,小野　泰己,2017年 公式戦初出場,FALSE,2018,1961001,https://npb.jp/bis/players/81385134.html
31735116,桑原　謙太朗,2008年 公式戦初出場,FALSE,2018,1961001,https://npb.jp/bis/players/31735116.html
81585136,熊谷　敬宥,2018年 入団,FALSE,2018,1961001,https://npb.jp/bis/players/81585136.html
41545119,小宮山　慎二,2007年 公式戦初出場,FALSE,2018,1961001,https://npb.jp/bis/players/41545119.html
61765135,歳内　宏明,2012年 公式戦初出場,FALSE,2018,1961001,https://npb.jp/bis/players/61765135.html
11915132,坂本　誠志郎,2016年 入団,FALSE,2018,1961001,https://npb.jp/bis/players/11915132.html
41745134,才木　浩人,2017年 入団,FALSE,2018,1961001,https://npb.jp/bis/players/41745134.html
51255131,俊介,2010年 公式戦初出場,FALSE,2018,1961001,https://npb.jp/bis/players/51255131.html
51055133,島本　浩也,2011年 入団,FALSE,2018,1961001,https://npb.jp/bis/players/51055133.html
91995136,島田　海吏,2018年 入団,FALSE,2018,1961001,https://npb.jp/bis/players/91995136.html
71975115,髙橋　聡文,2004年 公式戦初出場,FALSE,2018,1961001,https://npb.jp/bis/players/71975115.html
01005132,髙山　俊,2016年 公式戦初出場,FALSE,2018,1961001,https://npb.jp/bis/players/01005132.html
21025132,竹安　大知,2017年 公式戦初出場,FALSE,2018,1961001,https://npb.jp/bis/players/21025132.html
91095136,髙橋　遥人,2018年 入団,FALSE,2018,1961001,https://npb.jp/bis/players/91095136.html
31235136,谷川　昌希,2018年 公式戦初出場,FALSE,2018,1961001,https://npb.jp/bis/players/31235136.html
21925119,鳥谷　敬,2004年 公式戦初出場,FALSE,2018,1961001,https://npb.jp/bis/players/21925119.html
03505132,Ｒ．ドリス,2016年 入団,TRUE,2018,1961001,https://npb.jp/bis/players/03505132.html
51255133,中谷　将大,2012年 公式戦初出場,FALSE,2018,1961001,https://npb.jp/bis/players/51255133.html
91495134,長坂　拳弥,2017年 入団,FALSE,2018,1961001,https://npb.jp/bis/players/91495134.html
93995136,Ｅ．ナバーロ,2018年 公式戦初出場,TRUE,2018,1961001,https://npb.jp/bis/players/93995136.html
31435117,西岡　剛,2003年 公式戦初出場,FALSE,2018,1961001,https://npb.jp/bis/players/31435117.html
91495135,西田　直斗,2013年 公式戦初出場,FALSE,2018,1961001,https://npb.jp/bis/players/91495135.html
61065110,能見　篤史,2005年 公式戦初出場,FALSE,2018,1961001,https://npb.jp/bis/players/61065110.html
61065131,原口　文仁,2016年 公式戦初出場,FALSE,2018,1961001,https://npb.jp/bis/players/61065131.html
71675134,浜地　真澄,2017年 入団,FALSE,2018,1961001,https://npb.jp/bis/players/71675134.html
41445136,馬場　皐輔,2018年 入団,FALSE,2018,1961001,https://npb.jp/bis/players/41445136.html
61963888,福留　孝介,1999年 公式戦初出場,FALSE,2018,1961001,https://npb.jp/bis/players/61963888.html
71073888,藤川　球児,2000年 公式戦初出場,FALSE,2018,1961001,https://npb.jp/bis/players/71073888.html
41045137,藤浪　晋太郎,2013年 入団,FALSE,2018,1961001,https://npb.jp/bis/players/41045137.html
01605134,福永　春吾,2017年 公式戦初出場,FALSE,2018,1961001,https://npb.jp/bis/players/01605134.html
11215137,北條　史也,2015年 公式戦初出場,FALSE,2018,1961001,https://npb.jp/bis/players/11215137.html
01605135,松田　遼馬,2013年 公式戦初出場,FALSE,2018,1961001,https://npb.jp/bis/players/01605135.html
83785132,Ｍ．マテオ,2016年 公式戦初出場,TRUE,2018,1961001,https://npb.jp/bis/players/83785132.html
93195131,Ｒ．メッセンジャー,2010年 公式戦初出場,TRUE,2018,1961001,https://npb.jp/bis/players/93195131.html
81685133,森越　祐人,2013年 公式戦初出場,FALSE,2018,1961001,https://npb.jp/bis/players/81685133.html
51855130,守屋　功輝,2016年 公式戦初出場,FALSE,2018,1961001,https://npb.jp/bis/players/51855130.html
81885132,望月　惇志,2016年 公式戦初出場,FALSE,2018,1961001,https://npb.jp/bis/players/81885132.html
73775136,Ｄ．モレノ,2018年 公式戦初出場,TRUE,2018,1961001,https://npb.jp/bis/players/73775136.html
81685118,山崎　憲晴,2009年 公式戦初出場,FALSE,2018,1961001,https://npb.jp/bis/players/81685118.html
81485139,山本　翔也,2014年 公式戦初出場,FALSE,2018,1961001,https://npb.jp/bis/players/81485139.html
11615139,陽川　尚将,2016年 公式戦初出場,FALSE,2018,1961001,https://npb.jp/bis/players/11615139.html
31635139,横田　慎太郎,2016年 公式戦初出場,FALSE,2018,1961001,https://npb.jp/bis/players/31635139.html
53155130,横山　雄哉,2015年 公式戦初出場,FALSE,2018,1961001,https://npb.jp/bis/players/53155130.html
23725136,Ｗ．ロサリオ,2018年 公式戦初出場,TRUE,2018,1961001,https://npb.jp/bis/players/23725136.html
51155131,秋山　拓巳,2010年 公式戦初出場,FALSE,2019,1961001,https://npb.jp/bis/players/51155131.html
91195133,荒木　郁也,2011年 公式戦初出場,FALSE,2019,1961001,https://npb.jp/bis/players/91195133.html
71175132,青柳　晃洋,2016年 入団,FALSE,2019,1961001,https://npb.jp/bis/players/71175132.html
91195119,糸井　嘉男,2007年 公式戦初出場,FALSE,2019,1961001,https://npb.jp/bis/players/91195119.html
51355112,岩田　稔,2006年 公式戦初出場,FALSE,2019,1961001,https://npb.jp/bis/players/51355112.html
41145135,伊藤　和雄,2012年 公式戦初出場,FALSE,2019,1961001,https://npb.jp/bis/players/41145135.html
81185135,伊藤　隼太,2012年 公式戦初出場,FALSE,2019,1961001,https://npb.jp/bis/players/81185135.html
01105137,飯田　優也,2014年 公式戦初出場,FALSE,2019,1961001,https://npb.jp/bis/players/01105137.html
31335139,岩崎　優,2014年 入団,FALSE,2019,1961001,https://npb.jp/bis/players/31335139.html
51355139,岩貞　祐太,2014年 入団,FALSE,2019,1961001,https://npb.jp/bis/players/51355139.html
81185130,石崎　剛,2015年 公式戦初出場,FALSE,2019,1961001,https://npb.jp/bis/players/81185130.html
91395132,板山　祐太郎,2016年 入団,FALSE,2019,1961001,https://npb.jp/bis/players/91395132.html
81185134,糸原　健斗,2017年 入団,FALSE,2019,1961001,https://npb.jp/bis/players/81185134.html
01105136,石井　将希,2020年 公式戦初出場,FALSE,2019,1961001,https://npb.jp/bis/players/01105136.html
01305118,上本　博紀,2010年 公式戦初出場,FALSE,2019,1961001,https://npb.jp/bis/players/01305118.html
21325139,梅野　隆太郎,2014年 入団,FALSE,2019,1961001,https://npb.jp/bis/players/21325139.html
01305130,植田　海,2015年 入団,FALSE,2019,1961001,https://npb.jp/bis/players/01305130.html
21325130,江越　大賀,2015年 公式戦初出場,FALSE,2019,1961001,https://npb.jp/bis/players/21325130.html
91395110,岡﨑　太一,2009年 公式戦初出場,FALSE,2019,1961001,https://npb.jp/bis/players/91395110.html
31535131,岡本　洋介,2010年 公式戦初出場,FALSE,2019,1961001,https://npb.jp/bis/players/31535131.html
21325134,大山　悠輔,2017年 入団,FALSE,2019,1961001,https://npb.jp/bis/players/21325134.html
61365134,尾仲　祐哉,2017年 公式戦初出場,FALSE,2019,1961001,https://npb.jp/bis/players/61365134.html
81385134,小野　泰己,2017年 公式戦初出場,FALSE,2019,1961001,https://npb.jp/bis/players/81385134.html
31535138,小幡　竜平,2019年 入団,FALSE,2019,1961001,https://npb.jp/bis/players/31535138.html
33535136,Ｏ．ガルシア,2018年 公式戦初出場,TRUE,2019,1961001,https://npb.jp/bis/players/33535136.html
01505138,片山　雄哉,2022年 公式戦初出場,FALSE,2019,1961001,https://npb.jp/bis/players/01505138.html
11715138,川原　陸,2024年 公式戦初出場,FALSE,2019,1961001,https://npb.jp/bis/players/11715138.html
31735138,木浪　聖也,2019年 入団,FALSE,2019,1961001,https://npb.jp/bis/players/31735138.html
31735116,桑原　謙太朗,2008年 公式戦初出場,FALSE,2019,1961001,https://npb.jp/bis/players/31735116.html
81585136,熊谷　敬宥,2018年 入団,FALSE,2019,1961001,https://npb.jp/bis/players/81585136.html
41545119,小宮山　慎二,2007年 公式戦初出場,FALSE,2019,1961001,https://npb.jp/bis/players/41545119.html
61765135,歳内　宏明,2012年 公式戦初出場,FALSE,2019,1961001,https://npb.jp/bis/players/61765135.html
11915132,坂本　誠志郎,2016年 入団,FALSE,2019,1961001,https://npb.jp/bis/players/11915132.html
41745134,才木　浩人,2017年 入団,FALSE,2019,1961001,https://npb.jp/bis/players/41745134.html
21725138,齋藤　友貴哉,2019年 入団,FALSE,2019,1961001,https://npb.jp/bis/players/21725138.html
51255131,俊介,2010年 公式戦初出場,FALSE,2019,1961001,https://npb.jp/bis/players/51255131.html
51055133,島本　浩也,2011年 入団,FALSE,2019,1961001,https://npb.jp/bis/players/51055133.html
91995136,島田　海吏,2018年 入団,FALSE,2019,1961001,https://npb.jp/bis/players/91995136.html
63165138,Ｐ．ジョンソン,2019年 公式戦初出場,TRUE,2019,1961001,https://npb.jp/bis/players/63165138.html
03705138,Ｙ．ソラーテ,2019年 公式戦初出場,TRUE,2019,1961001,https://npb.jp/bis/players/03705138.html
71975115,髙橋　聡文,2004年 公式戦初出場,FALSE,2019,1961001,https://npb.jp/bis/players/71975115.html
31035132,高野　圭佑,2016年 公式戦初出場,FALSE,2019,1961001,https://npb.jp/bis/players/31035132.html
01005132,髙山　俊,2016年 公式戦初出場,FALSE,2019,1961001,https://npb.jp/bis/players/01005132.html
91095136,髙橋　遥人,2018年 入団,FALSE,2019,1961001,https://npb.jp/bis/players/91095136.html
31235136,谷川　昌希,2018年 公式戦初出場,FALSE,2019,1961001,https://npb.jp/bis/players/31235136.html
71075138,近本　光司,2019年 入団,FALSE,2019,1961001,https://npb.jp/bis/players/71075138.html
21925119,鳥谷　敬,2004年 公式戦初出場,FALSE,2019,1961001,https://npb.jp/bis/players/21925119.html
03505132,Ｒ．ドリス,2016年 入団,TRUE,2019,1961001,https://npb.jp/bis/players/03505132.html
51255133,中谷　将大,2012年 公式戦初出場,FALSE,2019,1961001,https://npb.jp/bis/players/51255133.html
91495134,長坂　拳弥,2017年 入団,FALSE,2019,1961001,https://npb.jp/bis/players/91495134.html
93995136,Ｅ．ナバーロ,2018年 公式戦初出場,TRUE,2019,1961001,https://npb.jp/bis/players/93995136.html
71275118,西　勇輝,2009年 入団,FALSE,2019,1961001,https://npb.jp/bis/players/71275118.html
61065110,能見　篤史,2005年 公式戦初出場,FALSE,2019,1961001,https://npb.jp/bis/players/61065110.html
61065131,原口　文仁,2016年 公式戦初出場,FALSE,2019,1961001,https://npb.jp/bis/players/61065131.html
71675134,浜地　真澄,2017年 入団,FALSE,2019,1961001,https://npb.jp/bis/players/71675134.html
41445136,馬場　皐輔,2018年 入団,FALSE,2019,1961001,https://npb.jp/bis/players/41445136.html
61963888,福留　孝介,1999年 公式戦初出場,FALSE,2019,1961001,https://npb.jp/bis/players/61963888.html
71073888,藤川　球児,2000年 公式戦初出場,FALSE,2019,1961001,https://npb.jp/bis/players/71073888.html
41045137,藤浪　晋太郎,2013年 入団,FALSE,2019,1961001,https://npb.jp/bis/players/41045137.html
01605134,福永　春吾,2017年 公式戦初出場,FALSE,2019,1961001,https://npb.jp/bis/players/01605134.html
11215137,北條　史也,2015年 公式戦初出場,FALSE,2019,1961001,https://npb.jp/bis/players/11215137.html
63365138,Ｊ．マルテ,2019年 公式戦初出場,TRUE,2019,1961001,https://npb.jp/bis/players/63365138.html
93195131,Ｒ．メッセンジャー,2010年 公式戦初出場,TRUE,2019,1961001,https://npb.jp/bis/players/93195131.html
81685133,森越　祐人,2013年 公式戦初出場,FALSE,2019,1961001,https://npb.jp/bis/players/81685133.html
51855130,守屋　功輝,2016年 公式戦初出場,FALSE,2019,1961001,https://npb.jp/bis/players/51855130.html
81885132,望月　惇志,2016年 公式戦初出場,FALSE,2019,1961001,https://npb.jp/bis/players/81885132.html
81685118,山崎　憲晴,2009年 公式戦初出場,FALSE,2019,1961001,https://npb.jp/bis/players/81685118.html
41845138,湯浅　京己,2019年 入団,FALSE,2019,1961001,https://npb.jp/bis/players/41845138.html
11615139,陽川　尚将,2016年 公式戦初出場,FALSE,2019,1961001,https://npb.jp/bis/players/11615139.html
31635139,横田　慎太郎,2016年 公式戦初出場,FALSE,2019,1961001,https://npb.jp/bis/players/31635139.html
53155130,横山　雄哉,2015年 公式戦初出場,FALSE,2019,1961001,https://npb.jp/bis/players/53155130.html
51155131,秋山　拓巳,2010年 公式戦初出場,FALSE,2020,1961001,https://npb.jp/bis/players/51155131.html
91195133,荒木　郁也,2011年 公式戦初出場,FALSE,2020,1961001,https://npb.jp/bis/players/91195133.html
71175132,青柳　晃洋,2016年 入団,FALSE,2020,1961001,https://npb.jp/bis/players/71175132.html
91195119,糸井　嘉男,2007年 公式戦初出場,FALSE,2020,1961001,https://npb.jp/bis/players/91195119.html
51355112,岩田　稔,2006年 公式戦初出場,FALSE,2020,1961001,https://npb.jp/bis/players/51355112.html
41145135,伊藤　和雄,2012年 公式戦初出場,FALSE,2020,1961001,https://npb.jp/bis/players/41145135.html
81185135,伊藤　隼太,2012年 公式戦初出場,FALSE,2020,1961001,https://npb.jp/bis/players/81185135.html
01105137,飯田　優也,2014年 公式戦初出場,FALSE,2020,1961001,https://npb.jp/bis/players/01105137.html
31335139,岩崎　優,2014年 入団,FALSE,2020,1961001,https://npb.jp/bis/players/31335139.html
51355139,岩貞　祐太,2014年 入団,FALSE,2020,1961001,https://npb.jp/bis/players/51355139.html
91395132,板山　祐太郎,2016年 入団,FALSE,2020,1961001,https://npb.jp/bis/players/91395132.html
81185134,糸原　健斗,2017年 入団,FALSE,2020,1961001,https://npb.jp/bis/players/81185134.html
01105136,石井　将希,2020年 公式戦初出場,FALSE,2020,1961001,https://npb.jp/bis/players/01105136.html
31335151,井上　広大,2020年 入団,FALSE,2020,1961001,https://npb.jp/bis/players/31335151.html
01305118,上本　博紀,2010年 公式戦初出場,FALSE,2020,1961001,https://npb.jp/bis/players/01305118.html
21325139,梅野　隆太郎,2014年 入団,FALSE,2020,1961001,https://npb.jp/bis/players/21325139.html
01305130,植田　海,2015年 入団,FALSE,2020,1961001,https://npb.jp/bis/players/01305130.html
21325130,江越　大賀,2015年 公式戦初出場,FALSE,2020,1961001,https://npb.jp/bis/players/21325130.html
71575151,遠藤　成,2020年 入団,FALSE,2020,1961001,https://npb.jp/bis/players/71575151.html
53355151,Ｊ．エドワーズ,2020年 公式戦初出場,TRUE,2020,1961001,https://npb.jp/bis/players/53355151.html
91395110,岡﨑　太一,2009年 公式戦初出場,FALSE,2020,1961001,https://npb.jp/bis/players/91395110.html
21325134,大山　悠輔,2017年 入団,FALSE,2020,1961001,https://npb.jp/bis/players/21325134.html
61365134,尾仲　祐哉,2017年 公式戦初出場,FALSE,2020,1961001,https://npb.jp/bis/players/61365134.html
81385134,小野　泰己,2017年 公式戦初出場,FALSE,2020,1961001,https://npb.jp/bis/players/81385134.html
31535138,小幡　竜平,2019年 入団,FALSE,2020,1961001,https://npb.jp/bis/players/31535138.html
11715151,小川　一平,2020年 入団,FALSE,2020,1961001,https://npb.jp/bis/players/11715151.html
71775151,小野寺　暖,2020年 入団,FALSE,2020,1961001,https://npb.jp/bis/players/71775151.html
91795151,及川　雅貴,2020年 入団,FALSE,2020,1961001,https://npb.jp/bis/players/91795151.html
33535136,Ｏ．ガルシア,2018年 公式戦初出場,TRUE,2020,1961001,https://npb.jp/bis/players/33535136.html
01505138,片山　雄哉,2022年 公式戦初出場,FALSE,2020,1961001,https://npb.jp/bis/players/01505138.html
11715138,川原　陸,2024年 公式戦初出場,FALSE,2020,1961001,https://npb.jp/bis/players/11715138.html
93395151,Ｊ．ガンケル,2020年 公式戦初出場,TRUE,2020,1961001,https://npb.jp/bis/players/93395151.html
31735138,木浪　聖也,2019年 入団,FALSE,2020,1961001,https://npb.jp/bis/players/31735138.html
31735116,桑原　謙太朗,2008年 公式戦初出場,FALSE,2020,1961001,https://npb.jp/bis/players/31735116.html
81585136,熊谷　敬宥,2018年 入団,FALSE,2020,1961001,https://npb.jp/bis/players/81585136.html
21725134,小林　慶祐,2017年 公式戦初出場,FALSE,2020,1961001,https://npb.jp/bis/players/21725134.html
11915132,坂本　誠志郎,2016年 入団,FALSE,2020,1961001,https://npb.jp/bis/players/11915132.html
41745134,才木　浩人,2017年 入団,FALSE,2020,1961001,https://npb.jp/bis/players/41745134.html
21725138,齋藤　友貴哉,2019年 入団,FALSE,2020,1961001,https://npb.jp/bis/players/21725138.html
63365151,Ｊ．サンズ,2020年 公式戦初出場,TRUE,2020,1961001,https://npb.jp/bis/players/63365151.html
51255131,俊介,2010年 公式戦初出場,FALSE,2020,1961001,https://npb.jp/bis/players/51255131.html
51055133,島本　浩也,2011年 入団,FALSE,2020,1961001,https://npb.jp/bis/players/51055133.html
91995136,島田　海吏,2018年 入団,FALSE,2020,1961001,https://npb.jp/bis/players/91995136.html
53555132,Ｒ．スアレス,2016年 公式戦初出場,TRUE,2020,1961001,https://npb.jp/bis/players/53555132.html
31035132,高野　圭佑,2016年 公式戦初出場,FALSE,2020,1961001,https://npb.jp/bis/players/31035132.html
01005132,髙山　俊,2016年 公式戦初出場,FALSE,2020,1961001,https://npb.jp/bis/players/01005132.html
91095136,髙橋　遥人,2018年 入団,FALSE,2020,1961001,https://npb.jp/bis/players/91095136.html
31235136,谷川　昌希,2018年 公式戦初出場,FALSE,2020,1961001,https://npb.jp/bis/players/31235136.html
71075138,近本　光司,2019年 入団,FALSE,2020,1961001,https://npb.jp/bis/players/71075138.html
51055110,中田　賢一,2005年 公式戦初出場,FALSE,2020,1961001,https://npb.jp/bis/players/51055110.html
51255133,中谷　将大,2012年 公式戦初出場,FALSE,2020,1961001,https://npb.jp/bis/players/51255133.html
91495134,長坂　拳弥,2017年 入団,FALSE,2020,1961001,https://npb.jp/bis/players/91495134.html
71275118,西　勇輝,2009年 入団,FALSE,2020,1961001,https://npb.jp/bis/players/71275118.html
91495151,西　純矢,2020年 入団,FALSE,2020,1961001,https://npb.jp/bis/players/91495151.html
61065110,能見　篤史,2005年 公式戦初出場,FALSE,2020,1961001,https://npb.jp/bis/players/61065110.html
61065131,原口　文仁,2016年 公式戦初出場,FALSE,2020,1961001,https://npb.jp/bis/players/61065131.html
71675134,浜地　真澄,2017年 入団,FALSE,2020,1961001,https://npb.jp/bis/players/71675134.html
41445136,馬場　皐輔,2018年 入団,FALSE,2020,1961001,https://npb.jp/bis/players/41445136.html
61963888,福留　孝介,1999年 公式戦初出場,FALSE,2020,1961001,https://npb.jp/bis/players/61963888.html
71073888,藤川　球児,2000年 公式戦初出場,FALSE,2020,1961001,https://npb.jp/bis/players/71073888.html
41045137,藤浪　晋太郎,2013年 入団,FALSE,2020,1961001,https://npb.jp/bis/players/41045137.html
01605134,福永　春吾,2017年 公式戦初出場,FALSE,2020,1961001,https://npb.jp/bis/players/01605134.html
91695151,藤田　健斗,2020年 入団,FALSE,2020,1961001,https://npb.jp/bis/players/91695151.html
11215137,北條　史也,2015年 公式戦初出場,FALSE,2020,1961001,https://npb.jp/bis/players/11215137.html
63765151,Ｊ．ボーア,2020年 公式戦初出場,TRUE,2020,1961001,https://npb.jp/bis/players/63765151.html
63365138,Ｊ．マルテ,2019年 公式戦初出場,TRUE,2020,1961001,https://npb.jp/bis/players/63365138.html
51855130,守屋　功輝,2016年 公式戦初出場,FALSE,2020,1961001,https://npb.jp/bis/players/51855130.html
81885132,望月　惇志,2016年 公式戦初出場,FALSE,2020,1961001,https://npb.jp/bis/players/81885132.html
41845138,湯浅　京己,2019年 入団,FALSE,2020,1961001,https://npb.jp/bis/players/41845138.html
11615139,陽川　尚将,2016年 公式戦初出場,FALSE,2020,1961001,https://npb.jp/bis/players/11615139.html
53155130,横山　雄哉,2015年 公式戦初出場,FALSE,2020,1961001,https://npb.jp/bis/players/53155130.html
31135111,青木　勇人,2000年 公式戦初出場,FALSE,2010,1968001,https://npb.jp/bis/players/31135111.html
01105115,天谷　宗一郎,2004年 公式戦初出場,FALSE,2010,1968001,https://npb.jp/bis/players/01105115.html
51155110,赤松　真人,2005年 公式戦初出場,FALSE,2010,1968001,https://npb.jp/bis/players/51155110.html
31135112,相澤　寿聡,2010年 公式戦初出場,FALSE,2010,1968001,https://npb.jp/bis/players/31135112.html
31135114,會澤　翼,2007年 入団,FALSE,2010,1968001,https://npb.jp/bis/players/31135114.html
51155114,青木　高広,2007年 公式戦初出場,FALSE,2010,1968001,https://npb.jp/bis/players/51155114.html
91195116,安部　友裕,2011年 公式戦初出場,FALSE,2010,1968001,https://npb.jp/bis/players/91195116.html
65563868,石井　琢朗,1989年 公式戦初出場,FALSE,2010,1968001,https://npb.jp/bis/players/65563868.html
21123888,井生　崇光,2005年 公式戦初出場,FALSE,2010,1968001,https://npb.jp/bis/players/21123888.html
51355115,石原　慶幸,2002年 公式戦初出場,FALSE,2010,1968001,https://npb.jp/bis/players/51355115.html
11315112,今井　啓介,2009年 公式戦初出場,FALSE,2010,1968001,https://npb.jp/bis/players/11315112.html
71375118,岩本　貴裕,2009年 公式戦初出場,FALSE,2010,1968001,https://npb.jp/bis/players/71375118.html
11315131,伊東　昂大,2010年 公式戦初出場,FALSE,2010,1968001,https://npb.jp/bis/players/11315131.html
51355131,今村　猛,2010年 公式戦初出場,FALSE,2010,1968001,https://npb.jp/bis/players/51355131.html
01305113,上村　和裕,2002年 公式戦初出場,FALSE,2010,1968001,https://npb.jp/bis/players/01305113.html
81185110,梅津　智弘,2005年 公式戦初出場,FALSE,2010,1968001,https://npb.jp/bis/players/81185110.html
01305114,上野　弘文,2007年 公式戦初出場,FALSE,2010,1968001,https://npb.jp/bis/players/01305114.html
61365115,大島　崇行,2005年 公式戦初出場,FALSE,2010,1968001,https://npb.jp/bis/players/61365115.html
11515115,大竹　寛,2003年 公式戦初出場,FALSE,2010,1968001,https://npb.jp/bis/players/11515115.html
21325111,河内　貴哉,2000年 公式戦初出場,FALSE,2010,1968001,https://npb.jp/bis/players/21325111.html
61565115,喜田　剛,2003年 公式戦初出場,FALSE,2010,1968001,https://npb.jp/bis/players/61565115.html
01705117,木村　昇吾,2003年 公式戦初出場,FALSE,2010,1968001,https://npb.jp/bis/players/01705117.html
91595110,岸本　秀樹,2005年 公式戦初出場,FALSE,2010,1968001,https://npb.jp/bis/players/91595110.html
31533886,倉　義和,1998年 公式戦初出場,FALSE,2010,1968001,https://npb.jp/bis/players/31533886.html
31535111,栗原　健太,2002年 公式戦初出場,FALSE,2010,1968001,https://npb.jp/bis/players/31535111.html
11715110,小島　心二郎,2005年 公式戦初出場,FALSE,2010,1968001,https://npb.jp/bis/players/11715110.html
51755116,小窪　哲也,2008年 公式戦初出場,FALSE,2010,1968001,https://npb.jp/bis/players/51755116.html
51755118,小松　剛,2009年 公式戦初出場,FALSE,2010,1968001,https://npb.jp/bis/players/51755118.html
61965117,鞘師　智也,2006年 公式戦初出場,FALSE,2010,1968001,https://npb.jp/bis/players/61965117.html
01705110,佐藤　剛士,2006年 公式戦初出場,FALSE,2010,1968001,https://npb.jp/bis/players/01705110.html
81785112,齊藤　悠葵,2006年 公式戦初出場,FALSE,2010,1968001,https://npb.jp/bis/players/81785112.html
61563880,嶋　重宣,1997年 公式戦初出場,FALSE,2010,1968001,https://npb.jp/bis/players/61563880.html
41745119,白濱　裕太,2011年 公式戦初出場,FALSE,2010,1968001,https://npb.jp/bis/players/41745119.html
11915116,篠田　純平,2008年 公式戦初出場,FALSE,2010,1968001,https://npb.jp/bis/players/11915116.html
21825116,Ｍ．シュルツ,2008年 公式戦初出場,TRUE,2010,1968001,https://npb.jp/bis/players/21825116.html
81785131,庄司　隼人,2014年 公式戦初出場,FALSE,2010,1968001,https://npb.jp/bis/players/81785131.html
11815131,ジオ・アルバラード,2010年 公式戦初出場,FALSE,2010,1968001,https://npb.jp/bis/players/11815131.html
11715111,末永　真史,2002年 公式戦初出場,FALSE,2010,1968001,https://npb.jp/bis/players/11715111.html
71975112,鈴木　将光,2012年 公式戦初出場,FALSE,2010,1968001,https://npb.jp/bis/players/71975112.html
83185131,Ｅ．スタルツ,2010年 公式戦初出場,TRUE,2010,1968001,https://npb.jp/bis/players/83185131.html
21925112,梵　英心,2006年 公式戦初出場,FALSE,2010,1968001,https://npb.jp/bis/players/21925112.html
03505118,Ｄ．ソリアーノ,2010年 公式戦初出場,TRUE,2010,1968001,https://npb.jp/bis/players/03505118.html
71773880,高橋　建,1995年 公式戦初出場,FALSE,2010,1968001,https://npb.jp/bis/players/71773880.html
91995110,田中　彰,2005年 公式戦初出場,FALSE,2010,1968001,https://npb.jp/bis/players/91995110.html
71975131,武内　久士,2010年 公式戦初出場,FALSE,2010,1968001,https://npb.jp/bis/players/71975131.html
43345131,Ｖ．チューク,2010年 公式戦初出場,TRUE,2010,1968001,https://npb.jp/bis/players/43345131.html
61965131,堂林　翔太,2010年 入団,FALSE,2010,1968001,https://npb.jp/bis/players/61965131.html
01205117,永川　勝浩,2003年 公式戦初出場,FALSE,2010,1968001,https://npb.jp/bis/players/01205117.html
11215112,中谷　翼,2007年 公式戦初出場,FALSE,2010,1968001,https://npb.jp/bis/players/11215112.html
61265114,中東　直己,2007年 公式戦初出場,FALSE,2010,1968001,https://npb.jp/bis/players/61265114.html
31235118,中田　廉,2010年 公式戦初出場,FALSE,2010,1968001,https://npb.jp/bis/players/31235118.html
71973882,長谷川　昌幸,1997年 公式戦初出場,FALSE,2010,1968001,https://npb.jp/bis/players/71973882.html
11213886,林　昌樹,2001年 公式戦初出場,FALSE,2010,1968001,https://npb.jp/bis/players/11213886.html
21923888,東出　輝裕,1999年 公式戦初出場,FALSE,2010,1968001,https://npb.jp/bis/players/21923888.html
41943888,広池　浩司,1999年 公式戦初出場,FALSE,2010,1968001,https://npb.jp/bis/players/41943888.html
71275113,廣瀬　純,2001年 公式戦初出場,FALSE,2010,1968001,https://npb.jp/bis/players/71275113.html
01805131,Ｊ．ヒューバー,2010年 公式戦初出場,TRUE,2010,1968001,https://npb.jp/bis/players/01805131.html
21825131,Ｊ．フィオレンティーノ,2010年 公式戦初出場,TRUE,2010,1968001,https://npb.jp/bis/players/21825131.html
41445119,Ｊ．ベイル,2004年 公式戦初出場,TRUE,2010,1968001,https://npb.jp/bis/players/41445119.html
31633881,前田　智徳,1990年 公式戦初出場,FALSE,2010,1968001,https://npb.jp/bis/players/31633881.html
21425117,松本　高明,2005年 公式戦初出場,FALSE,2010,1968001,https://npb.jp/bis/players/21425117.html
51655114,前田　健太,2007年 入団,FALSE,2010,1968001,https://npb.jp/bis/players/51655114.html
01405116,松山　竜平,2008年 公式戦初出場,FALSE,2010,1968001,https://npb.jp/bis/players/01405116.html
21425116,丸　佳浩,2008年 入団,FALSE,2010,1968001,https://npb.jp/bis/players/21425116.html
21625114,宮﨑　充登,2007年 公式戦初出場,FALSE,2010,1968001,https://npb.jp/bis/players/21625114.html
61265111,迎　祐一郎,2002年 公式戦初出場,FALSE,2010,1968001,https://npb.jp/bis/players/61265111.html
81485110,森　跳二,2005年 公式戦初出場,FALSE,2010,1968001,https://npb.jp/bis/players/81485110.html
21625115,山本　芳彦,2006年 公式戦初出場,FALSE,2010,1968001,https://npb.jp/bis/players/21625115.html
11213880,横山　竜士,1997年 公式戦初出場,FALSE,2010,1968001,https://npb.jp/bis/players/11213880.html
01105115,天谷　宗一郎,2004年 公式戦初出場,FALSE,2011,1968001,https://npb.jp/bis/players/01105115.html
51155110,赤松　真人,2005年 公式戦初出場,FALSE,2011,1968001,https://npb.jp/bis/players/51155110.html
31135112,相澤　寿聡,2010年 公式戦初出場,FALSE,2011,1968001,https://npb.jp/bis/players/31135112.html
31135114,會澤　翼,2007年 入団,FALSE,2011,1968001,https://npb.jp/bis/players/31135114.html
51155114,青木　高広,2007年 公式戦初出場,FALSE,2011,1968001,https://npb.jp/bis/players/51155114.html
91195116,安部　友裕,2011年 公式戦初出場,FALSE,2011,1968001,https://npb.jp/bis/players/91195116.html
65563868,石井　琢朗,1989年 公式戦初出場,FALSE,2011,1968001,https://npb.jp/bis/players/65563868.html
21123888,井生　崇光,2005年 公式戦初出場,FALSE,2011,1968001,https://npb.jp/bis/players/21123888.html
51355115,石原　慶幸,2002年 公式戦初出場,FALSE,2011,1968001,https://npb.jp/bis/players/51355115.html
11315112,今井　啓介,2009年 公式戦初出場,FALSE,2011,1968001,https://npb.jp/bis/players/11315112.html
71375118,岩本　貴裕,2009年 公式戦初出場,FALSE,2011,1968001,https://npb.jp/bis/players/71375118.html
11315131,伊東　昂大,2010年 公式戦初出場,FALSE,2011,1968001,https://npb.jp/bis/players/11315131.html
51355131,今村　猛,2010年 公式戦初出場,FALSE,2011,1968001,https://npb.jp/bis/players/51355131.html
21125133,池ノ内　亮介,2014年 公式戦初出場,FALSE,2011,1968001,https://npb.jp/bis/players/21125133.html
81185133,磯村　嘉孝,2012年 公式戦初出場,FALSE,2011,1968001,https://npb.jp/bis/players/81185133.html
51355133,岩見　優輝,2011年 公式戦初出場,FALSE,2011,1968001,https://npb.jp/bis/players/51355133.html
01305113,上村　和裕,2002年 公式戦初出場,FALSE,2011,1968001,https://npb.jp/bis/players/01305113.html
81185110,梅津　智弘,2005年 公式戦初出場,FALSE,2011,1968001,https://npb.jp/bis/players/81185110.html
01305114,上野　弘文,2007年 公式戦初出場,FALSE,2011,1968001,https://npb.jp/bis/players/01305114.html
61365115,大島　崇行,2005年 公式戦初出場,FALSE,2011,1968001,https://npb.jp/bis/players/61365115.html
11515115,大竹　寛,2003年 公式戦初出場,FALSE,2011,1968001,https://npb.jp/bis/players/11515115.html
21325111,河内　貴哉,2000年 公式戦初出場,FALSE,2011,1968001,https://npb.jp/bis/players/21325111.html
21323887,菊地原　毅,1997年 公式戦初出場,FALSE,2011,1968001,https://npb.jp/bis/players/21323887.html
01705117,木村　昇吾,2003年 公式戦初出場,FALSE,2011,1968001,https://npb.jp/bis/players/01705117.html
91595110,岸本　秀樹,2005年 公式戦初出場,FALSE,2011,1968001,https://npb.jp/bis/players/91595110.html
31533886,倉　義和,1998年 公式戦初出場,FALSE,2011,1968001,https://npb.jp/bis/players/31533886.html
31535111,栗原　健太,2002年 公式戦初出場,FALSE,2011,1968001,https://npb.jp/bis/players/31535111.html
51755116,小窪　哲也,2008年 公式戦初出場,FALSE,2011,1968001,https://npb.jp/bis/players/51755116.html
51755118,小松　剛,2009年 公式戦初出場,FALSE,2011,1968001,https://npb.jp/bis/players/51755118.html
81785112,齊藤　悠葵,2006年 公式戦初出場,FALSE,2011,1968001,https://npb.jp/bis/players/81785112.html
33135133,Ｄ．サファテ,2011年 公式戦初出場,TRUE,2011,1968001,https://npb.jp/bis/players/33135133.html
61563880,嶋　重宣,1997年 公式戦初出場,FALSE,2011,1968001,https://npb.jp/bis/players/61563880.html
41745119,白濱　裕太,2011年 公式戦初出場,FALSE,2011,1968001,https://npb.jp/bis/players/41745119.html
11915116,篠田　純平,2008年 公式戦初出場,FALSE,2011,1968001,https://npb.jp/bis/players/11915116.html
21825116,Ｍ．シュルツ,2008年 公式戦初出場,TRUE,2011,1968001,https://npb.jp/bis/players/21825116.html
81785131,庄司　隼人,2014年 公式戦初出場,FALSE,2011,1968001,https://npb.jp/bis/players/81785131.html
11815131,ジオ・アルバラード,2010年 公式戦初出場,FALSE,2011,1968001,https://npb.jp/bis/players/11815131.html
11715111,末永　真史,2002年 公式戦初出場,FALSE,2011,1968001,https://npb.jp/bis/players/11715111.html
71975112,鈴木　将光,2012年 公式戦初出場,FALSE,2011,1968001,https://npb.jp/bis/players/71975112.html
21925112,梵　英心,2006年 公式戦初出場,FALSE,2011,1968001,https://npb.jp/bis/players/21925112.html
03505118,Ｄ．ソリアーノ,2010年 公式戦初出場,TRUE,2011,1968001,https://npb.jp/bis/players/03505118.html
71975131,武内　久士,2010年 公式戦初出場,FALSE,2011,1968001,https://npb.jp/bis/players/71975131.html
11215133,弦本　悠希,2011年 公式戦初出場,FALSE,2011,1968001,https://npb.jp/bis/players/11215133.html
61963887,豊田　清,1995年 公式戦初出場,FALSE,2011,1968001,https://npb.jp/bis/players/61963887.html
61965131,堂林　翔太,2010年 入団,FALSE,2011,1968001,https://npb.jp/bis/players/61965131.html
23125133,Ｃ．トレーシー,2011年 公式戦初出場,TRUE,2011,1968001,https://npb.jp/bis/players/23125133.html
01205117,永川　勝浩,2003年 公式戦初出場,FALSE,2011,1968001,https://npb.jp/bis/players/01205117.html
11215112,中谷　翼,2007年 公式戦初出場,FALSE,2011,1968001,https://npb.jp/bis/players/11215112.html
61265114,中東　直己,2007年 公式戦初出場,FALSE,2011,1968001,https://npb.jp/bis/players/61265114.html
31235118,中田　廉,2010年 公式戦初出場,FALSE,2011,1968001,https://npb.jp/bis/players/31235118.html
31235133,中﨑　翔太,2011年 入団,FALSE,2011,1968001,https://npb.jp/bis/players/31235133.html
91295133,中村　恭平,2011年 公式戦初出場,FALSE,2011,1968001,https://npb.jp/bis/players/91295133.html
11213886,林　昌樹,2001年 公式戦初出場,FALSE,2011,1968001,https://npb.jp/bis/players/11213886.html
83185133,Ｂ．バリントン,2011年 公式戦初出場,TRUE,2011,1968001,https://npb.jp/bis/players/83185133.html
63765133,Ｂ．バーデン,2011年 公式戦初出場,TRUE,2011,1968001,https://npb.jp/bis/players/63765133.html
21923888,東出　輝裕,1999年 公式戦初出場,FALSE,2011,1968001,https://npb.jp/bis/players/21923888.html
71275113,廣瀬　純,2001年 公式戦初出場,FALSE,2011,1968001,https://npb.jp/bis/players/71275113.html
31435133,福井　優也,2011年 公式戦初出場,FALSE,2011,1968001,https://npb.jp/bis/players/31435133.html
31633881,前田　智徳,1990年 公式戦初出場,FALSE,2011,1968001,https://npb.jp/bis/players/31633881.html
21425117,松本　高明,2005年 公式戦初出場,FALSE,2011,1968001,https://npb.jp/bis/players/21425117.html
51655114,前田　健太,2007年 入団,FALSE,2011,1968001,https://npb.jp/bis/players/51655114.html
01405116,松山　竜平,2008年 公式戦初出場,FALSE,2011,1968001,https://npb.jp/bis/players/01405116.html
21425116,丸　佳浩,2008年 入団,FALSE,2011,1968001,https://npb.jp/bis/players/21425116.html
21625114,宮﨑　充登,2007年 公式戦初出場,FALSE,2011,1968001,https://npb.jp/bis/players/21625114.html
61265111,迎　祐一郎,2002年 公式戦初出場,FALSE,2011,1968001,https://npb.jp/bis/players/61265111.html
21625115,山本　芳彦,2006年 公式戦初出場,FALSE,2011,1968001,https://npb.jp/bis/players/21625115.html
11213880,横山　竜士,1997年 公式戦初出場,FALSE,2011,1968001,https://npb.jp/bis/players/11213880.html
01105115,天谷　宗一郎,2004年 公式戦初出場,FALSE,2012,1968001,https://npb.jp/bis/players/01105115.html
51155110,赤松　真人,2005年 公式戦初出場,FALSE,2012,1968001,https://npb.jp/bis/players/51155110.html
31135112,相澤　寿聡,2010年 公式戦初出場,FALSE,2012,1968001,https://npb.jp/bis/players/31135112.html
31135114,會澤　翼,2007年 入団,FALSE,2012,1968001,https://npb.jp/bis/players/31135114.html
51155114,青木　高広,2007年 公式戦初出場,FALSE,2012,1968001,https://npb.jp/bis/players/51155114.html
91195116,安部　友裕,2011年 公式戦初出場,FALSE,2012,1968001,https://npb.jp/bis/players/91195116.html
65563868,石井　琢朗,1989年 公式戦初出場,FALSE,2012,1968001,https://npb.jp/bis/players/65563868.html
21123888,井生　崇光,2005年 公式戦初出場,FALSE,2012,1968001,https://npb.jp/bis/players/21123888.html
51355115,石原　慶幸,2002年 公式戦初出場,FALSE,2012,1968001,https://npb.jp/bis/players/51355115.html
11315112,今井　啓介,2009年 公式戦初出場,FALSE,2012,1968001,https://npb.jp/bis/players/11315112.html
71375118,岩本　貴裕,2009年 公式戦初出場,FALSE,2012,1968001,https://npb.jp/bis/players/71375118.html
11315131,伊東　昂大,2010年 公式戦初出場,FALSE,2012,1968001,https://npb.jp/bis/players/11315131.html
51355131,今村　猛,2010年 公式戦初出場,FALSE,2012,1968001,https://npb.jp/bis/players/51355131.html
21125133,池ノ内　亮介,2014年 公式戦初出場,FALSE,2012,1968001,https://npb.jp/bis/players/21125133.html
81185133,磯村　嘉孝,2012年 公式戦初出場,FALSE,2012,1968001,https://npb.jp/bis/players/81185133.html
51355133,岩見　優輝,2011年 公式戦初出場,FALSE,2012,1968001,https://npb.jp/bis/players/51355133.html
01305113,上村　和裕,2002年 公式戦初出場,FALSE,2012,1968001,https://npb.jp/bis/players/01305113.html
81185110,梅津　智弘,2005年 公式戦初出場,FALSE,2012,1968001,https://npb.jp/bis/players/81185110.html
01305114,上野　弘文,2007年 公式戦初出場,FALSE,2012,1968001,https://npb.jp/bis/players/01305114.html
01305117,江草　仁貴,2003年 公式戦初出場,FALSE,2012,1968001,https://npb.jp/bis/players/01305117.html
13515135,Ｂ．エルドレッド,2012年 公式戦初出場,TRUE,2012,1968001,https://npb.jp/bis/players/13515135.html
61365115,大島　崇行,2005年 公式戦初出場,FALSE,2012,1968001,https://npb.jp/bis/players/61365115.html
11515115,大竹　寛,2003年 公式戦初出場,FALSE,2012,1968001,https://npb.jp/bis/players/11515115.html
21325111,河内　貴哉,2000年 公式戦初出場,FALSE,2012,1968001,https://npb.jp/bis/players/21325111.html
21323887,菊地原　毅,1997年 公式戦初出場,FALSE,2012,1968001,https://npb.jp/bis/players/21323887.html
01705117,木村　昇吾,2003年 公式戦初出場,FALSE,2012,1968001,https://npb.jp/bis/players/01705117.html
91595110,岸本　秀樹,2005年 公式戦初出場,FALSE,2012,1968001,https://npb.jp/bis/players/91595110.html
61565135,菊池　涼介,2012年 入団,FALSE,2012,1968001,https://npb.jp/bis/players/61565135.html
31533886,倉　義和,1998年 公式戦初出場,FALSE,2012,1968001,https://npb.jp/bis/players/31533886.html
31535111,栗原　健太,2002年 公式戦初出場,FALSE,2012,1968001,https://npb.jp/bis/players/31535111.html
51755116,小窪　哲也,2008年 公式戦初出場,FALSE,2012,1968001,https://npb.jp/bis/players/51755116.html
51755118,小松　剛,2009年 公式戦初出場,FALSE,2012,1968001,https://npb.jp/bis/players/51755118.html
81785112,齊藤　悠葵,2006年 公式戦初出場,FALSE,2012,1968001,https://npb.jp/bis/players/81785112.html
33135133,Ｄ．サファテ,2011年 公式戦初出場,TRUE,2012,1968001,https://npb.jp/bis/players/33135133.html
61563880,嶋　重宣,1997年 公式戦初出場,FALSE,2012,1968001,https://npb.jp/bis/players/61563880.html
41745119,白濱　裕太,2011年 公式戦初出場,FALSE,2012,1968001,https://npb.jp/bis/players/41745119.html
11915116,篠田　純平,2008年 公式戦初出場,FALSE,2012,1968001,https://npb.jp/bis/players/11915116.html
81785131,庄司　隼人,2014年 公式戦初出場,FALSE,2012,1968001,https://npb.jp/bis/players/81785131.html
11715111,末永　真史,2002年 公式戦初出場,FALSE,2012,1968001,https://npb.jp/bis/players/11715111.html
71975112,鈴木　将光,2012年 公式戦初出場,FALSE,2012,1968001,https://npb.jp/bis/players/71975112.html
21925112,梵　英心,2006年 公式戦初出場,FALSE,2012,1968001,https://npb.jp/bis/players/21925112.html
71975131,武内　久士,2010年 公式戦初出場,FALSE,2012,1968001,https://npb.jp/bis/players/71975131.html
11215133,弦本　悠希,2011年 公式戦初出場,FALSE,2012,1968001,https://npb.jp/bis/players/11215133.html
61965131,堂林　翔太,2010年 入団,FALSE,2012,1968001,https://npb.jp/bis/players/61965131.html
21225135,戸田　隆矢,2012年 公式戦初出場,FALSE,2012,1968001,https://npb.jp/bis/players/21225135.html
01205117,永川　勝浩,2003年 公式戦初出場,FALSE,2012,1968001,https://npb.jp/bis/players/01205117.html
11215112,中谷　翼,2007年 公式戦初出場,FALSE,2012,1968001,https://npb.jp/bis/players/11215112.html
61265114,中東　直己,2007年 公式戦初出場,FALSE,2012,1968001,https://npb.jp/bis/players/61265114.html
31235118,中田　廉,2010年 公式戦初出場,FALSE,2012,1968001,https://npb.jp/bis/players/31235118.html
31235133,中﨑　翔太,2011年 入団,FALSE,2012,1968001,https://npb.jp/bis/players/31235133.html
91295133,中村　恭平,2011年 公式戦初出場,FALSE,2012,1968001,https://npb.jp/bis/players/91295133.html
73175135,ニック,2012年 公式戦初出場,FALSE,2012,1968001,https://npb.jp/bis/players/73175135.html
21425135,野村　祐輔,2012年 公式戦初出場,FALSE,2012,1968001,https://npb.jp/bis/players/21425135.html
83185133,Ｂ．バリントン,2011年 公式戦初出場,TRUE,2012,1968001,https://npb.jp/bis/players/83185133.html
63765133,Ｂ．バーデン,2011年 公式戦初出場,TRUE,2012,1968001,https://npb.jp/bis/players/63765133.html
41445135,土生　翔平,2016年 公式戦初出場,FALSE,2012,1968001,https://npb.jp/bis/players/41445135.html
21923888,東出　輝裕,1999年 公式戦初出場,FALSE,2012,1968001,https://npb.jp/bis/players/21923888.html
71275113,廣瀬　純,2001年 公式戦初出場,FALSE,2012,1968001,https://npb.jp/bis/players/71275113.html
31435133,福井　優也,2011年 公式戦初出場,FALSE,2012,1968001,https://npb.jp/bis/players/31435133.html
31633881,前田　智徳,1990年 公式戦初出場,FALSE,2012,1968001,https://npb.jp/bis/players/31633881.html
21425117,松本　高明,2005年 公式戦初出場,FALSE,2012,1968001,https://npb.jp/bis/players/21425117.html
51655114,前田　健太,2007年 入団,FALSE,2012,1968001,https://npb.jp/bis/players/51655114.html
01405116,松山　竜平,2008年 公式戦初出場,FALSE,2012,1968001,https://npb.jp/bis/players/01405116.html
21425116,丸　佳浩,2008年 入団,FALSE,2012,1968001,https://npb.jp/bis/players/21425116.html
81685135,三家　和真,2017年 公式戦初出場,FALSE,2012,1968001,https://npb.jp/bis/players/81685135.html
83185135,Ｋ．ミコライオ,2012年 公式戦初出場,TRUE,2012,1968001,https://npb.jp/bis/players/83185135.html
61265111,迎　祐一郎,2002年 公式戦初出場,FALSE,2012,1968001,https://npb.jp/bis/players/61265111.html
21625115,山本　芳彦,2006年 公式戦初出場,FALSE,2012,1968001,https://npb.jp/bis/players/21625115.html
11213880,横山　竜士,1997年 公式戦初出場,FALSE,2012,1968001,https://npb.jp/bis/players/11213880.html
01105115,天谷　宗一郎,2004年 公式戦初出場,FALSE,2013,1968001,https://npb.jp/bis/players/01105115.html
51155110,赤松　真人,2005年 公式戦初出場,FALSE,2013,1968001,https://npb.jp/bis/players/51155110.html
31135114,會澤　翼,2007年 入団,FALSE,2013,1968001,https://npb.jp/bis/players/31135114.html
51155114,青木　高広,2007年 公式戦初出場,FALSE,2013,1968001,https://npb.jp/bis/players/51155114.html
91195116,安部　友裕,2011年 公式戦初出場,FALSE,2013,1968001,https://npb.jp/bis/players/91195116.html
51355115,石原　慶幸,2002年 公式戦初出場,FALSE,2013,1968001,https://npb.jp/bis/players/51355115.html
11315112,今井　啓介,2009年 公式戦初出場,FALSE,2013,1968001,https://npb.jp/bis/players/11315112.html
71375118,岩本　貴裕,2009年 公式戦初出場,FALSE,2013,1968001,https://npb.jp/bis/players/71375118.html
11315131,伊東　昂大,2010年 公式戦初出場,FALSE,2013,1968001,https://npb.jp/bis/players/11315131.html
51355131,今村　猛,2010年 公式戦初出場,FALSE,2013,1968001,https://npb.jp/bis/players/51355131.html
21125133,池ノ内　亮介,2014年 公式戦初出場,FALSE,2013,1968001,https://npb.jp/bis/players/21125133.html
81185133,磯村　嘉孝,2012年 公式戦初出場,FALSE,2013,1968001,https://npb.jp/bis/players/81185133.html
51355133,岩見　優輝,2011年 公式戦初出場,FALSE,2013,1968001,https://npb.jp/bis/players/51355133.html
01305113,上村　和裕,2002年 公式戦初出場,FALSE,2013,1968001,https://npb.jp/bis/players/01305113.html
81185110,梅津　智弘,2005年 公式戦初出場,FALSE,2013,1968001,https://npb.jp/bis/players/81185110.html
01305114,上野　弘文,2007年 公式戦初出場,FALSE,2013,1968001,https://npb.jp/bis/players/01305114.html
31335137,上本　崇司,2013年 公式戦初出場,FALSE,2013,1968001,https://npb.jp/bis/players/31335137.html
01305117,江草　仁貴,2003年 公式戦初出場,FALSE,2013,1968001,https://npb.jp/bis/players/01305117.html
13515135,Ｂ．エルドレッド,2012年 公式戦初出場,TRUE,2013,1968001,https://npb.jp/bis/players/13515135.html
61365115,大島　崇行,2005年 公式戦初出場,FALSE,2013,1968001,https://npb.jp/bis/players/61365115.html
11515115,大竹　寛,2003年 公式戦初出場,FALSE,2013,1968001,https://npb.jp/bis/players/11515115.html
91595131,小野　淳平,2011年 公式戦初出場,FALSE,2013,1968001,https://npb.jp/bis/players/91595131.html
21325111,河内　貴哉,2000年 公式戦初出場,FALSE,2013,1968001,https://npb.jp/bis/players/21325111.html
21323887,菊地原　毅,1997年 公式戦初出場,FALSE,2013,1968001,https://npb.jp/bis/players/21323887.html
01705117,木村　昇吾,2003年 公式戦初出場,FALSE,2013,1968001,https://npb.jp/bis/players/01705117.html
91595110,岸本　秀樹,2005年 公式戦初出場,FALSE,2013,1968001,https://npb.jp/bis/players/91595110.html
61565135,菊池　涼介,2012年 入団,FALSE,2013,1968001,https://npb.jp/bis/players/61565135.html
13315137,キラ・カアイフエ,2013年 公式戦初出場,FALSE,2013,1968001,https://npb.jp/bis/players/13315137.html
31533886,倉　義和,1998年 公式戦初出場,FALSE,2013,1968001,https://npb.jp/bis/players/31533886.html
31535111,栗原　健太,2002年 公式戦初出場,FALSE,2013,1968001,https://npb.jp/bis/players/31535111.html
51755116,小窪　哲也,2008年 公式戦初出場,FALSE,2013,1968001,https://npb.jp/bis/players/51755116.html
51755118,小松　剛,2009年 公式戦初出場,FALSE,2013,1968001,https://npb.jp/bis/players/51755118.html
81785112,齊藤　悠葵,2006年 公式戦初出場,FALSE,2013,1968001,https://npb.jp/bis/players/81785112.html
41745119,白濱　裕太,2011年 公式戦初出場,FALSE,2013,1968001,https://npb.jp/bis/players/41745119.html
11915116,篠田　純平,2008年 公式戦初出場,FALSE,2013,1968001,https://npb.jp/bis/players/11915116.html
81785131,庄司　隼人,2014年 公式戦初出場,FALSE,2013,1968001,https://npb.jp/bis/players/81785131.html
91795137,下水流　昂,2013年 公式戦初出場,FALSE,2013,1968001,https://npb.jp/bis/players/91795137.html
71975112,鈴木　将光,2012年 公式戦初出場,FALSE,2013,1968001,https://npb.jp/bis/players/71975112.html
81785137,鈴木　誠也,2013年 公式戦初出場,FALSE,2013,1968001,https://npb.jp/bis/players/81785137.html
21925112,梵　英心,2006年 公式戦初出場,FALSE,2013,1968001,https://npb.jp/bis/players/21925112.html
31835137,Ｍ．ソコロビッチ,2013年 公式戦初出場,TRUE,2013,1968001,https://npb.jp/bis/players/31835137.html
71975131,武内　久士,2010年 公式戦初出場,FALSE,2013,1968001,https://npb.jp/bis/players/71975131.html
51955137,髙橋　大樹,2014年 公式戦初出場,FALSE,2013,1968001,https://npb.jp/bis/players/51955137.html
11215133,弦本　悠希,2011年 公式戦初出場,FALSE,2013,1968001,https://npb.jp/bis/players/11215133.html
61965131,堂林　翔太,2010年 入団,FALSE,2013,1968001,https://npb.jp/bis/players/61965131.html
21225135,戸田　隆矢,2012年 公式戦初出場,FALSE,2013,1968001,https://npb.jp/bis/players/21225135.html
01205117,永川　勝浩,2003年 公式戦初出場,FALSE,2013,1968001,https://npb.jp/bis/players/01205117.html
11215112,中谷　翼,2007年 公式戦初出場,FALSE,2013,1968001,https://npb.jp/bis/players/11215112.html
61265114,中東　直己,2007年 公式戦初出場,FALSE,2013,1968001,https://npb.jp/bis/players/61265114.html
31235118,中田　廉,2010年 公式戦初出場,FALSE,2013,1968001,https://npb.jp/bis/players/31235118.html
31235133,中﨑　翔太,2011年 入団,FALSE,2013,1968001,https://npb.jp/bis/players/31235133.html
91295133,中村　恭平,2011年 公式戦初出場,FALSE,2013,1968001,https://npb.jp/bis/players/91295133.html
73175135,ニック,2012年 公式戦初出場,FALSE,2013,1968001,https://npb.jp/bis/players/73175135.html
21425135,野村　祐輔,2012年 公式戦初出場,FALSE,2013,1968001,https://npb.jp/bis/players/21425135.html
83185133,Ｂ．バリントン,2011年 公式戦初出場,TRUE,2013,1968001,https://npb.jp/bis/players/83185133.html
41445135,土生　翔平,2016年 公式戦初出場,FALSE,2013,1968001,https://npb.jp/bis/players/41445135.html
21923888,東出　輝裕,1999年 公式戦初出場,FALSE,2013,1968001,https://npb.jp/bis/players/21923888.html
71275113,廣瀬　純,2001年 公式戦初出場,FALSE,2013,1968001,https://npb.jp/bis/players/71275113.html
21225115,久本　祐一,2002年 公式戦初出場,FALSE,2013,1968001,https://npb.jp/bis/players/21225115.html
31435133,福井　優也,2011年 公式戦初出場,FALSE,2013,1968001,https://npb.jp/bis/players/31435133.html
31633881,前田　智徳,1990年 公式戦初出場,FALSE,2013,1968001,https://npb.jp/bis/players/31633881.html
21425117,松本　高明,2005年 公式戦初出場,FALSE,2013,1968001,https://npb.jp/bis/players/21425117.html
51655114,前田　健太,2007年 入団,FALSE,2013,1968001,https://npb.jp/bis/players/51655114.html
01405116,松山　竜平,2008年 公式戦初出場,FALSE,2013,1968001,https://npb.jp/bis/players/01405116.html
21425116,丸　佳浩,2008年 入団,FALSE,2013,1968001,https://npb.jp/bis/players/21425116.html
81685135,三家　和真,2017年 公式戦初出場,FALSE,2013,1968001,https://npb.jp/bis/players/81685135.html
83185135,Ｋ．ミコライオ,2012年 公式戦初出場,TRUE,2013,1968001,https://npb.jp/bis/players/83185135.html
11415137,美間　優槻,2015年 公式戦初出場,FALSE,2013,1968001,https://npb.jp/bis/players/11415137.html
61265111,迎　祐一郎,2002年 公式戦初出場,FALSE,2013,1968001,https://npb.jp/bis/players/61265111.html
11213880,横山　竜士,1997年 公式戦初出場,FALSE,2013,1968001,https://npb.jp/bis/players/11213880.html
33135137,Ｆ．ルイス,2013年 公式戦初出場,TRUE,2013,1968001,https://npb.jp/bis/players/33135137.html
01105115,天谷　宗一郎,2004年 公式戦初出場,FALSE,2014,1968001,https://npb.jp/bis/players/01105115.html
51155110,赤松　真人,2005年 公式戦初出場,FALSE,2014,1968001,https://npb.jp/bis/players/51155110.html
31135114,會澤　翼,2007年 入団,FALSE,2014,1968001,https://npb.jp/bis/players/31135114.html
91195116,安部　友裕,2011年 公式戦初出場,FALSE,2014,1968001,https://npb.jp/bis/players/91195116.html
51355115,石原　慶幸,2002年 公式戦初出場,FALSE,2014,1968001,https://npb.jp/bis/players/51355115.html
11315112,今井　啓介,2009年 公式戦初出場,FALSE,2014,1968001,https://npb.jp/bis/players/11315112.html
71375118,岩本　貴裕,2009年 公式戦初出場,FALSE,2014,1968001,https://npb.jp/bis/players/71375118.html
51355131,今村　猛,2010年 公式戦初出場,FALSE,2014,1968001,https://npb.jp/bis/players/51355131.html
21125133,池ノ内　亮介,2014年 公式戦初出場,FALSE,2014,1968001,https://npb.jp/bis/players/21125133.html
81185133,磯村　嘉孝,2012年 公式戦初出場,FALSE,2014,1968001,https://npb.jp/bis/players/81185133.html
51355133,岩見　優輝,2011年 公式戦初出場,FALSE,2014,1968001,https://npb.jp/bis/players/51355133.html
21125135,一岡　竜司,2012年 公式戦初出場,FALSE,2014,1968001,https://npb.jp/bis/players/21125135.html
01305113,上村　和裕,2002年 公式戦初出場,FALSE,2014,1968001,https://npb.jp/bis/players/01305113.html
81185110,梅津　智弘,2005年 公式戦初出場,FALSE,2014,1968001,https://npb.jp/bis/players/81185110.html
01305114,上野　弘文,2007年 公式戦初出場,FALSE,2014,1968001,https://npb.jp/bis/players/01305114.html
31335137,上本　崇司,2013年 公式戦初出場,FALSE,2014,1968001,https://npb.jp/bis/players/31335137.html
01305117,江草　仁貴,2003年 公式戦初出場,FALSE,2014,1968001,https://npb.jp/bis/players/01305117.html
13515135,Ｂ．エルドレッド,2012年 公式戦初出場,TRUE,2014,1968001,https://npb.jp/bis/players/13515135.html
61365115,大島　崇行,2005年 公式戦初出場,FALSE,2014,1968001,https://npb.jp/bis/players/61365115.html
91595131,小野　淳平,2011年 公式戦初出場,FALSE,2014,1968001,https://npb.jp/bis/players/91595131.html
61365139,大瀬良　大地,2014年 入団,FALSE,2014,1968001,https://npb.jp/bis/players/61365139.html
21325111,河内　貴哉,2000年 公式戦初出場,FALSE,2014,1968001,https://npb.jp/bis/players/21325111.html
01705117,木村　昇吾,2003年 公式戦初出場,FALSE,2014,1968001,https://npb.jp/bis/players/01705117.html
61565135,菊池　涼介,2012年 入団,FALSE,2014,1968001,https://npb.jp/bis/players/61565135.html
13315137,キラ・カアイフエ,2013年 公式戦初出場,FALSE,2014,1968001,https://npb.jp/bis/players/13315137.html
31533886,倉　義和,1998年 公式戦初出場,FALSE,2014,1968001,https://npb.jp/bis/players/31533886.html
31535111,栗原　健太,2002年 公式戦初出場,FALSE,2014,1968001,https://npb.jp/bis/players/31535111.html
71775139,九里　亜蓮,2014年 入団,FALSE,2014,1968001,https://npb.jp/bis/players/71775139.html
51755116,小窪　哲也,2008年 公式戦初出場,FALSE,2014,1968001,https://npb.jp/bis/players/51755116.html
81785112,齊藤　悠葵,2006年 公式戦初出場,FALSE,2014,1968001,https://npb.jp/bis/players/81785112.html
41745119,白濱　裕太,2011年 公式戦初出場,FALSE,2014,1968001,https://npb.jp/bis/players/41745119.html
11915116,篠田　純平,2008年 公式戦初出場,FALSE,2014,1968001,https://npb.jp/bis/players/11915116.html
81785131,庄司　隼人,2014年 公式戦初出場,FALSE,2014,1968001,https://npb.jp/bis/players/81785131.html
91795137,下水流　昂,2013年 公式戦初出場,FALSE,2014,1968001,https://npb.jp/bis/players/91795137.html
71975112,鈴木　将光,2012年 公式戦初出場,FALSE,2014,1968001,https://npb.jp/bis/players/71975112.html
81785137,鈴木　誠也,2013年 公式戦初出場,FALSE,2014,1968001,https://npb.jp/bis/players/81785137.html
21925112,梵　英心,2006年 公式戦初出場,FALSE,2014,1968001,https://npb.jp/bis/players/21925112.html
71975131,武内　久士,2010年 公式戦初出場,FALSE,2014,1968001,https://npb.jp/bis/players/71975131.html
51955137,髙橋　大樹,2014年 公式戦初出場,FALSE,2014,1968001,https://npb.jp/bis/players/51955137.html
61965139,田中　広輔,2014年 公式戦初出場,FALSE,2014,1968001,https://npb.jp/bis/players/61965139.html
61965131,堂林　翔太,2010年 入団,FALSE,2014,1968001,https://npb.jp/bis/players/61965131.html
21225135,戸田　隆矢,2012年 公式戦初出場,FALSE,2014,1968001,https://npb.jp/bis/players/21225135.html
01205117,永川　勝浩,2003年 公式戦初出場,FALSE,2014,1968001,https://npb.jp/bis/players/01205117.html
61265114,中東　直己,2007年 公式戦初出場,FALSE,2014,1968001,https://npb.jp/bis/players/61265114.html
31235118,中田　廉,2010年 公式戦初出場,FALSE,2014,1968001,https://npb.jp/bis/players/31235118.html
31235133,中﨑　翔太,2011年 入団,FALSE,2014,1968001,https://npb.jp/bis/players/31235133.html
91295133,中村　恭平,2011年 公式戦初出場,FALSE,2014,1968001,https://npb.jp/bis/players/91295133.html
71075139,中村　祐太,2014年 入団,FALSE,2014,1968001,https://npb.jp/bis/players/71075139.html
01005139,西原　圭大,2014年 公式戦初出場,FALSE,2014,1968001,https://npb.jp/bis/players/01005139.html
21425135,野村　祐輔,2012年 公式戦初出場,FALSE,2014,1968001,https://npb.jp/bis/players/21425135.html
83185133,Ｂ．バリントン,2011年 公式戦初出場,TRUE,2014,1968001,https://npb.jp/bis/players/83185133.html
41445135,土生　翔平,2016年 公式戦初出場,FALSE,2014,1968001,https://npb.jp/bis/players/41445135.html
21923888,東出　輝裕,1999年 公式戦初出場,FALSE,2014,1968001,https://npb.jp/bis/players/21923888.html
71275113,廣瀬　純,2001年 公式戦初出場,FALSE,2014,1968001,https://npb.jp/bis/players/71275113.html
21225115,久本　祐一,2002年 公式戦初出場,FALSE,2014,1968001,https://npb.jp/bis/players/21225115.html
23525139,Ｄ．ヒース,2014年 公式戦初出場,TRUE,2014,1968001,https://npb.jp/bis/players/23525139.html
31435133,福井　優也,2011年 公式戦初出場,FALSE,2014,1968001,https://npb.jp/bis/players/31435133.html
53155139,Ｚ．フィリップス,2014年 公式戦初出場,TRUE,2014,1968001,https://npb.jp/bis/players/53155139.html
21425117,松本　高明,2005年 公式戦初出場,FALSE,2014,1968001,https://npb.jp/bis/players/21425117.html
51655114,前田　健太,2007年 入団,FALSE,2014,1968001,https://npb.jp/bis/players/51655114.html
01405116,松山　竜平,2008年 公式戦初出場,FALSE,2014,1968001,https://npb.jp/bis/players/01405116.html
21425116,丸　佳浩,2008年 入団,FALSE,2014,1968001,https://npb.jp/bis/players/21425116.html
83185135,Ｋ．ミコライオ,2012年 公式戦初出場,TRUE,2014,1968001,https://npb.jp/bis/players/83185135.html
11415137,美間　優槻,2015年 公式戦初出場,FALSE,2014,1968001,https://npb.jp/bis/players/11415137.html
61265111,迎　祐一郎,2002年 公式戦初出場,FALSE,2014,1968001,https://npb.jp/bis/players/61265111.html
11213880,横山　竜士,1997年 公式戦初出場,FALSE,2014,1968001,https://npb.jp/bis/players/11213880.html
53355139,Ｒ．ロサリオ,2014年 公式戦初出場,TRUE,2014,1968001,https://npb.jp/bis/players/53355139.html
01103888,新井　貴浩,1999年 公式戦初出場,FALSE,2015,1968001,https://npb.jp/bis/players/01103888.html
01105115,天谷　宗一郎,2004年 公式戦初出場,FALSE,2015,1968001,https://npb.jp/bis/players/01105115.html
51155110,赤松　真人,2005年 公式戦初出場,FALSE,2015,1968001,https://npb.jp/bis/players/51155110.html
31135114,會澤　翼,2007年 入団,FALSE,2015,1968001,https://npb.jp/bis/players/31135114.html
91195116,安部　友裕,2011年 公式戦初出場,FALSE,2015,1968001,https://npb.jp/bis/players/91195116.html
51355115,石原　慶幸,2002年 公式戦初出場,FALSE,2015,1968001,https://npb.jp/bis/players/51355115.html
11315112,今井　啓介,2009年 公式戦初出場,FALSE,2015,1968001,https://npb.jp/bis/players/11315112.html
71375118,岩本　貴裕,2009年 公式戦初出場,FALSE,2015,1968001,https://npb.jp/bis/players/71375118.html
51355131,今村　猛,2010年 公式戦初出場,FALSE,2015,1968001,https://npb.jp/bis/players/51355131.html
21125133,池ノ内　亮介,2014年 公式戦初出場,FALSE,2015,1968001,https://npb.jp/bis/players/21125133.html
81185133,磯村　嘉孝,2012年 公式戦初出場,FALSE,2015,1968001,https://npb.jp/bis/players/81185133.html
51355133,岩見　優輝,2011年 公式戦初出場,FALSE,2015,1968001,https://npb.jp/bis/players/51355133.html
21125135,一岡　竜司,2012年 公式戦初出場,FALSE,2015,1968001,https://npb.jp/bis/players/21125135.html
91195130,飯田　哲矢,2015年 公式戦初出場,FALSE,2015,1968001,https://npb.jp/bis/players/91195130.html
31335137,上本　崇司,2013年 公式戦初出場,FALSE,2015,1968001,https://npb.jp/bis/players/31335137.html
01305117,江草　仁貴,2003年 公式戦初出場,FALSE,2015,1968001,https://npb.jp/bis/players/01305117.html
13515135,Ｂ．エルドレッド,2012年 公式戦初出場,TRUE,2015,1968001,https://npb.jp/bis/players/13515135.html
91595131,小野　淳平,2011年 公式戦初出場,FALSE,2015,1968001,https://npb.jp/bis/players/91595131.html
61365139,大瀬良　大地,2014年 入団,FALSE,2015,1968001,https://npb.jp/bis/players/61365139.html
21325111,河内　貴哉,2000年 公式戦初出場,FALSE,2015,1968001,https://npb.jp/bis/players/21325111.html
01705117,木村　昇吾,2003年 公式戦初出場,FALSE,2015,1968001,https://npb.jp/bis/players/01705117.html
61565135,菊池　涼介,2012年 入団,FALSE,2015,1968001,https://npb.jp/bis/players/61565135.html
21523884,黒田　博樹,1997年 公式戦初出場,FALSE,2015,1968001,https://npb.jp/bis/players/21523884.html
31533886,倉　義和,1998年 公式戦初出場,FALSE,2015,1968001,https://npb.jp/bis/players/31533886.html
31535111,栗原　健太,2002年 公式戦初出場,FALSE,2015,1968001,https://npb.jp/bis/players/31535111.html
71775139,九里　亜蓮,2014年 入団,FALSE,2015,1968001,https://npb.jp/bis/players/71775139.html
21725130,桒原　樹,2020年 公式戦初出場,FALSE,2015,1968001,https://npb.jp/bis/players/21725130.html
83185130,Ｊ．グスマン,2015年 公式戦初出場,TRUE,2015,1968001,https://npb.jp/bis/players/83185130.html
51755116,小窪　哲也,2008年 公式戦初出場,FALSE,2015,1968001,https://npb.jp/bis/players/51755116.html
61765116,佐藤　祥万,2008年 公式戦初出場,FALSE,2015,1968001,https://npb.jp/bis/players/61765116.html
13315130,Ｍ．ザガースキー,2015年 公式戦初出場,TRUE,2015,1968001,https://npb.jp/bis/players/13315130.html
41745119,白濱　裕太,2011年 公式戦初出場,FALSE,2015,1968001,https://npb.jp/bis/players/41745119.html
11915116,篠田　純平,2008年 公式戦初出場,FALSE,2015,1968001,https://npb.jp/bis/players/11915116.html
81785131,庄司　隼人,2014年 公式戦初出場,FALSE,2015,1968001,https://npb.jp/bis/players/81785131.html
91795137,下水流　昂,2013年 公式戦初出場,FALSE,2015,1968001,https://npb.jp/bis/players/91795137.html
53355130,Ｋ．ジョンソン,2015年 公式戦初出場,TRUE,2015,1968001,https://npb.jp/bis/players/53355130.html
13715130,Ｎ．シアーホルツ,2015年 公式戦初出場,TRUE,2015,1968001,https://npb.jp/bis/players/13715130.html
71975112,鈴木　将光,2012年 公式戦初出場,FALSE,2015,1968001,https://npb.jp/bis/players/71975112.html
81785137,鈴木　誠也,2013年 公式戦初出場,FALSE,2015,1968001,https://npb.jp/bis/players/81785137.html
21925112,梵　英心,2006年 公式戦初出場,FALSE,2015,1968001,https://npb.jp/bis/players/21925112.html
71975131,武内　久士,2010年 公式戦初出場,FALSE,2015,1968001,https://npb.jp/bis/players/71975131.html
51955137,髙橋　大樹,2014年 公式戦初出場,FALSE,2015,1968001,https://npb.jp/bis/players/51955137.html
61965139,田中　広輔,2014年 公式戦初出場,FALSE,2015,1968001,https://npb.jp/bis/players/61965139.html
61965131,堂林　翔太,2010年 入団,FALSE,2015,1968001,https://npb.jp/bis/players/61965131.html
21225135,戸田　隆矢,2012年 公式戦初出場,FALSE,2015,1968001,https://npb.jp/bis/players/21225135.html
01205117,永川　勝浩,2003年 公式戦初出場,FALSE,2015,1968001,https://npb.jp/bis/players/01205117.html
61265114,中東　直己,2007年 公式戦初出場,FALSE,2015,1968001,https://npb.jp/bis/players/61265114.html
31235118,中田　廉,2010年 公式戦初出場,FALSE,2015,1968001,https://npb.jp/bis/players/31235118.html
31235133,中﨑　翔太,2011年 入団,FALSE,2015,1968001,https://npb.jp/bis/players/31235133.html
91295133,中村　恭平,2011年 公式戦初出場,FALSE,2015,1968001,https://npb.jp/bis/players/91295133.html
71075139,中村　祐太,2014年 入団,FALSE,2015,1968001,https://npb.jp/bis/players/71075139.html
01005139,西原　圭大,2014年 公式戦初出場,FALSE,2015,1968001,https://npb.jp/bis/players/01005139.html
21425135,野村　祐輔,2012年 公式戦初出場,FALSE,2015,1968001,https://npb.jp/bis/players/21425135.html
01405130,野間　峻祥,2015年 入団,FALSE,2015,1968001,https://npb.jp/bis/players/01405130.html
41445135,土生　翔平,2016年 公式戦初出場,FALSE,2015,1968001,https://npb.jp/bis/players/41445135.html
21923888,東出　輝裕,1999年 公式戦初出場,FALSE,2015,1968001,https://npb.jp/bis/players/21923888.html
71275113,廣瀬　純,2001年 公式戦初出場,FALSE,2015,1968001,https://npb.jp/bis/players/71275113.html
21225115,久本　祐一,2002年 公式戦初出場,FALSE,2015,1968001,https://npb.jp/bis/players/21225115.html
23525139,Ｄ．ヒース,2014年 公式戦初出場,TRUE,2015,1968001,https://npb.jp/bis/players/23525139.html
31435133,福井　優也,2011年 公式戦初出場,FALSE,2015,1968001,https://npb.jp/bis/players/31435133.html
51655130,藤井　皓哉,2015年 入団,FALSE,2015,1968001,https://npb.jp/bis/players/51655130.html
21625130,塹江　敦哉,2015年 入団,FALSE,2015,1968001,https://npb.jp/bis/players/21625130.html
51655114,前田　健太,2007年 入団,FALSE,2015,1968001,https://npb.jp/bis/players/51655114.html
01405116,松山　竜平,2008年 公式戦初出場,FALSE,2015,1968001,https://npb.jp/bis/players/01405116.html
21425116,丸　佳浩,2008年 入団,FALSE,2015,1968001,https://npb.jp/bis/players/21425116.html
11415137,美間　優槻,2015年 公式戦初出場,FALSE,2015,1968001,https://npb.jp/bis/players/11415137.html
91895130,薮田　和樹,2015年 公式戦初出場,FALSE,2015,1968001,https://npb.jp/bis/players/91895130.html
53355139,Ｒ．ロサリオ,2014年 公式戦初出場,TRUE,2015,1968001,https://npb.jp/bis/players/53355139.html
01103888,新井　貴浩,1999年 公式戦初出場,FALSE,2016,1968001,https://npb.jp/bis/players/01103888.html
01105115,天谷　宗一郎,2004年 公式戦初出場,FALSE,2016,1968001,https://npb.jp/bis/players/01105115.html
51155110,赤松　真人,2005年 公式戦初出場,FALSE,2016,1968001,https://npb.jp/bis/players/51155110.html
31135114,會澤　翼,2007年 入団,FALSE,2016,1968001,https://npb.jp/bis/players/31135114.html
91195116,安部　友裕,2011年 公式戦初出場,FALSE,2016,1968001,https://npb.jp/bis/players/91195116.html
51355115,石原　慶幸,2002年 公式戦初出場,FALSE,2016,1968001,https://npb.jp/bis/players/51355115.html
11315112,今井　啓介,2009年 公式戦初出場,FALSE,2016,1968001,https://npb.jp/bis/players/11315112.html
71375118,岩本　貴裕,2009年 公式戦初出場,FALSE,2016,1968001,https://npb.jp/bis/players/71375118.html
51355131,今村　猛,2010年 公式戦初出場,FALSE,2016,1968001,https://npb.jp/bis/players/51355131.html
81185133,磯村　嘉孝,2012年 公式戦初出場,FALSE,2016,1968001,https://npb.jp/bis/players/81185133.html
21125135,一岡　竜司,2012年 公式戦初出場,FALSE,2016,1968001,https://npb.jp/bis/players/21125135.html
91195130,飯田　哲矢,2015年 公式戦初出場,FALSE,2016,1968001,https://npb.jp/bis/players/91195130.html
31335137,上本　崇司,2013年 公式戦初出場,FALSE,2016,1968001,https://npb.jp/bis/players/31335137.html
01305117,江草　仁貴,2003年 公式戦初出場,FALSE,2016,1968001,https://npb.jp/bis/players/01305117.html
13515135,Ｂ．エルドレッド,2012年 公式戦初出場,TRUE,2016,1968001,https://npb.jp/bis/players/13515135.html
91595131,小野　淳平,2011年 公式戦初出場,FALSE,2016,1968001,https://npb.jp/bis/players/91595131.html
61365139,大瀬良　大地,2014年 入団,FALSE,2016,1968001,https://npb.jp/bis/players/61365139.html
91595132,岡田　明丈,2016年 公式戦初出場,FALSE,2016,1968001,https://npb.jp/bis/players/91595132.html
61265132,オスカル,2016年 公式戦初出場,FALSE,2016,1968001,https://npb.jp/bis/players/61265132.html
61565135,菊池　涼介,2012年 入団,FALSE,2016,1968001,https://npb.jp/bis/players/61565135.html
21523884,黒田　博樹,1997年 公式戦初出場,FALSE,2016,1968001,https://npb.jp/bis/players/21523884.html
31533886,倉　義和,1998年 公式戦初出場,FALSE,2016,1968001,https://npb.jp/bis/players/31533886.html
71775139,九里　亜蓮,2014年 入団,FALSE,2016,1968001,https://npb.jp/bis/players/71775139.html
21725130,桒原　樹,2020年 公式戦初出場,FALSE,2016,1968001,https://npb.jp/bis/players/21725130.html
51755116,小窪　哲也,2008年 公式戦初出場,FALSE,2016,1968001,https://npb.jp/bis/players/51755116.html
61765116,佐藤　祥万,2008年 公式戦初出場,FALSE,2016,1968001,https://npb.jp/bis/players/61765116.html
41745119,白濱　裕太,2011年 公式戦初出場,FALSE,2016,1968001,https://npb.jp/bis/players/41745119.html
81785131,庄司　隼人,2014年 公式戦初出場,FALSE,2016,1968001,https://npb.jp/bis/players/81785131.html
91795137,下水流　昂,2013年 公式戦初出場,FALSE,2016,1968001,https://npb.jp/bis/players/91795137.html
53355130,Ｋ．ジョンソン,2015年 公式戦初出場,TRUE,2016,1968001,https://npb.jp/bis/players/53355130.html
13515132,Ｊ．ジャクソン,2016年 公式戦初出場,TRUE,2016,1968001,https://npb.jp/bis/players/13515132.html
81785137,鈴木　誠也,2013年 公式戦初出場,FALSE,2016,1968001,https://npb.jp/bis/players/81785137.html
21925112,梵　英心,2006年 公式戦初出場,FALSE,2016,1968001,https://npb.jp/bis/players/21925112.html
51955137,髙橋　大樹,2014年 公式戦初出場,FALSE,2016,1968001,https://npb.jp/bis/players/51955137.html
61965139,田中　広輔,2014年 公式戦初出場,FALSE,2016,1968001,https://npb.jp/bis/players/61965139.html
91095132,高橋　樹也,2017年 公式戦初出場,FALSE,2016,1968001,https://npb.jp/bis/players/91095132.html
43045132,Ｓ．デラバー,2016年 公式戦初出場,TRUE,2016,1968001,https://npb.jp/bis/players/43045132.html
61965131,堂林　翔太,2010年 入団,FALSE,2016,1968001,https://npb.jp/bis/players/61965131.html
21225135,戸田　隆矢,2012年 公式戦初出場,FALSE,2016,1968001,https://npb.jp/bis/players/21225135.html
01205117,永川　勝浩,2003年 公式戦初出場,FALSE,2016,1968001,https://npb.jp/bis/players/01205117.html
61265114,中東　直己,2007年 公式戦初出場,FALSE,2016,1968001,https://npb.jp/bis/players/61265114.html
31235118,中田　廉,2010年 公式戦初出場,FALSE,2016,1968001,https://npb.jp/bis/players/31235118.html
31235133,中﨑　翔太,2011年 入団,FALSE,2016,1968001,https://npb.jp/bis/players/31235133.html
91295133,中村　恭平,2011年 公式戦初出場,FALSE,2016,1968001,https://npb.jp/bis/players/91295133.html
71075139,中村　祐太,2014年 入団,FALSE,2016,1968001,https://npb.jp/bis/players/71075139.html
01005139,西原　圭大,2014年 公式戦初出場,FALSE,2016,1968001,https://npb.jp/bis/players/01005139.html
71475132,西川　龍馬,2016年 入団,FALSE,2016,1968001,https://npb.jp/bis/players/71475132.html
21425135,野村　祐輔,2012年 公式戦初出場,FALSE,2016,1968001,https://npb.jp/bis/players/21425135.html
01405130,野間　峻祥,2015年 入団,FALSE,2016,1968001,https://npb.jp/bis/players/01405130.html
41445135,土生　翔平,2016年 公式戦初出場,FALSE,2016,1968001,https://npb.jp/bis/players/41445135.html
23925132,Ｘ．バティスタ,2017年 公式戦初出場,TRUE,2016,1968001,https://npb.jp/bis/players/23925132.html
71275113,廣瀬　純,2001年 公式戦初出場,FALSE,2016,1968001,https://npb.jp/bis/players/71275113.html
21225115,久本　祐一,2002年 公式戦初出場,FALSE,2016,1968001,https://npb.jp/bis/players/21225115.html
31435133,福井　優也,2011年 公式戦初出場,FALSE,2016,1968001,https://npb.jp/bis/players/31435133.html
51655130,藤井　皓哉,2015年 入団,FALSE,2016,1968001,https://npb.jp/bis/players/51655130.html
81685132,船越　涼太,2016年 公式戦初出場,FALSE,2016,1968001,https://npb.jp/bis/players/81685132.html
93795132,Ｂ．ヘーゲンズ,2016年 公式戦初出場,TRUE,2016,1968001,https://npb.jp/bis/players/93795132.html
21625130,塹江　敦哉,2015年 入団,FALSE,2016,1968001,https://npb.jp/bis/players/21625130.html
01405116,松山　竜平,2008年 公式戦初出場,FALSE,2016,1968001,https://npb.jp/bis/players/01405116.html
21425116,丸　佳浩,2008年 入団,FALSE,2016,1968001,https://npb.jp/bis/players/21425116.html
11415137,美間　優槻,2015年 公式戦初出場,FALSE,2016,1968001,https://npb.jp/bis/players/11415137.html
43945132,Ａ．メヒア,2017年 公式戦初出場,TRUE,2016,1968001,https://npb.jp/bis/players/43945132.html
91895130,薮田　和樹,2015年 公式戦初出場,FALSE,2016,1968001,https://npb.jp/bis/players/91895130.html
23125132,横山　弘樹,2016年 公式戦初出場,FALSE,2016,1968001,https://npb.jp/bis/players/23125132.html
53155137,Ｈ．ルナ,2013年 公式戦初出場,TRUE,2016,1968001,https://npb.jp/bis/players/53155137.html
01103888,新井　貴浩,1999年 公式戦初出場,FALSE,2017,1968001,https://npb.jp/bis/players/01103888.html
01105115,天谷　宗一郎,2004年 公式戦初出場,FALSE,2017,1968001,https://npb.jp/bis/players/01105115.html
51155110,赤松　真人,2005年 公式戦初出場,FALSE,2017,1968001,https://npb.jp/bis/players/51155110.html
31135114,會澤　翼,2007年 入団,FALSE,2017,1968001,https://npb.jp/bis/players/31135114.html
91195116,安部　友裕,2011年 公式戦初出場,FALSE,2017,1968001,https://npb.jp/bis/players/91195116.html
31135134,アドゥワ　誠,2017年 入団,FALSE,2017,1968001,https://npb.jp/bis/players/31135134.html
51355115,石原　慶幸,2002年 公式戦初出場,FALSE,2017,1968001,https://npb.jp/bis/players/51355115.html
11315112,今井　啓介,2009年 公式戦初出場,FALSE,2017,1968001,https://npb.jp/bis/players/11315112.html
71375118,岩本　貴裕,2009年 公式戦初出場,FALSE,2017,1968001,https://npb.jp/bis/players/71375118.html
51355131,今村　猛,2010年 公式戦初出場,FALSE,2017,1968001,https://npb.jp/bis/players/51355131.html
81185133,磯村　嘉孝,2012年 公式戦初出場,FALSE,2017,1968001,https://npb.jp/bis/players/81185133.html
21125135,一岡　竜司,2012年 公式戦初出場,FALSE,2017,1968001,https://npb.jp/bis/players/21125135.html
91195130,飯田　哲矢,2015年 公式戦初出場,FALSE,2017,1968001,https://npb.jp/bis/players/91195130.html
31335137,上本　崇司,2013年 公式戦初出場,FALSE,2017,1968001,https://npb.jp/bis/players/31335137.html
01305117,江草　仁貴,2003年 公式戦初出場,FALSE,2017,1968001,https://npb.jp/bis/players/01305117.html
13515135,Ｂ．エルドレッド,2012年 公式戦初出場,TRUE,2017,1968001,https://npb.jp/bis/players/13515135.html
91595131,小野　淳平,2011年 公式戦初出場,FALSE,2017,1968001,https://npb.jp/bis/players/91595131.html
61365139,大瀬良　大地,2014年 入団,FALSE,2017,1968001,https://npb.jp/bis/players/61365139.html
91595132,岡田　明丈,2016年 公式戦初出場,FALSE,2017,1968001,https://npb.jp/bis/players/91595132.html
61265132,オスカル,2016年 公式戦初出場,FALSE,2017,1968001,https://npb.jp/bis/players/61265132.html
71575134,加藤　拓也,2017年 入団,FALSE,2017,1968001,https://npb.jp/bis/players/71575134.html
61565135,菊池　涼介,2012年 入団,FALSE,2017,1968001,https://npb.jp/bis/players/61565135.html
71775139,九里　亜蓮,2014年 入団,FALSE,2017,1968001,https://npb.jp/bis/players/71775139.html
21725130,桒原　樹,2020年 公式戦初出場,FALSE,2017,1968001,https://npb.jp/bis/players/21725130.html
51755116,小窪　哲也,2008年 公式戦初出場,FALSE,2017,1968001,https://npb.jp/bis/players/51755116.html
61765116,佐藤　祥万,2008年 公式戦初出場,FALSE,2017,1968001,https://npb.jp/bis/players/61765116.html
11915134,坂倉　将吾,2017年 入団,FALSE,2017,1968001,https://npb.jp/bis/players/11915134.html
41745119,白濱　裕太,2011年 公式戦初出場,FALSE,2017,1968001,https://npb.jp/bis/players/41745119.html
81785131,庄司　隼人,2014年 公式戦初出場,FALSE,2017,1968001,https://npb.jp/bis/players/81785131.html
91795137,下水流　昂,2013年 公式戦初出場,FALSE,2017,1968001,https://npb.jp/bis/players/91795137.html
53355130,Ｋ．ジョンソン,2015年 公式戦初出場,TRUE,2017,1968001,https://npb.jp/bis/players/53355130.html
13515132,Ｊ．ジャクソン,2016年 公式戦初出場,TRUE,2017,1968001,https://npb.jp/bis/players/13515132.html
81785137,鈴木　誠也,2013年 公式戦初出場,FALSE,2017,1968001,https://npb.jp/bis/players/81785137.html
21925112,梵　英心,2006年 公式戦初出場,FALSE,2017,1968001,https://npb.jp/bis/players/21925112.html
51955137,髙橋　大樹,2014年 公式戦初出場,FALSE,2017,1968001,https://npb.jp/bis/players/51955137.html
61965139,田中　広輔,2014年 公式戦初出場,FALSE,2017,1968001,https://npb.jp/bis/players/61965139.html
91095132,高橋　樹也,2017年 公式戦初出場,FALSE,2017,1968001,https://npb.jp/bis/players/91095132.html
01005134,高橋　昂也,2017年 入団,FALSE,2017,1968001,https://npb.jp/bis/players/01005134.html
61965131,堂林　翔太,2010年 入団,FALSE,2017,1968001,https://npb.jp/bis/players/61965131.html
21225135,戸田　隆矢,2012年 公式戦初出場,FALSE,2017,1968001,https://npb.jp/bis/players/21225135.html
11415134,床田　寛樹,2017年 入団,FALSE,2017,1968001,https://npb.jp/bis/players/11415134.html
01205117,永川　勝浩,2003年 公式戦初出場,FALSE,2017,1968001,https://npb.jp/bis/players/01205117.html
31235118,中田　廉,2010年 公式戦初出場,FALSE,2017,1968001,https://npb.jp/bis/players/31235118.html
31235133,中﨑　翔太,2011年 入団,FALSE,2017,1968001,https://npb.jp/bis/players/31235133.html
91295133,中村　恭平,2011年 公式戦初出場,FALSE,2017,1968001,https://npb.jp/bis/players/91295133.html
71075139,中村　祐太,2014年 入団,FALSE,2017,1968001,https://npb.jp/bis/players/71075139.html
51455134,長井　良太,2018年 公式戦初出場,FALSE,2017,1968001,https://npb.jp/bis/players/51455134.html
71475132,西川　龍馬,2016年 入団,FALSE,2017,1968001,https://npb.jp/bis/players/71475132.html
21425135,野村　祐輔,2012年 公式戦初出場,FALSE,2017,1968001,https://npb.jp/bis/players/21425135.html
01405130,野間　峻祥,2015年 入団,FALSE,2017,1968001,https://npb.jp/bis/players/01405130.html
41445135,土生　翔平,2016年 公式戦初出場,FALSE,2017,1968001,https://npb.jp/bis/players/41445135.html
23925132,Ｘ．バティスタ,2017年 公式戦初出場,TRUE,2017,1968001,https://npb.jp/bis/players/23925132.html
31435133,福井　優也,2011年 公式戦初出場,FALSE,2017,1968001,https://npb.jp/bis/players/31435133.html
51655130,藤井　皓哉,2015年 入団,FALSE,2017,1968001,https://npb.jp/bis/players/51655130.html
81685132,船越　涼太,2016年 公式戦初出場,FALSE,2017,1968001,https://npb.jp/bis/players/81685132.html
63765134,Ｒ．ブレイシア,2017年 公式戦初出場,TRUE,2017,1968001,https://npb.jp/bis/players/63765134.html
93795132,Ｂ．ヘーゲンズ,2016年 公式戦初出場,TRUE,2017,1968001,https://npb.jp/bis/players/93795132.html
03905134,Ｒ．ペーニャ,2017年 公式戦初出場,TRUE,2017,1968001,https://npb.jp/bis/players/03905134.html
21625130,塹江　敦哉,2015年 入団,FALSE,2017,1968001,https://npb.jp/bis/players/21625130.html
01405116,松山　竜平,2008年 公式戦初出場,FALSE,2017,1968001,https://npb.jp/bis/players/01405116.html
21425116,丸　佳浩,2008年 入団,FALSE,2017,1968001,https://npb.jp/bis/players/21425116.html
11415137,美間　優槻,2015年 公式戦初出場,FALSE,2017,1968001,https://npb.jp/bis/players/11415137.html
43945132,Ａ．メヒア,2017年 公式戦初出場,TRUE,2017,1968001,https://npb.jp/bis/players/43945132.html
91895130,薮田　和樹,2015年 公式戦初出場,FALSE,2017,1968001,https://npb.jp/bis/players/91895130.html
23125132,横山　弘樹,2016年 公式戦初出場,FALSE,2017,1968001,https://npb.jp/bis/players/23125132.html
01103888,新井　貴浩,1999年 公式戦初出場,FALSE,2018,1968001,https://npb.jp/bis/players/01103888.html
01105115,天谷　宗一郎,2004年 公式戦初出場,FALSE,2018,1968001,https://npb.jp/bis/players/01105115.html
51155110,赤松　真人,2005年 公式戦初出場,FALSE,2018,1968001,https://npb.jp/bis/players/51155110.html
31135114,會澤　翼,2007年 入団,FALSE,2018,1968001,https://npb.jp/bis/players/31135114.html
91195116,安部　友裕,2011年 公式戦初出場,FALSE,2018,1968001,https://npb.jp/bis/players/91195116.html
31135134,アドゥワ　誠,2017年 入団,FALSE,2018,1968001,https://npb.jp/bis/players/31135134.html
51355115,石原　慶幸,2002年 公式戦初出場,FALSE,2018,1968001,https://npb.jp/bis/players/51355115.html
71375118,岩本　貴裕,2009年 公式戦初出場,FALSE,2018,1968001,https://npb.jp/bis/players/71375118.html
51355131,今村　猛,2010年 公式戦初出場,FALSE,2018,1968001,https://npb.jp/bis/players/51355131.html
81185133,磯村　嘉孝,2012年 公式戦初出場,FALSE,2018,1968001,https://npb.jp/bis/players/81185133.html
21125135,一岡　竜司,2012年 公式戦初出場,FALSE,2018,1968001,https://npb.jp/bis/players/21125135.html
91195130,飯田　哲矢,2015年 公式戦初出場,FALSE,2018,1968001,https://npb.jp/bis/players/91195130.html
31335137,上本　崇司,2013年 公式戦初出場,FALSE,2018,1968001,https://npb.jp/bis/players/31335137.html
13515135,Ｂ．エルドレッド,2012年 公式戦初出場,TRUE,2018,1968001,https://npb.jp/bis/players/13515135.html
71375136,遠藤　淳志,2018年 入団,FALSE,2018,1968001,https://npb.jp/bis/players/71375136.html
61365139,大瀬良　大地,2014年 入団,FALSE,2018,1968001,https://npb.jp/bis/players/61365139.html
91595132,岡田　明丈,2016年 公式戦初出場,FALSE,2018,1968001,https://npb.jp/bis/players/91595132.html
61265132,オスカル,2016年 公式戦初出場,FALSE,2018,1968001,https://npb.jp/bis/players/61265132.html
71575134,加藤　拓也,2017年 入団,FALSE,2018,1968001,https://npb.jp/bis/players/71575134.html
53555136,Ｌ．カンポス,2018年 公式戦初出場,TRUE,2018,1968001,https://npb.jp/bis/players/53555136.html
61565135,菊池　涼介,2012年 入団,FALSE,2018,1968001,https://npb.jp/bis/players/61565135.html
71775139,九里　亜蓮,2014年 入団,FALSE,2018,1968001,https://npb.jp/bis/players/71775139.html
21725130,桒原　樹,2020年 公式戦初出場,FALSE,2018,1968001,https://npb.jp/bis/players/21725130.html
71775136,ケムナ　誠,2018年 入団,FALSE,2018,1968001,https://npb.jp/bis/players/71775136.html
51755116,小窪　哲也,2008年 公式戦初出場,FALSE,2018,1968001,https://npb.jp/bis/players/51755116.html
61765116,佐藤　祥万,2008年 公式戦初出場,FALSE,2018,1968001,https://npb.jp/bis/players/61765116.html
11915134,坂倉　将吾,2017年 入団,FALSE,2018,1968001,https://npb.jp/bis/players/11915134.html
41745119,白濱　裕太,2011年 公式戦初出場,FALSE,2018,1968001,https://npb.jp/bis/players/41745119.html
81785131,庄司　隼人,2014年 公式戦初出場,FALSE,2018,1968001,https://npb.jp/bis/players/81785131.html
91795137,下水流　昂,2013年 公式戦初出場,FALSE,2018,1968001,https://npb.jp/bis/players/91795137.html
53355130,Ｋ．ジョンソン,2015年 公式戦初出場,TRUE,2018,1968001,https://npb.jp/bis/players/53355130.html
13515132,Ｊ．ジャクソン,2016年 公式戦初出場,TRUE,2018,1968001,https://npb.jp/bis/players/13515132.html
81785137,鈴木　誠也,2013年 公式戦初出場,FALSE,2018,1968001,https://npb.jp/bis/players/81785137.html
51955139,曽根　海成,2017年 公式戦初出場,FALSE,2018,1968001,https://npb.jp/bis/players/51955139.html
51955137,髙橋　大樹,2014年 公式戦初出場,FALSE,2018,1968001,https://npb.jp/bis/players/51955137.html
61965139,田中　広輔,2014年 公式戦初出場,FALSE,2018,1968001,https://npb.jp/bis/players/61965139.html
91095132,高橋　樹也,2017年 公式戦初出場,FALSE,2018,1968001,https://npb.jp/bis/players/91095132.html
01005134,高橋　昂也,2017年 入団,FALSE,2018,1968001,https://npb.jp/bis/players/01005134.html
33935136,Ｙ．タバーレス,2022年 公式戦初出場,TRUE,2018,1968001,https://npb.jp/bis/players/33935136.html
61965131,堂林　翔太,2010年 入団,FALSE,2018,1968001,https://npb.jp/bis/players/61965131.html
21225135,戸田　隆矢,2012年 公式戦初出場,FALSE,2018,1968001,https://npb.jp/bis/players/21225135.html
11415134,床田　寛樹,2017年 入団,FALSE,2018,1968001,https://npb.jp/bis/players/11415134.html
01205117,永川　勝浩,2003年 公式戦初出場,FALSE,2018,1968001,https://npb.jp/bis/players/01205117.html
31235118,中田　廉,2010年 公式戦初出場,FALSE,2018,1968001,https://npb.jp/bis/players/31235118.html
31235133,中﨑　翔太,2011年 入団,FALSE,2018,1968001,https://npb.jp/bis/players/31235133.html
91295133,中村　恭平,2011年 公式戦初出場,FALSE,2018,1968001,https://npb.jp/bis/players/91295133.html
71075139,中村　祐太,2014年 入団,FALSE,2018,1968001,https://npb.jp/bis/players/71075139.html
51455134,長井　良太,2018年 公式戦初出場,FALSE,2018,1968001,https://npb.jp/bis/players/51455134.html
81285136,中村　奨成,2018年 入団,FALSE,2018,1968001,https://npb.jp/bis/players/81285136.html
71475132,西川　龍馬,2016年 入団,FALSE,2018,1968001,https://npb.jp/bis/players/71475132.html
21425135,野村　祐輔,2012年 公式戦初出場,FALSE,2018,1968001,https://npb.jp/bis/players/21425135.html
01405130,野間　峻祥,2015年 入団,FALSE,2018,1968001,https://npb.jp/bis/players/01405130.html
41445135,土生　翔平,2016年 公式戦初出場,FALSE,2018,1968001,https://npb.jp/bis/players/41445135.html
23925132,Ｘ．バティスタ,2017年 公式戦初出場,TRUE,2018,1968001,https://npb.jp/bis/players/23925132.html
31435133,福井　優也,2011年 公式戦初出場,FALSE,2018,1968001,https://npb.jp/bis/players/31435133.html
51655130,藤井　皓哉,2015年 入団,FALSE,2018,1968001,https://npb.jp/bis/players/51655130.html
81685132,船越　涼太,2016年 公式戦初出場,FALSE,2018,1968001,https://npb.jp/bis/players/81685132.html
21625136,藤井　黎來,2020年 公式戦初出場,FALSE,2018,1968001,https://npb.jp/bis/players/21625136.html
53955136,Ｇ．フランスア,2018年 公式戦初出場,TRUE,2018,1968001,https://npb.jp/bis/players/53955136.html
23925136,Ｊ．ヘルウェグ,2018年 公式戦初出場,TRUE,2018,1968001,https://npb.jp/bis/players/23925136.html
21625130,塹江　敦哉,2015年 入団,FALSE,2018,1968001,https://npb.jp/bis/players/21625130.html
01405116,松山　竜平,2008年 公式戦初出場,FALSE,2018,1968001,https://npb.jp/bis/players/01405116.html
21425116,丸　佳浩,2008年 入団,FALSE,2018,1968001,https://npb.jp/bis/players/21425116.html
11415137,美間　優槻,2015年 公式戦初出場,FALSE,2018,1968001,https://npb.jp/bis/players/11415137.html
43945132,Ａ．メヒア,2017年 公式戦初出場,TRUE,2018,1968001,https://npb.jp/bis/players/43945132.html
91895130,薮田　和樹,2015年 公式戦初出場,FALSE,2018,1968001,https://npb.jp/bis/players/91895130.html
53155136,山口　翔,2019年 公式戦初出場,FALSE,2018,1968001,https://npb.jp/bis/players/53155136.html
23125132,横山　弘樹,2016年 公式戦初出場,FALSE,2018,1968001,https://npb.jp/bis/players/23125132.html
51155110,赤松　真人,2005年 公式戦初出場,FALSE,2019,1968001,https://npb.jp/bis/players/51155110.html
31135114,會澤　翼,2007年 入団,FALSE,2019,1968001,https://npb.jp/bis/players/31135114.html
91195116,安部　友裕,2011年 公式戦初出場,FALSE,2019,1968001,https://npb.jp/bis/players/91195116.html
31135134,アドゥワ　誠,2017年 入団,FALSE,2019,1968001,https://npb.jp/bis/players/31135134.html
51355115,石原　慶幸,2002年 公式戦初出場,FALSE,2019,1968001,https://npb.jp/bis/players/51355115.html
71375118,岩本　貴裕,2009年 公式戦初出場,FALSE,2019,1968001,https://npb.jp/bis/players/71375118.html
51355131,今村　猛,2010年 公式戦初出場,FALSE,2019,1968001,https://npb.jp/bis/players/51355131.html
81185133,磯村　嘉孝,2012年 公式戦初出場,FALSE,2019,1968001,https://npb.jp/bis/players/81185133.html
21125135,一岡　竜司,2012年 公式戦初出場,FALSE,2019,1968001,https://npb.jp/bis/players/21125135.html
91195130,飯田　哲矢,2015年 公式戦初出場,FALSE,2019,1968001,https://npb.jp/bis/players/91195130.html
31335137,上本　崇司,2013年 公式戦初出場,FALSE,2019,1968001,https://npb.jp/bis/players/31335137.html
71375136,遠藤　淳志,2018年 入団,FALSE,2019,1968001,https://npb.jp/bis/players/71375136.html
61365139,大瀬良　大地,2014年 入団,FALSE,2019,1968001,https://npb.jp/bis/players/61365139.html
91595132,岡田　明丈,2016年 公式戦初出場,FALSE,2019,1968001,https://npb.jp/bis/players/91595132.html
21325138,大盛　穂,2019年 入団,FALSE,2019,1968001,https://npb.jp/bis/players/21325138.html
41545116,菊池　保則,2010年 公式戦初出場,FALSE,2019,1968001,https://npb.jp/bis/players/41545116.html
61565135,菊池　涼介,2012年 入団,FALSE,2019,1968001,https://npb.jp/bis/players/61565135.html
71775139,九里　亜蓮,2014年 入団,FALSE,2019,1968001,https://npb.jp/bis/players/71775139.html
21725130,桒原　樹,2020年 公式戦初出場,FALSE,2019,1968001,https://npb.jp/bis/players/21725130.html
71775136,ケムナ　誠,2018年 入団,FALSE,2019,1968001,https://npb.jp/bis/players/71775136.html
51755116,小窪　哲也,2008年 公式戦初出場,FALSE,2019,1968001,https://npb.jp/bis/players/51755116.html
01705138,小園　海斗,2019年 入団,FALSE,2019,1968001,https://npb.jp/bis/players/01705138.html
11915134,坂倉　将吾,2017年 入団,FALSE,2019,1968001,https://npb.jp/bis/players/11915134.html
83585138,Ｊ．サンタナ,2019年 公式戦初出場,TRUE,2019,1968001,https://npb.jp/bis/players/83585138.html
41745119,白濱　裕太,2011年 公式戦初出場,FALSE,2019,1968001,https://npb.jp/bis/players/41745119.html
81785131,庄司　隼人,2014年 公式戦初出場,FALSE,2019,1968001,https://npb.jp/bis/players/81785131.html
91795137,下水流　昂,2013年 公式戦初出場,FALSE,2019,1968001,https://npb.jp/bis/players/91795137.html
53355130,Ｋ．ジョンソン,2015年 公式戦初出場,TRUE,2019,1968001,https://npb.jp/bis/players/53355130.html
31935138,島内　颯太郎,2019年 入団,FALSE,2019,1968001,https://npb.jp/bis/players/31935138.html
71975138,正隨　優弥,2020年 公式戦初出場,FALSE,2019,1968001,https://npb.jp/bis/players/71975138.html
81785137,鈴木　誠也,2013年 公式戦初出場,FALSE,2019,1968001,https://npb.jp/bis/players/81785137.html
51955139,曽根　海成,2017年 公式戦初出場,FALSE,2019,1968001,https://npb.jp/bis/players/51955139.html
51955137,髙橋　大樹,2014年 公式戦初出場,FALSE,2019,1968001,https://npb.jp/bis/players/51955137.html
61965139,田中　広輔,2014年 公式戦初出場,FALSE,2019,1968001,https://npb.jp/bis/players/61965139.html
91095132,高橋　樹也,2017年 公式戦初出場,FALSE,2019,1968001,https://npb.jp/bis/players/91095132.html
01005134,高橋　昂也,2017年 入団,FALSE,2019,1968001,https://npb.jp/bis/players/01005134.html
31035138,田中　法彦,2020年 公式戦初出場,FALSE,2019,1968001,https://npb.jp/bis/players/31035138.html
91995131,長野　久義,2010年 公式戦初出場,FALSE,2019,1968001,https://npb.jp/bis/players/91995131.html
61965131,堂林　翔太,2010年 入団,FALSE,2019,1968001,https://npb.jp/bis/players/61965131.html
21225135,戸田　隆矢,2012年 公式戦初出場,FALSE,2019,1968001,https://npb.jp/bis/players/21225135.html
11415134,床田　寛樹,2017年 入団,FALSE,2019,1968001,https://npb.jp/bis/players/11415134.html
01205117,永川　勝浩,2003年 公式戦初出場,FALSE,2019,1968001,https://npb.jp/bis/players/01205117.html
31235118,中田　廉,2010年 公式戦初出場,FALSE,2019,1968001,https://npb.jp/bis/players/31235118.html
31235133,中﨑　翔太,2011年 入団,FALSE,2019,1968001,https://npb.jp/bis/players/31235133.html
91295133,中村　恭平,2011年 公式戦初出場,FALSE,2019,1968001,https://npb.jp/bis/players/91295133.html
71075139,中村　祐太,2014年 入団,FALSE,2019,1968001,https://npb.jp/bis/players/71075139.html
51455134,長井　良太,2018年 公式戦初出場,FALSE,2019,1968001,https://npb.jp/bis/players/51455134.html
81285136,中村　奨成,2018年 入団,FALSE,2019,1968001,https://npb.jp/bis/players/81285136.html
71475132,西川　龍馬,2016年 入団,FALSE,2019,1968001,https://npb.jp/bis/players/71475132.html
21425135,野村　祐輔,2012年 公式戦初出場,FALSE,2019,1968001,https://npb.jp/bis/players/21425135.html
01405130,野間　峻祥,2015年 入団,FALSE,2019,1968001,https://npb.jp/bis/players/01405130.html
23925132,Ｘ．バティスタ,2017年 公式戦初出場,TRUE,2019,1968001,https://npb.jp/bis/players/23925132.html
71475138,羽月　隆太郎,2019年 入団,FALSE,2019,1968001,https://npb.jp/bis/players/71475138.html
01405138,林　晃汰,2019年 入団,FALSE,2019,1968001,https://npb.jp/bis/players/01405138.html
51655130,藤井　皓哉,2015年 入団,FALSE,2019,1968001,https://npb.jp/bis/players/51655130.html
81685132,船越　涼太,2016年 公式戦初出場,FALSE,2019,1968001,https://npb.jp/bis/players/81685132.html
21625136,藤井　黎來,2020年 公式戦初出場,FALSE,2019,1968001,https://npb.jp/bis/players/21625136.html
53955136,Ｇ．フランスア,2018年 公式戦初出場,TRUE,2019,1968001,https://npb.jp/bis/players/53955136.html
23925136,Ｊ．ヘルウェグ,2018年 公式戦初出場,TRUE,2019,1968001,https://npb.jp/bis/players/23925136.html
21625130,塹江　敦哉,2015年 入団,FALSE,2019,1968001,https://npb.jp/bis/players/21625130.html
01405116,松山　竜平,2008年 公式戦初出場,FALSE,2019,1968001,https://npb.jp/bis/players/01405116.html
11815135,三好　匠,2013年 公式戦初出場,FALSE,2019,1968001,https://npb.jp/bis/players/11815135.html
43945132,Ａ．メヒア,2017年 公式戦初出場,TRUE,2019,1968001,https://npb.jp/bis/players/43945132.html
13715138,Ｅ．モンティージャ,2019年 公式戦初出場,TRUE,2019,1968001,https://npb.jp/bis/players/13715138.html
91895130,薮田　和樹,2015年 公式戦初出場,FALSE,2019,1968001,https://npb.jp/bis/players/91895130.html
71575134,矢崎　拓也,2017年 入団,FALSE,2019,1968001,https://npb.jp/bis/players/71575134.html
53155136,山口　翔,2019年 公式戦初出場,FALSE,2019,1968001,https://npb.jp/bis/players/53155136.html
23125132,横山　弘樹,2016年 公式戦初出場,FALSE,2019,1968001,https://npb.jp/bis/players/23125132.html
73575138,Ｋ．レグナルト,2019年 公式戦初出場,TRUE,2019,1968001,https://npb.jp/bis/players/73575138.html
93595138,Ｃ．ローレンス,2019年 公式戦初出場,TRUE,2019,1968001,https://npb.jp/bis/players/93595138.html
31135114,會澤　翼,2007年 入団,FALSE,2020,1968001,https://npb.jp/bis/players/31135114.html
91195116,安部　友裕,2011年 公式戦初出場,FALSE,2020,1968001,https://npb.jp/bis/players/91195116.html
31135134,アドゥワ　誠,2017年 入団,FALSE,2020,1968001,https://npb.jp/bis/players/31135134.html
51355115,石原　慶幸,2002年 公式戦初出場,FALSE,2020,1968001,https://npb.jp/bis/players/51355115.html
51355131,今村　猛,2010年 公式戦初出場,FALSE,2020,1968001,https://npb.jp/bis/players/51355131.html
81185133,磯村　嘉孝,2012年 公式戦初出場,FALSE,2020,1968001,https://npb.jp/bis/players/81185133.html
21125135,一岡　竜司,2012年 公式戦初出場,FALSE,2020,1968001,https://npb.jp/bis/players/21125135.html
21125151,石原　貴規,2020年 入団,FALSE,2020,1968001,https://npb.jp/bis/players/21125151.html
31335137,上本　崇司,2013年 公式戦初出場,FALSE,2020,1968001,https://npb.jp/bis/players/31335137.html
41345151,宇草　孔基,2020年 公式戦初出場,FALSE,2020,1968001,https://npb.jp/bis/players/41345151.html
71375136,遠藤　淳志,2018年 入団,FALSE,2020,1968001,https://npb.jp/bis/players/71375136.html
61365139,大瀬良　大地,2014年 入団,FALSE,2020,1968001,https://npb.jp/bis/players/61365139.html
91595132,岡田　明丈,2016年 公式戦初出場,FALSE,2020,1968001,https://npb.jp/bis/players/91595132.html
21325138,大盛　穂,2019年 入団,FALSE,2020,1968001,https://npb.jp/bis/players/21325138.html
41545116,菊池　保則,2010年 公式戦初出場,FALSE,2020,1968001,https://npb.jp/bis/players/41545116.html
61565135,菊池　涼介,2012年 入団,FALSE,2020,1968001,https://npb.jp/bis/players/61565135.html
71775139,九里　亜蓮,2014年 入団,FALSE,2020,1968001,https://npb.jp/bis/players/71775139.html
21725130,桒原　樹,2020年 公式戦初出場,FALSE,2020,1968001,https://npb.jp/bis/players/21725130.html
71775136,ケムナ　誠,2018年 入団,FALSE,2020,1968001,https://npb.jp/bis/players/71775136.html
51755116,小窪　哲也,2008年 公式戦初出場,FALSE,2020,1968001,https://npb.jp/bis/players/51755116.html
01705138,小園　海斗,2019年 入団,FALSE,2020,1968001,https://npb.jp/bis/players/01705138.html
53955151,Ｒ．コルニエル,2021年 公式戦初出場,TRUE,2020,1968001,https://npb.jp/bis/players/53955151.html
11915134,坂倉　将吾,2017年 入団,FALSE,2020,1968001,https://npb.jp/bis/players/11915134.html
41745119,白濱　裕太,2011年 公式戦初出場,FALSE,2020,1968001,https://npb.jp/bis/players/41745119.html
53355130,Ｋ．ジョンソン,2015年 公式戦初出場,TRUE,2020,1968001,https://npb.jp/bis/players/53355130.html
31935138,島内　颯太郎,2019年 入団,FALSE,2020,1968001,https://npb.jp/bis/players/31935138.html
71975138,正隨　優弥,2020年 公式戦初出場,FALSE,2020,1968001,https://npb.jp/bis/players/71975138.html
93595151,ＤＪ．ジョンソン,2020年 公式戦初出場,FALSE,2020,1968001,https://npb.jp/bis/players/93595151.html
81785137,鈴木　誠也,2013年 公式戦初出場,FALSE,2020,1968001,https://npb.jp/bis/players/81785137.html
03505151,Ｔ．スコット,2020年 公式戦初出場,TRUE,2020,1968001,https://npb.jp/bis/players/03505151.html
51955139,曽根　海成,2017年 公式戦初出場,FALSE,2020,1968001,https://npb.jp/bis/players/51955139.html
51955137,髙橋　大樹,2014年 公式戦初出場,FALSE,2020,1968001,https://npb.jp/bis/players/51955137.html
61965139,田中　広輔,2014年 公式戦初出場,FALSE,2020,1968001,https://npb.jp/bis/players/61965139.html
91095132,高橋　樹也,2017年 公式戦初出場,FALSE,2020,1968001,https://npb.jp/bis/players/91095132.html
01005134,高橋　昂也,2017年 入団,FALSE,2020,1968001,https://npb.jp/bis/players/01005134.html
31035138,田中　法彦,2020年 公式戦初出場,FALSE,2020,1968001,https://npb.jp/bis/players/31035138.html
41245151,玉村　昇悟,2020年 入団,FALSE,2020,1968001,https://npb.jp/bis/players/41245151.html
91995131,長野　久義,2010年 公式戦初出場,FALSE,2020,1968001,https://npb.jp/bis/players/91995131.html
61965131,堂林　翔太,2010年 入団,FALSE,2020,1968001,https://npb.jp/bis/players/61965131.html
21225135,戸田　隆矢,2012年 公式戦初出場,FALSE,2020,1968001,https://npb.jp/bis/players/21225135.html
11415134,床田　寛樹,2017年 入団,FALSE,2020,1968001,https://npb.jp/bis/players/11415134.html
31235118,中田　廉,2010年 公式戦初出場,FALSE,2020,1968001,https://npb.jp/bis/players/31235118.html
31235133,中﨑　翔太,2011年 入団,FALSE,2020,1968001,https://npb.jp/bis/players/31235133.html
91295133,中村　恭平,2011年 公式戦初出場,FALSE,2020,1968001,https://npb.jp/bis/players/91295133.html
71075139,中村　祐太,2014年 入団,FALSE,2020,1968001,https://npb.jp/bis/players/71075139.html
81285136,中村　奨成,2018年 入団,FALSE,2020,1968001,https://npb.jp/bis/players/81285136.html
71475132,西川　龍馬,2016年 入団,FALSE,2020,1968001,https://npb.jp/bis/players/71475132.html
01405151,韮澤　雄也,2022年 公式戦初出場,FALSE,2020,1968001,https://npb.jp/bis/players/01405151.html
21425135,野村　祐輔,2012年 公式戦初出場,FALSE,2020,1968001,https://npb.jp/bis/players/21425135.html
01405130,野間　峻祥,2015年 入団,FALSE,2020,1968001,https://npb.jp/bis/players/01405130.html
71475138,羽月　隆太郎,2019年 入団,FALSE,2020,1968001,https://npb.jp/bis/players/71475138.html
01405138,林　晃汰,2019年 入団,FALSE,2020,1968001,https://npb.jp/bis/players/01405138.html
23725151,Ｊ．ピレラ,2020年 公式戦初出場,TRUE,2020,1968001,https://npb.jp/bis/players/23725151.html
51655130,藤井　皓哉,2015年 入団,FALSE,2020,1968001,https://npb.jp/bis/players/51655130.html
21625136,藤井　黎來,2020年 公式戦初出場,FALSE,2020,1968001,https://npb.jp/bis/players/21625136.html
53955136,Ｇ．フランスア,2018年 公式戦初出場,TRUE,2020,1968001,https://npb.jp/bis/players/53955136.html
21625130,塹江　敦哉,2015年 入団,FALSE,2020,1968001,https://npb.jp/bis/players/21625130.html
01405116,松山　竜平,2008年 公式戦初出場,FALSE,2020,1968001,https://npb.jp/bis/players/01405116.html
11815135,三好　匠,2013年 公式戦初出場,FALSE,2020,1968001,https://npb.jp/bis/players/11815135.html
43945132,Ａ．メヒア,2017年 公式戦初出場,TRUE,2020,1968001,https://npb.jp/bis/players/43945132.html
13715138,Ｅ．モンティージャ,2019年 公式戦初出場,TRUE,2020,1968001,https://npb.jp/bis/players/13715138.html
81885151,持丸　泰輝,2020年 入団,FALSE,2020,1968001,https://npb.jp/bis/players/81885151.html
53155151,森下　暢仁,2020年 入団,FALSE,2020,1968001,https://npb.jp/bis/players/53155151.html
91895130,薮田　和樹,2015年 公式戦初出場,FALSE,2020,1968001,https://npb.jp/bis/players/91895130.html
71575134,矢崎　拓也,2017年 入団,FALSE,2020,1968001,https://npb.jp/bis/players/71575134.html
53155136,山口　翔,2019年 公式戦初出場,FALSE,2020,1968001,https://npb.jp/bis/players/53155136.html
71175113,青野　毅,2002年 公式戦初出場,FALSE,2010,1992001,https://npb.jp/bis/players/71175113.html
41445113,秋親,2001年 公式戦初出場,FALSE,2010,1992001,https://npb.jp/bis/players/41445113.html
31135110,青松　敬鎔,2006年 公式戦初出場,FALSE,2010,1992001,https://npb.jp/bis/players/31135110.html
71175112,相原　勝幸,2006年 公式戦初出場,FALSE,2010,1992001,https://npb.jp/bis/players/71175112.html
71175116,阿部　和成,2011年 公式戦初出場,FALSE,2010,1992001,https://npb.jp/bis/players/71175116.html
51153884,井口　資仁,1997年 公式戦初出場,FALSE,2010,1992001,https://npb.jp/bis/players/51153884.html
61163884,今岡　誠,1997年 公式戦初出場,FALSE,2010,1992001,https://npb.jp/bis/players/61163884.html
01305115,今江　敏晃,2002年 公式戦初出場,FALSE,2010,1992001,https://npb.jp/bis/players/01305115.html
11315116,伊藤　義弘,2008年 公式戦初出場,FALSE,2010,1992001,https://npb.jp/bis/players/11315116.html
61165119,内　竜也,2004年 公式戦初出場,FALSE,2010,1992001,https://npb.jp/bis/players/61165119.html
51355116,植松　優友,2015年 公式戦初出場,FALSE,2010,1992001,https://npb.jp/bis/players/51355116.html
91395118,上野　大樹,2009年 公式戦初出場,FALSE,2010,1992001,https://npb.jp/bis/players/91395118.html
61163889,大塚　明,1997年 公式戦初出場,FALSE,2010,1992001,https://npb.jp/bis/players/61163889.html
71373889,小野　晋吾,1997年 公式戦初出場,FALSE,2010,1992001,https://npb.jp/bis/players/71373889.html
71375110,大松　尚逸,2005年 公式戦初出場,FALSE,2010,1992001,https://npb.jp/bis/players/71375110.html
01505114,大嶺　祐太,2007年 公式戦初出場,FALSE,2010,1992001,https://npb.jp/bis/players/01505114.html
21525114,荻野　忠寛,2007年 公式戦初出場,FALSE,2010,1992001,https://npb.jp/bis/players/21525114.html
81385118,岡田　幸文,2010年 公式戦初出場,FALSE,2010,1992001,https://npb.jp/bis/players/81385118.html
41345131,大谷　智久,2010年 公式戦初出場,FALSE,2010,1992001,https://npb.jp/bis/players/41345131.html
71575131,荻野　貴司,2010年 公式戦初出場,FALSE,2010,1992001,https://npb.jp/bis/players/71575131.html
11513888,川越　英隆,1999年 公式戦初出場,FALSE,2010,1992001,https://npb.jp/bis/players/11513888.html
61565117,金澤　岳,2008年 公式戦初出場,FALSE,2010,1992001,https://npb.jp/bis/players/61565117.html
61565112,川﨑　雄介,2006年 公式戦初出場,FALSE,2010,1992001,https://npb.jp/bis/players/61565112.html
41545114,角中　勝也,2007年 入団,FALSE,2010,1992001,https://npb.jp/bis/players/41545114.html
21525116,唐川　侑己,2008年 入団,FALSE,2010,1992001,https://npb.jp/bis/players/21525116.html
71575118,香月　良仁,2010年 公式戦初出場,FALSE,2010,1992001,https://npb.jp/bis/players/71575118.html
41545118,木村　雄太,2011年 公式戦初出場,FALSE,2010,1992001,https://npb.jp/bis/players/41545118.html
91795131,清田　育宏,2010年 公式戦初出場,FALSE,2010,1992001,https://npb.jp/bis/players/91795131.html
21625131,金　泰均,2010年 公式戦初出場,FALSE,2010,1992001,https://npb.jp/bis/players/21625131.html
61563884,小林宏,1998年 公式戦初出場,FALSE,2010,1992001,https://npb.jp/bis/players/61563884.html
51855119,Ｂ．コーリー,2004年 公式戦初出場,TRUE,2010,1992001,https://npb.jp/bis/players/51855119.html
81785114,神戸　拓光,2008年 公式戦初出場,FALSE,2010,1992001,https://npb.jp/bis/players/81785114.html
41143880,サブロー,1995年 公式戦初出場,FALSE,2010,1992001,https://npb.jp/bis/players/41143880.html
31733888,里崎　智也,2000年 公式戦初出場,FALSE,2010,1992001,https://npb.jp/bis/players/31733888.html
71775110,斉藤　俊雄,2008年 公式戦初出場,FALSE,2010,1992001,https://npb.jp/bis/players/71775110.html
91795110,定岡　卓摩,2012年 公式戦初出場,FALSE,2010,1992001,https://npb.jp/bis/players/91795110.html
91995114,佐藤　賢治,2010年 公式戦初出場,FALSE,2010,1992001,https://npb.jp/bis/players/91995114.html
81385131,翔太,2014年 公式戦初出場,FALSE,2010,1992001,https://npb.jp/bis/players/81385131.html
71975119,田中　雅彦,2007年 公式戦初出場,FALSE,2010,1992001,https://npb.jp/bis/players/71975119.html
71975110,竹原　直隆,2005年 公式戦初出場,FALSE,2010,1992001,https://npb.jp/bis/players/71975110.html
11015119,成瀬　善久,2006年 公式戦初出場,FALSE,2010,1992001,https://npb.jp/bis/players/11015119.html
21025110,那須野　巧,2005年 公式戦初出場,FALSE,2010,1992001,https://npb.jp/bis/players/21025110.html
41245114,中郷　大樹,2007年 公式戦初出場,FALSE,2010,1992001,https://npb.jp/bis/players/41245114.html
31435117,西岡　剛,2003年 公式戦初出場,FALSE,2010,1992001,https://npb.jp/bis/players/31435117.html
01205118,西野　勇士,2009年 入団,FALSE,2010,1992001,https://npb.jp/bis/players/01205118.html
01205112,根元　俊一,2006年 公式戦初出場,FALSE,2010,1992001,https://npb.jp/bis/players/01205112.html
91295116,根本　朋久,2008年 公式戦初出場,FALSE,2010,1992001,https://npb.jp/bis/players/91295116.html
51455117,早坂　圭介,2003年 公式戦初出場,FALSE,2010,1992001,https://npb.jp/bis/players/51455117.html
11215110,橋本　健太郎,2005年 公式戦初出場,FALSE,2010,1992001,https://npb.jp/bis/players/11215110.html
21225116,服部　泰卓,2010年 公式戦初出場,FALSE,2010,1992001,https://npb.jp/bis/players/21225116.html
21923889,福浦　和也,1997年 公式戦初出場,FALSE,2010,1992001,https://npb.jp/bis/players/21923889.html
91495112,古谷　拓哉,2006年 公式戦初出場,FALSE,2010,1992001,https://npb.jp/bis/players/91495112.html
21025111,塀内　久雄,2002年 公式戦初出場,FALSE,2010,1992001,https://npb.jp/bis/players/21025111.html
23325131,Ｈ．ペン,2010年 公式戦初出場,TRUE,2010,1992001,https://npb.jp/bis/players/23325131.html
73873868,堀　幸一,1989年 公式戦初出場,FALSE,2010,1992001,https://npb.jp/bis/players/73873868.html
21425112,細谷　圭,2008年 公式戦初出場,FALSE,2010,1992001,https://npb.jp/bis/players/21425112.html
71275111,的場　直樹,2000年 公式戦初出場,FALSE,2010,1992001,https://npb.jp/bis/players/71275111.html
91695114,松本　幸大,2008年 公式戦初出場,FALSE,2010,1992001,https://npb.jp/bis/players/91695114.html
73175131,Ｂ．マーフィー,2010年 公式戦初出場,TRUE,2010,1992001,https://npb.jp/bis/players/73175131.html
01205111,南　竜介,2004年 公式戦初出場,FALSE,2010,1992001,https://npb.jp/bis/players/01205111.html
83385118,Ｊ．ムニス,2010年 公式戦初出場,TRUE,2010,1992001,https://npb.jp/bis/players/83385118.html
71273882,薮田　安彦,1996年 公式戦初出場,FALSE,2010,1992001,https://npb.jp/bis/players/71273882.html
31835118,山本　徹矢,2011年 公式戦初出場,FALSE,2010,1992001,https://npb.jp/bis/players/31835118.html
81485131,山室　公志郎,2010年 公式戦初出場,FALSE,2010,1992001,https://npb.jp/bis/players/81485131.html
31635113,吉見　祐治,2001年 公式戦初出場,FALSE,2010,1992001,https://npb.jp/bis/players/31635113.html
81483886,渡辺　正人,2001年 公式戦初出場,FALSE,2010,1992001,https://npb.jp/bis/players/81483886.html
71675113,渡辺　俊介,2001年 公式戦初出場,FALSE,2010,1992001,https://npb.jp/bis/players/71675113.html
71175113,青野　毅,2002年 公式戦初出場,FALSE,2011,1992001,https://npb.jp/bis/players/71175113.html
41445113,秋親,2001年 公式戦初出場,FALSE,2011,1992001,https://npb.jp/bis/players/41445113.html
31135110,青松　敬鎔,2006年 公式戦初出場,FALSE,2011,1992001,https://npb.jp/bis/players/31135110.html
71175116,阿部　和成,2011年 公式戦初出場,FALSE,2011,1992001,https://npb.jp/bis/players/71175116.html
51153884,井口　資仁,1997年 公式戦初出場,FALSE,2011,1992001,https://npb.jp/bis/players/51153884.html
61163884,今岡　誠,1997年 公式戦初出場,FALSE,2011,1992001,https://npb.jp/bis/players/61163884.html
01305115,今江　敏晃,2002年 公式戦初出場,FALSE,2011,1992001,https://npb.jp/bis/players/01305115.html
11315116,伊藤　義弘,2008年 公式戦初出場,FALSE,2011,1992001,https://npb.jp/bis/players/11315116.html
61165133,伊志嶺　翔大,2011年 公式戦初出場,FALSE,2011,1992001,https://npb.jp/bis/players/61165133.html
61165119,内　竜也,2004年 公式戦初出場,FALSE,2011,1992001,https://npb.jp/bis/players/61165119.html
51355116,植松　優友,2015年 公式戦初出場,FALSE,2011,1992001,https://npb.jp/bis/players/51355116.html
91395118,上野　大樹,2009年 公式戦初出場,FALSE,2011,1992001,https://npb.jp/bis/players/91395118.html
61365133,江村　直也,2013年 公式戦初出場,FALSE,2011,1992001,https://npb.jp/bis/players/61365133.html
71373889,小野　晋吾,1997年 公式戦初出場,FALSE,2011,1992001,https://npb.jp/bis/players/71373889.html
71375110,大松　尚逸,2005年 公式戦初出場,FALSE,2011,1992001,https://npb.jp/bis/players/71375110.html
01505114,大嶺　祐太,2007年 公式戦初出場,FALSE,2011,1992001,https://npb.jp/bis/players/01505114.html
21525114,荻野　忠寛,2007年 公式戦初出場,FALSE,2011,1992001,https://npb.jp/bis/players/21525114.html
81385118,岡田　幸文,2010年 公式戦初出場,FALSE,2011,1992001,https://npb.jp/bis/players/81385118.html
41345131,大谷　智久,2010年 公式戦初出場,FALSE,2011,1992001,https://npb.jp/bis/players/41345131.html
71575131,荻野　貴司,2010年 公式戦初出場,FALSE,2011,1992001,https://npb.jp/bis/players/71575131.html
11513888,川越　英隆,1999年 公式戦初出場,FALSE,2011,1992001,https://npb.jp/bis/players/11513888.html
61565117,金澤　岳,2008年 公式戦初出場,FALSE,2011,1992001,https://npb.jp/bis/players/61565117.html
41545114,角中　勝也,2007年 入団,FALSE,2011,1992001,https://npb.jp/bis/players/41545114.html
21525116,唐川　侑己,2008年 入団,FALSE,2011,1992001,https://npb.jp/bis/players/21525116.html
71575118,香月　良仁,2010年 公式戦初出場,FALSE,2011,1992001,https://npb.jp/bis/players/71575118.html
01605131,Ｊ．カスティーヨ,2010年 公式戦初出場,TRUE,2011,1992001,https://npb.jp/bis/players/01605131.html
63565133,カルロス・ロサ,2011年 公式戦初出場,FALSE,2011,1992001,https://npb.jp/bis/players/63565133.html
41545118,木村　雄太,2011年 公式戦初出場,FALSE,2011,1992001,https://npb.jp/bis/players/41545118.html
91795131,清田　育宏,2010年 公式戦初出場,FALSE,2011,1992001,https://npb.jp/bis/players/91795131.html
21625131,金　泰均,2010年 公式戦初出場,FALSE,2011,1992001,https://npb.jp/bis/players/21625131.html
41545110,工藤　隆人,2005年 公式戦初出場,FALSE,2011,1992001,https://npb.jp/bis/players/41545110.html
41745133,黒沢　翔太,2013年 公式戦初出場,FALSE,2011,1992001,https://npb.jp/bis/players/41745133.html
81785114,神戸　拓光,2008年 公式戦初出場,FALSE,2011,1992001,https://npb.jp/bis/players/81785114.html
61765133,小池　翔大,2012年 公式戦初出場,FALSE,2011,1992001,https://npb.jp/bis/players/61765133.html
11915133,小林　敦,2011年 公式戦初出場,FALSE,2011,1992001,https://npb.jp/bis/players/11915133.html
41143880,サブロー,1995年 公式戦初出場,FALSE,2011,1992001,https://npb.jp/bis/players/41143880.html
31733888,里崎　智也,2000年 公式戦初出場,FALSE,2011,1992001,https://npb.jp/bis/players/31733888.html
91795110,定岡　卓摩,2012年 公式戦初出場,FALSE,2011,1992001,https://npb.jp/bis/players/91795110.html
81385131,翔太,2014年 公式戦初出場,FALSE,2011,1992001,https://npb.jp/bis/players/81385131.html
71975119,田中　雅彦,2007年 公式戦初出場,FALSE,2011,1992001,https://npb.jp/bis/players/71975119.html
71975110,竹原　直隆,2005年 公式戦初出場,FALSE,2011,1992001,https://npb.jp/bis/players/71975110.html
81985112,高口　隆行,2007年 公式戦初出場,FALSE,2011,1992001,https://npb.jp/bis/players/81985112.html
21925116,髙濱　卓也,2011年 公式戦初出場,FALSE,2011,1992001,https://npb.jp/bis/players/21925116.html
11015119,成瀬　善久,2006年 公式戦初出場,FALSE,2011,1992001,https://npb.jp/bis/players/11015119.html
21025110,那須野　巧,2005年 公式戦初出場,FALSE,2011,1992001,https://npb.jp/bis/players/21025110.html
41245114,中郷　大樹,2007年 公式戦初出場,FALSE,2011,1992001,https://npb.jp/bis/players/41245114.html
01205118,西野　勇士,2009年 入団,FALSE,2011,1992001,https://npb.jp/bis/players/01205118.html
01205112,根元　俊一,2006年 公式戦初出場,FALSE,2011,1992001,https://npb.jp/bis/players/01205112.html
51455117,早坂　圭介,2003年 公式戦初出場,FALSE,2011,1992001,https://npb.jp/bis/players/51455117.html
11215110,橋本　健太郎,2005年 公式戦初出場,FALSE,2011,1992001,https://npb.jp/bis/players/11215110.html
21225116,服部　泰卓,2010年 公式戦初出場,FALSE,2011,1992001,https://npb.jp/bis/players/21225116.html
21923889,福浦　和也,1997年 公式戦初出場,FALSE,2011,1992001,https://npb.jp/bis/players/21923889.html
91495112,古谷　拓哉,2006年 公式戦初出場,FALSE,2011,1992001,https://npb.jp/bis/players/91495112.html
21025111,塀内　久雄,2002年 公式戦初出場,FALSE,2011,1992001,https://npb.jp/bis/players/21025111.html
23325131,Ｈ．ペン,2010年 公式戦初出場,TRUE,2011,1992001,https://npb.jp/bis/players/23325131.html
21425112,細谷　圭,2008年 公式戦初出場,FALSE,2011,1992001,https://npb.jp/bis/players/21425112.html
71275111,的場　直樹,2000年 公式戦初出場,FALSE,2011,1992001,https://npb.jp/bis/players/71275111.html
91695114,松本　幸大,2008年 公式戦初出場,FALSE,2011,1992001,https://npb.jp/bis/players/91695114.html
73175131,Ｂ．マーフィー,2010年 公式戦初出場,TRUE,2011,1992001,https://npb.jp/bis/players/73175131.html
01205111,南　竜介,2004年 公式戦初出場,FALSE,2011,1992001,https://npb.jp/bis/players/01205111.html
61465110,光原　逸裕,2005年 公式戦初出場,FALSE,2011,1992001,https://npb.jp/bis/players/61465110.html
91695133,南　昌輝,2012年 公式戦初出場,FALSE,2011,1992001,https://npb.jp/bis/players/91695133.html
71273882,薮田　安彦,1996年 公式戦初出場,FALSE,2011,1992001,https://npb.jp/bis/players/71273882.html
51855114,山本　一徳,2007年 公式戦初出場,FALSE,2011,1992001,https://npb.jp/bis/players/51855114.html
31835118,山本　徹矢,2011年 公式戦初出場,FALSE,2011,1992001,https://npb.jp/bis/players/31835118.html
81485131,山室　公志郎,2010年 公式戦初出場,FALSE,2011,1992001,https://npb.jp/bis/players/81485131.html
31635113,吉見　祐治,2001年 公式戦初出場,FALSE,2011,1992001,https://npb.jp/bis/players/31635113.html
81483886,渡辺　正人,2001年 公式戦初出場,FALSE,2011,1992001,https://npb.jp/bis/players/81483886.html
71675113,渡辺　俊介,2001年 公式戦初出場,FALSE,2011,1992001,https://npb.jp/bis/players/71675113.html
71175113,青野　毅,2002年 公式戦初出場,FALSE,2012,1992001,https://npb.jp/bis/players/71175113.html
41445113,秋親,2001年 公式戦初出場,FALSE,2012,1992001,https://npb.jp/bis/players/41445113.html
31135110,青松　敬鎔,2006年 公式戦初出場,FALSE,2012,1992001,https://npb.jp/bis/players/31135110.html
71175116,阿部　和成,2011年 公式戦初出場,FALSE,2012,1992001,https://npb.jp/bis/players/71175116.html
51153884,井口　資仁,1997年 公式戦初出場,FALSE,2012,1992001,https://npb.jp/bis/players/51153884.html
61163884,今岡　誠,1997年 公式戦初出場,FALSE,2012,1992001,https://npb.jp/bis/players/61163884.html
01305115,今江　敏晃,2002年 公式戦初出場,FALSE,2012,1992001,https://npb.jp/bis/players/01305115.html
11315116,伊藤　義弘,2008年 公式戦初出場,FALSE,2012,1992001,https://npb.jp/bis/players/11315116.html
61165133,伊志嶺　翔大,2011年 公式戦初出場,FALSE,2012,1992001,https://npb.jp/bis/players/61165133.html
61165119,内　竜也,2004年 公式戦初出場,FALSE,2012,1992001,https://npb.jp/bis/players/61165119.html
51355116,植松　優友,2015年 公式戦初出場,FALSE,2012,1992001,https://npb.jp/bis/players/51355116.html
91395118,上野　大樹,2009年 公式戦初出場,FALSE,2012,1992001,https://npb.jp/bis/players/91395118.html
61365133,江村　直也,2013年 公式戦初出場,FALSE,2012,1992001,https://npb.jp/bis/players/61365133.html
71373889,小野　晋吾,1997年 公式戦初出場,FALSE,2012,1992001,https://npb.jp/bis/players/71373889.html
71375110,大松　尚逸,2005年 公式戦初出場,FALSE,2012,1992001,https://npb.jp/bis/players/71375110.html
01505114,大嶺　祐太,2007年 公式戦初出場,FALSE,2012,1992001,https://npb.jp/bis/players/01505114.html
21525114,荻野　忠寛,2007年 公式戦初出場,FALSE,2012,1992001,https://npb.jp/bis/players/21525114.html
81385118,岡田　幸文,2010年 公式戦初出場,FALSE,2012,1992001,https://npb.jp/bis/players/81385118.html
41345131,大谷　智久,2010年 公式戦初出場,FALSE,2012,1992001,https://npb.jp/bis/players/41345131.html
71575131,荻野　貴司,2010年 公式戦初出場,FALSE,2012,1992001,https://npb.jp/bis/players/71575131.html
61565117,金澤　岳,2008年 公式戦初出場,FALSE,2012,1992001,https://npb.jp/bis/players/61565117.html
41545114,角中　勝也,2007年 入団,FALSE,2012,1992001,https://npb.jp/bis/players/41545114.html
21525116,唐川　侑己,2008年 入団,FALSE,2012,1992001,https://npb.jp/bis/players/21525116.html
71575118,香月　良仁,2010年 公式戦初出場,FALSE,2012,1992001,https://npb.jp/bis/players/71575118.html
63565133,カルロス・ロサ,2011年 公式戦初出場,FALSE,2012,1992001,https://npb.jp/bis/players/63565133.html
41545118,木村　雄太,2011年 公式戦初出場,FALSE,2012,1992001,https://npb.jp/bis/players/41545118.html
91795131,清田　育宏,2010年 公式戦初出場,FALSE,2012,1992001,https://npb.jp/bis/players/91795131.html
41545110,工藤　隆人,2005年 公式戦初出場,FALSE,2012,1992001,https://npb.jp/bis/players/41545110.html
03105114,Ｓ．グライシンガー,2007年 公式戦初出場,TRUE,2012,1992001,https://npb.jp/bis/players/03105114.html
41745133,黒沢　翔太,2013年 公式戦初出場,FALSE,2012,1992001,https://npb.jp/bis/players/41745133.html
81785114,神戸　拓光,2008年 公式戦初出場,FALSE,2012,1992001,https://npb.jp/bis/players/81785114.html
61765133,小池　翔大,2012年 公式戦初出場,FALSE,2012,1992001,https://npb.jp/bis/players/61765133.html
11915133,小林　敦,2011年 公式戦初出場,FALSE,2012,1992001,https://npb.jp/bis/players/11915133.html
41143880,サブロー,1995年 公式戦初出場,FALSE,2012,1992001,https://npb.jp/bis/players/41143880.html
31733888,里崎　智也,2000年 公式戦初出場,FALSE,2012,1992001,https://npb.jp/bis/players/31733888.html
81385131,翔太,2014年 公式戦初出場,FALSE,2012,1992001,https://npb.jp/bis/players/81385131.html
81985135,鈴木　大地,2012年 入団,FALSE,2012,1992001,https://npb.jp/bis/players/81985135.html
71975119,田中　雅彦,2007年 公式戦初出場,FALSE,2012,1992001,https://npb.jp/bis/players/71975119.html
21925116,髙濱　卓也,2011年 公式戦初出場,FALSE,2012,1992001,https://npb.jp/bis/players/21925116.html
11015119,成瀬　善久,2006年 公式戦初出場,FALSE,2012,1992001,https://npb.jp/bis/players/11015119.html
41245114,中郷　大樹,2007年 公式戦初出場,FALSE,2012,1992001,https://npb.jp/bis/players/41245114.html
81285135,中後　悠平,2012年 公式戦初出場,FALSE,2012,1992001,https://npb.jp/bis/players/81285135.html
01205118,西野　勇士,2009年 入団,FALSE,2012,1992001,https://npb.jp/bis/players/01205118.html
01205112,根元　俊一,2006年 公式戦初出場,FALSE,2012,1992001,https://npb.jp/bis/players/01205112.html
51455117,早坂　圭介,2003年 公式戦初出場,FALSE,2012,1992001,https://npb.jp/bis/players/51455117.html
11215110,橋本　健太郎,2005年 公式戦初出場,FALSE,2012,1992001,https://npb.jp/bis/players/11215110.html
21225116,服部　泰卓,2010年 公式戦初出場,FALSE,2012,1992001,https://npb.jp/bis/players/21225116.html
21923889,福浦　和也,1997年 公式戦初出場,FALSE,2012,1992001,https://npb.jp/bis/players/21923889.html
91495112,古谷　拓哉,2006年 公式戦初出場,FALSE,2012,1992001,https://npb.jp/bis/players/91495112.html
11615135,藤岡　貴裕,2012年 公式戦初出場,FALSE,2012,1992001,https://npb.jp/bis/players/11615135.html
21025111,塀内　久雄,2002年 公式戦初出場,FALSE,2012,1992001,https://npb.jp/bis/players/21025111.html
23325131,Ｈ．ペン,2010年 公式戦初出場,TRUE,2012,1992001,https://npb.jp/bis/players/23325131.html
21425112,細谷　圭,2008年 公式戦初出場,FALSE,2012,1992001,https://npb.jp/bis/players/21425112.html
73375131,Ｊ．ホワイトセル,2010年 公式戦初出場,TRUE,2012,1992001,https://npb.jp/bis/players/73375131.html
71275111,的場　直樹,2000年 公式戦初出場,FALSE,2012,1992001,https://npb.jp/bis/players/71275111.html
91695114,松本　幸大,2008年 公式戦初出場,FALSE,2012,1992001,https://npb.jp/bis/players/91695114.html
71675135,益田　直也,2012年 入団,FALSE,2012,1992001,https://npb.jp/bis/players/71675135.html
93595135,Ｄ．マシス,2012年 公式戦初出場,TRUE,2012,1992001,https://npb.jp/bis/players/93595135.html
01205111,南　竜介,2004年 公式戦初出場,FALSE,2012,1992001,https://npb.jp/bis/players/01205111.html
61465110,光原　逸裕,2005年 公式戦初出場,FALSE,2012,1992001,https://npb.jp/bis/players/61465110.html
91695133,南　昌輝,2012年 公式戦初出場,FALSE,2012,1992001,https://npb.jp/bis/players/91695133.html
71273882,薮田　安彦,1996年 公式戦初出場,FALSE,2012,1992001,https://npb.jp/bis/players/71273882.html
51855114,山本　一徳,2007年 公式戦初出場,FALSE,2012,1992001,https://npb.jp/bis/players/51855114.html
31835118,山本　徹矢,2011年 公式戦初出場,FALSE,2012,1992001,https://npb.jp/bis/players/31835118.html
81485131,山室　公志郎,2010年 公式戦初出場,FALSE,2012,1992001,https://npb.jp/bis/players/81485131.html
31635113,吉見　祐治,2001年 公式戦初出場,FALSE,2012,1992001,https://npb.jp/bis/players/31635113.html
03505135,Ｗ．レデズマ,2012年 公式戦初出場,TRUE,2012,1992001,https://npb.jp/bis/players/03505135.html
81483886,渡辺　正人,2001年 公式戦初出場,FALSE,2012,1992001,https://npb.jp/bis/players/81483886.html
71675113,渡辺　俊介,2001年 公式戦初出場,FALSE,2012,1992001,https://npb.jp/bis/players/71675113.html
71175113,青野　毅,2002年 公式戦初出場,FALSE,2013,1992001,https://npb.jp/bis/players/71175113.html
31135110,青松　敬鎔,2006年 公式戦初出場,FALSE,2013,1992001,https://npb.jp/bis/players/31135110.html
71175116,阿部　和成,2011年 公式戦初出場,FALSE,2013,1992001,https://npb.jp/bis/players/71175116.html
51153884,井口　資仁,1997年 公式戦初出場,FALSE,2013,1992001,https://npb.jp/bis/players/51153884.html
01305115,今江　敏晃,2002年 公式戦初出場,FALSE,2013,1992001,https://npb.jp/bis/players/01305115.html
11315116,伊藤　義弘,2008年 公式戦初出場,FALSE,2013,1992001,https://npb.jp/bis/players/11315116.html
61165133,伊志嶺　翔大,2011年 公式戦初出場,FALSE,2013,1992001,https://npb.jp/bis/players/61165133.html
61165119,内　竜也,2004年 公式戦初出場,FALSE,2013,1992001,https://npb.jp/bis/players/61165119.html
51355116,植松　優友,2015年 公式戦初出場,FALSE,2013,1992001,https://npb.jp/bis/players/51355116.html
91395118,上野　大樹,2009年 公式戦初出場,FALSE,2013,1992001,https://npb.jp/bis/players/91395118.html
61365133,江村　直也,2013年 公式戦初出場,FALSE,2013,1992001,https://npb.jp/bis/players/61365133.html
71373889,小野　晋吾,1997年 公式戦初出場,FALSE,2013,1992001,https://npb.jp/bis/players/71373889.html
71375110,大松　尚逸,2005年 公式戦初出場,FALSE,2013,1992001,https://npb.jp/bis/players/71375110.html
01505114,大嶺　祐太,2007年 公式戦初出場,FALSE,2013,1992001,https://npb.jp/bis/players/01505114.html
21525114,荻野　忠寛,2007年 公式戦初出場,FALSE,2013,1992001,https://npb.jp/bis/players/21525114.html
81385118,岡田　幸文,2010年 公式戦初出場,FALSE,2013,1992001,https://npb.jp/bis/players/81385118.html
41345131,大谷　智久,2010年 公式戦初出場,FALSE,2013,1992001,https://npb.jp/bis/players/41345131.html
71575131,荻野　貴司,2010年 公式戦初出場,FALSE,2013,1992001,https://npb.jp/bis/players/71575131.html
61565117,金澤　岳,2008年 公式戦初出場,FALSE,2013,1992001,https://npb.jp/bis/players/61565117.html
31535110,川本　良平,2007年 公式戦初出場,FALSE,2013,1992001,https://npb.jp/bis/players/31535110.html
41545114,角中　勝也,2007年 入団,FALSE,2013,1992001,https://npb.jp/bis/players/41545114.html
21525116,唐川　侑己,2008年 入団,FALSE,2013,1992001,https://npb.jp/bis/players/21525116.html
71575118,香月　良仁,2010年 公式戦初出場,FALSE,2013,1992001,https://npb.jp/bis/players/71575118.html
63565133,カルロス・ロサ,2011年 公式戦初出場,FALSE,2013,1992001,https://npb.jp/bis/players/63565133.html
91595137,加藤　翔平,2013年 公式戦初出場,FALSE,2013,1992001,https://npb.jp/bis/players/91595137.html
41545118,木村　優太,2011年 公式戦初出場,FALSE,2013,1992001,https://npb.jp/bis/players/41545118.html
91795131,清田　育宏,2010年 公式戦初出場,FALSE,2013,1992001,https://npb.jp/bis/players/91795131.html
41545110,工藤　隆人,2005年 公式戦初出場,FALSE,2013,1992001,https://npb.jp/bis/players/41545110.html
03105114,Ｓ．グライシンガー,2007年 公式戦初出場,TRUE,2013,1992001,https://npb.jp/bis/players/03105114.html
41745133,黒沢　翔太,2013年 公式戦初出場,FALSE,2013,1992001,https://npb.jp/bis/players/41745133.html
71875119,Ｄ．ゴンザレス,2004年 公式戦初出場,TRUE,2013,1992001,https://npb.jp/bis/players/71875119.html
81785114,神戸　拓光,2008年 公式戦初出場,FALSE,2013,1992001,https://npb.jp/bis/players/81785114.html
61765133,小池　翔大,2012年 公式戦初出場,FALSE,2013,1992001,https://npb.jp/bis/players/61765133.html
11915133,小林　敦,2011年 公式戦初出場,FALSE,2013,1992001,https://npb.jp/bis/players/11915133.html
41143880,サブロー,1995年 公式戦初出場,FALSE,2013,1992001,https://npb.jp/bis/players/41143880.html
31733888,里崎　智也,2000年 公式戦初出場,FALSE,2013,1992001,https://npb.jp/bis/players/31733888.html
31735119,Ｇ．Ｇ．佐藤,2004年 公式戦初出場,TRUE,2013,1992001,https://npb.jp/bis/players/31735119.html
81385131,翔太,2014年 公式戦初出場,FALSE,2013,1992001,https://npb.jp/bis/players/81385131.html
81985135,鈴木　大地,2012年 入団,FALSE,2013,1992001,https://npb.jp/bis/players/81985135.html
71975119,田中　雅彦,2007年 公式戦初出場,FALSE,2013,1992001,https://npb.jp/bis/players/71975119.html
21925116,髙濱　卓也,2011年 公式戦初出場,FALSE,2013,1992001,https://npb.jp/bis/players/21925116.html
41945137,田村　龍弘,2013年 入団,FALSE,2013,1992001,https://npb.jp/bis/players/41945137.html
11015119,成瀬　善久,2006年 公式戦初出場,FALSE,2013,1992001,https://npb.jp/bis/players/11015119.html
41245114,中郷　大樹,2007年 公式戦初出場,FALSE,2013,1992001,https://npb.jp/bis/players/41245114.html
81285135,中後　悠平,2012年 公式戦初出場,FALSE,2013,1992001,https://npb.jp/bis/players/81285135.html
01205118,西野　勇士,2009年 入団,FALSE,2013,1992001,https://npb.jp/bis/players/01205118.html
01205112,根元　俊一,2006年 公式戦初出場,FALSE,2013,1992001,https://npb.jp/bis/players/01205112.html
51455117,早坂　圭介,2003年 公式戦初出場,FALSE,2013,1992001,https://npb.jp/bis/players/51455117.html
11215110,橋本　健太郎,2005年 公式戦初出場,FALSE,2013,1992001,https://npb.jp/bis/players/11215110.html
21225116,服部　泰卓,2010年 公式戦初出場,FALSE,2013,1992001,https://npb.jp/bis/players/21225116.html
21923889,福浦　和也,1997年 公式戦初出場,FALSE,2013,1992001,https://npb.jp/bis/players/21923889.html
91495112,古谷　拓哉,2006年 公式戦初出場,FALSE,2013,1992001,https://npb.jp/bis/players/91495112.html
53155116,Ｃ．ブラゼル,2008年 公式戦初出場,TRUE,2013,1992001,https://npb.jp/bis/players/53155116.html
11615135,藤岡　貴裕,2012年 公式戦初出場,FALSE,2013,1992001,https://npb.jp/bis/players/11615135.html
21025111,塀内　久雄,2002年 公式戦初出場,FALSE,2013,1992001,https://npb.jp/bis/players/21025111.html
21425112,細谷　圭,2008年 公式戦初出場,FALSE,2013,1992001,https://npb.jp/bis/players/21425112.html
73375131,Ｊ．ホワイトセル,2010年 公式戦初出場,TRUE,2013,1992001,https://npb.jp/bis/players/73375131.html
71675135,益田　直也,2012年 入団,FALSE,2013,1992001,https://npb.jp/bis/players/71675135.html
01205137,松永　昂大,2013年 公式戦初出場,FALSE,2013,1992001,https://npb.jp/bis/players/01205137.html
91695133,南　昌輝,2012年 公式戦初出場,FALSE,2013,1992001,https://npb.jp/bis/players/91695133.html
71273882,薮田　安彦,1996年 公式戦初出場,FALSE,2013,1992001,https://npb.jp/bis/players/71273882.html
31835118,山本　徹矢,2011年 公式戦初出場,FALSE,2013,1992001,https://npb.jp/bis/players/31835118.html
81485131,山室　公志郎,2010年 公式戦初出場,FALSE,2013,1992001,https://npb.jp/bis/players/81485131.html
31635113,吉見　祐治,2001年 公式戦初出場,FALSE,2013,1992001,https://npb.jp/bis/players/31635113.html
03505135,Ｗ．レデズマ,2012年 公式戦初出場,TRUE,2013,1992001,https://npb.jp/bis/players/03505135.html
71675113,渡辺　俊介,2001年 公式戦初出場,FALSE,2013,1992001,https://npb.jp/bis/players/71675113.html
31135110,青松　敬鎔,2006年 公式戦初出場,FALSE,2014,1992001,https://npb.jp/bis/players/31135110.html
71175116,阿部　和成,2011年 公式戦初出場,FALSE,2014,1992001,https://npb.jp/bis/players/71175116.html
51153884,井口　資仁,1997年 公式戦初出場,FALSE,2014,1992001,https://npb.jp/bis/players/51153884.html
01305115,今江　敏晃,2002年 公式戦初出場,FALSE,2014,1992001,https://npb.jp/bis/players/01305115.html
11315116,伊藤　義弘,2008年 公式戦初出場,FALSE,2014,1992001,https://npb.jp/bis/players/11315116.html
61165133,伊志嶺　翔大,2011年 公式戦初出場,FALSE,2014,1992001,https://npb.jp/bis/players/61165133.html
41145139,石川　歩,2014年 公式戦初出場,FALSE,2014,1992001,https://npb.jp/bis/players/41145139.html
11315139,井上　晴哉,2014年 公式戦初出場,FALSE,2014,1992001,https://npb.jp/bis/players/11315139.html
61165119,内　竜也,2004年 公式戦初出場,FALSE,2014,1992001,https://npb.jp/bis/players/61165119.html
51355116,植松　優友,2015年 公式戦初出場,FALSE,2014,1992001,https://npb.jp/bis/players/51355116.html
91395118,上野　大樹,2009年 公式戦初出場,FALSE,2014,1992001,https://npb.jp/bis/players/91395118.html
61365133,江村　直也,2013年 公式戦初出場,FALSE,2014,1992001,https://npb.jp/bis/players/61365133.html
71375110,大松　尚逸,2005年 公式戦初出場,FALSE,2014,1992001,https://npb.jp/bis/players/71375110.html
01505114,大嶺　祐太,2007年 公式戦初出場,FALSE,2014,1992001,https://npb.jp/bis/players/01505114.html
21525114,荻野　忠寛,2007年 公式戦初出場,FALSE,2014,1992001,https://npb.jp/bis/players/21525114.html
81385118,岡田　幸文,2010年 公式戦初出場,FALSE,2014,1992001,https://npb.jp/bis/players/81385118.html
41345131,大谷　智久,2010年 公式戦初出場,FALSE,2014,1992001,https://npb.jp/bis/players/41345131.html
81385131,大嶺　翔太,2014年 公式戦初出場,FALSE,2014,1992001,https://npb.jp/bis/players/81385131.html
71575131,荻野　貴司,2010年 公式戦初出場,FALSE,2014,1992001,https://npb.jp/bis/players/71575131.html
61565117,金澤　岳,2008年 公式戦初出場,FALSE,2014,1992001,https://npb.jp/bis/players/61565117.html
41345119,金森　敬之,2007年 公式戦初出場,FALSE,2014,1992001,https://npb.jp/bis/players/41345119.html
31535110,川本　良平,2007年 公式戦初出場,FALSE,2014,1992001,https://npb.jp/bis/players/31535110.html
41545114,角中　勝也,2007年 入団,FALSE,2014,1992001,https://npb.jp/bis/players/41545114.html
21525116,唐川　侑己,2008年 入団,FALSE,2014,1992001,https://npb.jp/bis/players/21525116.html
71575118,香月　良仁,2010年 公式戦初出場,FALSE,2014,1992001,https://npb.jp/bis/players/71575118.html
63565133,カルロス・ロサ,2011年 公式戦初出場,FALSE,2014,1992001,https://npb.jp/bis/players/63565133.html
91595137,加藤　翔平,2013年 公式戦初出場,FALSE,2014,1992001,https://npb.jp/bis/players/91595137.html
41545118,木村　優太,2011年 公式戦初出場,FALSE,2014,1992001,https://npb.jp/bis/players/41545118.html
91795131,清田　育宏,2010年 公式戦初出場,FALSE,2014,1992001,https://npb.jp/bis/players/91795131.html
03105114,Ｓ．グライシンガー,2007年 公式戦初出場,TRUE,2014,1992001,https://npb.jp/bis/players/03105114.html
41745133,黒沢　翔太,2013年 公式戦初出場,FALSE,2014,1992001,https://npb.jp/bis/players/41745133.html
01805139,Ｌ．クルーズ,2014年 公式戦初出場,TRUE,2014,1992001,https://npb.jp/bis/players/01805139.html
81785114,神戸　拓光,2008年 公式戦初出場,FALSE,2014,1992001,https://npb.jp/bis/players/81785114.html
61765133,小池　翔大,2012年 公式戦初出場,FALSE,2014,1992001,https://npb.jp/bis/players/61765133.html
11915133,小林　敦,2011年 公式戦初出場,FALSE,2014,1992001,https://npb.jp/bis/players/11915133.html
41143880,サブロー,1995年 公式戦初出場,FALSE,2014,1992001,https://npb.jp/bis/players/41143880.html
31733888,里崎　智也,2000年 公式戦初出場,FALSE,2014,1992001,https://npb.jp/bis/players/31733888.html
31735119,Ｇ．Ｇ．佐藤,2004年 公式戦初出場,TRUE,2014,1992001,https://npb.jp/bis/players/31735119.html
81985135,鈴木　大地,2012年 入団,FALSE,2014,1992001,https://npb.jp/bis/players/81985135.html
21925116,髙濱　卓也,2011年 公式戦初出場,FALSE,2014,1992001,https://npb.jp/bis/players/21925116.html
41945137,田村　龍弘,2013年 入団,FALSE,2014,1992001,https://npb.jp/bis/players/41945137.html
03505139,Ａ．デスパイネ,2014年 公式戦初出場,TRUE,2014,1992001,https://npb.jp/bis/players/03505139.html
11015119,成瀬　善久,2006年 公式戦初出場,FALSE,2014,1992001,https://npb.jp/bis/players/11015119.html
81285135,中後　悠平,2012年 公式戦初出場,FALSE,2014,1992001,https://npb.jp/bis/players/81285135.html
01205118,西野　勇士,2009年 入団,FALSE,2014,1992001,https://npb.jp/bis/players/01205118.html
01205112,根元　俊一,2006年 公式戦初出場,FALSE,2014,1992001,https://npb.jp/bis/players/01205112.html
51455117,早坂　圭介,2003年 公式戦初出場,FALSE,2014,1992001,https://npb.jp/bis/players/51455117.html
21225116,服部　泰卓,2010年 公式戦初出場,FALSE,2014,1992001,https://npb.jp/bis/players/21225116.html
33135139,Ｃ．ハフマン,2014年 公式戦初出場,TRUE,2014,1992001,https://npb.jp/bis/players/33135139.html
31235139,肘井　竜蔵,2015年 公式戦初出場,FALSE,2014,1992001,https://npb.jp/bis/players/31235139.html
21923889,福浦　和也,1997年 公式戦初出場,FALSE,2014,1992001,https://npb.jp/bis/players/21923889.html
91495112,古谷　拓哉,2006年 公式戦初出場,FALSE,2014,1992001,https://npb.jp/bis/players/91495112.html
53155116,Ｃ．ブラゼル,2008年 公式戦初出場,TRUE,2014,1992001,https://npb.jp/bis/players/53155116.html
11615135,藤岡　貴裕,2012年 公式戦初出場,FALSE,2014,1992001,https://npb.jp/bis/players/11615135.html
21225139,二木　康太,2015年 公式戦初出場,FALSE,2014,1992001,https://npb.jp/bis/players/21225139.html
21025111,塀内　久雄,2002年 公式戦初出場,FALSE,2014,1992001,https://npb.jp/bis/players/21025111.html
21425112,細谷　圭,2008年 公式戦初出場,FALSE,2014,1992001,https://npb.jp/bis/players/21425112.html
71675135,益田　直也,2012年 入団,FALSE,2014,1992001,https://npb.jp/bis/players/71675135.html
01205137,松永　昂大,2013年 公式戦初出場,FALSE,2014,1992001,https://npb.jp/bis/players/01205137.html
91695133,南　昌輝,2012年 公式戦初出場,FALSE,2014,1992001,https://npb.jp/bis/players/91695133.html
51455139,三木　亮,2014年 公式戦初出場,FALSE,2014,1992001,https://npb.jp/bis/players/51455139.html
91695139,吉田　裕太,2014年 公式戦初出場,FALSE,2014,1992001,https://npb.jp/bis/players/91695139.html
21625139,吉原　正平,2014年 公式戦初出場,FALSE,2014,1992001,https://npb.jp/bis/players/21625139.html
31635110,涌井　秀章,2005年 入団,FALSE,2014,1992001,https://npb.jp/bis/players/31635110.html
31135110,青松　慶侑,2006年 公式戦初出場,FALSE,2015,1992001,https://npb.jp/bis/players/31135110.html
71175116,阿部　和成,2011年 公式戦初出場,FALSE,2015,1992001,https://npb.jp/bis/players/71175116.html
51153884,井口　資仁,1997年 公式戦初出場,FALSE,2015,1992001,https://npb.jp/bis/players/51153884.html
01305115,今江　敏晃,2002年 公式戦初出場,FALSE,2015,1992001,https://npb.jp/bis/players/01305115.html
11315116,伊藤　義弘,2008年 公式戦初出場,FALSE,2015,1992001,https://npb.jp/bis/players/11315116.html
61165133,伊志嶺　翔大,2011年 公式戦初出場,FALSE,2015,1992001,https://npb.jp/bis/players/61165133.html
41145139,石川　歩,2014年 公式戦初出場,FALSE,2015,1992001,https://npb.jp/bis/players/41145139.html
11315139,井上　晴哉,2014年 公式戦初出場,FALSE,2015,1992001,https://npb.jp/bis/players/11315139.html
91395130,岩下　大輝,2018年 公式戦初出場,FALSE,2015,1992001,https://npb.jp/bis/players/91395130.html
93195130,イ・デウン,2015年 公式戦初出場,FALSE,2015,1992001,https://npb.jp/bis/players/93195130.html
61165119,内　竜也,2004年 公式戦初出場,FALSE,2015,1992001,https://npb.jp/bis/players/61165119.html
51355116,植松　優友,2015年 公式戦初出場,FALSE,2015,1992001,https://npb.jp/bis/players/51355116.html
91395118,上野　大樹,2009年 公式戦初出場,FALSE,2015,1992001,https://npb.jp/bis/players/91395118.html
61365133,江村　直也,2013年 公式戦初出場,FALSE,2015,1992001,https://npb.jp/bis/players/61365133.html
71375110,大松　尚逸,2005年 公式戦初出場,FALSE,2015,1992001,https://npb.jp/bis/players/71375110.html
01505114,大嶺　祐太,2007年 公式戦初出場,FALSE,2015,1992001,https://npb.jp/bis/players/01505114.html
81385118,岡田　幸文,2010年 公式戦初出場,FALSE,2015,1992001,https://npb.jp/bis/players/81385118.html
41345131,大谷　智久,2010年 公式戦初出場,FALSE,2015,1992001,https://npb.jp/bis/players/41345131.html
81385131,大嶺　翔太,2014年 公式戦初出場,FALSE,2015,1992001,https://npb.jp/bis/players/81385131.html
71575131,荻野　貴司,2010年 公式戦初出場,FALSE,2015,1992001,https://npb.jp/bis/players/71575131.html
61565117,金澤　岳,2008年 公式戦初出場,FALSE,2015,1992001,https://npb.jp/bis/players/61565117.html
41345119,金森　敬之,2007年 公式戦初出場,FALSE,2015,1992001,https://npb.jp/bis/players/41345119.html
31535110,川本　良平,2007年 公式戦初出場,FALSE,2015,1992001,https://npb.jp/bis/players/31535110.html
41545114,角中　勝也,2007年 入団,FALSE,2015,1992001,https://npb.jp/bis/players/41545114.html
21525116,唐川　侑己,2008年 入団,FALSE,2015,1992001,https://npb.jp/bis/players/21525116.html
71575118,香月　良仁,2010年 公式戦初出場,FALSE,2015,1992001,https://npb.jp/bis/players/71575118.html
63565133,カルロス・ロサ,2011年 公式戦初出場,FALSE,2015,1992001,https://npb.jp/bis/players/63565133.html
91595137,加藤　翔平,2013年 公式戦初出場,FALSE,2015,1992001,https://npb.jp/bis/players/91595137.html
21525130,香月　一也,2015年 入団,FALSE,2015,1992001,https://npb.jp/bis/players/21525130.html
41545118,木村　優太,2011年 公式戦初出場,FALSE,2015,1992001,https://npb.jp/bis/players/41545118.html
91795131,清田　育宏,2010年 公式戦初出場,FALSE,2015,1992001,https://npb.jp/bis/players/91795131.html
41745133,黒沢　翔太,2013年 公式戦初出場,FALSE,2015,1992001,https://npb.jp/bis/players/41745133.html
01805139,Ｌ．クルーズ,2014年 公式戦初出場,TRUE,2015,1992001,https://npb.jp/bis/players/01805139.html
11915133,小林　敦,2011年 公式戦初出場,FALSE,2015,1992001,https://npb.jp/bis/players/11915133.html
41143880,サブロー,1995年 公式戦初出場,FALSE,2015,1992001,https://npb.jp/bis/players/41143880.html
81985135,鈴木　大地,2012年 入団,FALSE,2015,1992001,https://npb.jp/bis/players/81985135.html
21925116,髙濱　卓也,2011年 公式戦初出場,FALSE,2015,1992001,https://npb.jp/bis/players/21925116.html
41945137,田村　龍弘,2013年 入団,FALSE,2015,1992001,https://npb.jp/bis/players/41945137.html
81085130,田中　英祐,2015年 公式戦初出場,FALSE,2015,1992001,https://npb.jp/bis/players/81085130.html
23525133,チェン・グァンユウ,2014年 公式戦初出場,FALSE,2015,1992001,https://npb.jp/bis/players/23525133.html
03505139,Ａ．デスパイネ,2014年 公式戦初出場,TRUE,2015,1992001,https://npb.jp/bis/players/03505139.html
81285135,中後　悠平,2012年 公式戦初出場,FALSE,2015,1992001,https://npb.jp/bis/players/81285135.html
51455130,中村　奨吾,2015年 入団,FALSE,2015,1992001,https://npb.jp/bis/players/51455130.html
01205118,西野　勇士,2009年 入団,FALSE,2015,1992001,https://npb.jp/bis/players/01205118.html
01205112,根元　俊一,2006年 公式戦初出場,FALSE,2015,1992001,https://npb.jp/bis/players/01205112.html
51455117,早坂　圭介,2003年 公式戦初出場,FALSE,2015,1992001,https://npb.jp/bis/players/51455117.html
21225116,服部　泰卓,2010年 公式戦初出場,FALSE,2015,1992001,https://npb.jp/bis/players/21225116.html
33135139,Ｃ．ハフマン,2014年 公式戦初出場,TRUE,2015,1992001,https://npb.jp/bis/players/33135139.html
31235139,肘井　竜蔵,2015年 公式戦初出場,FALSE,2015,1992001,https://npb.jp/bis/players/31235139.html
21923889,福浦　和也,1997年 公式戦初出場,FALSE,2015,1992001,https://npb.jp/bis/players/21923889.html
91495112,古谷　拓哉,2006年 公式戦初出場,FALSE,2015,1992001,https://npb.jp/bis/players/91495112.html
11615135,藤岡　貴裕,2012年 公式戦初出場,FALSE,2015,1992001,https://npb.jp/bis/players/11615135.html
21225139,二木　康太,2015年 公式戦初出場,FALSE,2015,1992001,https://npb.jp/bis/players/21225139.html
21425112,細谷　圭,2008年 公式戦初出場,FALSE,2015,1992001,https://npb.jp/bis/players/21425112.html
71675135,益田　直也,2012年 入団,FALSE,2015,1992001,https://npb.jp/bis/players/71675135.html
01205137,松永　昂大,2013年 公式戦初出場,FALSE,2015,1992001,https://npb.jp/bis/players/01205137.html
91695133,南　昌輝,2012年 公式戦初出場,FALSE,2015,1992001,https://npb.jp/bis/players/91695133.html
51455139,三木　亮,2014年 公式戦初出場,FALSE,2015,1992001,https://npb.jp/bis/players/51455139.html
81685130,宮﨑　敦次,2016年 公式戦初出場,FALSE,2015,1992001,https://npb.jp/bis/players/81685130.html
41445131,矢地　健人,2010年 公式戦初出場,FALSE,2015,1992001,https://npb.jp/bis/players/41445131.html
91695139,吉田　裕太,2014年 公式戦初出場,FALSE,2015,1992001,https://npb.jp/bis/players/91695139.html
21625139,吉原　正平,2014年 公式戦初出場,FALSE,2015,1992001,https://npb.jp/bis/players/21625139.html
31635110,涌井　秀章,2005年 入団,FALSE,2015,1992001,https://npb.jp/bis/players/31635110.html
31135110,青松　慶侑,2006年 公式戦初出場,FALSE,2016,1992001,https://npb.jp/bis/players/31135110.html
71175116,阿部　和成,2011年 公式戦初出場,FALSE,2016,1992001,https://npb.jp/bis/players/71175116.html
51153884,井口　資仁,1997年 公式戦初出場,FALSE,2016,1992001,https://npb.jp/bis/players/51153884.html
11315116,伊藤　義弘,2008年 公式戦初出場,FALSE,2016,1992001,https://npb.jp/bis/players/11315116.html
61165133,伊志嶺　翔大,2011年 公式戦初出場,FALSE,2016,1992001,https://npb.jp/bis/players/61165133.html
41145139,石川　歩,2014年 公式戦初出場,FALSE,2016,1992001,https://npb.jp/bis/players/41145139.html
11315139,井上　晴哉,2014年 公式戦初出場,FALSE,2016,1992001,https://npb.jp/bis/players/11315139.html
91395130,岩下　大輝,2018年 公式戦初出場,FALSE,2016,1992001,https://npb.jp/bis/players/91395130.html
93195130,イ・デウン,2015年 公式戦初出場,FALSE,2016,1992001,https://npb.jp/bis/players/93195130.html
61165119,内　竜也,2004年 公式戦初出場,FALSE,2016,1992001,https://npb.jp/bis/players/61165119.html
61365133,江村　直也,2013年 公式戦初出場,FALSE,2016,1992001,https://npb.jp/bis/players/61365133.html
71375110,大松　尚逸,2005年 公式戦初出場,FALSE,2016,1992001,https://npb.jp/bis/players/71375110.html
01505114,大嶺　祐太,2007年 公式戦初出場,FALSE,2016,1992001,https://npb.jp/bis/players/01505114.html
81385118,岡田　幸文,2010年 公式戦初出場,FALSE,2016,1992001,https://npb.jp/bis/players/81385118.html
41345131,大谷　智久,2010年 公式戦初出場,FALSE,2016,1992001,https://npb.jp/bis/players/41345131.html
81385131,大嶺　翔太,2014年 公式戦初出場,FALSE,2016,1992001,https://npb.jp/bis/players/81385131.html
71575131,荻野　貴司,2010年 公式戦初出場,FALSE,2016,1992001,https://npb.jp/bis/players/71575131.html
81385132,大木　貴将,2017年 公式戦初出場,FALSE,2016,1992001,https://npb.jp/bis/players/81385132.html
61565117,金澤　岳,2008年 公式戦初出場,FALSE,2016,1992001,https://npb.jp/bis/players/61565117.html
41345119,金森　敬之,2007年 公式戦初出場,FALSE,2016,1992001,https://npb.jp/bis/players/41345119.html
41545114,角中　勝也,2007年 入団,FALSE,2016,1992001,https://npb.jp/bis/players/41545114.html
21525116,唐川　侑己,2008年 入団,FALSE,2016,1992001,https://npb.jp/bis/players/21525116.html
71575118,香月　良仁,2010年 公式戦初出場,FALSE,2016,1992001,https://npb.jp/bis/players/71575118.html
91595137,加藤　翔平,2013年 公式戦初出場,FALSE,2016,1992001,https://npb.jp/bis/players/91595137.html
21525130,香月　一也,2015年 入団,FALSE,2016,1992001,https://npb.jp/bis/players/21525130.html
21525132,柿沼　友哉,2016年 入団,FALSE,2016,1992001,https://npb.jp/bis/players/21525132.html
41545118,木村　優太,2011年 公式戦初出場,FALSE,2016,1992001,https://npb.jp/bis/players/41545118.html
91795131,清田　育宏,2010年 公式戦初出場,FALSE,2016,1992001,https://npb.jp/bis/players/91795131.html
41745133,黒沢　翔太,2013年 公式戦初出場,FALSE,2016,1992001,https://npb.jp/bis/players/41745133.html
41143880,サブロー,1995年 公式戦初出場,FALSE,2016,1992001,https://npb.jp/bis/players/41143880.html
83585114,Ｊ．スタンリッジ,2007年 公式戦初出場,TRUE,2016,1992001,https://npb.jp/bis/players/83585114.html
81985135,鈴木　大地,2012年 入団,FALSE,2016,1992001,https://npb.jp/bis/players/81985135.html
11015132,関谷　亮太,2016年 公式戦初出場,FALSE,2016,1992001,https://npb.jp/bis/players/11015132.html
01005112,田中　靖洋,2010年 公式戦初出場,FALSE,2016,1992001,https://npb.jp/bis/players/01005112.html
21925116,髙濱　卓也,2011年 公式戦初出場,FALSE,2016,1992001,https://npb.jp/bis/players/21925116.html
41945137,田村　龍弘,2013年 入団,FALSE,2016,1992001,https://npb.jp/bis/players/41945137.html
81085130,田中　英祐,2015年 公式戦初出場,FALSE,2016,1992001,https://npb.jp/bis/players/81085130.html
31035132,高野　圭佑,2016年 公式戦初出場,FALSE,2016,1992001,https://npb.jp/bis/players/31035132.html
23525133,チェン・グァンユウ,2014年 公式戦初出場,FALSE,2016,1992001,https://npb.jp/bis/players/23525133.html
03505139,Ａ．デスパイネ,2014年 公式戦初出場,TRUE,2016,1992001,https://npb.jp/bis/players/03505139.html
21225132,東條　大樹,2016年 公式戦初出場,FALSE,2016,1992001,https://npb.jp/bis/players/21225132.html
51455130,中村　奨吾,2015年 入団,FALSE,2016,1992001,https://npb.jp/bis/players/51455130.html
51455132,成田　翔,2017年 公式戦初出場,FALSE,2016,1992001,https://npb.jp/bis/players/51455132.html
23525132,Ｙ．ナバーロ,2016年 公式戦初出場,TRUE,2016,1992001,https://npb.jp/bis/players/23525132.html
01205118,西野　勇士,2009年 入団,FALSE,2016,1992001,https://npb.jp/bis/players/01205118.html
01205112,根元　俊一,2006年 公式戦初出場,FALSE,2016,1992001,https://npb.jp/bis/players/01205112.html
31235139,肘井　竜蔵,2015年 公式戦初出場,FALSE,2016,1992001,https://npb.jp/bis/players/31235139.html
91695132,平沢　大河,2016年 入団,FALSE,2016,1992001,https://npb.jp/bis/players/91695132.html
21923889,福浦　和也,1997年 公式戦初出場,FALSE,2016,1992001,https://npb.jp/bis/players/21923889.html
91495112,古谷　拓哉,2006年 公式戦初出場,FALSE,2016,1992001,https://npb.jp/bis/players/91495112.html
11615135,藤岡　貴裕,2012年 公式戦初出場,FALSE,2016,1992001,https://npb.jp/bis/players/11615135.html
21225139,二木　康太,2015年 公式戦初出場,FALSE,2016,1992001,https://npb.jp/bis/players/21225139.html
21425112,細谷　圭,2008年 公式戦初出場,FALSE,2016,1992001,https://npb.jp/bis/players/21425112.html
71675135,益田　直也,2012年 入団,FALSE,2016,1992001,https://npb.jp/bis/players/71675135.html
01205137,松永　昂大,2013年 公式戦初出場,FALSE,2016,1992001,https://npb.jp/bis/players/01205137.html
91695133,南　昌輝,2012年 公式戦初出場,FALSE,2016,1992001,https://npb.jp/bis/players/91695133.html
51455139,三木　亮,2014年 公式戦初出場,FALSE,2016,1992001,https://npb.jp/bis/players/51455139.html
81685130,宮﨑　敦次,2016年 公式戦初出場,FALSE,2016,1992001,https://npb.jp/bis/players/81685130.html
91695139,吉田　裕太,2014年 公式戦初出場,FALSE,2016,1992001,https://npb.jp/bis/players/91695139.html
21625139,吉原　正平,2014年 公式戦初出場,FALSE,2016,1992001,https://npb.jp/bis/players/21625139.html
31635110,涌井　秀章,2005年 入団,FALSE,2016,1992001,https://npb.jp/bis/players/31635110.html
71175116,阿部　和成,2011年 公式戦初出場,FALSE,2017,1992001,https://npb.jp/bis/players/71175116.html
51155134,有吉　優樹,2017年 公式戦初出場,FALSE,2017,1992001,https://npb.jp/bis/players/51155134.html
51153884,井口　資仁,1997年 公式戦初出場,FALSE,2017,1992001,https://npb.jp/bis/players/51153884.html
81185118,猪本　健太郎,2014年 公式戦初出場,FALSE,2017,1992001,https://npb.jp/bis/players/81185118.html
61165133,伊志嶺　翔大,2011年 公式戦初出場,FALSE,2017,1992001,https://npb.jp/bis/players/61165133.html
41145139,石川　歩,2014年 公式戦初出場,FALSE,2017,1992001,https://npb.jp/bis/players/41145139.html
11315139,井上　晴哉,2014年 公式戦初出場,FALSE,2017,1992001,https://npb.jp/bis/players/11315139.html
91395130,岩下　大輝,2018年 公式戦初出場,FALSE,2017,1992001,https://npb.jp/bis/players/91395130.html
61165119,内　竜也,2004年 公式戦初出場,FALSE,2017,1992001,https://npb.jp/bis/players/61165119.html
61365133,江村　直也,2013年 公式戦初出場,FALSE,2017,1992001,https://npb.jp/bis/players/61365133.html
01505114,大嶺　祐太,2007年 公式戦初出場,FALSE,2017,1992001,https://npb.jp/bis/players/01505114.html
81385118,岡田　幸文,2010年 公式戦初出場,FALSE,2017,1992001,https://npb.jp/bis/players/81385118.html
41345131,大谷　智久,2010年 公式戦初出場,FALSE,2017,1992001,https://npb.jp/bis/players/41345131.html
81385131,大嶺　翔太,2014年 公式戦初出場,FALSE,2017,1992001,https://npb.jp/bis/players/81385131.html
71575131,荻野　貴司,2010年 公式戦初出場,FALSE,2017,1992001,https://npb.jp/bis/players/71575131.html
81385132,大木　貴将,2017年 公式戦初出場,FALSE,2017,1992001,https://npb.jp/bis/players/81385132.html
61565117,金澤　岳,2008年 公式戦初出場,FALSE,2017,1992001,https://npb.jp/bis/players/61565117.html
41345119,金森　敬之,2007年 公式戦初出場,FALSE,2017,1992001,https://npb.jp/bis/players/41345119.html
41545114,角中　勝也,2007年 入団,FALSE,2017,1992001,https://npb.jp/bis/players/41545114.html
21525116,唐川　侑己,2008年 入団,FALSE,2017,1992001,https://npb.jp/bis/players/21525116.html
91595137,加藤　翔平,2013年 公式戦初出場,FALSE,2017,1992001,https://npb.jp/bis/players/91595137.html
21525130,香月　一也,2015年 入団,FALSE,2017,1992001,https://npb.jp/bis/players/21525130.html
21525132,柿沼　友哉,2016年 入団,FALSE,2017,1992001,https://npb.jp/bis/players/21525132.html
91795131,清田　育宏,2010年 公式戦初出場,FALSE,2017,1992001,https://npb.jp/bis/players/91795131.html
41745133,黒沢　翔太,2013年 公式戦初出場,FALSE,2017,1992001,https://npb.jp/bis/players/41745133.html
61765134,酒居　知史,2017年 入団,FALSE,2017,1992001,https://npb.jp/bis/players/61765134.html
71975134,佐々木　千隼,2017年 入団,FALSE,2017,1992001,https://npb.jp/bis/players/71975134.html
13015134,Ｒ．サントス,2017年 公式戦初出場,TRUE,2017,1992001,https://npb.jp/bis/players/13015134.html
21725118,柴田　講平,2009年 公式戦初出場,FALSE,2017,1992001,https://npb.jp/bis/players/21725118.html
83585114,Ｊ．スタンリッジ,2007年 公式戦初出場,TRUE,2017,1992001,https://npb.jp/bis/players/83585114.html
81985135,鈴木　大地,2012年 入団,FALSE,2017,1992001,https://npb.jp/bis/players/81985135.html
11015132,関谷　亮太,2016年 公式戦初出場,FALSE,2017,1992001,https://npb.jp/bis/players/11015132.html
01005112,田中　靖洋,2010年 公式戦初出場,FALSE,2017,1992001,https://npb.jp/bis/players/01005112.html
21925116,髙濱　卓也,2011年 公式戦初出場,FALSE,2017,1992001,https://npb.jp/bis/players/21925116.html
41945137,田村　龍弘,2013年 入団,FALSE,2017,1992001,https://npb.jp/bis/players/41945137.html
81085130,田中　英祐,2015年 公式戦初出場,FALSE,2017,1992001,https://npb.jp/bis/players/81085130.html
31035132,高野　圭佑,2016年 公式戦初出場,FALSE,2017,1992001,https://npb.jp/bis/players/31035132.html
71275134,種市　篤暉,2017年 入団,FALSE,2017,1992001,https://npb.jp/bis/players/71275134.html
73775134,Ｍ．ダフィー,2017年 公式戦初出場,TRUE,2017,1992001,https://npb.jp/bis/players/73775134.html
23525133,チェン・グァンユウ,2014年 公式戦初出場,FALSE,2017,1992001,https://npb.jp/bis/players/23525133.html
21225132,東條　大樹,2016年 公式戦初出場,FALSE,2017,1992001,https://npb.jp/bis/players/21225132.html
31435134,土肥　星也,2017年 公式戦初出場,FALSE,2017,1992001,https://npb.jp/bis/players/31435134.html
51455130,中村　奨吾,2015年 入団,FALSE,2017,1992001,https://npb.jp/bis/players/51455130.html
51455132,成田　翔,2017年 公式戦初出場,FALSE,2017,1992001,https://npb.jp/bis/players/51455132.html
01205118,西野　勇士,2009年 入団,FALSE,2017,1992001,https://npb.jp/bis/players/01205118.html
01205112,根元　俊一,2006年 公式戦初出場,FALSE,2017,1992001,https://npb.jp/bis/players/01205112.html
23725134,Ｊ．パラデス,2017年 公式戦初出場,TRUE,2017,1992001,https://npb.jp/bis/players/23725134.html
31235139,肘井　竜蔵,2015年 公式戦初出場,FALSE,2017,1992001,https://npb.jp/bis/players/31235139.html
91695132,平沢　大河,2016年 入団,FALSE,2017,1992001,https://npb.jp/bis/players/91695132.html
21923889,福浦　和也,1997年 公式戦初出場,FALSE,2017,1992001,https://npb.jp/bis/players/21923889.html
91495112,古谷　拓哉,2006年 公式戦初出場,FALSE,2017,1992001,https://npb.jp/bis/players/91495112.html
11615135,藤岡　貴裕,2012年 公式戦初出場,FALSE,2017,1992001,https://npb.jp/bis/players/11615135.html
21225139,二木　康太,2015年 公式戦初出場,FALSE,2017,1992001,https://npb.jp/bis/players/21225139.html
93195135,Ｗ．ペーニャ,2012年 公式戦初出場,TRUE,2017,1992001,https://npb.jp/bis/players/93195135.html
21425112,細谷　圭,2008年 公式戦初出場,FALSE,2017,1992001,https://npb.jp/bis/players/21425112.html
71675135,益田　直也,2012年 入団,FALSE,2017,1992001,https://npb.jp/bis/players/71675135.html
01205137,松永　昂大,2013年 公式戦初出場,FALSE,2017,1992001,https://npb.jp/bis/players/01205137.html
91695133,南　昌輝,2012年 公式戦初出場,FALSE,2017,1992001,https://npb.jp/bis/players/91695133.html
81685135,三家　和真,2017年 公式戦初出場,FALSE,2017,1992001,https://npb.jp/bis/players/81685135.html
51455139,三木　亮,2014年 公式戦初出場,FALSE,2017,1992001,https://npb.jp/bis/players/51455139.html
81685130,宮﨑　敦次,2016年 公式戦初出場,FALSE,2017,1992001,https://npb.jp/bis/players/81685130.html
73175134,宗接　唯人,2018年 公式戦初出場,FALSE,2017,1992001,https://npb.jp/bis/players/73175134.html
91695139,吉田　裕太,2014年 公式戦初出場,FALSE,2017,1992001,https://npb.jp/bis/players/91695139.html
31635110,涌井　秀章,2005年 入団,FALSE,2017,1992001,https://npb.jp/bis/players/31635110.html
71175116,阿部　和成,2011年 公式戦初出場,FALSE,2018,1992001,https://npb.jp/bis/players/71175116.html
51155134,有吉　優樹,2017年 公式戦初出場,FALSE,2018,1992001,https://npb.jp/bis/players/51155134.html
61165133,伊志嶺　翔大,2011年 公式戦初出場,FALSE,2018,1992001,https://npb.jp/bis/players/61165133.html
41145139,石川　歩,2014年 公式戦初出場,FALSE,2018,1992001,https://npb.jp/bis/players/41145139.html
11315139,井上　晴哉,2014年 公式戦初出場,FALSE,2018,1992001,https://npb.jp/bis/players/11315139.html
91395130,岩下　大輝,2018年 公式戦初出場,FALSE,2018,1992001,https://npb.jp/bis/players/91395130.html
61165119,内　竜也,2004年 公式戦初出場,FALSE,2018,1992001,https://npb.jp/bis/players/61165119.html
61365133,江村　直也,2013年 公式戦初出場,FALSE,2018,1992001,https://npb.jp/bis/players/61365133.html
51555114,大隣　憲司,2007年 公式戦初出場,FALSE,2018,1992001,https://npb.jp/bis/players/51555114.html
01505114,大嶺　祐太,2007年 公式戦初出場,FALSE,2018,1992001,https://npb.jp/bis/players/01505114.html
81385118,岡田　幸文,2010年 公式戦初出場,FALSE,2018,1992001,https://npb.jp/bis/players/81385118.html
41345131,大谷　智久,2010年 公式戦初出場,FALSE,2018,1992001,https://npb.jp/bis/players/41345131.html
81385131,大嶺　翔太,2014年 公式戦初出場,FALSE,2018,1992001,https://npb.jp/bis/players/81385131.html
71575131,荻野　貴司,2010年 公式戦初出場,FALSE,2018,1992001,https://npb.jp/bis/players/71575131.html
11515139,岡　大海,2014年 入団,FALSE,2018,1992001,https://npb.jp/bis/players/11515139.html
81385132,大木　貴将,2017年 公式戦初出場,FALSE,2018,1992001,https://npb.jp/bis/players/81385132.html
63365136,Ｅ．オルモス,2018年 公式戦初出場,TRUE,2018,1992001,https://npb.jp/bis/players/63365136.html
61565117,金澤　岳,2008年 公式戦初出場,FALSE,2018,1992001,https://npb.jp/bis/players/61565117.html
41545114,角中　勝也,2007年 入団,FALSE,2018,1992001,https://npb.jp/bis/players/41545114.html
21525116,唐川　侑己,2008年 入団,FALSE,2018,1992001,https://npb.jp/bis/players/21525116.html
91595137,加藤　翔平,2013年 公式戦初出場,FALSE,2018,1992001,https://npb.jp/bis/players/91595137.html
21525130,香月　一也,2015年 入団,FALSE,2018,1992001,https://npb.jp/bis/players/21525130.html
21525132,柿沼　友哉,2016年 入団,FALSE,2018,1992001,https://npb.jp/bis/players/21525132.html
91795131,清田　育宏,2010年 公式戦初出場,FALSE,2018,1992001,https://npb.jp/bis/players/91795131.html
61765134,酒居　知史,2017年 入団,FALSE,2018,1992001,https://npb.jp/bis/players/61765134.html
71975134,佐々木　千隼,2017年 入団,FALSE,2018,1992001,https://npb.jp/bis/players/71975134.html
93595136,Ｔ．シェッパーズ,2018年 公式戦初出場,TRUE,2018,1992001,https://npb.jp/bis/players/93595136.html
81985135,鈴木　大地,2012年 入団,FALSE,2018,1992001,https://npb.jp/bis/players/81985135.html
41945136,菅野　剛士,2018年 公式戦初出場,FALSE,2018,1992001,https://npb.jp/bis/players/41945136.html
11015132,関谷　亮太,2016年 公式戦初出場,FALSE,2018,1992001,https://npb.jp/bis/players/11015132.html
01005112,田中　靖洋,2010年 公式戦初出場,FALSE,2018,1992001,https://npb.jp/bis/players/01005112.html
21925116,髙濱　卓也,2011年 公式戦初出場,FALSE,2018,1992001,https://npb.jp/bis/players/21925116.html
41945137,田村　龍弘,2013年 入団,FALSE,2018,1992001,https://npb.jp/bis/players/41945137.html
31035132,高野　圭佑,2016年 公式戦初出場,FALSE,2018,1992001,https://npb.jp/bis/players/31035132.html
71275134,種市　篤暉,2017年 入団,FALSE,2018,1992001,https://npb.jp/bis/players/71275134.html
23525133,チェン・グァンユウ,2014年 公式戦初出場,FALSE,2018,1992001,https://npb.jp/bis/players/23525133.html
21225132,東條　大樹,2016年 公式戦初出場,FALSE,2018,1992001,https://npb.jp/bis/players/21225132.html
31435134,土肥　星也,2017年 公式戦初出場,FALSE,2018,1992001,https://npb.jp/bis/players/31435134.html
43545136,Ｍ．ドミンゲス,2018年 公式戦初出場,TRUE,2018,1992001,https://npb.jp/bis/players/43545136.html
51455130,中村　奨吾,2015年 入団,FALSE,2018,1992001,https://npb.jp/bis/players/51455130.html
51455132,成田　翔,2017年 公式戦初出場,FALSE,2018,1992001,https://npb.jp/bis/players/51455132.html
41245136,永野　将司,2018年 公式戦初出場,FALSE,2018,1992001,https://npb.jp/bis/players/41245136.html
01205118,西野　勇士,2009年 入団,FALSE,2018,1992001,https://npb.jp/bis/players/01205118.html
01205112,根元　俊一,2006年 公式戦初出場,FALSE,2018,1992001,https://npb.jp/bis/players/01205112.html
31235139,肘井　竜蔵,2015年 公式戦初出場,FALSE,2018,1992001,https://npb.jp/bis/players/31235139.html
91695132,平沢　大河,2016年 入団,FALSE,2018,1992001,https://npb.jp/bis/players/91695132.html
21923889,福浦　和也,1997年 公式戦初出場,FALSE,2018,1992001,https://npb.jp/bis/players/21923889.html
11615135,藤岡　貴裕,2012年 公式戦初出場,FALSE,2018,1992001,https://npb.jp/bis/players/11615135.html
21225139,二木　康太,2015年 公式戦初出場,FALSE,2018,1992001,https://npb.jp/bis/players/21225139.html
41645136,藤岡　裕大,2018年 入団,FALSE,2018,1992001,https://npb.jp/bis/players/41645136.html
21425112,細谷　圭,2008年 公式戦初出場,FALSE,2018,1992001,https://npb.jp/bis/players/21425112.html
13715136,Ｍ．ボルシンガー,2018年 公式戦初出場,TRUE,2018,1992001,https://npb.jp/bis/players/13715136.html
71675135,益田　直也,2012年 入団,FALSE,2018,1992001,https://npb.jp/bis/players/71675135.html
01205137,松永　昂大,2013年 公式戦初出場,FALSE,2018,1992001,https://npb.jp/bis/players/01205137.html
91695133,南　昌輝,2012年 公式戦初出場,FALSE,2018,1992001,https://npb.jp/bis/players/91695133.html
81685135,三家　和真,2017年 公式戦初出場,FALSE,2018,1992001,https://npb.jp/bis/players/81685135.html
51455139,三木　亮,2014年 公式戦初出場,FALSE,2018,1992001,https://npb.jp/bis/players/51455139.html
81685130,宮﨑　敦次,2016年 公式戦初出場,FALSE,2018,1992001,https://npb.jp/bis/players/81685130.html
73175134,宗接　唯人,2018年 公式戦初出場,FALSE,2018,1992001,https://npb.jp/bis/players/73175134.html
61865136,森　遼大朗,2018年 入団,FALSE,2018,1992001,https://npb.jp/bis/players/61865136.html
81885136,安田　尚憲,2018年 入団,FALSE,2018,1992001,https://npb.jp/bis/players/81885136.html
93195136,山本　大貴,2018年 公式戦初出場,FALSE,2018,1992001,https://npb.jp/bis/players/93195136.html
91695139,吉田　裕太,2014年 公式戦初出場,FALSE,2018,1992001,https://npb.jp/bis/players/91695139.html
91295114,李　杜軒,2012年 公式戦初出場,FALSE,2018,1992001,https://npb.jp/bis/players/91295114.html
31635110,涌井　秀章,2005年 入団,FALSE,2018,1992001,https://npb.jp/bis/players/31635110.html
33335136,和田　康士朗,2018年 入団,FALSE,2018,1992001,https://npb.jp/bis/players/33335136.html
53355136,渡邉　啓太,2018年 公式戦初出場,FALSE,2018,1992001,https://npb.jp/bis/players/53355136.html
71175116,阿部　和成,2011年 公式戦初出場,FALSE,2019,1992001,https://npb.jp/bis/players/71175116.html
51155134,有吉　優樹,2017年 公式戦初出場,FALSE,2019,1992001,https://npb.jp/bis/players/51155134.html
31135138,東妻　勇輔,2019年 入団,FALSE,2019,1992001,https://npb.jp/bis/players/31135138.html
61165133,伊志嶺　翔大,2011年 公式戦初出場,FALSE,2019,1992001,https://npb.jp/bis/players/61165133.html
41145139,石川　歩,2014年 公式戦初出場,FALSE,2019,1992001,https://npb.jp/bis/players/41145139.html
11315139,井上　晴哉,2014年 公式戦初出場,FALSE,2019,1992001,https://npb.jp/bis/players/11315139.html
81185130,石崎　剛,2015年 公式戦初出場,FALSE,2019,1992001,https://npb.jp/bis/players/81185130.html
91395130,岩下　大輝,2018年 公式戦初出場,FALSE,2019,1992001,https://npb.jp/bis/players/91395130.html
61165119,内　竜也,2004年 公式戦初出場,FALSE,2019,1992001,https://npb.jp/bis/players/61165119.html
61365133,江村　直也,2013年 公式戦初出場,FALSE,2019,1992001,https://npb.jp/bis/players/61365133.html
01505114,大嶺　祐太,2007年 公式戦初出場,FALSE,2019,1992001,https://npb.jp/bis/players/01505114.html
41345131,大谷　智久,2010年 公式戦初出場,FALSE,2019,1992001,https://npb.jp/bis/players/41345131.html
71575131,荻野　貴司,2010年 公式戦初出場,FALSE,2019,1992001,https://npb.jp/bis/players/71575131.html
11515139,岡　大海,2014年 入団,FALSE,2019,1992001,https://npb.jp/bis/players/11515139.html
81385132,大木　貴将,2017年 公式戦初出場,FALSE,2019,1992001,https://npb.jp/bis/players/81385132.html
11515138,小島　和哉,2019年 入団,FALSE,2019,1992001,https://npb.jp/bis/players/11515138.html
41545114,角中　勝也,2007年 入団,FALSE,2019,1992001,https://npb.jp/bis/players/41545114.html
21525116,唐川　侑己,2008年 入団,FALSE,2019,1992001,https://npb.jp/bis/players/21525116.html
91595137,加藤　翔平,2013年 公式戦初出場,FALSE,2019,1992001,https://npb.jp/bis/players/91595137.html
21525130,香月　一也,2015年 入団,FALSE,2019,1992001,https://npb.jp/bis/players/21525130.html
21525132,柿沼　友哉,2016年 入団,FALSE,2019,1992001,https://npb.jp/bis/players/21525132.html
91795131,清田　育宏,2010年 公式戦初出場,FALSE,2019,1992001,https://npb.jp/bis/players/91795131.html
61765134,酒居　知史,2017年 入団,FALSE,2019,1992001,https://npb.jp/bis/players/61765134.html
71975134,佐々木　千隼,2017年 入団,FALSE,2019,1992001,https://npb.jp/bis/players/71975134.html
81985135,鈴木　大地,2012年 入団,FALSE,2019,1992001,https://npb.jp/bis/players/81985135.html
41945136,菅野　剛士,2018年 公式戦初出場,FALSE,2019,1992001,https://npb.jp/bis/players/41945136.html
11015132,関谷　亮太,2016年 公式戦初出場,FALSE,2019,1992001,https://npb.jp/bis/players/11015132.html
01005112,田中　靖洋,2010年 公式戦初出場,FALSE,2019,1992001,https://npb.jp/bis/players/01005112.html
21925116,髙濱　卓也,2011年 公式戦初出場,FALSE,2019,1992001,https://npb.jp/bis/players/21925116.html
41945137,田村　龍弘,2013年 入団,FALSE,2019,1992001,https://npb.jp/bis/players/41945137.html
31035132,高野　圭佑,2016年 公式戦初出場,FALSE,2019,1992001,https://npb.jp/bis/players/31035132.html
71275134,種市　篤暉,2017年 入団,FALSE,2019,1992001,https://npb.jp/bis/players/71275134.html
23525133,チェン・グァンユウ,2014年 公式戦初出場,FALSE,2019,1992001,https://npb.jp/bis/players/23525133.html
71275132,茶谷　健太,2016年 入団,FALSE,2019,1992001,https://npb.jp/bis/players/71275132.html
21225132,東條　大樹,2016年 公式戦初出場,FALSE,2019,1992001,https://npb.jp/bis/players/21225132.html
31435134,土肥　星也,2017年 公式戦初出場,FALSE,2019,1992001,https://npb.jp/bis/players/31435134.html
01005138,土居　豪人,2021年 公式戦初出場,FALSE,2019,1992001,https://npb.jp/bis/players/01005138.html
51455130,中村　奨吾,2015年 入団,FALSE,2019,1992001,https://npb.jp/bis/players/51455130.html
51455132,成田　翔,2017年 公式戦初出場,FALSE,2019,1992001,https://npb.jp/bis/players/51455132.html
41245136,永野　将司,2018年 公式戦初出場,FALSE,2019,1992001,https://npb.jp/bis/players/41245136.html
01205138,中村　稔弥,2019年 入団,FALSE,2019,1992001,https://npb.jp/bis/players/01205138.html
01205118,西野　勇士,2009年 入団,FALSE,2019,1992001,https://npb.jp/bis/players/01205118.html
53355138,Ｋ．バルガス,2019年 公式戦初出場,TRUE,2019,1992001,https://npb.jp/bis/players/53355138.html
91695132,平沢　大河,2016年 入団,FALSE,2019,1992001,https://npb.jp/bis/players/91695132.html
21923889,福浦　和也,1997年 公式戦初出場,FALSE,2019,1992001,https://npb.jp/bis/players/21923889.html
03305133,ブランドン,2011年 公式戦初出場,FALSE,2019,1992001,https://npb.jp/bis/players/03305133.html
21225139,二木　康太,2015年 公式戦初出場,FALSE,2019,1992001,https://npb.jp/bis/players/21225139.html
41645136,藤岡　裕大,2018年 入団,FALSE,2019,1992001,https://npb.jp/bis/players/41645136.html
31635138,藤原　恭大,2019年 入団,FALSE,2019,1992001,https://npb.jp/bis/players/31635138.html
51655138,古谷　拓郎,2020年 公式戦初出場,FALSE,2019,1992001,https://npb.jp/bis/players/51655138.html
71475115,細川　亨,2002年 公式戦初出場,FALSE,2019,1992001,https://npb.jp/bis/players/71475115.html
21425112,細谷　圭,2008年 公式戦初出場,FALSE,2019,1992001,https://npb.jp/bis/players/21425112.html
13715136,Ｍ．ボルシンガー,2018年 公式戦初出場,TRUE,2019,1992001,https://npb.jp/bis/players/13715136.html
71675135,益田　直也,2012年 入団,FALSE,2019,1992001,https://npb.jp/bis/players/71675135.html
01205137,松永　昂大,2013年 公式戦初出場,FALSE,2019,1992001,https://npb.jp/bis/players/01205137.html
41645138,松田　進,2019年 公式戦初出場,FALSE,2019,1992001,https://npb.jp/bis/players/41645138.html
23725138,Ｌ．マーティン,2019年 公式戦初出場,TRUE,2019,1992001,https://npb.jp/bis/players/23725138.html
91695133,南　昌輝,2012年 公式戦初出場,FALSE,2019,1992001,https://npb.jp/bis/players/91695133.html
81685135,三家　和真,2017年 公式戦初出場,FALSE,2019,1992001,https://npb.jp/bis/players/81685135.html
51455139,三木　亮,2014年 公式戦初出場,FALSE,2019,1992001,https://npb.jp/bis/players/51455139.html
73175134,宗接　唯人,2018年 公式戦初出場,FALSE,2019,1992001,https://npb.jp/bis/players/73175134.html
61865136,森　遼大朗,2018年 入団,FALSE,2019,1992001,https://npb.jp/bis/players/61865136.html
81885136,安田　尚憲,2018年 入団,FALSE,2019,1992001,https://npb.jp/bis/players/81885136.html
93195136,山本　大貴,2018年 公式戦初出場,FALSE,2019,1992001,https://npb.jp/bis/players/93195136.html
91895138,山口　航輝,2019年 入団,FALSE,2019,1992001,https://npb.jp/bis/players/91895138.html
91695139,吉田　裕太,2014年 公式戦初出場,FALSE,2019,1992001,https://npb.jp/bis/players/91695139.html
91295114,李　杜軒,2012年 公式戦初出場,FALSE,2019,1992001,https://npb.jp/bis/players/91295114.html
23525130,Ｂ．レアード,2015年 公式戦初出場,TRUE,2019,1992001,https://npb.jp/bis/players/23525130.html
53555138,Ｊ．レイビン,2019年 公式戦初出場,TRUE,2019,1992001,https://npb.jp/bis/players/53555138.html
31635110,涌井　秀章,2005年 入団,FALSE,2019,1992001,https://npb.jp/bis/players/31635110.html
33335136,和田　康士朗,2018年 入団,FALSE,2019,1992001,https://npb.jp/bis/players/33335136.html
53355136,渡邉　啓太,2018年 公式戦初出場,FALSE,2019,1992001,https://npb.jp/bis/players/53355136.html
51155134,有吉　優樹,2017年 公式戦初出場,FALSE,2020,1992001,https://npb.jp/bis/players/51155134.html
31135138,東妻　勇輔,2019年 入団,FALSE,2020,1992001,https://npb.jp/bis/players/31135138.html
41145139,石川　歩,2014年 公式戦初出場,FALSE,2020,1992001,https://npb.jp/bis/players/41145139.html
11315139,井上　晴哉,2014年 公式戦初出場,FALSE,2020,1992001,https://npb.jp/bis/players/11315139.html
81185130,石崎　剛,2015年 公式戦初出場,FALSE,2020,1992001,https://npb.jp/bis/players/81185130.html
91395130,岩下　大輝,2018年 公式戦初出場,FALSE,2020,1992001,https://npb.jp/bis/players/91395130.html
61165119,内　竜也,2004年 公式戦初出場,FALSE,2020,1992001,https://npb.jp/bis/players/61165119.html
91395151,植田　将太,2020年 入団,FALSE,2020,1992001,https://npb.jp/bis/players/91395151.html
61365133,江村　直也,2013年 公式戦初出場,FALSE,2020,1992001,https://npb.jp/bis/players/61365133.html
01505114,大嶺　祐太,2007年 公式戦初出場,FALSE,2020,1992001,https://npb.jp/bis/players/01505114.html
41345131,大谷　智久,2010年 公式戦初出場,FALSE,2020,1992001,https://npb.jp/bis/players/41345131.html
71575131,荻野　貴司,2010年 公式戦初出場,FALSE,2020,1992001,https://npb.jp/bis/players/71575131.html
11515139,岡　大海,2014年 入団,FALSE,2020,1992001,https://npb.jp/bis/players/11515139.html
51555130,小野　郁,2015年 入団,FALSE,2020,1992001,https://npb.jp/bis/players/51555130.html
11515138,小島　和哉,2019年 入団,FALSE,2020,1992001,https://npb.jp/bis/players/11515138.html
41545114,角中　勝也,2007年 入団,FALSE,2020,1992001,https://npb.jp/bis/players/41545114.html
21525116,唐川　侑己,2008年 入団,FALSE,2020,1992001,https://npb.jp/bis/players/21525116.html
91595137,加藤　翔平,2013年 公式戦初出場,FALSE,2020,1992001,https://npb.jp/bis/players/91595137.html
21525130,香月　一也,2015年 入団,FALSE,2020,1992001,https://npb.jp/bis/players/21525130.html
21525132,柿沼　友哉,2016年 入団,FALSE,2020,1992001,https://npb.jp/bis/players/21525132.html
91795131,清田　育宏,2010年 公式戦初出場,FALSE,2020,1992001,https://npb.jp/bis/players/91795131.html
81985133,澤村　拓一,2011年 公式戦初出場,FALSE,2020,1992001,https://npb.jp/bis/players/81985133.html
71975134,佐々木　千隼,2017年 入団,FALSE,2020,1992001,https://npb.jp/bis/players/71975134.html
31035151,佐々木　朗希,2021年 公式戦初出場,FALSE,2020,1992001,https://npb.jp/bis/players/31035151.html
71075151,佐藤　都志也,2020年 入団,FALSE,2020,1992001,https://npb.jp/bis/players/71075151.html
13515132,Ｊ．ジャクソン,2016年 公式戦初出場,TRUE,2020,1992001,https://npb.jp/bis/players/13515132.html
41945136,菅野　剛士,2018年 公式戦初出場,FALSE,2020,1992001,https://npb.jp/bis/players/41945136.html
01005112,田中　靖洋,2010年 公式戦初出場,FALSE,2020,1992001,https://npb.jp/bis/players/01005112.html
21925116,髙濱　卓也,2011年 公式戦初出場,FALSE,2020,1992001,https://npb.jp/bis/players/21925116.html
41945137,田村　龍弘,2013年 入団,FALSE,2020,1992001,https://npb.jp/bis/players/41945137.html
71275134,種市　篤暉,2017年 入団,FALSE,2020,1992001,https://npb.jp/bis/players/71275134.html
11215151,髙部　瑛斗,2020年 入団,FALSE,2020,1992001,https://npb.jp/bis/players/11215151.html
21625119,チェン・ウェイン,2005年 公式戦初出場,FALSE,2020,1992001,https://npb.jp/bis/players/21625119.html
23525133,チェン・グァンユウ,2014年 公式戦初出場,FALSE,2020,1992001,https://npb.jp/bis/players/23525133.html
71275132,茶谷　健太,2016年 入団,FALSE,2020,1992001,https://npb.jp/bis/players/71275132.html
21925119,鳥谷　敬,2004年 公式戦初出場,FALSE,2020,1992001,https://npb.jp/bis/players/21925119.html
21225132,東條　大樹,2016年 公式戦初出場,FALSE,2020,1992001,https://npb.jp/bis/players/21225132.html
31435134,土肥　星也,2017年 公式戦初出場,FALSE,2020,1992001,https://npb.jp/bis/players/31435134.html
01005138,土居　豪人,2021年 公式戦初出場,FALSE,2020,1992001,https://npb.jp/bis/players/01005138.html
51455130,中村　奨吾,2015年 入団,FALSE,2020,1992001,https://npb.jp/bis/players/51455130.html
51455132,成田　翔,2017年 公式戦初出場,FALSE,2020,1992001,https://npb.jp/bis/players/51455132.html
41245136,永野　将司,2018年 公式戦初出場,FALSE,2020,1992001,https://npb.jp/bis/players/41245136.html
01205138,中村　稔弥,2019年 入団,FALSE,2020,1992001,https://npb.jp/bis/players/01205138.html
01205118,西野　勇士,2009年 入団,FALSE,2020,1992001,https://npb.jp/bis/players/01205118.html
71475136,西巻　賢二,2018年 入団,FALSE,2020,1992001,https://npb.jp/bis/players/71475136.html
93795134,Ｆ．ハーマン,2017年 公式戦初出場,TRUE,2020,1992001,https://npb.jp/bis/players/93795134.html
91695132,平沢　大河,2016年 入団,FALSE,2020,1992001,https://npb.jp/bis/players/91695132.html
11615114,福田　秀平,2010年 公式戦初出場,FALSE,2020,1992001,https://npb.jp/bis/players/11615114.html
21225139,二木　康太,2015年 公式戦初出場,FALSE,2020,1992001,https://npb.jp/bis/players/21225139.html
41645136,藤岡　裕大,2018年 入団,FALSE,2020,1992001,https://npb.jp/bis/players/41645136.html
31635138,藤原　恭大,2019年 入団,FALSE,2020,1992001,https://npb.jp/bis/players/31635138.html
51655138,古谷　拓郎,2020年 公式戦初出場,FALSE,2020,1992001,https://npb.jp/bis/players/51655138.html
51655151,福田　光輝,2020年 公式戦初出場,FALSE,2020,1992001,https://npb.jp/bis/players/51655151.html
43745151,Ｊ．フローレス,2020年 公式戦初出場,TRUE,2020,1992001,https://npb.jp/bis/players/43745151.html
71475115,細川　亨,2002年 公式戦初出場,FALSE,2020,1992001,https://npb.jp/bis/players/71475115.html
21425112,細谷　圭,2008年 公式戦初出場,FALSE,2020,1992001,https://npb.jp/bis/players/21425112.html
71675135,益田　直也,2012年 入団,FALSE,2020,1992001,https://npb.jp/bis/players/71675135.html
01205137,松永　昂大,2013年 公式戦初出場,FALSE,2020,1992001,https://npb.jp/bis/players/01205137.html
41645138,松田　進,2019年 公式戦初出場,FALSE,2020,1992001,https://npb.jp/bis/players/41645138.html
23725138,Ｌ．マーティン,2019年 公式戦初出場,TRUE,2020,1992001,https://npb.jp/bis/players/23725138.html
91695133,南　昌輝,2012年 公式戦初出場,FALSE,2020,1992001,https://npb.jp/bis/players/91695133.html
01605133,美馬　学,2011年 公式戦初出場,FALSE,2020,1992001,https://npb.jp/bis/players/01605133.html
81685135,三家　和真,2017年 公式戦初出場,FALSE,2020,1992001,https://npb.jp/bis/players/81685135.html
51455139,三木　亮,2014年 公式戦初出場,FALSE,2020,1992001,https://npb.jp/bis/players/51455139.html
73175134,宗接　唯人,2018年 公式戦初出場,FALSE,2020,1992001,https://npb.jp/bis/players/73175134.html
61865136,森　遼大朗,2018年 入団,FALSE,2020,1992001,https://npb.jp/bis/players/61865136.html
13115151,本前　郁也,2020年 入団,FALSE,2020,1992001,https://npb.jp/bis/players/13115151.html
81885136,安田　尚憲,2018年 入団,FALSE,2020,1992001,https://npb.jp/bis/players/81885136.html
93195136,山本　大貴,2018年 公式戦初出場,FALSE,2020,1992001,https://npb.jp/bis/players/93195136.html
91895138,山口　航輝,2019年 入団,FALSE,2020,1992001,https://npb.jp/bis/players/91895138.html
91695139,吉田　裕太,2014年 公式戦初出場,FALSE,2020,1992001,https://npb.jp/bis/players/91695139.html
23125151,横山　陸人,2020年 入団,FALSE,2020,1992001,https://npb.jp/bis/players/23125151.html
23525130,Ｂ．レアード,2015年 公式戦初出場,TRUE,2020,1992001,https://npb.jp/bis/players/23525130.html
33335136,和田　康士朗,2018年 入団,FALSE,2020,1992001,https://npb.jp/bis/players/33335136.html
53355136,渡邉　啓太,2018年 公式戦初出場,FALSE,2020,1992001,https://npb.jp/bis/players/53355136.html
51155116,浅沼　寿紀,2013年 公式戦初出場,FALSE,2010,2004001,https://npb.jp/bis/players/51155116.html
91193880,稲葉　篤紀,1995年 公式戦初出場,FALSE,2010,2004001,https://npb.jp/bis/players/91193880.html
71173886,飯山　裕志,2001年 公式戦初出場,FALSE,2010,2004001,https://npb.jp/bis/players/71173886.html
91195119,糸井　嘉男,2007年 公式戦初出場,FALSE,2010,2004001,https://npb.jp/bis/players/91195119.html
21125119,岩舘　学,2004年 公式戦初出場,FALSE,2010,2004001,https://npb.jp/bis/players/21125119.html
71175110,石井　裕也,2005年 公式戦初出場,FALSE,2010,2004001,https://npb.jp/bis/players/71175110.html
01105110,市川　卓,2008年 公式戦初出場,FALSE,2010,2004001,https://npb.jp/bis/players/01105110.html
31335112,今成　亮太,2008年 公式戦初出場,FALSE,2010,2004001,https://npb.jp/bis/players/31335112.html
21125114,糸数　敬作,2009年 公式戦初出場,FALSE,2010,2004001,https://npb.jp/bis/players/21125114.html
61165114,今浪　隆博,2008年 公式戦初出場,FALSE,2010,2004001,https://npb.jp/bis/players/61165114.html
61165110,鵜久森　淳志,2006年 公式戦初出場,FALSE,2010,2004001,https://npb.jp/bis/players/61165110.html
21325114,植村　祐介,2008年 公式戦初出場,FALSE,2010,2004001,https://npb.jp/bis/players/21325114.html
91395131,運天　ジョン・クレイトン,2011年 公式戦初出場,FALSE,2010,2004001,https://npb.jp/bis/players/91395131.html
71675131,Ｂ．ウルフ,2010年 公式戦初出場,TRUE,2010,2004001,https://npb.jp/bis/players/71675131.html
41345115,江尻　慎太郎,2002年 公式戦初出場,FALSE,2010,2004001,https://npb.jp/bis/players/41345115.html
11515117,尾崎　匡哉,2008年 公式戦初出場,FALSE,2010,2004001,https://npb.jp/bis/players/11515117.html
61365118,大野　奨太,2009年 公式戦初出場,FALSE,2010,2004001,https://npb.jp/bis/players/61365118.html
61365131,大塚　豊,2011年 公式戦初出場,FALSE,2010,2004001,https://npb.jp/bis/players/61365131.html
21323889,金子　誠,1995年 公式戦初出場,FALSE,2010,2004001,https://npb.jp/bis/players/21323889.html
21625113,Ｂ．カーライル,2001年 公式戦初出場,TRUE,2010,2004001,https://npb.jp/bis/players/21625113.html
41545117,加藤　武治,2003年 公式戦初出場,FALSE,2010,2004001,https://npb.jp/bis/players/41545117.html
41345119,金森　敬之,2007年 公式戦初出場,FALSE,2010,2004001,https://npb.jp/bis/players/41345119.html
41545131,加藤　政義,2010年 公式戦初出場,FALSE,2010,2004001,https://npb.jp/bis/players/41545131.html
31433868,木田　優夫,1989年 公式戦初出場,FALSE,2010,2004001,https://npb.jp/bis/players/31433868.html
51555110,菊地　和正,2005年 公式戦初出場,FALSE,2010,2004001,https://npb.jp/bis/players/51555110.html
91795112,木下　達生,2006年 公式戦初出場,FALSE,2010,2004001,https://npb.jp/bis/players/91795112.html
41645131,Ｂ．ケッペル,2010年 公式戦初出場,TRUE,2010,2004001,https://npb.jp/bis/players/41645131.html
71975117,小谷野　栄一,2003年 公式戦初出場,FALSE,2010,2004001,https://npb.jp/bis/players/71975117.html
91995117,紺田　敏正,2003年 公式戦初出場,FALSE,2010,2004001,https://npb.jp/bis/players/91995117.html
91995114,佐藤　賢治,2010年 公式戦初出場,FALSE,2010,2004001,https://npb.jp/bis/players/91995114.html
91795118,榊原　諒,2009年 公式戦初出場,FALSE,2010,2004001,https://npb.jp/bis/players/91795118.html
31935119,須永　英輝,2004年 公式戦初出場,FALSE,2010,2004001,https://npb.jp/bis/players/31935119.html
81785118,杉谷　拳士,2011年 公式戦初出場,FALSE,2010,2004001,https://npb.jp/bis/players/81785118.html
01905116,関口　雄大,2009年 公式戦初出場,FALSE,2010,2004001,https://npb.jp/bis/players/01905116.html
31933884,高橋　信二,2000年 公式戦初出場,FALSE,2010,2004001,https://npb.jp/bis/players/31933884.html
61763888,建山　義紀,1999年 公式戦初出場,FALSE,2010,2004001,https://npb.jp/bis/players/61763888.html
11915111,田中　賢介,2000年 公式戦初出場,FALSE,2010,2004001,https://npb.jp/bis/players/11915111.html
41045117,武田　久,2003年 公式戦初出場,FALSE,2010,2004001,https://npb.jp/bis/players/41045117.html
61965110,ダルビッシュ　有,2005年 公式戦初出場,FALSE,2010,2004001,https://npb.jp/bis/players/61965110.html
81985112,高口　隆行,2007年 公式戦初出場,FALSE,2010,2004001,https://npb.jp/bis/players/81985112.html
71075112,武田　勝,2006年 公式戦初出場,FALSE,2010,2004001,https://npb.jp/bis/players/71075112.html
71075114,ダース　ローマシュ匡,2008年 公式戦初出場,FALSE,2010,2004001,https://npb.jp/bis/players/71075114.html
81985116,多田野　数人,2008年 公式戦初出場,FALSE,2010,2004001,https://npb.jp/bis/players/81985116.html
31035118,谷元　圭介,2009年 公式戦初出場,FALSE,2010,2004001,https://npb.jp/bis/players/31035118.html
81983886,坪井　智哉,1998年 公式戦初出場,FALSE,2010,2004001,https://npb.jp/bis/players/81983886.html
71275117,鶴岡　慎也,2005年 公式戦初出場,FALSE,2010,2004001,https://npb.jp/bis/players/71275117.html
91095118,土屋　健二,2010年 公式戦初出場,FALSE,2010,2004001,https://npb.jp/bis/players/91095118.html
01005116,豊島　明好,2008年 公式戦初出場,FALSE,2010,2004001,https://npb.jp/bis/players/01005116.html
91793864,中嶋　聡,1987年 公式戦初出場,FALSE,2010,2004001,https://npb.jp/bis/players/91793864.html
61065116,中田　翔,2009年 公式戦初出場,FALSE,2010,2004001,https://npb.jp/bis/players/61065116.html
11215118,中島　卓也,2009年 入団,FALSE,2010,2004001,https://npb.jp/bis/players/11215118.html
21025131,中村　勝,2010年 公式戦初出場,FALSE,2010,2004001,https://npb.jp/bis/players/21025131.html
01903888,二岡　智宏,1999年 公式戦初出場,FALSE,2010,2004001,https://npb.jp/bis/players/01903888.html
01205115,林　昌範,2003年 公式戦初出場,FALSE,2010,2004001,https://npb.jp/bis/players/01205115.html
71475110,松家　卓弘,2009年 公式戦初出場,FALSE,2010,2004001,https://npb.jp/bis/players/71475110.html
81285131,増井　浩俊,2010年 公式戦初出場,FALSE,2010,2004001,https://npb.jp/bis/players/81285131.html
41645114,宮本　賢,2008年 公式戦初出場,FALSE,2010,2004001,https://npb.jp/bis/players/41645114.html
41445116,宮西　尚生,2008年 入団,FALSE,2010,2004001,https://npb.jp/bis/players/41445116.html
11615116,村田　和哉,2008年 公式戦初出場,FALSE,2010,2004001,https://npb.jp/bis/players/11615116.html
41243888,森本　稀哲,2000年 公式戦初出場,FALSE,2010,2004001,https://npb.jp/bis/players/41243888.html
61665112,八木　智哉,2006年 公式戦初出場,FALSE,2010,2004001,https://npb.jp/bis/players/61665112.html
51855114,山本　一徳,2007年 公式戦初出場,FALSE,2010,2004001,https://npb.jp/bis/players/51855114.html
61665118,矢貫　俊之,2010年 公式戦初出場,FALSE,2010,2004001,https://npb.jp/bis/players/61665118.html
21825112,陽　岱鋼,2007年 公式戦初出場,FALSE,2010,2004001,https://npb.jp/bis/players/21825112.html
41845114,吉川　光夫,2007年 公式戦初出場,FALSE,2010,2004001,https://npb.jp/bis/players/41845114.html
31435119,渡部　龍一,2008年 公式戦初出場,FALSE,2010,2004001,https://npb.jp/bis/players/31435119.html
51155116,浅沼　寿紀,2013年 公式戦初出場,FALSE,2011,2004001,https://npb.jp/bis/players/51155116.html
91193880,稲葉　篤紀,1995年 公式戦初出場,FALSE,2011,2004001,https://npb.jp/bis/players/91193880.html
71173886,飯山　裕志,2001年 公式戦初出場,FALSE,2011,2004001,https://npb.jp/bis/players/71173886.html
91195119,糸井　嘉男,2007年 公式戦初出場,FALSE,2011,2004001,https://npb.jp/bis/players/91195119.html
21125119,岩舘　学,2004年 公式戦初出場,FALSE,2011,2004001,https://npb.jp/bis/players/21125119.html
71175110,石井　裕也,2005年 公式戦初出場,FALSE,2011,2004001,https://npb.jp/bis/players/71175110.html
01105110,市川　卓,2008年 公式戦初出場,FALSE,2011,2004001,https://npb.jp/bis/players/01105110.html
31335112,今成　亮太,2008年 公式戦初出場,FALSE,2011,2004001,https://npb.jp/bis/players/31335112.html
21125114,糸数　敬作,2009年 公式戦初出場,FALSE,2011,2004001,https://npb.jp/bis/players/21125114.html
61165114,今浪　隆博,2008年 公式戦初出場,FALSE,2011,2004001,https://npb.jp/bis/players/61165114.html
31335133,乾　真大,2011年 公式戦初出場,FALSE,2011,2004001,https://npb.jp/bis/players/31335133.html
61165110,鵜久森　淳志,2006年 公式戦初出場,FALSE,2011,2004001,https://npb.jp/bis/players/61165110.html
21325114,植村　祐介,2008年 公式戦初出場,FALSE,2011,2004001,https://npb.jp/bis/players/21325114.html
91395131,運天　ジョン・クレイトン,2011年 公式戦初出場,FALSE,2011,2004001,https://npb.jp/bis/players/91395131.html
71675131,Ｂ．ウルフ,2010年 公式戦初出場,TRUE,2011,2004001,https://npb.jp/bis/players/71675131.html
21325133,榎下　陽大,2011年 公式戦初出場,FALSE,2011,2004001,https://npb.jp/bis/players/21325133.html
11515117,尾崎　匡哉,2008年 公式戦初出場,FALSE,2011,2004001,https://npb.jp/bis/players/11515117.html
23525114,Ｗ．オビスポ,2007年 公式戦初出場,TRUE,2011,2004001,https://npb.jp/bis/players/23525114.html
61365118,大野　奨太,2009年 公式戦初出場,FALSE,2011,2004001,https://npb.jp/bis/players/61365118.html
61365131,大塚　豊,2011年 公式戦初出場,FALSE,2011,2004001,https://npb.jp/bis/players/61365131.html
21323889,金子　誠,1995年 公式戦初出場,FALSE,2011,2004001,https://npb.jp/bis/players/21323889.html
41545117,加藤　武治,2003年 公式戦初出場,FALSE,2011,2004001,https://npb.jp/bis/players/41545117.html
41345119,金森　敬之,2007年 公式戦初出場,FALSE,2011,2004001,https://npb.jp/bis/players/41345119.html
41545131,加藤　政義,2010年 公式戦初出場,FALSE,2011,2004001,https://npb.jp/bis/players/41545131.html
31433868,木田　優夫,1989年 公式戦初出場,FALSE,2011,2004001,https://npb.jp/bis/players/31433868.html
51555110,菊地　和正,2005年 公式戦初出場,FALSE,2011,2004001,https://npb.jp/bis/players/51555110.html
41645131,Ｂ．ケッペル,2010年 公式戦初出場,TRUE,2011,2004001,https://npb.jp/bis/players/41645131.html
71975117,小谷野　栄一,2003年 公式戦初出場,FALSE,2011,2004001,https://npb.jp/bis/players/71975117.html
91995114,佐藤　賢治,2010年 公式戦初出場,FALSE,2011,2004001,https://npb.jp/bis/players/91995114.html
91795118,榊原　諒,2009年 公式戦初出場,FALSE,2011,2004001,https://npb.jp/bis/players/91795118.html
91995133,齊藤　勝,2013年 公式戦初出場,FALSE,2011,2004001,https://npb.jp/bis/players/91995133.html
01905133,斎藤　佑樹,2011年 公式戦初出場,FALSE,2011,2004001,https://npb.jp/bis/players/01905133.html
81785118,杉谷　拳士,2011年 公式戦初出場,FALSE,2011,2004001,https://npb.jp/bis/players/81785118.html
03705133,Ｂ．スケールズ,2011年 公式戦初出場,TRUE,2011,2004001,https://npb.jp/bis/players/03705133.html
01905116,関口　雄大,2009年 公式戦初出場,FALSE,2011,2004001,https://npb.jp/bis/players/01905116.html
31933884,高橋　信二,2000年 公式戦初出場,FALSE,2011,2004001,https://npb.jp/bis/players/31933884.html
11915111,田中　賢介,2000年 公式戦初出場,FALSE,2011,2004001,https://npb.jp/bis/players/11915111.html
41045117,武田　久,2003年 公式戦初出場,FALSE,2011,2004001,https://npb.jp/bis/players/41045117.html
61965110,ダルビッシュ　有,2005年 公式戦初出場,FALSE,2011,2004001,https://npb.jp/bis/players/61965110.html
71075112,武田　勝,2006年 公式戦初出場,FALSE,2011,2004001,https://npb.jp/bis/players/71075112.html
71075114,ダース　ローマシュ匡,2008年 公式戦初出場,FALSE,2011,2004001,https://npb.jp/bis/players/71075114.html
81985116,多田野　数人,2008年 公式戦初出場,FALSE,2011,2004001,https://npb.jp/bis/players/81985116.html
31035118,谷元　圭介,2009年 公式戦初出場,FALSE,2011,2004001,https://npb.jp/bis/players/31035118.html
41045133,谷口　雄也,2012年 公式戦初出場,FALSE,2011,2004001,https://npb.jp/bis/players/41045133.html
71275117,鶴岡　慎也,2005年 公式戦初出場,FALSE,2011,2004001,https://npb.jp/bis/players/71275117.html
91095118,土屋　健二,2010年 公式戦初出場,FALSE,2011,2004001,https://npb.jp/bis/players/91095118.html
91793864,中嶋　聡,1987年 公式戦初出場,FALSE,2011,2004001,https://npb.jp/bis/players/91793864.html
61065116,中田　翔,2009年 公式戦初出場,FALSE,2011,2004001,https://npb.jp/bis/players/61065116.html
11215118,中島　卓也,2009年 入団,FALSE,2011,2004001,https://npb.jp/bis/players/11215118.html
21025131,中村　勝,2010年 公式戦初出場,FALSE,2011,2004001,https://npb.jp/bis/players/21025131.html
01903888,二岡　智宏,1999年 公式戦初出場,FALSE,2011,2004001,https://npb.jp/bis/players/01903888.html
21225133,西川　遥輝,2011年 入団,FALSE,2011,2004001,https://npb.jp/bis/players/21225133.html
91295116,根本　朋久,2008年 公式戦初出場,FALSE,2011,2004001,https://npb.jp/bis/players/91295116.html
01205115,林　昌範,2003年 公式戦初出場,FALSE,2011,2004001,https://npb.jp/bis/players/01205115.html
63365133,Ｍ．ホフパワー,2011年 公式戦初出場,TRUE,2011,2004001,https://npb.jp/bis/players/63365133.html
61065119,松坂　健太,2007年 公式戦初出場,FALSE,2011,2004001,https://npb.jp/bis/players/61065119.html
71475110,松家　卓弘,2009年 公式戦初出場,FALSE,2011,2004001,https://npb.jp/bis/players/71475110.html
81285131,増井　浩俊,2010年 公式戦初出場,FALSE,2011,2004001,https://npb.jp/bis/players/81285131.html
41645114,宮本　賢,2008年 公式戦初出場,FALSE,2011,2004001,https://npb.jp/bis/players/41645114.html
41445116,宮西　尚生,2008年 入団,FALSE,2011,2004001,https://npb.jp/bis/players/41445116.html
11615116,村田　和哉,2008年 公式戦初出場,FALSE,2011,2004001,https://npb.jp/bis/players/11615116.html
61665112,八木　智哉,2006年 公式戦初出場,FALSE,2011,2004001,https://npb.jp/bis/players/61665112.html
61665118,矢貫　俊之,2010年 公式戦初出場,FALSE,2011,2004001,https://npb.jp/bis/players/61665118.html
21825112,陽　岱鋼,2007年 公式戦初出場,FALSE,2011,2004001,https://npb.jp/bis/players/21825112.html
41845114,吉川　光夫,2007年 公式戦初出場,FALSE,2011,2004001,https://npb.jp/bis/players/41845114.html
31435119,渡部　龍一,2008年 公式戦初出場,FALSE,2011,2004001,https://npb.jp/bis/players/31435119.html
51155116,浅沼　寿紀,2013年 公式戦初出場,FALSE,2012,2004001,https://npb.jp/bis/players/51155116.html
91193880,稲葉　篤紀,1995年 公式戦初出場,FALSE,2012,2004001,https://npb.jp/bis/players/91193880.html
71173886,飯山　裕志,2001年 公式戦初出場,FALSE,2012,2004001,https://npb.jp/bis/players/71173886.html
91195119,糸井　嘉男,2007年 公式戦初出場,FALSE,2012,2004001,https://npb.jp/bis/players/91195119.html
21125119,岩舘　学,2004年 公式戦初出場,FALSE,2012,2004001,https://npb.jp/bis/players/21125119.html
71175110,石井　裕也,2005年 公式戦初出場,FALSE,2012,2004001,https://npb.jp/bis/players/71175110.html
01105110,市川　卓,2008年 公式戦初出場,FALSE,2012,2004001,https://npb.jp/bis/players/01105110.html
31335112,今成　亮太,2008年 公式戦初出場,FALSE,2012,2004001,https://npb.jp/bis/players/31335112.html
21125114,糸数　敬作,2009年 公式戦初出場,FALSE,2012,2004001,https://npb.jp/bis/players/21125114.html
61165114,今浪　隆博,2008年 公式戦初出場,FALSE,2012,2004001,https://npb.jp/bis/players/61165114.html
31335133,乾　真大,2011年 公式戦初出場,FALSE,2012,2004001,https://npb.jp/bis/players/31335133.html
01105135,石川　慎吾,2012年 入団,FALSE,2012,2004001,https://npb.jp/bis/players/01105135.html
61165110,鵜久森　淳志,2006年 公式戦初出場,FALSE,2012,2004001,https://npb.jp/bis/players/61165110.html
21325114,植村　祐介,2008年 公式戦初出場,FALSE,2012,2004001,https://npb.jp/bis/players/21325114.html
91395131,運天　ジョン・クレイトン,2011年 公式戦初出場,FALSE,2012,2004001,https://npb.jp/bis/players/91395131.html
71675131,Ｂ．ウルフ,2010年 公式戦初出場,TRUE,2012,2004001,https://npb.jp/bis/players/71675131.html
51355135,上沢　直之,2012年 入団,FALSE,2012,2004001,https://npb.jp/bis/players/51355135.html
21325133,榎下　陽大,2011年 公式戦初出場,FALSE,2012,2004001,https://npb.jp/bis/players/21325133.html
11515117,尾崎　匡哉,2008年 公式戦初出場,FALSE,2012,2004001,https://npb.jp/bis/players/11515117.html
61365118,大野　奨太,2009年 公式戦初出場,FALSE,2012,2004001,https://npb.jp/bis/players/61365118.html
61365131,大塚　豊,2011年 公式戦初出場,FALSE,2012,2004001,https://npb.jp/bis/players/61365131.html
91395135,大嶋　匠,2014年 公式戦初出場,FALSE,2012,2004001,https://npb.jp/bis/players/91395135.html
21323889,金子　誠,1995年 公式戦初出場,FALSE,2012,2004001,https://npb.jp/bis/players/21323889.html
41345119,金森　敬之,2007年 公式戦初出場,FALSE,2012,2004001,https://npb.jp/bis/players/41345119.html
41545131,加藤　政義,2010年 公式戦初出場,FALSE,2012,2004001,https://npb.jp/bis/players/41545131.html
31433868,木田　優夫,1989年 公式戦初出場,FALSE,2012,2004001,https://npb.jp/bis/players/31433868.html
41645131,Ｂ．ケッペル,2010年 公式戦初出場,TRUE,2012,2004001,https://npb.jp/bis/players/41645131.html
71975117,小谷野　栄一,2003年 公式戦初出場,FALSE,2012,2004001,https://npb.jp/bis/players/71975117.html
91995117,紺田　敏正,2003年 公式戦初出場,FALSE,2012,2004001,https://npb.jp/bis/players/91995117.html
41745135,近藤　健介,2012年 入団,FALSE,2012,2004001,https://npb.jp/bis/players/41745135.html
91995114,佐藤　賢治,2010年 公式戦初出場,FALSE,2012,2004001,https://npb.jp/bis/players/91995114.html
91795118,榊原　諒,2009年 公式戦初出場,FALSE,2012,2004001,https://npb.jp/bis/players/91795118.html
91995133,齊藤　勝,2013年 公式戦初出場,FALSE,2012,2004001,https://npb.jp/bis/players/91995133.html
01905133,斎藤　佑樹,2011年 公式戦初出場,FALSE,2012,2004001,https://npb.jp/bis/players/01905133.html
63165116,Ｔ．スレッジ,2008年 公式戦初出場,TRUE,2012,2004001,https://npb.jp/bis/players/63165116.html
81785118,杉谷　拳士,2011年 公式戦初出場,FALSE,2012,2004001,https://npb.jp/bis/players/81785118.html
01905116,関口　雄大,2009年 公式戦初出場,FALSE,2012,2004001,https://npb.jp/bis/players/01905116.html
11915111,田中　賢介,2000年 公式戦初出場,FALSE,2012,2004001,https://npb.jp/bis/players/11915111.html
41045117,武田　久,2003年 公式戦初出場,FALSE,2012,2004001,https://npb.jp/bis/players/41045117.html
71075112,武田　勝,2006年 公式戦初出場,FALSE,2012,2004001,https://npb.jp/bis/players/71075112.html
81985116,多田野　数人,2008年 公式戦初出場,FALSE,2012,2004001,https://npb.jp/bis/players/81985116.html
31035118,谷元　圭介,2009年 公式戦初出場,FALSE,2012,2004001,https://npb.jp/bis/players/31035118.html
41045133,谷口　雄也,2012年 公式戦初出場,FALSE,2012,2004001,https://npb.jp/bis/players/41045133.html
71275117,鶴岡　慎也,2005年 公式戦初出場,FALSE,2012,2004001,https://npb.jp/bis/players/71275117.html
91095118,土屋　健二,2010年 公式戦初出場,FALSE,2012,2004001,https://npb.jp/bis/players/91095118.html
91793864,中嶋　聡,1987年 公式戦初出場,FALSE,2012,2004001,https://npb.jp/bis/players/91793864.html
61065116,中田　翔,2009年 公式戦初出場,FALSE,2012,2004001,https://npb.jp/bis/players/61065116.html
11215118,中島　卓也,2009年 入団,FALSE,2012,2004001,https://npb.jp/bis/players/11215118.html
21025131,中村　勝,2010年 公式戦初出場,FALSE,2012,2004001,https://npb.jp/bis/players/21025131.html
01903888,二岡　智宏,1999年 公式戦初出場,FALSE,2012,2004001,https://npb.jp/bis/players/01903888.html
21225133,西川　遥輝,2011年 入団,FALSE,2012,2004001,https://npb.jp/bis/players/21225133.html
91295116,根本　朋久,2008年 公式戦初出場,FALSE,2012,2004001,https://npb.jp/bis/players/91295116.html
63365133,Ｍ．ホフパワー,2011年 公式戦初出場,TRUE,2012,2004001,https://npb.jp/bis/players/63365133.html
71475110,松家　卓弘,2009年 公式戦初出場,FALSE,2012,2004001,https://npb.jp/bis/players/71475110.html
81285131,増井　浩俊,2010年 公式戦初出場,FALSE,2012,2004001,https://npb.jp/bis/players/81285131.html
21625135,松本　剛,2012年 入団,FALSE,2012,2004001,https://npb.jp/bis/players/21625135.html
41645114,宮本　賢,2008年 公式戦初出場,FALSE,2012,2004001,https://npb.jp/bis/players/41645114.html
41445116,宮西　尚生,2008年 入団,FALSE,2012,2004001,https://npb.jp/bis/players/41445116.html
11615116,村田　和哉,2008年 公式戦初出場,FALSE,2012,2004001,https://npb.jp/bis/players/11615116.html
71875135,森内　壽春,2012年 公式戦初出場,FALSE,2012,2004001,https://npb.jp/bis/players/71875135.html
73575135,Ｄ．モルケン,2012年 公式戦初出場,TRUE,2012,2004001,https://npb.jp/bis/players/73575135.html
61665112,八木　智哉,2006年 公式戦初出場,FALSE,2012,2004001,https://npb.jp/bis/players/61665112.html
61665118,矢貫　俊之,2010年 公式戦初出場,FALSE,2012,2004001,https://npb.jp/bis/players/61665118.html
21825112,陽　岱鋼,2007年 公式戦初出場,FALSE,2012,2004001,https://npb.jp/bis/players/21825112.html
41845114,吉川　光夫,2007年 公式戦初出場,FALSE,2012,2004001,https://npb.jp/bis/players/41845114.html
81885112,若竹　竜士,2007年 公式戦初出場,FALSE,2012,2004001,https://npb.jp/bis/players/81885112.html
51153888,赤田　将吾,1999年 公式戦初出場,FALSE,2013,2004001,https://npb.jp/bis/players/51153888.html
51155116,浅沼　寿紀,2013年 公式戦初出場,FALSE,2013,2004001,https://npb.jp/bis/players/51155116.html
91195137,新垣　勇人,2013年 公式戦初出場,FALSE,2013,2004001,https://npb.jp/bis/players/91195137.html
03105137,Ｍ．アブレイユ,2013年 公式戦初出場,TRUE,2013,2004001,https://npb.jp/bis/players/03105137.html
91193880,稲葉　篤紀,1995年 公式戦初出場,FALSE,2013,2004001,https://npb.jp/bis/players/91193880.html
71173886,飯山　裕志,2001年 公式戦初出場,FALSE,2013,2004001,https://npb.jp/bis/players/71173886.html
21125119,岩舘　学,2004年 公式戦初出場,FALSE,2013,2004001,https://npb.jp/bis/players/21125119.html
71175110,石井　裕也,2005年 公式戦初出場,FALSE,2013,2004001,https://npb.jp/bis/players/71175110.html
21125114,糸数　敬作,2009年 公式戦初出場,FALSE,2013,2004001,https://npb.jp/bis/players/21125114.html
61165114,今浪　隆博,2008年 公式戦初出場,FALSE,2013,2004001,https://npb.jp/bis/players/61165114.html
31335133,乾　真大,2011年 公式戦初出場,FALSE,2013,2004001,https://npb.jp/bis/players/31335133.html
01105135,石川　慎吾,2012年 入団,FALSE,2013,2004001,https://npb.jp/bis/players/01105135.html
61165110,鵜久森　淳志,2006年 公式戦初出場,FALSE,2013,2004001,https://npb.jp/bis/players/61165110.html
21325114,植村　祐介,2008年 公式戦初出場,FALSE,2013,2004001,https://npb.jp/bis/players/21325114.html
91395131,運天　ジョン・クレイトン,2011年 公式戦初出場,FALSE,2013,2004001,https://npb.jp/bis/players/91395131.html
71675131,Ｂ．ウルフ,2010年 公式戦初出場,TRUE,2013,2004001,https://npb.jp/bis/players/71675131.html
51355135,上沢　直之,2012年 入団,FALSE,2013,2004001,https://npb.jp/bis/players/51355135.html
21325133,榎下　陽大,2011年 公式戦初出場,FALSE,2013,2004001,https://npb.jp/bis/players/21325133.html
11515117,尾崎　匡哉,2008年 公式戦初出場,FALSE,2013,2004001,https://npb.jp/bis/players/11515117.html
91595114,大引　啓次,2007年 公式戦初出場,FALSE,2013,2004001,https://npb.jp/bis/players/91595114.html
61365118,大野　奨太,2009年 公式戦初出場,FALSE,2013,2004001,https://npb.jp/bis/players/61365118.html
61365131,大塚　豊,2011年 公式戦初出場,FALSE,2013,2004001,https://npb.jp/bis/players/61365131.html
91395135,大嶋　匠,2014年 公式戦初出場,FALSE,2013,2004001,https://npb.jp/bis/players/91395135.html
01305137,大谷　翔平,2013年 公式戦初出場,FALSE,2013,2004001,https://npb.jp/bis/players/01305137.html
21323889,金子　誠,1995年 公式戦初出場,FALSE,2013,2004001,https://npb.jp/bis/players/21323889.html
41545131,加藤　政義,2010年 公式戦初出場,FALSE,2013,2004001,https://npb.jp/bis/players/41545131.html
51555137,鍵谷　陽平,2013年 公式戦初出場,FALSE,2013,2004001,https://npb.jp/bis/players/51555137.html
41545137,河野　秀数,2013年 公式戦初出場,FALSE,2013,2004001,https://npb.jp/bis/players/41545137.html
71775117,木佐貫　洋,2003年 公式戦初出場,FALSE,2013,2004001,https://npb.jp/bis/players/71775117.html
01705114,北　篤,2010年 公式戦初出場,FALSE,2013,2004001,https://npb.jp/bis/players/01705114.html
41645131,Ｂ．ケッペル,2010年 公式戦初出場,TRUE,2013,2004001,https://npb.jp/bis/players/41645131.html
71975117,小谷野　栄一,2003年 公式戦初出場,FALSE,2013,2004001,https://npb.jp/bis/players/71975117.html
41745135,近藤　健介,2012年 入団,FALSE,2013,2004001,https://npb.jp/bis/players/41745135.html
91995114,佐藤　賢治,2010年 公式戦初出場,FALSE,2013,2004001,https://npb.jp/bis/players/91995114.html
91795118,榊原　諒,2009年 公式戦初出場,FALSE,2013,2004001,https://npb.jp/bis/players/91795118.html
91995133,齊藤　勝,2013年 公式戦初出場,FALSE,2013,2004001,https://npb.jp/bis/players/91995133.html
01905133,斎藤　佑樹,2011年 公式戦初出場,FALSE,2013,2004001,https://npb.jp/bis/players/01905133.html
81785118,杉谷　拳士,2011年 公式戦初出場,FALSE,2013,2004001,https://npb.jp/bis/players/81785118.html
41045117,武田　久,2003年 公式戦初出場,FALSE,2013,2004001,https://npb.jp/bis/players/41045117.html
71075112,武田　勝,2006年 公式戦初出場,FALSE,2013,2004001,https://npb.jp/bis/players/71075112.html
81985116,多田野　数人,2008年 公式戦初出場,FALSE,2013,2004001,https://npb.jp/bis/players/81985116.html
31035118,谷元　圭介,2009年 公式戦初出場,FALSE,2013,2004001,https://npb.jp/bis/players/31035118.html
41045133,谷口　雄也,2012年 公式戦初出場,FALSE,2013,2004001,https://npb.jp/bis/players/41045133.html
71275117,鶴岡　慎也,2005年 公式戦初出場,FALSE,2013,2004001,https://npb.jp/bis/players/71275117.html
93395137,Ｊ．トーマス,2013年 公式戦初出場,TRUE,2013,2004001,https://npb.jp/bis/players/93395137.html
91793864,中嶋　聡,1987年 公式戦初出場,FALSE,2013,2004001,https://npb.jp/bis/players/91793864.html
61065116,中田　翔,2009年 公式戦初出場,FALSE,2013,2004001,https://npb.jp/bis/players/61065116.html
11215118,中島　卓也,2009年 入団,FALSE,2013,2004001,https://npb.jp/bis/players/11215118.html
21025131,中村　勝,2010年 公式戦初出場,FALSE,2013,2004001,https://npb.jp/bis/players/21025131.html
01903888,二岡　智宏,1999年 公式戦初出場,FALSE,2013,2004001,https://npb.jp/bis/players/01903888.html
21225133,西川　遥輝,2011年 入団,FALSE,2013,2004001,https://npb.jp/bis/players/21225133.html
91295116,根本　朋久,2008年 公式戦初出場,FALSE,2013,2004001,https://npb.jp/bis/players/91295116.html
63365133,Ｍ．ホフパワー,2011年 公式戦初出場,TRUE,2013,2004001,https://npb.jp/bis/players/63365133.html
81285131,増井　浩俊,2010年 公式戦初出場,FALSE,2013,2004001,https://npb.jp/bis/players/81285131.html
21625135,松本　剛,2012年 入団,FALSE,2013,2004001,https://npb.jp/bis/players/21625135.html
41445116,宮西　尚生,2008年 入団,FALSE,2013,2004001,https://npb.jp/bis/players/41445116.html
11615116,村田　和哉,2008年 公式戦初出場,FALSE,2013,2004001,https://npb.jp/bis/players/11615116.html
71875135,森内　壽春,2012年 公式戦初出場,FALSE,2013,2004001,https://npb.jp/bis/players/71875135.html
73575135,Ｄ．モルケン,2012年 公式戦初出場,TRUE,2013,2004001,https://npb.jp/bis/players/73575135.html
41445137,森本　龍弥,2017年 公式戦初出場,FALSE,2013,2004001,https://npb.jp/bis/players/41445137.html
61665118,矢貫　俊之,2010年 公式戦初出場,FALSE,2013,2004001,https://npb.jp/bis/players/61665118.html
61465137,屋宜　照悟,2013年 公式戦初出場,FALSE,2013,2004001,https://npb.jp/bis/players/61465137.html
21825112,陽　岱鋼,2007年 公式戦初出場,FALSE,2013,2004001,https://npb.jp/bis/players/21825112.html
41845114,吉川　光夫,2007年 公式戦初出場,FALSE,2013,2004001,https://npb.jp/bis/players/41845114.html
81885112,若竹　竜士,2007年 公式戦初出場,FALSE,2013,2004001,https://npb.jp/bis/players/81885112.html
51153888,赤田　将吾,1999年 公式戦初出場,FALSE,2014,2004001,https://npb.jp/bis/players/51153888.html
91195137,新垣　勇人,2013年 公式戦初出場,FALSE,2014,2004001,https://npb.jp/bis/players/91195137.html
03105137,Ｍ．アブレイユ,2013年 公式戦初出場,TRUE,2014,2004001,https://npb.jp/bis/players/03105137.html
63365139,アンソニー・カーター,2014年 公式戦初出場,FALSE,2014,2004001,https://npb.jp/bis/players/63365139.html
91193880,稲葉　篤紀,1995年 公式戦初出場,FALSE,2014,2004001,https://npb.jp/bis/players/91193880.html
71173886,飯山　裕志,2001年 公式戦初出場,FALSE,2014,2004001,https://npb.jp/bis/players/71173886.html
71175110,石井　裕也,2005年 公式戦初出場,FALSE,2014,2004001,https://npb.jp/bis/players/71175110.html
61165114,今浪　隆博,2008年 公式戦初出場,FALSE,2014,2004001,https://npb.jp/bis/players/61165114.html
81185131,市川　友也,2010年 公式戦初出場,FALSE,2014,2004001,https://npb.jp/bis/players/81185131.html
31335133,乾　真大,2011年 公式戦初出場,FALSE,2014,2004001,https://npb.jp/bis/players/31335133.html
01105135,石川　慎吾,2012年 入団,FALSE,2014,2004001,https://npb.jp/bis/players/01105135.html
81185139,石川　亮,2014年 入団,FALSE,2014,2004001,https://npb.jp/bis/players/81185139.html
61165110,鵜久森　淳志,2006年 公式戦初出場,FALSE,2014,2004001,https://npb.jp/bis/players/61165110.html
91395131,運天　ジョン・クレイトン,2011年 公式戦初出場,FALSE,2014,2004001,https://npb.jp/bis/players/91395131.html
51355135,上沢　直之,2012年 入団,FALSE,2014,2004001,https://npb.jp/bis/players/51355135.html
41345139,浦野　博司,2014年 公式戦初出場,FALSE,2014,2004001,https://npb.jp/bis/players/41345139.html
21325133,榎下　陽大,2011年 公式戦初出場,FALSE,2014,2004001,https://npb.jp/bis/players/21325133.html
11515117,尾崎　匡哉,2008年 公式戦初出場,FALSE,2014,2004001,https://npb.jp/bis/players/11515117.html
91595114,大引　啓次,2007年 公式戦初出場,FALSE,2014,2004001,https://npb.jp/bis/players/91595114.html
61365118,大野　奨太,2009年 公式戦初出場,FALSE,2014,2004001,https://npb.jp/bis/players/61365118.html
61365131,大塚　豊,2011年 公式戦初出場,FALSE,2014,2004001,https://npb.jp/bis/players/61365131.html
91395135,大嶋　匠,2014年 公式戦初出場,FALSE,2014,2004001,https://npb.jp/bis/players/91395135.html
01305137,大谷　翔平,2013年 公式戦初出場,FALSE,2014,2004001,https://npb.jp/bis/players/01305137.html
11515139,岡　大海,2014年 入団,FALSE,2014,2004001,https://npb.jp/bis/players/11515139.html
21323889,金子　誠,1995年 公式戦初出場,FALSE,2014,2004001,https://npb.jp/bis/players/21323889.html
51555137,鍵谷　陽平,2013年 公式戦初出場,FALSE,2014,2004001,https://npb.jp/bis/players/51555137.html
41545137,河野　秀数,2013年 公式戦初出場,FALSE,2014,2004001,https://npb.jp/bis/players/41545137.html
81585139,金平　将至,2014年 公式戦初出場,FALSE,2014,2004001,https://npb.jp/bis/players/81585139.html
71775117,木佐貫　洋,2003年 公式戦初出場,FALSE,2014,2004001,https://npb.jp/bis/players/71775117.html
01705114,北　篤,2010年 公式戦初出場,FALSE,2014,2004001,https://npb.jp/bis/players/01705114.html
11715139,岸里　亮佑,2014年 公式戦初出場,FALSE,2014,2004001,https://npb.jp/bis/players/11715139.html
21825139,Ｍ．クロッタ,2014年 公式戦初出場,TRUE,2014,2004001,https://npb.jp/bis/players/21825139.html
71975117,小谷野　栄一,2003年 公式戦初出場,FALSE,2014,2004001,https://npb.jp/bis/players/71975117.html
41745135,近藤　健介,2012年 入団,FALSE,2014,2004001,https://npb.jp/bis/players/41745135.html
91995114,佐藤　賢治,2010年 公式戦初出場,FALSE,2014,2004001,https://npb.jp/bis/players/91995114.html
61765116,佐藤　祥万,2008年 公式戦初出場,FALSE,2014,2004001,https://npb.jp/bis/players/61765116.html
91995133,齊藤　勝,2013年 公式戦初出場,FALSE,2014,2004001,https://npb.jp/bis/players/91995133.html
01905133,斎藤　佑樹,2011年 公式戦初出場,FALSE,2014,2004001,https://npb.jp/bis/players/01905133.html
81785118,杉谷　拳士,2011年 公式戦初出場,FALSE,2014,2004001,https://npb.jp/bis/players/81785118.html
41045117,武田　久,2003年 公式戦初出場,FALSE,2014,2004001,https://npb.jp/bis/players/41045117.html
71075112,武田　勝,2006年 公式戦初出場,FALSE,2014,2004001,https://npb.jp/bis/players/71075112.html
81985116,多田野　数人,2008年 公式戦初出場,FALSE,2014,2004001,https://npb.jp/bis/players/81985116.html
31035118,谷元　圭介,2009年 公式戦初出場,FALSE,2014,2004001,https://npb.jp/bis/players/31035118.html
41045133,谷口　雄也,2012年 公式戦初出場,FALSE,2014,2004001,https://npb.jp/bis/players/41045133.html
21925139,高梨　裕稔,2014年 入団,FALSE,2014,2004001,https://npb.jp/bis/players/21925139.html
91793864,中嶋　聡,1987年 公式戦初出場,FALSE,2014,2004001,https://npb.jp/bis/players/91793864.html
61065116,中田　翔,2009年 公式戦初出場,FALSE,2014,2004001,https://npb.jp/bis/players/61065116.html
11215118,中島　卓也,2009年 入団,FALSE,2014,2004001,https://npb.jp/bis/players/11215118.html
21025131,中村　勝,2010年 公式戦初出場,FALSE,2014,2004001,https://npb.jp/bis/players/21025131.html
21225133,西川　遥輝,2011年 入団,FALSE,2014,2004001,https://npb.jp/bis/players/21225133.html
91295116,根本　朋久,2008年 公式戦初出場,FALSE,2014,2004001,https://npb.jp/bis/players/91295116.html
41045139,白村　明弘,2014年 公式戦初出場,FALSE,2014,2004001,https://npb.jp/bis/players/41045139.html
71475112,藤岡　好明,2006年 公式戦初出場,FALSE,2014,2004001,https://npb.jp/bis/players/71475112.html
71675114,増渕　竜義,2007年 公式戦初出場,FALSE,2014,2004001,https://npb.jp/bis/players/71675114.html
81285131,増井　浩俊,2010年 公式戦初出場,FALSE,2014,2004001,https://npb.jp/bis/players/81285131.html
21625135,松本　剛,2012年 入団,FALSE,2014,2004001,https://npb.jp/bis/players/21625135.html
41445116,宮西　尚生,2008年 入団,FALSE,2014,2004001,https://npb.jp/bis/players/41445116.html
03105139,Ｊ．ミランダ,2014年 公式戦初出場,TRUE,2014,2004001,https://npb.jp/bis/players/03105139.html
11615116,村田　和哉,2008年 公式戦初出場,FALSE,2014,2004001,https://npb.jp/bis/players/11615116.html
43145139,Ｌ．メンドーサ,2014年 公式戦初出場,TRUE,2014,2004001,https://npb.jp/bis/players/43145139.html
71875135,森内　壽春,2012年 公式戦初出場,FALSE,2014,2004001,https://npb.jp/bis/players/71875135.html
41445137,森本　龍弥,2017年 公式戦初出場,FALSE,2014,2004001,https://npb.jp/bis/players/41445137.html
61665118,矢貫　俊之,2010年 公式戦初出場,FALSE,2014,2004001,https://npb.jp/bis/players/61665118.html
61465137,屋宜　照悟,2013年 公式戦初出場,FALSE,2014,2004001,https://npb.jp/bis/players/61465137.html
21825112,陽　岱鋼,2007年 公式戦初出場,FALSE,2014,2004001,https://npb.jp/bis/players/21825112.html
41845114,吉川　光夫,2007年 公式戦初出場,FALSE,2014,2004001,https://npb.jp/bis/players/41845114.html
81685139,渡邉　諒,2014年 公式戦初出場,FALSE,2014,2004001,https://npb.jp/bis/players/81685139.html
91195137,新垣　勇人,2013年 公式戦初出場,FALSE,2015,2004001,https://npb.jp/bis/players/91195137.html
31135130,淺間　大基,2015年 入団,FALSE,2015,2004001,https://npb.jp/bis/players/31135130.html
51155130,有原　航平,2015年 入団,FALSE,2015,2004001,https://npb.jp/bis/players/51155130.html
71173886,飯山　裕志,2001年 公式戦初出場,FALSE,2015,2004001,https://npb.jp/bis/players/71173886.html
71175110,石井　裕也,2005年 公式戦初出場,FALSE,2015,2004001,https://npb.jp/bis/players/71175110.html
81185131,市川　友也,2010年 公式戦初出場,FALSE,2015,2004001,https://npb.jp/bis/players/81185131.html
31335133,乾　真大,2011年 公式戦初出場,FALSE,2015,2004001,https://npb.jp/bis/players/31335133.html
01105135,石川　慎吾,2012年 入団,FALSE,2015,2004001,https://npb.jp/bis/players/01105135.html
81185139,石川　亮,2014年 入団,FALSE,2015,2004001,https://npb.jp/bis/players/81185139.html
61165130,石川　直也,2016年 公式戦初出場,FALSE,2015,2004001,https://npb.jp/bis/players/61165130.html
61165110,鵜久森　淳志,2006年 公式戦初出場,FALSE,2015,2004001,https://npb.jp/bis/players/61165110.html
51355135,上沢　直之,2012年 入団,FALSE,2015,2004001,https://npb.jp/bis/players/51355135.html
41345139,浦野　博司,2014年 公式戦初出場,FALSE,2015,2004001,https://npb.jp/bis/players/41345139.html
21325133,榎下　陽大,2011年 公式戦初出場,FALSE,2015,2004001,https://npb.jp/bis/players/21325133.html
61365118,大野　奨太,2009年 公式戦初出場,FALSE,2015,2004001,https://npb.jp/bis/players/61365118.html
61365131,大塚　豊,2011年 公式戦初出場,FALSE,2015,2004001,https://npb.jp/bis/players/61365131.html
91395135,大嶋　匠,2014年 公式戦初出場,FALSE,2015,2004001,https://npb.jp/bis/players/91395135.html
01305137,大谷　翔平,2013年 公式戦初出場,FALSE,2015,2004001,https://npb.jp/bis/players/01305137.html
11515139,岡　大海,2014年 入団,FALSE,2015,2004001,https://npb.jp/bis/players/11515139.html
81385130,太田　賢吾,2017年 公式戦初出場,FALSE,2015,2004001,https://npb.jp/bis/players/81385130.html
51555137,鍵谷　陽平,2013年 公式戦初出場,FALSE,2015,2004001,https://npb.jp/bis/players/51555137.html
41545137,河野　秀数,2013年 公式戦初出場,FALSE,2015,2004001,https://npb.jp/bis/players/41545137.html
81585139,金平　将至,2014年 公式戦初出場,FALSE,2015,2004001,https://npb.jp/bis/players/81585139.html
43145130,Ｖ．ガラテ,2015年 公式戦初出場,TRUE,2015,2004001,https://npb.jp/bis/players/43145130.html
71775117,木佐貫　洋,2003年 公式戦初出場,FALSE,2015,2004001,https://npb.jp/bis/players/71775117.html
01705114,北　篤,2010年 公式戦初出場,FALSE,2015,2004001,https://npb.jp/bis/players/01705114.html
11715139,岸里　亮佑,2014年 公式戦初出場,FALSE,2015,2004001,https://npb.jp/bis/players/11715139.html
21825139,Ｍ．クロッタ,2014年 公式戦初出場,TRUE,2015,2004001,https://npb.jp/bis/players/21825139.html
41745135,近藤　健介,2012年 入団,FALSE,2015,2004001,https://npb.jp/bis/players/41745135.html
91995114,佐藤　賢治,2010年 公式戦初出場,FALSE,2015,2004001,https://npb.jp/bis/players/91995114.html
91995133,齊藤　勝,2013年 公式戦初出場,FALSE,2015,2004001,https://npb.jp/bis/players/91995133.html
01905133,斎藤　佑樹,2011年 公式戦初出場,FALSE,2015,2004001,https://npb.jp/bis/players/01905133.html
61965130,清水　優心,2015年 入団,FALSE,2015,2004001,https://npb.jp/bis/players/61965130.html
31935119,須永　英輝,2004年 公式戦初出場,FALSE,2015,2004001,https://npb.jp/bis/players/31935119.html
81785118,杉谷　拳士,2011年 公式戦初出場,FALSE,2015,2004001,https://npb.jp/bis/players/81785118.html
11015130,瀬川　隼郎,2015年 公式戦初出場,FALSE,2015,2004001,https://npb.jp/bis/players/11015130.html
11915111,田中　賢介,2000年 公式戦初出場,FALSE,2015,2004001,https://npb.jp/bis/players/11915111.html
41045117,武田　久,2003年 公式戦初出場,FALSE,2015,2004001,https://npb.jp/bis/players/41045117.html
71075112,武田　勝,2006年 公式戦初出場,FALSE,2015,2004001,https://npb.jp/bis/players/71075112.html
31035118,谷元　圭介,2009年 公式戦初出場,FALSE,2015,2004001,https://npb.jp/bis/players/31035118.html
41045133,谷口　雄也,2012年 公式戦初出場,FALSE,2015,2004001,https://npb.jp/bis/players/41045133.html
21925139,高梨　裕稔,2014年 入団,FALSE,2015,2004001,https://npb.jp/bis/players/21925139.html
01005130,髙濱　祐仁,2015年 公式戦初出場,FALSE,2015,2004001,https://npb.jp/bis/players/01005130.html
61065130,立田　将太,2018年 公式戦初出場,FALSE,2015,2004001,https://npb.jp/bis/players/61065130.html
91793864,中嶋　聡,1987年 公式戦初出場,FALSE,2015,2004001,https://npb.jp/bis/players/91793864.html
61065116,中田　翔,2009年 公式戦初出場,FALSE,2015,2004001,https://npb.jp/bis/players/61065116.html
11215118,中島　卓也,2009年 入団,FALSE,2015,2004001,https://npb.jp/bis/players/11215118.html
21025131,中村　勝,2010年 公式戦初出場,FALSE,2015,2004001,https://npb.jp/bis/players/21025131.html
21225133,西川　遥輝,2011年 入団,FALSE,2015,2004001,https://npb.jp/bis/players/21225133.html
41045139,白村　明弘,2014年 公式戦初出場,FALSE,2015,2004001,https://npb.jp/bis/players/41045139.html
43345130,Ｊ．ハーミッダ,2015年 公式戦初出場,TRUE,2015,2004001,https://npb.jp/bis/players/43345130.html
71475112,藤岡　好明,2006年 公式戦初出場,FALSE,2015,2004001,https://npb.jp/bis/players/71475112.html
71675114,増渕　竜義,2007年 公式戦初出場,FALSE,2015,2004001,https://npb.jp/bis/players/71675114.html
81285131,増井　浩俊,2010年 公式戦初出場,FALSE,2015,2004001,https://npb.jp/bis/players/81285131.html
21625135,松本　剛,2012年 入団,FALSE,2015,2004001,https://npb.jp/bis/players/21625135.html
41445116,宮西　尚生,2008年 入団,FALSE,2015,2004001,https://npb.jp/bis/players/41445116.html
43145139,Ｌ．メンドーサ,2014年 公式戦初出場,TRUE,2015,2004001,https://npb.jp/bis/players/43145139.html
71875135,森内　壽春,2012年 公式戦初出場,FALSE,2015,2004001,https://npb.jp/bis/players/71875135.html
41445137,森本　龍弥,2017年 公式戦初出場,FALSE,2015,2004001,https://npb.jp/bis/players/41445137.html
51655117,矢野　謙次,2003年 公式戦初出場,FALSE,2015,2004001,https://npb.jp/bis/players/51655117.html
61665118,矢貫　俊之,2010年 公式戦初出場,FALSE,2015,2004001,https://npb.jp/bis/players/61665118.html
61465137,屋宜　照悟,2013年 公式戦初出場,FALSE,2015,2004001,https://npb.jp/bis/players/61465137.html
21825112,陽　岱鋼,2007年 公式戦初出場,FALSE,2015,2004001,https://npb.jp/bis/players/21825112.html
41845114,吉川　光夫,2007年 公式戦初出場,FALSE,2015,2004001,https://npb.jp/bis/players/41845114.html
73775130,Ｍ．ライブリー,2015年 公式戦初出場,TRUE,2015,2004001,https://npb.jp/bis/players/73775130.html
23525130,Ｂ．レアード,2015年 公式戦初出場,TRUE,2015,2004001,https://npb.jp/bis/players/23525130.html
81685139,渡邉　諒,2014年 公式戦初出場,FALSE,2015,2004001,https://npb.jp/bis/players/81685139.html
91195137,新垣　勇人,2013年 公式戦初出場,FALSE,2016,2004001,https://npb.jp/bis/players/91195137.html
31135130,淺間　大基,2015年 入団,FALSE,2016,2004001,https://npb.jp/bis/players/31135130.html
51155130,有原　航平,2015年 入団,FALSE,2016,2004001,https://npb.jp/bis/players/51155130.html
71173886,飯山　裕志,2001年 公式戦初出場,FALSE,2016,2004001,https://npb.jp/bis/players/71173886.html
71175110,石井　裕也,2005年 公式戦初出場,FALSE,2016,2004001,https://npb.jp/bis/players/71175110.html
81185131,市川　友也,2010年 公式戦初出場,FALSE,2016,2004001,https://npb.jp/bis/players/81185131.html
31335133,乾　真大,2011年 公式戦初出場,FALSE,2016,2004001,https://npb.jp/bis/players/31335133.html
01105135,石川　慎吾,2012年 入団,FALSE,2016,2004001,https://npb.jp/bis/players/01105135.html
81185139,石川　亮,2014年 入団,FALSE,2016,2004001,https://npb.jp/bis/players/81185139.html
61165130,石川　直也,2016年 公式戦初出場,FALSE,2016,2004001,https://npb.jp/bis/players/61165130.html
31335132,井口　和朋,2016年 公式戦初出場,FALSE,2016,2004001,https://npb.jp/bis/players/31335132.html
51355135,上沢　直之,2012年 入団,FALSE,2016,2004001,https://npb.jp/bis/players/51355135.html
41345139,浦野　博司,2014年 公式戦初出場,FALSE,2016,2004001,https://npb.jp/bis/players/41345139.html
41345132,上原　健太,2016年 入団,FALSE,2016,2004001,https://npb.jp/bis/players/41345132.html
21325133,榎下　陽大,2011年 公式戦初出場,FALSE,2016,2004001,https://npb.jp/bis/players/21325133.html
61365118,大野　奨太,2009年 公式戦初出場,FALSE,2016,2004001,https://npb.jp/bis/players/61365118.html
61365131,大塚　豊,2011年 公式戦初出場,FALSE,2016,2004001,https://npb.jp/bis/players/61365131.html
91395135,大嶋　匠,2014年 公式戦初出場,FALSE,2016,2004001,https://npb.jp/bis/players/91395135.html
01305137,大谷　翔平,2013年 公式戦初出場,FALSE,2016,2004001,https://npb.jp/bis/players/01305137.html
61365137,大累　進,2013年 公式戦初出場,FALSE,2016,2004001,https://npb.jp/bis/players/61365137.html
11515139,岡　大海,2014年 入団,FALSE,2016,2004001,https://npb.jp/bis/players/11515139.html
81385130,太田　賢吾,2017年 公式戦初出場,FALSE,2016,2004001,https://npb.jp/bis/players/81385130.html
51555137,鍵谷　陽平,2013年 公式戦初出場,FALSE,2016,2004001,https://npb.jp/bis/players/51555137.html
81585139,金平　将至,2014年 公式戦初出場,FALSE,2016,2004001,https://npb.jp/bis/players/81585139.html
41545132,加藤　貴之,2016年 入団,FALSE,2016,2004001,https://npb.jp/bis/players/41545132.html
11715139,岸里　亮佑,2014年 公式戦初出場,FALSE,2016,2004001,https://npb.jp/bis/players/11715139.html
41745135,近藤　健介,2012年 入団,FALSE,2016,2004001,https://npb.jp/bis/players/41745135.html
01905133,斎藤　佑樹,2011年 公式戦初出場,FALSE,2016,2004001,https://npb.jp/bis/players/01905133.html
61965130,清水　優心,2015年 入団,FALSE,2016,2004001,https://npb.jp/bis/players/61965130.html
31935119,須永　英輝,2004年 公式戦初出場,FALSE,2016,2004001,https://npb.jp/bis/players/31935119.html
81785118,杉谷　拳士,2011年 公式戦初出場,FALSE,2016,2004001,https://npb.jp/bis/players/81785118.html
11015130,瀬川　隼郎,2015年 公式戦初出場,FALSE,2016,2004001,https://npb.jp/bis/players/11015130.html
11915111,田中　賢介,2000年 公式戦初出場,FALSE,2016,2004001,https://npb.jp/bis/players/11915111.html
41045117,武田　久,2003年 公式戦初出場,FALSE,2016,2004001,https://npb.jp/bis/players/41045117.html
71075112,武田　勝,2006年 公式戦初出場,FALSE,2016,2004001,https://npb.jp/bis/players/71075112.html
31035118,谷元　圭介,2009年 公式戦初出場,FALSE,2016,2004001,https://npb.jp/bis/players/31035118.html
41045133,谷口　雄也,2012年 公式戦初出場,FALSE,2016,2004001,https://npb.jp/bis/players/41045133.html
21925139,高梨　裕稔,2014年 入団,FALSE,2016,2004001,https://npb.jp/bis/players/21925139.html
01005130,髙濱　祐仁,2015年 公式戦初出場,FALSE,2016,2004001,https://npb.jp/bis/players/01005130.html
61065130,立田　将太,2018年 公式戦初出場,FALSE,2016,2004001,https://npb.jp/bis/players/61065130.html
81085132,田中　豊樹,2016年 公式戦初出場,FALSE,2016,2004001,https://npb.jp/bis/players/81085132.html
61065116,中田　翔,2009年 公式戦初出場,FALSE,2016,2004001,https://npb.jp/bis/players/61065116.html
11215118,中島　卓也,2009年 入団,FALSE,2016,2004001,https://npb.jp/bis/players/11215118.html
21025131,中村　勝,2010年 公式戦初出場,FALSE,2016,2004001,https://npb.jp/bis/players/21025131.html
21225133,西川　遥輝,2011年 入団,FALSE,2016,2004001,https://npb.jp/bis/players/21225133.html
41045139,白村　明弘,2014年 公式戦初出場,FALSE,2016,2004001,https://npb.jp/bis/players/41045139.html
43545132,Ａ．バース,2016年 公式戦初出場,TRUE,2016,2004001,https://npb.jp/bis/players/43545132.html
71675132,姫野　優也,2018年 公式戦初出場,FALSE,2016,2004001,https://npb.jp/bis/players/71675132.html
01605132,平沼　翔太,2016年 入団,FALSE,2016,2004001,https://npb.jp/bis/players/01605132.html
71475112,藤岡　好明,2006年 公式戦初出場,FALSE,2016,2004001,https://npb.jp/bis/players/71475112.html
81285131,増井　浩俊,2010年 公式戦初出場,FALSE,2016,2004001,https://npb.jp/bis/players/81285131.html
21625135,松本　剛,2012年 入団,FALSE,2016,2004001,https://npb.jp/bis/players/21625135.html
63765132,Ｃ．マーティン,2016年 公式戦初出場,TRUE,2016,2004001,https://npb.jp/bis/players/63765132.html
41445116,宮西　尚生,2008年 入団,FALSE,2016,2004001,https://npb.jp/bis/players/41445116.html
43145139,Ｌ．メンドーサ,2014年 公式戦初出場,TRUE,2016,2004001,https://npb.jp/bis/players/43145139.html
41445137,森本　龍弥,2017年 公式戦初出場,FALSE,2016,2004001,https://npb.jp/bis/players/41445137.html
51655117,矢野　謙次,2003年 公式戦初出場,FALSE,2016,2004001,https://npb.jp/bis/players/51655117.html
61465137,屋宜　照悟,2013年 公式戦初出場,FALSE,2016,2004001,https://npb.jp/bis/players/61465137.html
21425111,米野　智人,2001年 公式戦初出場,FALSE,2016,2004001,https://npb.jp/bis/players/21425111.html
21825112,陽　岱鋼,2007年 公式戦初出場,FALSE,2016,2004001,https://npb.jp/bis/players/21825112.html
41845114,吉川　光夫,2007年 公式戦初出場,FALSE,2016,2004001,https://npb.jp/bis/players/41845114.html
03105132,横尾　俊建,2016年 公式戦初出場,FALSE,2016,2004001,https://npb.jp/bis/players/03105132.html
83185132,吉田　侑樹,2017年 公式戦初出場,FALSE,2016,2004001,https://npb.jp/bis/players/83185132.html
23525130,Ｂ．レアード,2015年 公式戦初出場,TRUE,2016,2004001,https://npb.jp/bis/players/23525130.html
81685139,渡邉　諒,2014年 公式戦初出場,FALSE,2016,2004001,https://npb.jp/bis/players/81685139.html
91195137,新垣　勇人,2013年 公式戦初出場,FALSE,2017,2004001,https://npb.jp/bis/players/91195137.html
31135130,淺間　大基,2015年 入団,FALSE,2017,2004001,https://npb.jp/bis/players/31135130.html
51155130,有原　航平,2015年 入団,FALSE,2017,2004001,https://npb.jp/bis/players/51155130.html
71173886,飯山　裕志,2001年 公式戦初出場,FALSE,2017,2004001,https://npb.jp/bis/players/71173886.html
71175110,石井　裕也,2005年 公式戦初出場,FALSE,2017,2004001,https://npb.jp/bis/players/71175110.html
81185131,市川　友也,2010年 公式戦初出場,FALSE,2017,2004001,https://npb.jp/bis/players/81185131.html
81185139,石川　亮,2014年 入団,FALSE,2017,2004001,https://npb.jp/bis/players/81185139.html
61165130,石川　直也,2016年 公式戦初出場,FALSE,2017,2004001,https://npb.jp/bis/players/61165130.html
31335132,井口　和朋,2016年 公式戦初出場,FALSE,2017,2004001,https://npb.jp/bis/players/31335132.html
21125134,石井　一成,2017年 入団,FALSE,2017,2004001,https://npb.jp/bis/players/21125134.html
11315134,今井　順之助,2017年 公式戦初出場,FALSE,2017,2004001,https://npb.jp/bis/players/11315134.html
51355135,上沢　直之,2012年 入団,FALSE,2017,2004001,https://npb.jp/bis/players/51355135.html
41345139,浦野　博司,2014年 公式戦初出場,FALSE,2017,2004001,https://npb.jp/bis/players/41345139.html
41345132,上原　健太,2016年 入団,FALSE,2017,2004001,https://npb.jp/bis/players/41345132.html
21325133,榎下　陽大,2011年 公式戦初出場,FALSE,2017,2004001,https://npb.jp/bis/players/21325133.html
63365134,Ｅ．エスコバー,2017年 公式戦初出場,TRUE,2017,2004001,https://npb.jp/bis/players/63365134.html
41345118,大田　泰示,2009年 公式戦初出場,FALSE,2017,2004001,https://npb.jp/bis/players/41345118.html
61365118,大野　奨太,2009年 公式戦初出場,FALSE,2017,2004001,https://npb.jp/bis/players/61365118.html
91395135,大嶋　匠,2014年 公式戦初出場,FALSE,2017,2004001,https://npb.jp/bis/players/91395135.html
01305137,大谷　翔平,2013年 公式戦初出場,FALSE,2017,2004001,https://npb.jp/bis/players/01305137.html
61365137,大累　進,2013年 公式戦初出場,FALSE,2017,2004001,https://npb.jp/bis/players/61365137.html
11515139,岡　大海,2014年 入団,FALSE,2017,2004001,https://npb.jp/bis/players/11515139.html
81385130,太田　賢吾,2017年 公式戦初出場,FALSE,2017,2004001,https://npb.jp/bis/players/81385130.html
51555137,鍵谷　陽平,2013年 公式戦初出場,FALSE,2017,2004001,https://npb.jp/bis/players/51555137.html
41545132,加藤　貴之,2016年 入団,FALSE,2017,2004001,https://npb.jp/bis/players/41545132.html
11715139,岸里　亮佑,2014年 公式戦初出場,FALSE,2017,2004001,https://npb.jp/bis/players/11715139.html
21725112,黒羽根　利規,2008年 公式戦初出場,FALSE,2017,2004001,https://npb.jp/bis/players/21725112.html
81585137,公文　克彦,2013年 公式戦初出場,FALSE,2017,2004001,https://npb.jp/bis/players/81585137.html
41745135,近藤　健介,2012年 入団,FALSE,2017,2004001,https://npb.jp/bis/players/41745135.html
91795134,郡　拓也,2017年 入団,FALSE,2017,2004001,https://npb.jp/bis/players/91795134.html
01905133,斎藤　佑樹,2011年 公式戦初出場,FALSE,2017,2004001,https://npb.jp/bis/players/01905133.html
61965130,清水　優心,2015年 入団,FALSE,2017,2004001,https://npb.jp/bis/players/61965130.html
81785118,杉谷　拳士,2011年 公式戦初出場,FALSE,2017,2004001,https://npb.jp/bis/players/81785118.html
61765139,杉浦　稔大,2014年 入団,FALSE,2017,2004001,https://npb.jp/bis/players/61765139.html
11015130,瀬川　隼郎,2015年 公式戦初出場,FALSE,2017,2004001,https://npb.jp/bis/players/11015130.html
11915111,田中　賢介,2000年 公式戦初出場,FALSE,2017,2004001,https://npb.jp/bis/players/11915111.html
41045117,武田　久,2003年 公式戦初出場,FALSE,2017,2004001,https://npb.jp/bis/players/41045117.html
31035118,谷元　圭介,2009年 公式戦初出場,FALSE,2017,2004001,https://npb.jp/bis/players/31035118.html
41045133,谷口　雄也,2012年 公式戦初出場,FALSE,2017,2004001,https://npb.jp/bis/players/41045133.html
21925139,高梨　裕稔,2014年 入団,FALSE,2017,2004001,https://npb.jp/bis/players/21925139.html
01005130,髙濱　祐仁,2015年 公式戦初出場,FALSE,2017,2004001,https://npb.jp/bis/players/01005130.html
61065130,立田　将太,2018年 公式戦初出場,FALSE,2017,2004001,https://npb.jp/bis/players/61065130.html
81085132,田中　豊樹,2016年 公式戦初出場,FALSE,2017,2004001,https://npb.jp/bis/players/81085132.html
91295134,玉井　大翔,2017年 入団,FALSE,2017,2004001,https://npb.jp/bis/players/91295134.html
93095134,Ｙ．ドレイク,2017年 公式戦初出場,TRUE,2017,2004001,https://npb.jp/bis/players/93095134.html
61065116,中田　翔,2009年 公式戦初出場,FALSE,2017,2004001,https://npb.jp/bis/players/61065116.html
11215118,中島　卓也,2009年 入団,FALSE,2017,2004001,https://npb.jp/bis/players/11215118.html
21025131,中村　勝,2010年 公式戦初出場,FALSE,2017,2004001,https://npb.jp/bis/players/21025131.html
21225133,西川　遥輝,2011年 入団,FALSE,2017,2004001,https://npb.jp/bis/players/21225133.html
41045139,白村　明弘,2014年 公式戦初出場,FALSE,2017,2004001,https://npb.jp/bis/players/41045139.html
71675132,姫野　優也,2018年 公式戦初出場,FALSE,2017,2004001,https://npb.jp/bis/players/71675132.html
01605132,平沼　翔太,2016年 入団,FALSE,2017,2004001,https://npb.jp/bis/players/01605132.html
51855134,堀　瑞輝,2017年 入団,FALSE,2017,2004001,https://npb.jp/bis/players/51855134.html
81285131,増井　浩俊,2010年 公式戦初出場,FALSE,2017,2004001,https://npb.jp/bis/players/81285131.html
21625135,松本　剛,2012年 入団,FALSE,2017,2004001,https://npb.jp/bis/players/21625135.html
63765132,Ｃ．マーティン,2016年 公式戦初出場,TRUE,2017,2004001,https://npb.jp/bis/players/63765132.html
41445116,宮西　尚生,2008年 入団,FALSE,2017,2004001,https://npb.jp/bis/players/41445116.html
31635116,村田　透,2017年 公式戦初出場,FALSE,2017,2004001,https://npb.jp/bis/players/31635116.html
43145139,Ｌ．メンドーサ,2014年 公式戦初出場,TRUE,2017,2004001,https://npb.jp/bis/players/43145139.html
41445137,森本　龍弥,2017年 公式戦初出場,FALSE,2017,2004001,https://npb.jp/bis/players/41445137.html
03105134,森山　恵佑,2017年 公式戦初出場,FALSE,2017,2004001,https://npb.jp/bis/players/03105134.html
51655117,矢野　謙次,2003年 公式戦初出場,FALSE,2017,2004001,https://npb.jp/bis/players/51655117.html
61465137,屋宜　照悟,2013年 公式戦初出場,FALSE,2017,2004001,https://npb.jp/bis/players/61465137.html
03105132,横尾　俊建,2016年 公式戦初出場,FALSE,2017,2004001,https://npb.jp/bis/players/03105132.html
83185132,吉田　侑樹,2017年 公式戦初出場,FALSE,2017,2004001,https://npb.jp/bis/players/83185132.html
23525130,Ｂ．レアード,2015年 公式戦初出場,TRUE,2017,2004001,https://npb.jp/bis/players/23525130.html
81685139,渡邉　諒,2014年 公式戦初出場,FALSE,2017,2004001,https://npb.jp/bis/players/81685139.html
91195137,新垣　勇人,2013年 公式戦初出場,FALSE,2018,2004001,https://npb.jp/bis/players/91195137.html
31135130,淺間　大基,2015年 入団,FALSE,2018,2004001,https://npb.jp/bis/players/31135130.html
51155130,有原　航平,2015年 入団,FALSE,2018,2004001,https://npb.jp/bis/players/51155130.html
03305136,Ｏ．アルシア,2018年 公式戦初出場,TRUE,2018,2004001,https://npb.jp/bis/players/03305136.html
71175110,石井　裕也,2005年 公式戦初出場,FALSE,2018,2004001,https://npb.jp/bis/players/71175110.html
81185131,市川　友也,2010年 公式戦初出場,FALSE,2018,2004001,https://npb.jp/bis/players/81185131.html
81185139,石川　亮,2014年 入団,FALSE,2018,2004001,https://npb.jp/bis/players/81185139.html
61165130,石川　直也,2016年 公式戦初出場,FALSE,2018,2004001,https://npb.jp/bis/players/61165130.html
31335132,井口　和朋,2016年 公式戦初出場,FALSE,2018,2004001,https://npb.jp/bis/players/31335132.html
21125134,石井　一成,2017年 入団,FALSE,2018,2004001,https://npb.jp/bis/players/21125134.html
11315134,今井　順之助,2017年 公式戦初出場,FALSE,2018,2004001,https://npb.jp/bis/players/11315134.html
51355135,上沢　直之,2012年 入団,FALSE,2018,2004001,https://npb.jp/bis/players/51355135.html
41345139,浦野　博司,2014年 公式戦初出場,FALSE,2018,2004001,https://npb.jp/bis/players/41345139.html
41345132,上原　健太,2016年 入団,FALSE,2018,2004001,https://npb.jp/bis/players/41345132.html
41345118,大田　泰示,2009年 公式戦初出場,FALSE,2018,2004001,https://npb.jp/bis/players/41345118.html
91395135,大嶋　匠,2014年 公式戦初出場,FALSE,2018,2004001,https://npb.jp/bis/players/91395135.html
61365137,大累　進,2013年 公式戦初出場,FALSE,2018,2004001,https://npb.jp/bis/players/61365137.html
11515139,岡　大海,2014年 入団,FALSE,2018,2004001,https://npb.jp/bis/players/11515139.html
81385130,太田　賢吾,2017年 公式戦初出場,FALSE,2018,2004001,https://npb.jp/bis/players/81385130.html
51555137,鍵谷　陽平,2013年 公式戦初出場,FALSE,2018,2004001,https://npb.jp/bis/players/51555137.html
41545132,加藤　貴之,2016年 入団,FALSE,2018,2004001,https://npb.jp/bis/players/41545132.html
11715139,岸里　亮佑,2014年 公式戦初出場,FALSE,2018,2004001,https://npb.jp/bis/players/11715139.html
01505136,北浦　竜次,2018年 入団,FALSE,2018,2004001,https://npb.jp/bis/players/01505136.html
41545136,清宮　幸太郎,2018年 入団,FALSE,2018,2004001,https://npb.jp/bis/players/41545136.html
21725112,黒羽根　利規,2008年 公式戦初出場,FALSE,2018,2004001,https://npb.jp/bis/players/21725112.html
81585137,公文　克彦,2013年 公式戦初出場,FALSE,2018,2004001,https://npb.jp/bis/players/81585137.html
41745135,近藤　健介,2012年 入団,FALSE,2018,2004001,https://npb.jp/bis/players/41745135.html
91795134,郡　拓也,2017年 入団,FALSE,2018,2004001,https://npb.jp/bis/players/91795134.html
51753888,實松　一成,2000年 公式戦初出場,FALSE,2018,2004001,https://npb.jp/bis/players/51753888.html
01905133,斎藤　佑樹,2011年 公式戦初出場,FALSE,2018,2004001,https://npb.jp/bis/players/01905133.html
61965130,清水　優心,2015年 入団,FALSE,2018,2004001,https://npb.jp/bis/players/61965130.html
81785118,杉谷　拳士,2011年 公式戦初出場,FALSE,2018,2004001,https://npb.jp/bis/players/81785118.html
61765139,杉浦　稔大,2014年 入団,FALSE,2018,2004001,https://npb.jp/bis/players/61765139.html
81985136,鈴木　遼太郎,2019年 公式戦初出場,FALSE,2018,2004001,https://npb.jp/bis/players/81985136.html
11915111,田中　賢介,2000年 公式戦初出場,FALSE,2018,2004001,https://npb.jp/bis/players/11915111.html
41045133,谷口　雄也,2012年 公式戦初出場,FALSE,2018,2004001,https://npb.jp/bis/players/41045133.html
21925139,高梨　裕稔,2014年 入団,FALSE,2018,2004001,https://npb.jp/bis/players/21925139.html
01005130,髙濱　祐仁,2015年 公式戦初出場,FALSE,2018,2004001,https://npb.jp/bis/players/01005130.html
61065130,立田　将太,2018年 公式戦初出場,FALSE,2018,2004001,https://npb.jp/bis/players/61065130.html
81085132,田中　豊樹,2016年 公式戦初出場,FALSE,2018,2004001,https://npb.jp/bis/players/81085132.html
91295134,玉井　大翔,2017年 入団,FALSE,2018,2004001,https://npb.jp/bis/players/91295134.html
61065136,田中　瑛斗,2018年 入団,FALSE,2018,2004001,https://npb.jp/bis/players/61065136.html
71275117,鶴岡　慎也,2005年 公式戦初出場,FALSE,2018,2004001,https://npb.jp/bis/players/71275117.html
63565136,Ｍ．トンキン,2018年 公式戦初出場,TRUE,2018,2004001,https://npb.jp/bis/players/63565136.html
61065116,中田　翔,2009年 公式戦初出場,FALSE,2018,2004001,https://npb.jp/bis/players/61065116.html
11215118,中島　卓也,2009年 入団,FALSE,2018,2004001,https://npb.jp/bis/players/11215118.html
21025131,中村　勝,2010年 公式戦初出場,FALSE,2018,2004001,https://npb.jp/bis/players/21025131.html
21225133,西川　遥輝,2011年 入団,FALSE,2018,2004001,https://npb.jp/bis/players/21225133.html
91495136,西村　天裕,2018年 公式戦初出場,FALSE,2018,2004001,https://npb.jp/bis/players/91495136.html
41045139,白村　明弘,2014年 公式戦初出場,FALSE,2018,2004001,https://npb.jp/bis/players/41045139.html
71675132,姫野　優也,2018年 公式戦初出場,FALSE,2018,2004001,https://npb.jp/bis/players/71675132.html
01605132,平沼　翔太,2016年 入団,FALSE,2018,2004001,https://npb.jp/bis/players/01605132.html
11615135,藤岡　貴裕,2012年 公式戦初出場,FALSE,2018,2004001,https://npb.jp/bis/players/11615135.html
51855134,堀　瑞輝,2017年 入団,FALSE,2018,2004001,https://npb.jp/bis/players/51855134.html
21625135,松本　剛,2012年 入団,FALSE,2018,2004001,https://npb.jp/bis/players/21625135.html
33735136,Ｎ．マルティネス,2018年 公式戦初出場,TRUE,2018,2004001,https://npb.jp/bis/players/33735136.html
41445116,宮西　尚生,2008年 入団,FALSE,2018,2004001,https://npb.jp/bis/players/41445116.html
71875136,宮台　康平,2018年 公式戦初出場,FALSE,2018,2004001,https://npb.jp/bis/players/71875136.html
31635116,村田　透,2017年 公式戦初出場,FALSE,2018,2004001,https://npb.jp/bis/players/31635116.html
41445137,森本　龍弥,2017年 公式戦初出場,FALSE,2018,2004001,https://npb.jp/bis/players/41445137.html
03105134,森山　恵佑,2017年 公式戦初出場,FALSE,2018,2004001,https://npb.jp/bis/players/03105134.html
51655117,矢野　謙次,2003年 公式戦初出場,FALSE,2018,2004001,https://npb.jp/bis/players/51655117.html
03105132,横尾　俊建,2016年 公式戦初出場,FALSE,2018,2004001,https://npb.jp/bis/players/03105132.html
83185132,吉田　侑樹,2017年 公式戦初出場,FALSE,2018,2004001,https://npb.jp/bis/players/83185132.html
23525130,Ｂ．レアード,2015年 公式戦初出場,TRUE,2018,2004001,https://npb.jp/bis/players/23525130.html
43745136,Ｂ．ロドリゲス,2018年 公式戦初出場,TRUE,2018,2004001,https://npb.jp/bis/players/43745136.html
81685139,渡邉　諒,2014年 公式戦初出場,FALSE,2018,2004001,https://npb.jp/bis/players/81685139.html
91195139,秋吉　亮,2014年 公式戦初出場,FALSE,2019,2004001,https://npb.jp/bis/players/91195139.html
31135130,淺間　大基,2015年 入団,FALSE,2019,2004001,https://npb.jp/bis/players/31135130.html
51155130,有原　航平,2015年 入団,FALSE,2019,2004001,https://npb.jp/bis/players/51155130.html
81185139,石川　亮,2014年 入団,FALSE,2019,2004001,https://npb.jp/bis/players/81185139.html
61165130,石川　直也,2016年 公式戦初出場,FALSE,2019,2004001,https://npb.jp/bis/players/61165130.html
31335132,井口　和朋,2016年 公式戦初出場,FALSE,2019,2004001,https://npb.jp/bis/players/31335132.html
21125134,石井　一成,2017年 入団,FALSE,2019,2004001,https://npb.jp/bis/players/21125134.html
11315134,今井　順之助,2017年 公式戦初出場,FALSE,2019,2004001,https://npb.jp/bis/players/11315134.html
51355135,上沢　直之,2012年 入団,FALSE,2019,2004001,https://npb.jp/bis/players/51355135.html
41345139,浦野　博司,2014年 公式戦初出場,FALSE,2019,2004001,https://npb.jp/bis/players/41345139.html
41345132,上原　健太,2016年 入団,FALSE,2019,2004001,https://npb.jp/bis/players/41345132.html
61365132,宇佐見　真吾,2016年 入団,FALSE,2019,2004001,https://npb.jp/bis/players/61365132.html
41345118,大田　泰示,2009年 公式戦初出場,FALSE,2019,2004001,https://npb.jp/bis/players/41345118.html
41345110,金子　弌大,2006年 公式戦初出場,FALSE,2019,2004001,https://npb.jp/bis/players/41345110.html
51555137,鍵谷　陽平,2013年 公式戦初出場,FALSE,2019,2004001,https://npb.jp/bis/players/51555137.html
41545132,加藤　貴之,2016年 入団,FALSE,2019,2004001,https://npb.jp/bis/players/41545132.html
71575138,柿木　蓮,2022年 公式戦初出場,FALSE,2019,2004001,https://npb.jp/bis/players/71575138.html
11715139,岸里　亮佑,2014年 公式戦初出場,FALSE,2019,2004001,https://npb.jp/bis/players/11715139.html
01505136,北浦　竜次,2018年 入団,FALSE,2019,2004001,https://npb.jp/bis/players/01505136.html
41545136,清宮　幸太郎,2018年 入団,FALSE,2019,2004001,https://npb.jp/bis/players/41545136.html
21725112,黒羽根　利規,2008年 公式戦初出場,FALSE,2019,2004001,https://npb.jp/bis/players/21725112.html
81585137,公文　克彦,2013年 公式戦初出場,FALSE,2019,2004001,https://npb.jp/bis/players/81585137.html
41745135,近藤　健介,2012年 入団,FALSE,2019,2004001,https://npb.jp/bis/players/41745135.html
91795134,郡　拓也,2017年 入団,FALSE,2019,2004001,https://npb.jp/bis/players/91795134.html
51753888,實松　一成,2000年 公式戦初出場,FALSE,2019,2004001,https://npb.jp/bis/players/51753888.html
01905133,斎藤　佑樹,2011年 公式戦初出場,FALSE,2019,2004001,https://npb.jp/bis/players/01905133.html
61965130,清水　優心,2015年 入団,FALSE,2019,2004001,https://npb.jp/bis/players/61965130.html
81785118,杉谷　拳士,2011年 公式戦初出場,FALSE,2019,2004001,https://npb.jp/bis/players/81785118.html
61765139,杉浦　稔大,2014年 入団,FALSE,2019,2004001,https://npb.jp/bis/players/61765139.html
81985136,鈴木　遼太郎,2019年 公式戦初出場,FALSE,2019,2004001,https://npb.jp/bis/players/81985136.html
11915111,田中　賢介,2000年 公式戦初出場,FALSE,2019,2004001,https://npb.jp/bis/players/11915111.html
41045133,谷口　雄也,2012年 公式戦初出場,FALSE,2019,2004001,https://npb.jp/bis/players/41045133.html
01005130,髙濱　祐仁,2015年 公式戦初出場,FALSE,2019,2004001,https://npb.jp/bis/players/01005130.html
61065130,立田　将太,2018年 公式戦初出場,FALSE,2019,2004001,https://npb.jp/bis/players/61065130.html
81085132,田中　豊樹,2016年 公式戦初出場,FALSE,2019,2004001,https://npb.jp/bis/players/81085132.html
91295134,玉井　大翔,2017年 入団,FALSE,2019,2004001,https://npb.jp/bis/players/91295134.html
61065136,田中　瑛斗,2018年 入団,FALSE,2019,2004001,https://npb.jp/bis/players/61065136.html
51055138,田宮　裕涼,2019年 入団,FALSE,2019,2004001,https://npb.jp/bis/players/51055138.html
71275117,鶴岡　慎也,2005年 公式戦初出場,FALSE,2019,2004001,https://npb.jp/bis/players/71275117.html
61065116,中田　翔,2009年 公式戦初出場,FALSE,2019,2004001,https://npb.jp/bis/players/61065116.html
11215118,中島　卓也,2009年 入団,FALSE,2019,2004001,https://npb.jp/bis/players/11215118.html
21025131,中村　勝,2010年 公式戦初出場,FALSE,2019,2004001,https://npb.jp/bis/players/21025131.html
41245138,生田目　翼,2019年 入団,FALSE,2019,2004001,https://npb.jp/bis/players/41245138.html
21225133,西川　遥輝,2011年 入団,FALSE,2019,2004001,https://npb.jp/bis/players/21225133.html
91495136,西村　天裕,2018年 公式戦初出場,FALSE,2019,2004001,https://npb.jp/bis/players/91495136.html
31435138,野村　佑希,2019年 入団,FALSE,2019,2004001,https://npb.jp/bis/players/31435138.html
41045139,白村　明弘,2014年 公式戦初出場,FALSE,2019,2004001,https://npb.jp/bis/players/41045139.html
33335138,Ｊ．バーベイト,2019年 公式戦初出場,TRUE,2019,2004001,https://npb.jp/bis/players/33335138.html
73375138,Ｊ．ハンコック,2019年 公式戦初出場,TRUE,2019,2004001,https://npb.jp/bis/players/73375138.html
71675132,姫野　優也,2018年 公式戦初出場,FALSE,2019,2004001,https://npb.jp/bis/players/71675132.html
01605132,平沼　翔太,2016年 入団,FALSE,2019,2004001,https://npb.jp/bis/players/01605132.html
11615135,藤岡　貴裕,2012年 公式戦初出場,FALSE,2019,2004001,https://npb.jp/bis/players/11615135.html
11615138,福田　俊,2019年 入団,FALSE,2019,2004001,https://npb.jp/bis/players/11615138.html
51855134,堀　瑞輝,2017年 入団,FALSE,2019,2004001,https://npb.jp/bis/players/51855134.html
21625135,松本　剛,2012年 入団,FALSE,2019,2004001,https://npb.jp/bis/players/21625135.html
33735136,Ｎ．マルティネス,2018年 公式戦初出場,TRUE,2019,2004001,https://npb.jp/bis/players/33735136.html
11815138,万波　中正,2019年 入団,FALSE,2019,2004001,https://npb.jp/bis/players/11815138.html
41445116,宮西　尚生,2008年 入団,FALSE,2019,2004001,https://npb.jp/bis/players/41445116.html
71875136,宮台　康平,2018年 公式戦初出場,FALSE,2019,2004001,https://npb.jp/bis/players/71875136.html
31635116,村田　透,2017年 公式戦初出場,FALSE,2019,2004001,https://npb.jp/bis/players/31635116.html
41445137,森本　龍弥,2017年 公式戦初出場,FALSE,2019,2004001,https://npb.jp/bis/players/41445137.html
03105134,森山　恵佑,2017年 公式戦初出場,FALSE,2019,2004001,https://npb.jp/bis/players/03105134.html
11615137,谷内　亮太,2013年 公式戦初出場,FALSE,2019,2004001,https://npb.jp/bis/players/11615137.html
41845114,吉川　光夫,2007年 公式戦初出場,FALSE,2019,2004001,https://npb.jp/bis/players/41845114.html
03105132,横尾　俊建,2016年 公式戦初出場,FALSE,2019,2004001,https://npb.jp/bis/players/03105132.html
83185132,吉田　侑樹,2017年 公式戦初出場,FALSE,2019,2004001,https://npb.jp/bis/players/83185132.html
13115138,吉田　輝星,2019年 入団,FALSE,2019,2004001,https://npb.jp/bis/players/13115138.html
43745136,Ｂ．ロドリゲス,2018年 公式戦初出場,TRUE,2019,2004001,https://npb.jp/bis/players/43745136.html
81685139,渡邉　諒,2014年 公式戦初出場,FALSE,2019,2004001,https://npb.jp/bis/players/81685139.html
23525138,王　柏融,2019年 公式戦初出場,FALSE,2019,2004001,https://npb.jp/bis/players/23525138.html
91195139,秋吉　亮,2014年 公式戦初出場,FALSE,2020,2004001,https://npb.jp/bis/players/91195139.html
31135130,淺間　大基,2015年 入団,FALSE,2020,2004001,https://npb.jp/bis/players/31135130.html
51155130,有原　航平,2015年 入団,FALSE,2020,2004001,https://npb.jp/bis/players/51155130.html
81185139,石川　亮,2014年 入団,FALSE,2020,2004001,https://npb.jp/bis/players/81185139.html
61165130,石川　直也,2016年 公式戦初出場,FALSE,2020,2004001,https://npb.jp/bis/players/61165130.html
31335132,井口　和朋,2016年 公式戦初出場,FALSE,2020,2004001,https://npb.jp/bis/players/31335132.html
21125134,石井　一成,2017年 入団,FALSE,2020,2004001,https://npb.jp/bis/players/21125134.html
11315134,今井　順之助,2017年 公式戦初出場,FALSE,2020,2004001,https://npb.jp/bis/players/11315134.html
51355135,上沢　直之,2012年 入団,FALSE,2020,2004001,https://npb.jp/bis/players/51355135.html
41345139,浦野　博司,2014年 公式戦初出場,FALSE,2020,2004001,https://npb.jp/bis/players/41345139.html
41345132,上原　健太,2016年 入団,FALSE,2020,2004001,https://npb.jp/bis/players/41345132.html
61365132,宇佐見　真吾,2016年 入団,FALSE,2020,2004001,https://npb.jp/bis/players/61365132.html
01305151,上野　響平,2021年 公式戦初出場,FALSE,2020,2004001,https://npb.jp/bis/players/01305151.html
11515151,梅林　優貴,2020年 入団,FALSE,2020,2004001,https://npb.jp/bis/players/11515151.html
41345118,大田　泰示,2009年 公式戦初出場,FALSE,2020,2004001,https://npb.jp/bis/players/41345118.html
41345110,金子　弌大,2006年 公式戦初出場,FALSE,2020,2004001,https://npb.jp/bis/players/41345110.html
41545132,加藤　貴之,2016年 入団,FALSE,2020,2004001,https://npb.jp/bis/players/41545132.html
71575138,柿木　蓮,2022年 公式戦初出場,FALSE,2020,2004001,https://npb.jp/bis/players/71575138.html
01705151,片岡　奨人,2022年 公式戦初出場,FALSE,2020,2004001,https://npb.jp/bis/players/01705151.html
81785151,河野　竜生,2020年 入団,FALSE,2020,2004001,https://npb.jp/bis/players/81785151.html
01505136,北浦　竜次,2018年 入団,FALSE,2020,2004001,https://npb.jp/bis/players/01505136.html
41545136,清宮　幸太郎,2018年 入団,FALSE,2020,2004001,https://npb.jp/bis/players/41545136.html
21725112,黒羽根　利規,2008年 公式戦初出場,FALSE,2020,2004001,https://npb.jp/bis/players/21725112.html
81585137,公文　克彦,2013年 公式戦初出場,FALSE,2020,2004001,https://npb.jp/bis/players/81585137.html
41745135,近藤　健介,2012年 入団,FALSE,2020,2004001,https://npb.jp/bis/players/41745135.html
91795134,郡　拓也,2017年 入団,FALSE,2020,2004001,https://npb.jp/bis/players/91795134.html
01905133,斎藤　佑樹,2011年 公式戦初出場,FALSE,2020,2004001,https://npb.jp/bis/players/01905133.html
61965130,清水　優心,2015年 入団,FALSE,2020,2004001,https://npb.jp/bis/players/61965130.html
81785118,杉谷　拳士,2011年 公式戦初出場,FALSE,2020,2004001,https://npb.jp/bis/players/81785118.html
61765139,杉浦　稔大,2014年 入団,FALSE,2020,2004001,https://npb.jp/bis/players/61765139.html
81985136,鈴木　遼太郎,2019年 公式戦初出場,FALSE,2020,2004001,https://npb.jp/bis/players/81985136.html
61065151,鈴木　健矢,2020年 入団,FALSE,2020,2004001,https://npb.jp/bis/players/61065151.html
41045133,谷口　雄也,2012年 公式戦初出場,FALSE,2020,2004001,https://npb.jp/bis/players/41045133.html
01005130,髙濱　祐仁,2015年 公式戦初出場,FALSE,2020,2004001,https://npb.jp/bis/players/01005130.html
91295134,玉井　大翔,2017年 入団,FALSE,2020,2004001,https://npb.jp/bis/players/91295134.html
61065136,田中　瑛斗,2018年 入団,FALSE,2020,2004001,https://npb.jp/bis/players/61065136.html
51055138,田宮　裕涼,2019年 入団,FALSE,2020,2004001,https://npb.jp/bis/players/51055138.html
91295151,立野　和明,2021年 公式戦初出場,FALSE,2020,2004001,https://npb.jp/bis/players/91295151.html
71275117,鶴岡　慎也,2005年 公式戦初出場,FALSE,2020,2004001,https://npb.jp/bis/players/71275117.html
61065116,中田　翔,2009年 公式戦初出場,FALSE,2020,2004001,https://npb.jp/bis/players/61065116.html
11215118,中島　卓也,2009年 入団,FALSE,2020,2004001,https://npb.jp/bis/players/11215118.html
41245138,生田目　翼,2019年 入団,FALSE,2020,2004001,https://npb.jp/bis/players/41245138.html
21225133,西川　遥輝,2011年 入団,FALSE,2020,2004001,https://npb.jp/bis/players/21225133.html
91495136,西村　天裕,2018年 公式戦初出場,FALSE,2020,2004001,https://npb.jp/bis/players/91495136.html
31435138,野村　佑希,2019年 入団,FALSE,2020,2004001,https://npb.jp/bis/players/31435138.html
41045139,白村　明弘,2014年 公式戦初出場,FALSE,2020,2004001,https://npb.jp/bis/players/41045139.html
41445151,長谷川　凌汰,2021年 公式戦初出場,FALSE,2020,2004001,https://npb.jp/bis/players/41445151.html
33735151,Ｄ．バーヘイゲン,2020年 公式戦初出場,TRUE,2020,2004001,https://npb.jp/bis/players/33735151.html
71675132,姫野　優也,2018年 公式戦初出場,FALSE,2020,2004001,https://npb.jp/bis/players/71675132.html
01605132,平沼　翔太,2016年 入団,FALSE,2020,2004001,https://npb.jp/bis/players/01605132.html
93395138,Ｃ．ビヤヌエバ,2019年 公式戦初出場,TRUE,2020,2004001,https://npb.jp/bis/players/93395138.html
81485151,樋口　龍之介,2020年 公式戦初出場,FALSE,2020,2004001,https://npb.jp/bis/players/81485151.html
11615138,福田　俊,2019年 入団,FALSE,2020,2004001,https://npb.jp/bis/players/11615138.html
51855134,堀　瑞輝,2017年 入団,FALSE,2020,2004001,https://npb.jp/bis/players/51855134.html
21625135,松本　剛,2012年 入団,FALSE,2020,2004001,https://npb.jp/bis/players/21625135.html
33735136,Ｎ．マルティネス,2018年 公式戦初出場,TRUE,2020,2004001,https://npb.jp/bis/players/33735136.html
11815138,万波　中正,2019年 入団,FALSE,2020,2004001,https://npb.jp/bis/players/11815138.html
41445116,宮西　尚生,2008年 入団,FALSE,2020,2004001,https://npb.jp/bis/players/41445116.html
71875136,宮台　康平,2018年 公式戦初出場,FALSE,2020,2004001,https://npb.jp/bis/players/71875136.html
91895151,宮田　輝星,2021年 公式戦初出場,FALSE,2020,2004001,https://npb.jp/bis/players/91895151.html
31635116,村田　透,2017年 公式戦初出場,FALSE,2020,2004001,https://npb.jp/bis/players/31635116.html
61865151,望月　大希,2020年 公式戦初出場,FALSE,2020,2004001,https://npb.jp/bis/players/61865151.html
11615137,谷内　亮太,2013年 公式戦初出場,FALSE,2020,2004001,https://npb.jp/bis/players/11615137.html
41845114,吉川　光夫,2007年 公式戦初出場,FALSE,2020,2004001,https://npb.jp/bis/players/41845114.html
03105132,横尾　俊建,2016年 公式戦初出場,FALSE,2020,2004001,https://npb.jp/bis/players/03105132.html
83185132,吉田　侑樹,2017年 公式戦初出場,FALSE,2020,2004001,https://npb.jp/bis/players/83185132.html
13115138,吉田　輝星,2019年 入団,FALSE,2020,2004001,https://npb.jp/bis/players/13115138.html
43745136,Ｂ．ロドリゲス,2018年 公式戦初出場,TRUE,2020,2004001,https://npb.jp/bis/players/43745136.html
81685139,渡邉　諒,2014年 公式戦初出場,FALSE,2020,2004001,https://npb.jp/bis/players/81685139.html
23525138,王　柏融,2019年 公式戦初出場,FALSE,2020,2004001,https://npb.jp/bis/players/23525138.html
81185113,荒金　久雄,2001年 公式戦初出場,FALSE,2010,2005001,https://npb.jp/bis/players/81185113.html
91195117,新垣　渚,2003年 公式戦初出場,FALSE,2010,2005001,https://npb.jp/bis/players/91195117.html
51155119,明石　健志,2004年 公式戦初出場,FALSE,2010,2005001,https://npb.jp/bis/players/51155119.html
71175118,有馬　翔,2013年 公式戦初出場,FALSE,2010,2005001,https://npb.jp/bis/players/71175118.html
91395115,井手　正太郎,2004年 公式戦初出場,FALSE,2010,2005001,https://npb.jp/bis/players/91395115.html
31335116,岩嵜　翔,2008年 入団,FALSE,2010,2005001,https://npb.jp/bis/players/31335116.html
81185118,猪本　健太郎,2014年 公式戦初出場,FALSE,2010,2005001,https://npb.jp/bis/players/81185118.html
31335131,今宮　健太,2010年 入団,FALSE,2010,2005001,https://npb.jp/bis/players/31335131.html
51655131,李　机浩,2010年 公式戦初出場,FALSE,2010,2005001,https://npb.jp/bis/players/51655131.html
11315110,江川　智晃,2006年 公式戦初出場,FALSE,2010,2005001,https://npb.jp/bis/players/11315110.html
71373888,小椋　真介,2001年 公式戦初出場,FALSE,2010,2005001,https://npb.jp/bis/players/71373888.html
91895117,Ｊ．オーティズ,2003年 公式戦初出場,TRUE,2010,2005001,https://npb.jp/bis/players/91895117.html
51555114,大隣　憲司,2007年 公式戦初出場,FALSE,2010,2005001,https://npb.jp/bis/players/51555114.html
41345116,大場　翔太,2008年 公式戦初出場,FALSE,2010,2005001,https://npb.jp/bis/players/41345116.html
41343888,金澤　健人,2001年 公式戦初出場,FALSE,2010,2005001,https://npb.jp/bis/players/41343888.html
41345111,川﨑　宗則,2001年 公式戦初出場,FALSE,2010,2005001,https://npb.jp/bis/players/41345111.html
21525115,神内　靖,2004年 公式戦初出場,FALSE,2010,2005001,https://npb.jp/bis/players/21525115.html
61365119,金子　圭輔,2006年 公式戦初出場,FALSE,2010,2005001,https://npb.jp/bis/players/61365119.html
51555112,甲藤　啓介,2007年 公式戦初出場,FALSE,2010,2005001,https://npb.jp/bis/players/51555112.html
11715131,川原　弘之,2012年 公式戦初出場,FALSE,2010,2005001,https://npb.jp/bis/players/11715131.html
31535119,城所　龍磨,2005年 公式戦初出場,FALSE,2010,2005001,https://npb.jp/bis/players/31535119.html
21525118,金　無英,2009年 公式戦初出場,FALSE,2010,2005001,https://npb.jp/bis/players/21525118.html
81585116,久米　勇紀,2008年 公式戦初出場,FALSE,2010,2005001,https://npb.jp/bis/players/81585116.html
31533889,小久保　裕紀,1994年 公式戦初出場,FALSE,2010,2005001,https://npb.jp/bis/players/31533889.html
41745112,小斉　祐輔,2006年 公式戦初出場,FALSE,2010,2005001,https://npb.jp/bis/players/41745112.html
41543889,佐藤　誠,1997年 公式戦初出場,FALSE,2010,2005001,https://npb.jp/bis/players/41543889.html
71373882,斉藤　和巳,1997年 公式戦初出場,FALSE,2010,2005001,https://npb.jp/bis/players/71373882.html
91793884,柴原　洋,1997年 公式戦初出場,FALSE,2010,2005001,https://npb.jp/bis/players/91793884.html
01703884,清水　将海,1997年 公式戦初出場,FALSE,2010,2005001,https://npb.jp/bis/players/01703884.html
31935115,杉内　俊哉,2002年 公式戦初出場,FALSE,2010,2005001,https://npb.jp/bis/players/31935115.html
91995118,攝津　正,2009年 公式戦初出場,FALSE,2010,2005001,https://npb.jp/bis/players/91995118.html
41743880,多村　仁志,1997年 公式戦初出場,FALSE,2010,2005001,https://npb.jp/bis/players/41743880.html
61965115,田上　秀則,2002年 公式戦初出場,FALSE,2010,2005001,https://npb.jp/bis/players/61965115.html
11915110,高橋　徹,2010年 公式戦初出場,FALSE,2010,2005001,https://npb.jp/bis/players/11915110.html
31935110,髙橋　秀聡,2005年 公式戦初出場,FALSE,2010,2005001,https://npb.jp/bis/players/31935110.html
41045114,髙谷　裕亮,2007年 公式戦初出場,FALSE,2010,2005001,https://npb.jp/bis/players/41045114.html
61965118,巽　真悟,2009年 公式戦初出場,FALSE,2010,2005001,https://npb.jp/bis/players/61965118.html
81985118,立岡　宗一郎,2010年 公式戦初出場,FALSE,2010,2005001,https://npb.jp/bis/players/81985118.html
13315131,ＪＤダービン,2010年 公式戦初出場,FALSE,2010,2005001,https://npb.jp/bis/players/13315131.html
61963886,辻　武史,2002年 公式戦初出場,FALSE,2010,2005001,https://npb.jp/bis/players/61963886.html
21025118,堂上　隼人,2010年 公式戦初出場,FALSE,2010,2005001,https://npb.jp/bis/players/21025118.html
91095113,仲澤　忠厚,2003年 公式戦初出場,FALSE,2010,2005001,https://npb.jp/bis/players/91095113.html
71075110,中西　健太,2008年 公式戦初出場,FALSE,2010,2005001,https://npb.jp/bis/players/71075110.html
11215116,中村　晃,2008年 入団,FALSE,2010,2005001,https://npb.jp/bis/players/11215116.html
61265118,二保　旭,2012年 公式戦初出場,FALSE,2010,2005001,https://npb.jp/bis/players/61265118.html
21425114,長谷川　勇也,2008年 公式戦初出場,FALSE,2010,2005001,https://npb.jp/bis/players/21425114.html
71475112,藤岡　好明,2006年 公式戦初出場,FALSE,2010,2005001,https://npb.jp/bis/players/71475112.html
11615114,福田　秀平,2010年 公式戦初出場,FALSE,2010,2005001,https://npb.jp/bis/players/11615114.html
03105118,Ｂ．ファルケンボーグ,2009年 公式戦初出場,TRUE,2010,2005001,https://npb.jp/bis/players/03105118.html
31833888,Ｒ．ペタジーニ,1999年 公式戦初出場,TRUE,2010,2005001,https://npb.jp/bis/players/31833888.html
41445112,本多　雄一,2006年 公式戦初出場,FALSE,2010,2005001,https://npb.jp/bis/players/41445112.html
43145116,Ｄ．ホールトン,2008年 公式戦初出場,TRUE,2010,2005001,https://npb.jp/bis/players/43145116.html
61063884,松中　信彦,1997年 公式戦初出場,FALSE,2010,2005001,https://npb.jp/bis/players/61063884.html
11215119,馬原　孝浩,2004年 公式戦初出場,FALSE,2010,2005001,https://npb.jp/bis/players/11215119.html
51655112,松田　宣浩,2006年 公式戦初出場,FALSE,2010,2005001,https://npb.jp/bis/players/51655112.html
91293888,水田　章雄,1999年 公式戦初出場,FALSE,2010,2005001,https://npb.jp/bis/players/91293888.html
51255119,三瀬　幸司,2004年 公式戦初出場,FALSE,2010,2005001,https://npb.jp/bis/players/51255119.html
11613883,村松　有人,1992年 公式戦初出場,FALSE,2010,2005001,https://npb.jp/bis/players/11613883.html
31635117,森本　学,2005年 公式戦初出場,FALSE,2010,2005001,https://npb.jp/bis/players/31635117.html
61665114,森福　允彦,2007年 公式戦初出場,FALSE,2010,2005001,https://npb.jp/bis/players/61665114.html
71475113,山崎　勝己,2005年 公式戦初出場,FALSE,2010,2005001,https://npb.jp/bis/players/71475113.html
31835112,柳瀬　明宏,2006年 公式戦初出場,FALSE,2010,2005001,https://npb.jp/bis/players/31835112.html
53355112,陽　耀勲,2006年 公式戦初出場,FALSE,2010,2005001,https://npb.jp/bis/players/53355112.html
11815114,山田　大樹,2010年 公式戦初出場,FALSE,2010,2005001,https://npb.jp/bis/players/11815114.html
41645118,柳川　洋平,2011年 公式戦初出場,FALSE,2010,2005001,https://npb.jp/bis/players/41645118.html
41443886,吉川　元浩,2002年 公式戦初出場,FALSE,2010,2005001,https://npb.jp/bis/players/41443886.html
61265119,吉川　輝昭,2004年 公式戦初出場,FALSE,2010,2005001,https://npb.jp/bis/players/61265119.html
91295114,李　杜軒,2012年 公式戦初出場,FALSE,2010,2005001,https://npb.jp/bis/players/91295114.html
11815117,和田　毅,2003年 公式戦初出場,FALSE,2010,2005001,https://npb.jp/bis/players/11815117.html
91195117,新垣　渚,2003年 公式戦初出場,FALSE,2011,2005001,https://npb.jp/bis/players/91195117.html
51155119,明石　健志,2004年 公式戦初出場,FALSE,2011,2005001,https://npb.jp/bis/players/51155119.html
71175118,有馬　翔,2013年 公式戦初出場,FALSE,2011,2005001,https://npb.jp/bis/players/71175118.html
31335116,岩嵜　翔,2008年 入団,FALSE,2011,2005001,https://npb.jp/bis/players/31335116.html
81185118,猪本　健太郎,2014年 公式戦初出場,FALSE,2011,2005001,https://npb.jp/bis/players/81185118.html
31335131,今宮　健太,2010年 入団,FALSE,2011,2005001,https://npb.jp/bis/players/31335131.html
21325113,内川　聖一,2001年 公式戦初出場,FALSE,2011,2005001,https://npb.jp/bis/players/21325113.html
11315110,江川　智晃,2006年 公式戦初出場,FALSE,2011,2005001,https://npb.jp/bis/players/11315110.html
71373888,小椋　真介,2001年 公式戦初出場,FALSE,2011,2005001,https://npb.jp/bis/players/71373888.html
41345117,大西　宏明,2003年 公式戦初出場,FALSE,2011,2005001,https://npb.jp/bis/players/41345117.html
91895117,Ｊ．オーティズ,2003年 公式戦初出場,TRUE,2011,2005001,https://npb.jp/bis/players/91895117.html
51555114,大隣　憲司,2007年 公式戦初出場,FALSE,2011,2005001,https://npb.jp/bis/players/51555114.html
41345116,大場　翔太,2008年 公式戦初出場,FALSE,2011,2005001,https://npb.jp/bis/players/41345116.html
41343888,金澤　健人,2001年 公式戦初出場,FALSE,2011,2005001,https://npb.jp/bis/players/41343888.html
41345111,川﨑　宗則,2001年 公式戦初出場,FALSE,2011,2005001,https://npb.jp/bis/players/41345111.html
41645113,Ａ．カブレラ,2001年 公式戦初出場,TRUE,2011,2005001,https://npb.jp/bis/players/41645113.html
21525115,神内　靖,2004年 公式戦初出場,FALSE,2011,2005001,https://npb.jp/bis/players/21525115.html
51555112,甲藤　啓介,2007年 公式戦初出場,FALSE,2011,2005001,https://npb.jp/bis/players/51555112.html
11715131,川原　弘之,2012年 公式戦初出場,FALSE,2011,2005001,https://npb.jp/bis/players/11715131.html
31535119,城所　龍磨,2005年 公式戦初出場,FALSE,2011,2005001,https://npb.jp/bis/players/31535119.html
21525118,金　無英,2009年 公式戦初出場,FALSE,2011,2005001,https://npb.jp/bis/players/21525118.html
81585116,久米　勇紀,2008年 公式戦初出場,FALSE,2011,2005001,https://npb.jp/bis/players/81585116.html
31533889,小久保　裕紀,1994年 公式戦初出場,FALSE,2011,2005001,https://npb.jp/bis/players/31533889.html
41745112,小斉　祐輔,2006年 公式戦初出場,FALSE,2011,2005001,https://npb.jp/bis/players/41745112.html
91793884,柴原　洋,1997年 公式戦初出場,FALSE,2011,2005001,https://npb.jp/bis/players/91793884.html
01703884,清水　将海,1997年 公式戦初出場,FALSE,2011,2005001,https://npb.jp/bis/players/01703884.html
31935115,杉内　俊哉,2002年 公式戦初出場,FALSE,2011,2005001,https://npb.jp/bis/players/31935115.html
91995118,攝津　正,2009年 公式戦初出場,FALSE,2011,2005001,https://npb.jp/bis/players/91995118.html
01005133,千賀　滉大,2012年 公式戦初出場,FALSE,2011,2005001,https://npb.jp/bis/players/01005133.html
41743880,多村　仁志,1997年 公式戦初出場,FALSE,2011,2005001,https://npb.jp/bis/players/41743880.html
61965115,田上　秀則,2002年 公式戦初出場,FALSE,2011,2005001,https://npb.jp/bis/players/61965115.html
11915110,高橋　徹,2010年 公式戦初出場,FALSE,2011,2005001,https://npb.jp/bis/players/11915110.html
31935110,髙橋　秀聡,2005年 公式戦初出場,FALSE,2011,2005001,https://npb.jp/bis/players/31935110.html
41045114,髙谷　裕亮,2007年 公式戦初出場,FALSE,2011,2005001,https://npb.jp/bis/players/41045114.html
61965118,巽　真悟,2009年 公式戦初出場,FALSE,2011,2005001,https://npb.jp/bis/players/61965118.html
81985118,立岡　宗一郎,2010年 公式戦初出場,FALSE,2011,2005001,https://npb.jp/bis/players/81985118.html
91595133,拓也,2011年 入団,FALSE,2011,2005001,https://npb.jp/bis/players/91595133.html
21025118,堂上　隼人,2010年 公式戦初出場,FALSE,2011,2005001,https://npb.jp/bis/players/21025118.html
91095113,仲澤　忠厚,2003年 公式戦初出場,FALSE,2011,2005001,https://npb.jp/bis/players/91095113.html
71075110,中西　健太,2008年 公式戦初出場,FALSE,2011,2005001,https://npb.jp/bis/players/71075110.html
11215116,中村　晃,2008年 入団,FALSE,2011,2005001,https://npb.jp/bis/players/11215116.html
61265118,二保　旭,2012年 公式戦初出場,FALSE,2011,2005001,https://npb.jp/bis/players/61265118.html
21425114,長谷川　勇也,2008年 公式戦初出場,FALSE,2011,2005001,https://npb.jp/bis/players/21425114.html
83785133,Ｅ．バリオス,2013年 公式戦初出場,TRUE,2011,2005001,https://npb.jp/bis/players/83785133.html
01203886,藤田　宗一,1998年 公式戦初出場,FALSE,2011,2005001,https://npb.jp/bis/players/01203886.html
71475112,藤岡　好明,2006年 公式戦初出場,FALSE,2011,2005001,https://npb.jp/bis/players/71475112.html
11615114,福田　秀平,2010年 公式戦初出場,FALSE,2011,2005001,https://npb.jp/bis/players/11615114.html
03105118,Ｂ．ファルケンボーグ,2009年 公式戦初出場,TRUE,2011,2005001,https://npb.jp/bis/players/03105118.html
13915133,Ｙ．ブラゾバン,2011年 公式戦初出場,TRUE,2011,2005001,https://npb.jp/bis/players/13915133.html
71475115,細川　亨,2002年 公式戦初出場,FALSE,2011,2005001,https://npb.jp/bis/players/71475115.html
41445112,本多　雄一,2006年 公式戦初出場,FALSE,2011,2005001,https://npb.jp/bis/players/41445112.html
43145116,Ｄ．ホールトン,2008年 公式戦初出場,TRUE,2011,2005001,https://npb.jp/bis/players/43145116.html
01405133,星野　大地,2013年 公式戦初出場,FALSE,2011,2005001,https://npb.jp/bis/players/01405133.html
61063884,松中　信彦,1997年 公式戦初出場,FALSE,2011,2005001,https://npb.jp/bis/players/61063884.html
11215119,馬原　孝浩,2004年 公式戦初出場,FALSE,2011,2005001,https://npb.jp/bis/players/11215119.html
51655112,松田　宣浩,2006年 公式戦初出場,FALSE,2011,2005001,https://npb.jp/bis/players/51655112.html
61465133,牧原　大成,2011年 入団,FALSE,2011,2005001,https://npb.jp/bis/players/61465133.html
31635117,森本　学,2005年 公式戦初出場,FALSE,2011,2005001,https://npb.jp/bis/players/31635117.html
61665114,森福　允彦,2007年 公式戦初出場,FALSE,2011,2005001,https://npb.jp/bis/players/61665114.html
71475113,山崎　勝己,2005年 公式戦初出場,FALSE,2011,2005001,https://npb.jp/bis/players/71475113.html
31835112,柳瀬　明宏,2006年 公式戦初出場,FALSE,2011,2005001,https://npb.jp/bis/players/31835112.html
53355112,陽　耀勲,2006年 公式戦初出場,FALSE,2011,2005001,https://npb.jp/bis/players/53355112.html
11815114,山田　大樹,2010年 公式戦初出場,FALSE,2011,2005001,https://npb.jp/bis/players/11815114.html
41645118,柳川　洋平,2011年 公式戦初出場,FALSE,2011,2005001,https://npb.jp/bis/players/41645118.html
31835133,柳田　悠岐,2011年 入団,FALSE,2011,2005001,https://npb.jp/bis/players/31835133.html
71875133,山下　斐紹,2013年 公式戦初出場,FALSE,2011,2005001,https://npb.jp/bis/players/71875133.html
61265119,吉川　輝昭,2004年 公式戦初出場,FALSE,2011,2005001,https://npb.jp/bis/players/61265119.html
91295114,李　杜軒,2012年 公式戦初出場,FALSE,2011,2005001,https://npb.jp/bis/players/91295114.html
53555133,Ａ．レルー,2011年 公式戦初出場,TRUE,2011,2005001,https://npb.jp/bis/players/53555133.html
11815117,和田　毅,2003年 公式戦初出場,FALSE,2011,2005001,https://npb.jp/bis/players/11815117.html
91195117,新垣　渚,2003年 公式戦初出場,FALSE,2012,2005001,https://npb.jp/bis/players/91195117.html
51155119,明石　健志,2004年 公式戦初出場,FALSE,2012,2005001,https://npb.jp/bis/players/51155119.html
71175118,有馬　翔,2013年 公式戦初出場,FALSE,2012,2005001,https://npb.jp/bis/players/71175118.html
23525135,Ｂ．アレン,2012年 公式戦初出場,TRUE,2012,2005001,https://npb.jp/bis/players/23525135.html
31335116,岩嵜　翔,2008年 入団,FALSE,2012,2005001,https://npb.jp/bis/players/31335116.html
81185118,猪本　健太郎,2014年 公式戦初出場,FALSE,2012,2005001,https://npb.jp/bis/players/81185118.html
31335131,今宮　健太,2010年 入団,FALSE,2012,2005001,https://npb.jp/bis/players/31335131.html
21325113,内川　聖一,2001年 公式戦初出場,FALSE,2012,2005001,https://npb.jp/bis/players/21325113.html
11315110,江川　智晃,2006年 公式戦初出場,FALSE,2012,2005001,https://npb.jp/bis/players/11315110.html
51353889,岡島　秀樹,1995年 公式戦初出場,FALSE,2012,2005001,https://npb.jp/bis/players/51353889.html
71373888,小椋　真介,2001年 公式戦初出場,FALSE,2012,2005001,https://npb.jp/bis/players/71373888.html
51555114,大隣　憲司,2007年 公式戦初出場,FALSE,2012,2005001,https://npb.jp/bis/players/51555114.html
41345116,大場　翔太,2008年 公式戦初出場,FALSE,2012,2005001,https://npb.jp/bis/players/41345116.html
41343888,金澤　健人,2001年 公式戦初出場,FALSE,2012,2005001,https://npb.jp/bis/players/41343888.html
41645113,Ａ．カブレラ,2001年 公式戦初出場,TRUE,2012,2005001,https://npb.jp/bis/players/41645113.html
21525115,神内　靖,2004年 公式戦初出場,FALSE,2012,2005001,https://npb.jp/bis/players/21525115.html
61365119,金子　圭輔,2006年 公式戦初出場,FALSE,2012,2005001,https://npb.jp/bis/players/61365119.html
51555112,甲藤　啓介,2007年 公式戦初出場,FALSE,2012,2005001,https://npb.jp/bis/players/51555112.html
11715131,川原　弘之,2012年 公式戦初出場,FALSE,2012,2005001,https://npb.jp/bis/players/11715131.html
51555135,釜元　豪,2016年 公式戦初出場,FALSE,2012,2005001,https://npb.jp/bis/players/51555135.html
71575135,亀澤　恭平,2015年 公式戦初出場,FALSE,2012,2005001,https://npb.jp/bis/players/71575135.html
91595135,嘉弥真　新也,2012年 公式戦初出場,FALSE,2012,2005001,https://npb.jp/bis/players/91595135.html
53355135,Ａ．カストロ,2012年 公式戦初出場,TRUE,2012,2005001,https://npb.jp/bis/players/53355135.html
31535119,城所　龍磨,2005年 公式戦初出場,FALSE,2012,2005001,https://npb.jp/bis/players/31535119.html
21525118,金　無英,2009年 公式戦初出場,FALSE,2012,2005001,https://npb.jp/bis/players/21525118.html
81585116,久米　勇紀,2008年 公式戦初出場,FALSE,2012,2005001,https://npb.jp/bis/players/81585116.html
31533889,小久保　裕紀,1994年 公式戦初出場,FALSE,2012,2005001,https://npb.jp/bis/players/31533889.html
41945135,白根　尚貴,2016年 公式戦初出場,FALSE,2012,2005001,https://npb.jp/bis/players/41945135.html
91995118,攝津　正,2009年 公式戦初出場,FALSE,2012,2005001,https://npb.jp/bis/players/91995118.html
01005133,千賀　滉大,2012年 公式戦初出場,FALSE,2012,2005001,https://npb.jp/bis/players/01005133.html
41743880,多村　仁志,1997年 公式戦初出場,FALSE,2012,2005001,https://npb.jp/bis/players/41743880.html
61965115,田上　秀則,2002年 公式戦初出場,FALSE,2012,2005001,https://npb.jp/bis/players/61965115.html
41045114,髙谷　裕亮,2007年 公式戦初出場,FALSE,2012,2005001,https://npb.jp/bis/players/41045114.html
61965118,巽　真悟,2009年 公式戦初出場,FALSE,2012,2005001,https://npb.jp/bis/players/61965118.html
81985118,立岡　宗一郎,2010年 公式戦初出場,FALSE,2012,2005001,https://npb.jp/bis/players/81985118.html
91595133,拓也,2011年 入団,FALSE,2012,2005001,https://npb.jp/bis/players/91595133.html
01005135,武田　翔太,2012年 公式戦初出場,FALSE,2012,2005001,https://npb.jp/bis/players/01005135.html
11215135,塚田　正義,2014年 公式戦初出場,FALSE,2012,2005001,https://npb.jp/bis/players/11215135.html
21025118,堂上　隼人,2010年 公式戦初出場,FALSE,2012,2005001,https://npb.jp/bis/players/21025118.html
83385135,Ｔ．ドイル,2012年 公式戦初出場,TRUE,2012,2005001,https://npb.jp/bis/players/83385135.html
91095113,仲澤　忠厚,2003年 公式戦初出場,FALSE,2012,2005001,https://npb.jp/bis/players/91095113.html
71075110,中西　健太,2008年 公式戦初出場,FALSE,2012,2005001,https://npb.jp/bis/players/71075110.html
11215116,中村　晃,2008年 入団,FALSE,2012,2005001,https://npb.jp/bis/players/11215116.html
61265118,二保　旭,2012年 公式戦初出場,FALSE,2012,2005001,https://npb.jp/bis/players/61265118.html
21425114,長谷川　勇也,2008年 公式戦初出場,FALSE,2012,2005001,https://npb.jp/bis/players/21425114.html
83785133,Ｅ．バリオス,2013年 公式戦初出場,TRUE,2012,2005001,https://npb.jp/bis/players/83785133.html
73375135,Ｒ．ピント,2012年 公式戦初出場,TRUE,2012,2005001,https://npb.jp/bis/players/73375135.html
71475112,藤岡　好明,2006年 公式戦初出場,FALSE,2012,2005001,https://npb.jp/bis/players/71475112.html
11615114,福田　秀平,2010年 公式戦初出場,FALSE,2012,2005001,https://npb.jp/bis/players/11615114.html
21425118,福元　淳史,2012年 公式戦初出場,FALSE,2012,2005001,https://npb.jp/bis/players/21425118.html
03105118,Ｂ．ファルケンボーグ,2009年 公式戦初出場,TRUE,2012,2005001,https://npb.jp/bis/players/03105118.html
93195135,Ｗ．ペーニャ,2012年 公式戦初出場,TRUE,2012,2005001,https://npb.jp/bis/players/93195135.html
23325135,Ｂ．ペニー,2012年 公式戦初出場,TRUE,2012,2005001,https://npb.jp/bis/players/23325135.html
41245113,帆足　和幸,2001年 公式戦初出場,FALSE,2012,2005001,https://npb.jp/bis/players/41245113.html
71475115,細川　亨,2002年 公式戦初出場,FALSE,2012,2005001,https://npb.jp/bis/players/71475115.html
41445112,本多　雄一,2006年 公式戦初出場,FALSE,2012,2005001,https://npb.jp/bis/players/41445112.html
01405133,星野　大地,2013年 公式戦初出場,FALSE,2012,2005001,https://npb.jp/bis/players/01405133.html
61063884,松中　信彦,1997年 公式戦初出場,FALSE,2012,2005001,https://npb.jp/bis/players/61063884.html
11215119,馬原　孝浩,2004年 公式戦初出場,FALSE,2012,2005001,https://npb.jp/bis/players/11215119.html
51655112,松田　宣浩,2006年 公式戦初出場,FALSE,2012,2005001,https://npb.jp/bis/players/51655112.html
61465133,牧原　大成,2011年 入団,FALSE,2012,2005001,https://npb.jp/bis/players/61465133.html
61665114,森福　允彦,2007年 公式戦初出場,FALSE,2012,2005001,https://npb.jp/bis/players/61665114.html
71475113,山崎　勝己,2005年 公式戦初出場,FALSE,2012,2005001,https://npb.jp/bis/players/71475113.html
31835112,柳瀬　明宏,2006年 公式戦初出場,FALSE,2012,2005001,https://npb.jp/bis/players/31835112.html
53355112,陽　耀勲,2006年 公式戦初出場,FALSE,2012,2005001,https://npb.jp/bis/players/53355112.html
11815114,山田　大樹,2010年 公式戦初出場,FALSE,2012,2005001,https://npb.jp/bis/players/11815114.html
41645118,柳川　洋平,2011年 公式戦初出場,FALSE,2012,2005001,https://npb.jp/bis/players/41645118.html
31835133,柳田　悠岐,2011年 入団,FALSE,2012,2005001,https://npb.jp/bis/players/31835133.html
71875133,山下　斐紹,2013年 公式戦初出場,FALSE,2012,2005001,https://npb.jp/bis/players/71875133.html
61265119,吉川　輝昭,2004年 公式戦初出場,FALSE,2012,2005001,https://npb.jp/bis/players/61265119.html
91295114,李　杜軒,2012年 公式戦初出場,FALSE,2012,2005001,https://npb.jp/bis/players/91295114.html
43345118,Ｌ．ロメロ,2010年 公式戦初出場,TRUE,2012,2005001,https://npb.jp/bis/players/43345118.html
91195117,新垣　渚,2003年 公式戦初出場,FALSE,2013,2005001,https://npb.jp/bis/players/91195117.html
51155119,明石　健志,2004年 公式戦初出場,FALSE,2013,2005001,https://npb.jp/bis/players/51155119.html
71175118,有馬　翔,2013年 公式戦初出場,FALSE,2013,2005001,https://npb.jp/bis/players/71175118.html
91193886,五十嵐　亮太,1999年 公式戦初出場,FALSE,2013,2005001,https://npb.jp/bis/players/91193886.html
31335116,岩嵜　翔,2008年 入団,FALSE,2013,2005001,https://npb.jp/bis/players/31335116.html
81185118,猪本　健太郎,2014年 公式戦初出場,FALSE,2013,2005001,https://npb.jp/bis/players/81185118.html
31335131,今宮　健太,2010年 入団,FALSE,2013,2005001,https://npb.jp/bis/players/31335131.html
01105137,飯田　優也,2014年 公式戦初出場,FALSE,2013,2005001,https://npb.jp/bis/players/01105137.html
21325113,内川　聖一,2001年 公式戦初出場,FALSE,2013,2005001,https://npb.jp/bis/players/21325113.html
41345115,江尻　慎太郎,2002年 公式戦初出場,FALSE,2013,2005001,https://npb.jp/bis/players/41345115.html
11315110,江川　智晃,2006年 公式戦初出場,FALSE,2013,2005001,https://npb.jp/bis/players/11315110.html
51555114,大隣　憲司,2007年 公式戦初出場,FALSE,2013,2005001,https://npb.jp/bis/players/51555114.html
41345116,大場　翔太,2008年 公式戦初出場,FALSE,2013,2005001,https://npb.jp/bis/players/41345116.html
03305137,Ｐ．オセゲラ,2013年 公式戦初出場,TRUE,2013,2005001,https://npb.jp/bis/players/03305137.html
41343888,金澤　健人,2001年 公式戦初出場,FALSE,2013,2005001,https://npb.jp/bis/players/41343888.html
61365119,金子　圭輔,2006年 公式戦初出場,FALSE,2013,2005001,https://npb.jp/bis/players/61365119.html
51555112,甲藤　啓介,2007年 公式戦初出場,FALSE,2013,2005001,https://npb.jp/bis/players/51555112.html
11715131,川原　弘之,2012年 公式戦初出場,FALSE,2013,2005001,https://npb.jp/bis/players/11715131.html
51555135,釜元　豪,2016年 公式戦初出場,FALSE,2013,2005001,https://npb.jp/bis/players/51555135.html
71575135,亀澤　恭平,2015年 公式戦初出場,FALSE,2013,2005001,https://npb.jp/bis/players/71575135.html
91595135,嘉弥真　新也,2012年 公式戦初出場,FALSE,2013,2005001,https://npb.jp/bis/players/91595135.html
71575137,笠原　大芽,2017年 公式戦初出場,FALSE,2013,2005001,https://npb.jp/bis/players/71575137.html
31535119,城所　龍磨,2005年 公式戦初出場,FALSE,2013,2005001,https://npb.jp/bis/players/31535119.html
21525118,金　無英,2009年 公式戦初出場,FALSE,2013,2005001,https://npb.jp/bis/players/21525118.html
41745118,蕭　一傑,2011年 公式戦初出場,FALSE,2013,2005001,https://npb.jp/bis/players/41745118.html
41945135,白根　尚貴,2016年 公式戦初出場,FALSE,2013,2005001,https://npb.jp/bis/players/41945135.html
91995118,攝津　正,2009年 公式戦初出場,FALSE,2013,2005001,https://npb.jp/bis/players/91995118.html
01005133,千賀　滉大,2012年 公式戦初出場,FALSE,2013,2005001,https://npb.jp/bis/players/01005133.html
61965115,田上　秀則,2002年 公式戦初出場,FALSE,2013,2005001,https://npb.jp/bis/players/61965115.html
41045114,髙谷　裕亮,2007年 公式戦初出場,FALSE,2013,2005001,https://npb.jp/bis/players/41045114.html
61965118,巽　真悟,2009年 公式戦初出場,FALSE,2013,2005001,https://npb.jp/bis/players/61965118.html
91595133,拓也,2011年 入団,FALSE,2013,2005001,https://npb.jp/bis/players/91595133.html
01005135,武田　翔太,2012年 公式戦初出場,FALSE,2013,2005001,https://npb.jp/bis/players/01005135.html
11915137,髙田　知季,2013年 公式戦初出場,FALSE,2013,2005001,https://npb.jp/bis/players/11915137.html
11215135,塚田　正義,2014年 公式戦初出場,FALSE,2013,2005001,https://npb.jp/bis/players/11215135.html
91095115,寺原　隼人,2002年 公式戦初出場,FALSE,2013,2005001,https://npb.jp/bis/players/91095115.html
71075110,中西　健太,2008年 公式戦初出場,FALSE,2013,2005001,https://npb.jp/bis/players/71075110.html
11215116,中村　晃,2008年 入団,FALSE,2013,2005001,https://npb.jp/bis/players/11215116.html
61265118,二保　旭,2012年 公式戦初出場,FALSE,2013,2005001,https://npb.jp/bis/players/61265118.html
21425114,長谷川　勇也,2008年 公式戦初出場,FALSE,2013,2005001,https://npb.jp/bis/players/21425114.html
83785133,Ｅ．バリオス,2013年 公式戦初出場,TRUE,2013,2005001,https://npb.jp/bis/players/83785133.html
61665137,Ｖ．パディーヤ,2013年 公式戦初出場,TRUE,2013,2005001,https://npb.jp/bis/players/61665137.html
01005137,東浜　巨,2013年 入団,FALSE,2013,2005001,https://npb.jp/bis/players/01005137.html
71475112,藤岡　好明,2006年 公式戦初出場,FALSE,2013,2005001,https://npb.jp/bis/players/71475112.html
11615114,福田　秀平,2010年 公式戦初出場,FALSE,2013,2005001,https://npb.jp/bis/players/11615114.html
21425118,福元　淳史,2012年 公式戦初出場,FALSE,2013,2005001,https://npb.jp/bis/players/21425118.html
03105118,Ｂ．ファルケンボーグ,2009年 公式戦初出場,TRUE,2013,2005001,https://npb.jp/bis/players/03105118.html
93195135,Ｗ．ペーニャ,2012年 公式戦初出場,TRUE,2013,2005001,https://npb.jp/bis/players/93195135.html
41245113,帆足　和幸,2001年 公式戦初出場,FALSE,2013,2005001,https://npb.jp/bis/players/41245113.html
71475115,細川　亨,2002年 公式戦初出場,FALSE,2013,2005001,https://npb.jp/bis/players/71475115.html
41445112,本多　雄一,2006年 公式戦初出場,FALSE,2013,2005001,https://npb.jp/bis/players/41445112.html
01405133,星野　大地,2013年 公式戦初出場,FALSE,2013,2005001,https://npb.jp/bis/players/01405133.html
61063884,松中　信彦,1997年 公式戦初出場,FALSE,2013,2005001,https://npb.jp/bis/players/61063884.html
51655112,松田　宣浩,2006年 公式戦初出場,FALSE,2013,2005001,https://npb.jp/bis/players/51655112.html
61465133,牧原　大成,2011年 入団,FALSE,2013,2005001,https://npb.jp/bis/players/61465133.html
51255137,真砂　勇介,2017年 公式戦初出場,FALSE,2013,2005001,https://npb.jp/bis/players/51255137.html
61665114,森福　允彦,2007年 公式戦初出場,FALSE,2013,2005001,https://npb.jp/bis/players/61665114.html
71475113,山崎　勝己,2005年 公式戦初出場,FALSE,2013,2005001,https://npb.jp/bis/players/71475113.html
81485113,山本　省吾,2001年 公式戦初出場,FALSE,2013,2005001,https://npb.jp/bis/players/81485113.html
31835112,柳瀬　明宏,2006年 公式戦初出場,FALSE,2013,2005001,https://npb.jp/bis/players/31835112.html
53355112,陽　耀勲,2006年 公式戦初出場,FALSE,2013,2005001,https://npb.jp/bis/players/53355112.html
11815114,山田　大樹,2010年 公式戦初出場,FALSE,2013,2005001,https://npb.jp/bis/players/11815114.html
31835133,柳田　悠岐,2011年 入団,FALSE,2013,2005001,https://npb.jp/bis/players/31835133.html
71875133,山下　斐紹,2013年 公式戦初出場,FALSE,2013,2005001,https://npb.jp/bis/players/71875133.html
31635137,山中　浩史,2013年 公式戦初出場,FALSE,2013,2005001,https://npb.jp/bis/players/31635137.html
01405111,吉野　誠,2000年 公式戦初出場,FALSE,2013,2005001,https://npb.jp/bis/players/01405111.html
61665117,吉村　裕基,2003年 公式戦初出場,FALSE,2013,2005001,https://npb.jp/bis/players/61665117.html
81885137,Ｂ．ラヘア,2013年 公式戦初出場,TRUE,2013,2005001,https://npb.jp/bis/players/81885137.html
91295114,李　杜軒,2012年 公式戦初出場,FALSE,2013,2005001,https://npb.jp/bis/players/91295114.html
91195117,新垣　渚,2003年 公式戦初出場,FALSE,2014,2005001,https://npb.jp/bis/players/91195117.html
51155119,明石　健志,2004年 公式戦初出場,FALSE,2014,2005001,https://npb.jp/bis/players/51155119.html
91193886,五十嵐　亮太,1999年 公式戦初出場,FALSE,2014,2005001,https://npb.jp/bis/players/91193886.html
31335116,岩嵜　翔,2008年 入団,FALSE,2014,2005001,https://npb.jp/bis/players/31335116.html
81185118,猪本　健太郎,2014年 公式戦初出場,FALSE,2014,2005001,https://npb.jp/bis/players/81185118.html
31335131,今宮　健太,2010年 入団,FALSE,2014,2005001,https://npb.jp/bis/players/31335131.html
61865135,李　大浩,2012年 公式戦初出場,FALSE,2014,2005001,https://npb.jp/bis/players/61865135.html
01105137,飯田　優也,2014年 公式戦初出場,FALSE,2014,2005001,https://npb.jp/bis/players/01105137.html
61165139,石川　柊太,2014年 入団,FALSE,2014,2005001,https://npb.jp/bis/players/61165139.html
21325113,内川　聖一,2001年 公式戦初出場,FALSE,2014,2005001,https://npb.jp/bis/players/21325113.html
71675131,Ｂ．ウルフ,2010年 公式戦初出場,TRUE,2014,2005001,https://npb.jp/bis/players/71675131.html
91395139,上林　誠知,2014年 入団,FALSE,2014,2005001,https://npb.jp/bis/players/91395139.html
41345115,江尻　慎太郎,2002年 公式戦初出場,FALSE,2014,2005001,https://npb.jp/bis/players/41345115.html
11315110,江川　智晃,2006年 公式戦初出場,FALSE,2014,2005001,https://npb.jp/bis/players/11315110.html
51353889,岡島　秀樹,1995年 公式戦初出場,FALSE,2014,2005001,https://npb.jp/bis/players/51353889.html
51555114,大隣　憲司,2007年 公式戦初出場,FALSE,2014,2005001,https://npb.jp/bis/players/51555114.html
41345116,大場　翔太,2008年 公式戦初出場,FALSE,2014,2005001,https://npb.jp/bis/players/41345116.html
03305137,Ｐ．オセゲラ,2013年 公式戦初出場,TRUE,2014,2005001,https://npb.jp/bis/players/03305137.html
51555139,岡本　健,2016年 公式戦初出場,FALSE,2014,2005001,https://npb.jp/bis/players/51555139.html
61365119,金子　圭輔,2006年 公式戦初出場,FALSE,2014,2005001,https://npb.jp/bis/players/61365119.html
81585112,川島　慶三,2006年 公式戦初出場,FALSE,2014,2005001,https://npb.jp/bis/players/81585112.html
11715131,川原　弘之,2012年 公式戦初出場,FALSE,2014,2005001,https://npb.jp/bis/players/11715131.html
51555135,釜元　豪,2016年 公式戦初出場,FALSE,2014,2005001,https://npb.jp/bis/players/51555135.html
71575135,亀澤　恭平,2015年 公式戦初出場,FALSE,2014,2005001,https://npb.jp/bis/players/71575135.html
91595135,嘉弥真　新也,2012年 公式戦初出場,FALSE,2014,2005001,https://npb.jp/bis/players/91595135.html
71575137,笠原　大芽,2017年 公式戦初出場,FALSE,2014,2005001,https://npb.jp/bis/players/71575137.html
21525139,加治屋　蓮,2014年 入団,FALSE,2014,2005001,https://npb.jp/bis/players/21525139.html
91895139,Ｂ．カニザレス,2014年 公式戦初出場,TRUE,2014,2005001,https://npb.jp/bis/players/91895139.html
31535119,城所　龍磨,2005年 公式戦初出場,FALSE,2014,2005001,https://npb.jp/bis/players/31535119.html
21525118,金　無英,2009年 公式戦初出場,FALSE,2014,2005001,https://npb.jp/bis/players/21525118.html
33135133,Ｄ．サファテ,2011年 公式戦初出場,TRUE,2014,2005001,https://npb.jp/bis/players/33135133.html
41945135,白根　尚貴,2016年 公式戦初出場,FALSE,2014,2005001,https://npb.jp/bis/players/41945135.html
83585114,Ｊ．スタンリッジ,2007年 公式戦初出場,TRUE,2014,2005001,https://npb.jp/bis/players/83585114.html
91995118,攝津　正,2009年 公式戦初出場,FALSE,2014,2005001,https://npb.jp/bis/players/91995118.html
01005133,千賀　滉大,2012年 公式戦初出場,FALSE,2014,2005001,https://npb.jp/bis/players/01005133.html
51955139,曽根　海成,2017年 公式戦初出場,FALSE,2014,2005001,https://npb.jp/bis/players/51955139.html
41045114,髙谷　裕亮,2007年 公式戦初出場,FALSE,2014,2005001,https://npb.jp/bis/players/41045114.html
61965118,巽　真悟,2009年 公式戦初出場,FALSE,2014,2005001,https://npb.jp/bis/players/61965118.html
91595133,拓也,2011年 入団,FALSE,2014,2005001,https://npb.jp/bis/players/91595133.html
01005135,武田　翔太,2012年 公式戦初出場,FALSE,2014,2005001,https://npb.jp/bis/players/01005135.html
11915137,髙田　知季,2013年 公式戦初出場,FALSE,2014,2005001,https://npb.jp/bis/players/11915137.html
71275117,鶴岡　慎也,2005年 公式戦初出場,FALSE,2014,2005001,https://npb.jp/bis/players/71275117.html
11215135,塚田　正義,2014年 公式戦初出場,FALSE,2014,2005001,https://npb.jp/bis/players/11215135.html
91095115,寺原　隼人,2002年 公式戦初出場,FALSE,2014,2005001,https://npb.jp/bis/players/91095115.html
51055110,中田　賢一,2005年 公式戦初出場,FALSE,2014,2005001,https://npb.jp/bis/players/51055110.html
11215116,中村　晃,2008年 入団,FALSE,2014,2005001,https://npb.jp/bis/players/11215116.html
61265118,二保　旭,2012年 公式戦初出場,FALSE,2014,2005001,https://npb.jp/bis/players/61265118.html
21425114,長谷川　勇也,2008年 公式戦初出場,FALSE,2014,2005001,https://npb.jp/bis/players/21425114.html
83785133,Ｅ．バリオス,2013年 公式戦初出場,TRUE,2014,2005001,https://npb.jp/bis/players/83785133.html
71475118,日高　亮,2011年 公式戦初出場,FALSE,2014,2005001,https://npb.jp/bis/players/71475118.html
01005137,東浜　巨,2013年 入団,FALSE,2014,2005001,https://npb.jp/bis/players/01005137.html
11615114,福田　秀平,2010年 公式戦初出場,FALSE,2014,2005001,https://npb.jp/bis/players/11615114.html
41245113,帆足　和幸,2001年 公式戦初出場,FALSE,2014,2005001,https://npb.jp/bis/players/41245113.html
71475115,細川　亨,2002年 公式戦初出場,FALSE,2014,2005001,https://npb.jp/bis/players/71475115.html
41445112,本多　雄一,2006年 公式戦初出場,FALSE,2014,2005001,https://npb.jp/bis/players/41445112.html
11615118,細山田　武史,2009年 公式戦初出場,FALSE,2014,2005001,https://npb.jp/bis/players/11615118.html
01405133,星野　大地,2013年 公式戦初出場,FALSE,2014,2005001,https://npb.jp/bis/players/01405133.html
61063884,松中　信彦,1997年 公式戦初出場,FALSE,2014,2005001,https://npb.jp/bis/players/61063884.html
51655112,松田　宣浩,2006年 公式戦初出場,FALSE,2014,2005001,https://npb.jp/bis/players/51655112.html
61465133,牧原　大成,2011年 入団,FALSE,2014,2005001,https://npb.jp/bis/players/61465133.html
51255137,真砂　勇介,2017年 公式戦初出場,FALSE,2014,2005001,https://npb.jp/bis/players/51255137.html
61665114,森福　允彦,2007年 公式戦初出場,FALSE,2014,2005001,https://npb.jp/bis/players/61665114.html
01405139,森　唯斗,2014年 公式戦初出場,FALSE,2014,2005001,https://npb.jp/bis/players/01405139.html
31835112,柳瀬　明宏,2006年 公式戦初出場,FALSE,2014,2005001,https://npb.jp/bis/players/31835112.html
11815114,山田　大樹,2010年 公式戦初出場,FALSE,2014,2005001,https://npb.jp/bis/players/11815114.html
31835133,柳田　悠岐,2011年 入団,FALSE,2014,2005001,https://npb.jp/bis/players/31835133.html
71875133,山下　斐紹,2013年 公式戦初出場,FALSE,2014,2005001,https://npb.jp/bis/players/71875133.html
31635137,山中　浩史,2013年 公式戦初出場,FALSE,2014,2005001,https://npb.jp/bis/players/31635137.html
61665117,吉村　裕基,2003年 公式戦初出場,FALSE,2014,2005001,https://npb.jp/bis/players/61665117.html
91295114,李　杜軒,2012年 公式戦初出場,FALSE,2014,2005001,https://npb.jp/bis/players/91295114.html
51155119,明石　健志,2004年 公式戦初出場,FALSE,2015,2005001,https://npb.jp/bis/players/51155119.html
71875133,斐紹,2013年 公式戦初出場,FALSE,2015,2005001,https://npb.jp/bis/players/71875133.html
91193886,五十嵐　亮太,1999年 公式戦初出場,FALSE,2015,2005001,https://npb.jp/bis/players/91193886.html
31335116,岩嵜　翔,2008年 入団,FALSE,2015,2005001,https://npb.jp/bis/players/31335116.html
81185118,猪本　健太郎,2014年 公式戦初出場,FALSE,2015,2005001,https://npb.jp/bis/players/81185118.html
31335131,今宮　健太,2010年 入団,FALSE,2015,2005001,https://npb.jp/bis/players/31335131.html
61865135,李　大浩,2012年 公式戦初出場,FALSE,2015,2005001,https://npb.jp/bis/players/61865135.html
01105137,飯田　優也,2014年 公式戦初出場,FALSE,2015,2005001,https://npb.jp/bis/players/01105137.html
61165139,石川　柊太,2014年 入団,FALSE,2015,2005001,https://npb.jp/bis/players/61165139.html
21325113,内川　聖一,2001年 公式戦初出場,FALSE,2015,2005001,https://npb.jp/bis/players/21325113.html
71675131,Ｂ．ウルフ,2010年 公式戦初出場,TRUE,2015,2005001,https://npb.jp/bis/players/71675131.html
91395139,上林　誠知,2014年 入団,FALSE,2015,2005001,https://npb.jp/bis/players/91395139.html
11315110,江川　智晃,2006年 公式戦初出場,FALSE,2015,2005001,https://npb.jp/bis/players/11315110.html
51555114,大隣　憲司,2007年 公式戦初出場,FALSE,2015,2005001,https://npb.jp/bis/players/51555114.html
41345116,大場　翔太,2008年 公式戦初出場,FALSE,2015,2005001,https://npb.jp/bis/players/41345116.html
51555139,岡本　健,2016年 公式戦初出場,FALSE,2015,2005001,https://npb.jp/bis/players/51555139.html
61365119,金子　圭輔,2006年 公式戦初出場,FALSE,2015,2005001,https://npb.jp/bis/players/61365119.html
81585112,川島　慶三,2006年 公式戦初出場,FALSE,2015,2005001,https://npb.jp/bis/players/81585112.html
11715131,川原　弘之,2012年 公式戦初出場,FALSE,2015,2005001,https://npb.jp/bis/players/11715131.html
51555135,釜元　豪,2016年 公式戦初出場,FALSE,2015,2005001,https://npb.jp/bis/players/51555135.html
91595135,嘉弥真　新也,2012年 公式戦初出場,FALSE,2015,2005001,https://npb.jp/bis/players/91595135.html
71575137,笠原　大芽,2017年 公式戦初出場,FALSE,2015,2005001,https://npb.jp/bis/players/71575137.html
21525139,加治屋　蓮,2014年 入団,FALSE,2015,2005001,https://npb.jp/bis/players/21525139.html
91895139,Ｂ．カニザレス,2014年 公式戦初出場,TRUE,2015,2005001,https://npb.jp/bis/players/91895139.html
01505130,笠谷　俊介,2017年 公式戦初出場,FALSE,2015,2005001,https://npb.jp/bis/players/01505130.html
31535119,城所　龍磨,2005年 公式戦初出場,FALSE,2015,2005001,https://npb.jp/bis/players/31535119.html
21525118,金　無英,2009年 公式戦初出場,FALSE,2015,2005001,https://npb.jp/bis/players/21525118.html
01705130,栗原　陵矢,2015年 入団,FALSE,2015,2005001,https://npb.jp/bis/players/01705130.html
33135133,Ｄ．サファテ,2011年 公式戦初出場,TRUE,2015,2005001,https://npb.jp/bis/players/33135133.html
41945135,白根　尚貴,2016年 公式戦初出場,FALSE,2015,2005001,https://npb.jp/bis/players/41945135.html
41945130,島袋　洋奨,2015年 公式戦初出場,FALSE,2015,2005001,https://npb.jp/bis/players/41945130.html
83585114,Ｊ．スタンリッジ,2007年 公式戦初出場,TRUE,2015,2005001,https://npb.jp/bis/players/83585114.html
91995118,攝津　正,2009年 公式戦初出場,FALSE,2015,2005001,https://npb.jp/bis/players/91995118.html
01005133,千賀　滉大,2012年 公式戦初出場,FALSE,2015,2005001,https://npb.jp/bis/players/01005133.html
51955139,曽根　海成,2017年 公式戦初出場,FALSE,2015,2005001,https://npb.jp/bis/players/51955139.html
41045114,髙谷　裕亮,2007年 公式戦初出場,FALSE,2015,2005001,https://npb.jp/bis/players/41045114.html
61965118,巽　真悟,2009年 公式戦初出場,FALSE,2015,2005001,https://npb.jp/bis/players/61965118.html
91595133,拓也,2011年 入団,FALSE,2015,2005001,https://npb.jp/bis/players/91595133.html
01005135,武田　翔太,2012年 公式戦初出場,FALSE,2015,2005001,https://npb.jp/bis/players/01005135.html
11915137,髙田　知季,2013年 公式戦初出場,FALSE,2015,2005001,https://npb.jp/bis/players/11915137.html
71275117,鶴岡　慎也,2005年 公式戦初出場,FALSE,2015,2005001,https://npb.jp/bis/players/71275117.html
11215135,塚田　正義,2014年 公式戦初出場,FALSE,2015,2005001,https://npb.jp/bis/players/11215135.html
91095115,寺原　隼人,2002年 公式戦初出場,FALSE,2015,2005001,https://npb.jp/bis/players/91095115.html
51055110,中田　賢一,2005年 公式戦初出場,FALSE,2015,2005001,https://npb.jp/bis/players/51055110.html
11215116,中村　晃,2008年 入団,FALSE,2015,2005001,https://npb.jp/bis/players/11215116.html
61265118,二保　旭,2012年 公式戦初出場,FALSE,2015,2005001,https://npb.jp/bis/players/61265118.html
21425114,長谷川　勇也,2008年 公式戦初出場,FALSE,2015,2005001,https://npb.jp/bis/players/21425114.html
83785133,Ｅ．バリオス,2013年 公式戦初出場,TRUE,2015,2005001,https://npb.jp/bis/players/83785133.html
13515130,Ｒ．バンデンハーク,2015年 公式戦初出場,TRUE,2015,2005001,https://npb.jp/bis/players/13515130.html
71475118,日高　亮,2011年 公式戦初出場,FALSE,2015,2005001,https://npb.jp/bis/players/71475118.html
01005137,東浜　巨,2013年 入団,FALSE,2015,2005001,https://npb.jp/bis/players/01005137.html
11615114,福田　秀平,2010年 公式戦初出場,FALSE,2015,2005001,https://npb.jp/bis/players/11615114.html
41245113,帆足　和幸,2001年 公式戦初出場,FALSE,2015,2005001,https://npb.jp/bis/players/41245113.html
71475115,細川　亨,2002年 公式戦初出場,FALSE,2015,2005001,https://npb.jp/bis/players/71475115.html
41445112,本多　雄一,2006年 公式戦初出場,FALSE,2015,2005001,https://npb.jp/bis/players/41445112.html
11615118,細山田　武史,2009年 公式戦初出場,FALSE,2015,2005001,https://npb.jp/bis/players/11615118.html
01405133,星野　大地,2013年 公式戦初出場,FALSE,2015,2005001,https://npb.jp/bis/players/01405133.html
61063884,松中　信彦,1997年 公式戦初出場,FALSE,2015,2005001,https://npb.jp/bis/players/61063884.html
31233888,松坂　大輔,1999年 公式戦初出場,FALSE,2015,2005001,https://npb.jp/bis/players/31233888.html
51655112,松田　宣浩,2006年 公式戦初出場,FALSE,2015,2005001,https://npb.jp/bis/players/51655112.html
61465133,牧原　大成,2011年 入団,FALSE,2015,2005001,https://npb.jp/bis/players/61465133.html
51255137,真砂　勇介,2017年 公式戦初出場,FALSE,2015,2005001,https://npb.jp/bis/players/51255137.html
61665130,松本　裕樹,2015年 入団,FALSE,2015,2005001,https://npb.jp/bis/players/61665130.html
61665114,森福　允彦,2007年 公式戦初出場,FALSE,2015,2005001,https://npb.jp/bis/players/61665114.html
01405139,森　唯斗,2014年 公式戦初出場,FALSE,2015,2005001,https://npb.jp/bis/players/01405139.html
31835112,柳瀬　明宏,2006年 公式戦初出場,FALSE,2015,2005001,https://npb.jp/bis/players/31835112.html
11815114,山田　大樹,2010年 公式戦初出場,FALSE,2015,2005001,https://npb.jp/bis/players/11815114.html
31835133,柳田　悠岐,2011年 入団,FALSE,2015,2005001,https://npb.jp/bis/players/31835133.html
61665117,吉村　裕基,2003年 公式戦初出場,FALSE,2015,2005001,https://npb.jp/bis/players/61665117.html
91295114,李　杜軒,2012年 公式戦初出場,FALSE,2015,2005001,https://npb.jp/bis/players/91295114.html
51155119,明石　健志,2004年 公式戦初出場,FALSE,2016,2005001,https://npb.jp/bis/players/51155119.html
71875133,斐紹,2013年 公式戦初出場,FALSE,2016,2005001,https://npb.jp/bis/players/71875133.html
91193886,五十嵐　亮太,1999年 公式戦初出場,FALSE,2016,2005001,https://npb.jp/bis/players/91193886.html
31335116,岩嵜　翔,2008年 入団,FALSE,2016,2005001,https://npb.jp/bis/players/31335116.html
81185118,猪本　健太郎,2014年 公式戦初出場,FALSE,2016,2005001,https://npb.jp/bis/players/81185118.html
31335131,今宮　健太,2010年 入団,FALSE,2016,2005001,https://npb.jp/bis/players/31335131.html
01105137,飯田　優也,2014年 公式戦初出場,FALSE,2016,2005001,https://npb.jp/bis/players/01105137.html
61165139,石川　柊太,2014年 入団,FALSE,2016,2005001,https://npb.jp/bis/players/61165139.html
21325113,内川　聖一,2001年 公式戦初出場,FALSE,2016,2005001,https://npb.jp/bis/players/21325113.html
91395139,上林　誠知,2014年 入団,FALSE,2016,2005001,https://npb.jp/bis/players/91395139.html
11315110,江川　智晃,2006年 公式戦初出場,FALSE,2016,2005001,https://npb.jp/bis/players/11315110.html
51555114,大隣　憲司,2007年 公式戦初出場,FALSE,2016,2005001,https://npb.jp/bis/players/51555114.html
51555139,岡本　健,2016年 公式戦初出場,FALSE,2016,2005001,https://npb.jp/bis/players/51555139.html
61365119,金子　圭輔,2006年 公式戦初出場,FALSE,2016,2005001,https://npb.jp/bis/players/61365119.html
81585112,川島　慶三,2006年 公式戦初出場,FALSE,2016,2005001,https://npb.jp/bis/players/81585112.html
11715131,川原　弘之,2012年 公式戦初出場,FALSE,2016,2005001,https://npb.jp/bis/players/11715131.html
51555135,釜元　豪,2016年 公式戦初出場,FALSE,2016,2005001,https://npb.jp/bis/players/51555135.html
91595135,嘉弥真　新也,2012年 公式戦初出場,FALSE,2016,2005001,https://npb.jp/bis/players/91595135.html
71575137,笠原　大芽,2017年 公式戦初出場,FALSE,2016,2005001,https://npb.jp/bis/players/71575137.html
21525139,加治屋　蓮,2014年 入団,FALSE,2016,2005001,https://npb.jp/bis/players/21525139.html
91895139,Ｂ．カニザレス,2014年 公式戦初出場,TRUE,2016,2005001,https://npb.jp/bis/players/91895139.html
01505130,笠谷　俊介,2017年 公式戦初出場,FALSE,2016,2005001,https://npb.jp/bis/players/01505130.html
11715132,川瀬　晃,2016年 入団,FALSE,2016,2005001,https://npb.jp/bis/players/11715132.html
31535119,城所　龍磨,2005年 公式戦初出場,FALSE,2016,2005001,https://npb.jp/bis/players/31535119.html
01705130,栗原　陵矢,2015年 入団,FALSE,2016,2005001,https://npb.jp/bis/players/01705130.html
71775132,黒瀬　健太,2022年 公式戦初出場,FALSE,2016,2005001,https://npb.jp/bis/players/71775132.html
01705132,小澤　怜史,2016年 入団,FALSE,2016,2005001,https://npb.jp/bis/players/01705132.html
33135133,Ｄ．サファテ,2011年 公式戦初出場,TRUE,2016,2005001,https://npb.jp/bis/players/33135133.html
41945130,島袋　洋奨,2015年 公式戦初出場,FALSE,2016,2005001,https://npb.jp/bis/players/41945130.html
53555132,Ｒ．スアレス,2016年 公式戦初出場,TRUE,2016,2005001,https://npb.jp/bis/players/53555132.html
91995118,攝津　正,2009年 公式戦初出場,FALSE,2016,2005001,https://npb.jp/bis/players/91995118.html
01005133,千賀　滉大,2012年 公式戦初出場,FALSE,2016,2005001,https://npb.jp/bis/players/01005133.html
51955139,曽根　海成,2017年 公式戦初出場,FALSE,2016,2005001,https://npb.jp/bis/players/51955139.html
41045114,髙谷　裕亮,2007年 公式戦初出場,FALSE,2016,2005001,https://npb.jp/bis/players/41045114.html
61965118,巽　真悟,2009年 公式戦初出場,FALSE,2016,2005001,https://npb.jp/bis/players/61965118.html
91595133,拓也,2011年 入団,FALSE,2016,2005001,https://npb.jp/bis/players/91595133.html
01005135,武田　翔太,2012年 公式戦初出場,FALSE,2016,2005001,https://npb.jp/bis/players/01005135.html
11915137,髙田　知季,2013年 公式戦初出場,FALSE,2016,2005001,https://npb.jp/bis/players/11915137.html
71075132,髙橋　純平,2017年 公式戦初出場,FALSE,2016,2005001,https://npb.jp/bis/players/71075132.html
11215132,谷川原　健太,2016年 入団,FALSE,2016,2005001,https://npb.jp/bis/players/11215132.html
71275132,茶谷　健太,2016年 入団,FALSE,2016,2005001,https://npb.jp/bis/players/71275132.html
71275117,鶴岡　慎也,2005年 公式戦初出場,FALSE,2016,2005001,https://npb.jp/bis/players/71275117.html
11215135,塚田　正義,2014年 公式戦初出場,FALSE,2016,2005001,https://npb.jp/bis/players/11215135.html
91095115,寺原　隼人,2002年 公式戦初出場,FALSE,2016,2005001,https://npb.jp/bis/players/91095115.html
51055110,中田　賢一,2005年 公式戦初出場,FALSE,2016,2005001,https://npb.jp/bis/players/51055110.html
11215116,中村　晃,2008年 入団,FALSE,2016,2005001,https://npb.jp/bis/players/11215116.html
61265118,二保　旭,2012年 公式戦初出場,FALSE,2016,2005001,https://npb.jp/bis/players/61265118.html
21425114,長谷川　勇也,2008年 公式戦初出場,FALSE,2016,2005001,https://npb.jp/bis/players/21425114.html
83785133,Ｅ．バリオス,2013年 公式戦初出場,TRUE,2016,2005001,https://npb.jp/bis/players/83785133.html
13515130,Ｒ．バンデンハーク,2015年 公式戦初出場,TRUE,2016,2005001,https://npb.jp/bis/players/13515130.html
01005137,東浜　巨,2013年 入団,FALSE,2016,2005001,https://npb.jp/bis/players/01005137.html
11615114,福田　秀平,2010年 公式戦初出場,FALSE,2016,2005001,https://npb.jp/bis/players/11615114.html
71475115,細川　亨,2002年 公式戦初出場,FALSE,2016,2005001,https://npb.jp/bis/players/71475115.html
41445112,本多　雄一,2006年 公式戦初出場,FALSE,2016,2005001,https://npb.jp/bis/players/41445112.html
01405133,星野　大地,2013年 公式戦初出場,FALSE,2016,2005001,https://npb.jp/bis/players/01405133.html
31233888,松坂　大輔,1999年 公式戦初出場,FALSE,2016,2005001,https://npb.jp/bis/players/31233888.html
51655112,松田　宣浩,2006年 公式戦初出場,FALSE,2016,2005001,https://npb.jp/bis/players/51655112.html
61465133,牧原　大成,2011年 入団,FALSE,2016,2005001,https://npb.jp/bis/players/61465133.html
51255137,真砂　勇介,2017年 公式戦初出場,FALSE,2016,2005001,https://npb.jp/bis/players/51255137.html
61665130,松本　裕樹,2015年 入団,FALSE,2016,2005001,https://npb.jp/bis/players/61665130.html
61665114,森福　允彦,2007年 公式戦初出場,FALSE,2016,2005001,https://npb.jp/bis/players/61665114.html
01405139,森　唯斗,2014年 公式戦初出場,FALSE,2016,2005001,https://npb.jp/bis/players/01405139.html
31835112,柳瀬　明宏,2006年 公式戦初出場,FALSE,2016,2005001,https://npb.jp/bis/players/31835112.html
11815114,山田　大樹,2010年 公式戦初出場,FALSE,2016,2005001,https://npb.jp/bis/players/11815114.html
31835133,柳田　悠岐,2011年 入団,FALSE,2016,2005001,https://npb.jp/bis/players/31835133.html
61665117,吉村　裕基,2003年 公式戦初出場,FALSE,2016,2005001,https://npb.jp/bis/players/61665117.html
91295114,李　杜軒,2012年 公式戦初出場,FALSE,2016,2005001,https://npb.jp/bis/players/91295114.html
11815117,和田　毅,2003年 公式戦初出場,FALSE,2016,2005001,https://npb.jp/bis/players/11815117.html
51155119,明石　健志,2004年 公式戦初出場,FALSE,2017,2005001,https://npb.jp/bis/players/51155119.html
71875133,斐紹,2013年 公式戦初出場,FALSE,2017,2005001,https://npb.jp/bis/players/71875133.html
91193886,五十嵐　亮太,1999年 公式戦初出場,FALSE,2017,2005001,https://npb.jp/bis/players/91193886.html
31335116,岩嵜　翔,2008年 入団,FALSE,2017,2005001,https://npb.jp/bis/players/31335116.html
31335131,今宮　健太,2010年 入団,FALSE,2017,2005001,https://npb.jp/bis/players/31335131.html
01105137,飯田　優也,2014年 公式戦初出場,FALSE,2017,2005001,https://npb.jp/bis/players/01105137.html
61165139,石川　柊太,2014年 入団,FALSE,2017,2005001,https://npb.jp/bis/players/61165139.html
21325113,内川　聖一,2001年 公式戦初出場,FALSE,2017,2005001,https://npb.jp/bis/players/21325113.html
91395139,上林　誠知,2014年 入団,FALSE,2017,2005001,https://npb.jp/bis/players/91395139.html
11315110,江川　智晃,2006年 公式戦初出場,FALSE,2017,2005001,https://npb.jp/bis/players/11315110.html
51555114,大隣　憲司,2007年 公式戦初出場,FALSE,2017,2005001,https://npb.jp/bis/players/51555114.html
51555139,岡本　健,2016年 公式戦初出場,FALSE,2017,2005001,https://npb.jp/bis/players/51555139.html
41345111,川﨑　宗則,2001年 公式戦初出場,FALSE,2017,2005001,https://npb.jp/bis/players/41345111.html
81585112,川島　慶三,2006年 公式戦初出場,FALSE,2017,2005001,https://npb.jp/bis/players/81585112.html
11715131,川原　弘之,2012年 公式戦初出場,FALSE,2017,2005001,https://npb.jp/bis/players/11715131.html
91595133,甲斐　拓也,2011年 入団,FALSE,2017,2005001,https://npb.jp/bis/players/91595133.html
51555135,釜元　豪,2016年 公式戦初出場,FALSE,2017,2005001,https://npb.jp/bis/players/51555135.html
91595135,嘉弥真　新也,2012年 公式戦初出場,FALSE,2017,2005001,https://npb.jp/bis/players/91595135.html
71575137,笠原　大芽,2017年 公式戦初出場,FALSE,2017,2005001,https://npb.jp/bis/players/71575137.html
21525139,加治屋　蓮,2014年 入団,FALSE,2017,2005001,https://npb.jp/bis/players/21525139.html
01505130,笠谷　俊介,2017年 公式戦初出場,FALSE,2017,2005001,https://npb.jp/bis/players/01505130.html
11715132,川瀬　晃,2016年 入団,FALSE,2017,2005001,https://npb.jp/bis/players/11715132.html
31535119,城所　龍磨,2005年 公式戦初出場,FALSE,2017,2005001,https://npb.jp/bis/players/31535119.html
01705130,栗原　陵矢,2015年 入団,FALSE,2017,2005001,https://npb.jp/bis/players/01705130.html
71775132,黒瀬　健太,2022年 公式戦初出場,FALSE,2017,2005001,https://npb.jp/bis/players/71775132.html
31735134,九鬼　隆平,2017年 入団,FALSE,2017,2005001,https://npb.jp/bis/players/31735134.html
01705132,小澤　怜史,2016年 入団,FALSE,2017,2005001,https://npb.jp/bis/players/01705132.html
83985134,Ｏ．コラス,2019年 公式戦初出場,TRUE,2017,2005001,https://npb.jp/bis/players/83985134.html
33135133,Ｄ．サファテ,2011年 公式戦初出場,TRUE,2017,2005001,https://npb.jp/bis/players/33135133.html
41945130,島袋　洋奨,2015年 公式戦初出場,FALSE,2017,2005001,https://npb.jp/bis/players/41945130.html
83585134,Ｋ．ジェンセン,2017年 公式戦初出場,TRUE,2017,2005001,https://npb.jp/bis/players/83585134.html
53555132,Ｒ．スアレス,2016年 公式戦初出場,TRUE,2017,2005001,https://npb.jp/bis/players/53555132.html
91995118,攝津　正,2009年 公式戦初出場,FALSE,2017,2005001,https://npb.jp/bis/players/91995118.html
01005133,千賀　滉大,2012年 公式戦初出場,FALSE,2017,2005001,https://npb.jp/bis/players/01005133.html
51955139,曽根　海成,2017年 公式戦初出場,FALSE,2017,2005001,https://npb.jp/bis/players/51955139.html
41045114,髙谷　裕亮,2007年 公式戦初出場,FALSE,2017,2005001,https://npb.jp/bis/players/41045114.html
01005135,武田　翔太,2012年 公式戦初出場,FALSE,2017,2005001,https://npb.jp/bis/players/01005135.html
11915137,髙田　知季,2013年 公式戦初出場,FALSE,2017,2005001,https://npb.jp/bis/players/11915137.html
71075132,髙橋　純平,2017年 公式戦初出場,FALSE,2017,2005001,https://npb.jp/bis/players/71075132.html
11215132,谷川原　健太,2016年 入団,FALSE,2017,2005001,https://npb.jp/bis/players/11215132.html
31235134,田中　正義,2017年 入団,FALSE,2017,2005001,https://npb.jp/bis/players/31235134.html
71275132,茶谷　健太,2016年 入団,FALSE,2017,2005001,https://npb.jp/bis/players/71275132.html
71275117,鶴岡　慎也,2005年 公式戦初出場,FALSE,2017,2005001,https://npb.jp/bis/players/71275117.html
11215135,塚田　正義,2014年 公式戦初出場,FALSE,2017,2005001,https://npb.jp/bis/players/11215135.html
91095115,寺原　隼人,2002年 公式戦初出場,FALSE,2017,2005001,https://npb.jp/bis/players/91095115.html
03505139,Ａ．デスパイネ,2014年 公式戦初出場,TRUE,2017,2005001,https://npb.jp/bis/players/03505139.html
51055110,中田　賢一,2005年 公式戦初出場,FALSE,2017,2005001,https://npb.jp/bis/players/51055110.html
11215116,中村　晃,2008年 入団,FALSE,2017,2005001,https://npb.jp/bis/players/11215116.html
61265118,二保　旭,2012年 公式戦初出場,FALSE,2017,2005001,https://npb.jp/bis/players/61265118.html
21425114,長谷川　勇也,2008年 公式戦初出場,FALSE,2017,2005001,https://npb.jp/bis/players/21425114.html
13515130,Ｒ．バンデンハーク,2015年 公式戦初出場,TRUE,2017,2005001,https://npb.jp/bis/players/13515130.html
11615134,長谷川　宙輝,2017年 入団,FALSE,2017,2005001,https://npb.jp/bis/players/11615134.html
01005137,東浜　巨,2013年 入団,FALSE,2017,2005001,https://npb.jp/bis/players/01005137.html
11615114,福田　秀平,2010年 公式戦初出場,FALSE,2017,2005001,https://npb.jp/bis/players/11615114.html
81685134,古谷　優人,2020年 公式戦初出場,FALSE,2017,2005001,https://npb.jp/bis/players/81685134.html
41445112,本多　雄一,2006年 公式戦初出場,FALSE,2017,2005001,https://npb.jp/bis/players/41445112.html
01405133,星野　大地,2013年 公式戦初出場,FALSE,2017,2005001,https://npb.jp/bis/players/01405133.html
31233888,松坂　大輔,1999年 公式戦初出場,FALSE,2017,2005001,https://npb.jp/bis/players/31233888.html
51655112,松田　宣浩,2006年 公式戦初出場,FALSE,2017,2005001,https://npb.jp/bis/players/51655112.html
61465133,牧原　大成,2011年 入団,FALSE,2017,2005001,https://npb.jp/bis/players/61465133.html
51255137,真砂　勇介,2017年 公式戦初出場,FALSE,2017,2005001,https://npb.jp/bis/players/51255137.html
61665130,松本　裕樹,2015年 入団,FALSE,2017,2005001,https://npb.jp/bis/players/61665130.html
33135134,三森　大貴,2017年 入団,FALSE,2017,2005001,https://npb.jp/bis/players/33135134.html
01405139,森　唯斗,2014年 公式戦初出場,FALSE,2017,2005001,https://npb.jp/bis/players/01405139.html
63965134,Ｌ．モイネロ,2017年 入団,TRUE,2017,2005001,https://npb.jp/bis/players/63965134.html
11815114,山田　大樹,2010年 公式戦初出場,FALSE,2017,2005001,https://npb.jp/bis/players/11815114.html
31835133,柳田　悠岐,2011年 入団,FALSE,2017,2005001,https://npb.jp/bis/players/31835133.html
61665117,吉村　裕基,2003年 公式戦初出場,FALSE,2017,2005001,https://npb.jp/bis/players/61665117.html
11815117,和田　毅,2003年 公式戦初出場,FALSE,2017,2005001,https://npb.jp/bis/players/11815117.html
51155119,明石　健志,2004年 公式戦初出場,FALSE,2018,2005001,https://npb.jp/bis/players/51155119.html
91193886,五十嵐　亮太,1999年 公式戦初出場,FALSE,2018,2005001,https://npb.jp/bis/players/91193886.html
31335116,岩嵜　翔,2008年 入団,FALSE,2018,2005001,https://npb.jp/bis/players/31335116.html
81185131,市川　友也,2010年 公式戦初出場,FALSE,2018,2005001,https://npb.jp/bis/players/81185131.html
31335131,今宮　健太,2010年 入団,FALSE,2018,2005001,https://npb.jp/bis/players/31335131.html
01105137,飯田　優也,2014年 公式戦初出場,FALSE,2018,2005001,https://npb.jp/bis/players/01105137.html
61165139,石川　柊太,2014年 入団,FALSE,2018,2005001,https://npb.jp/bis/players/61165139.html
21325113,内川　聖一,2001年 公式戦初出場,FALSE,2018,2005001,https://npb.jp/bis/players/21325113.html
91395139,上林　誠知,2014年 入団,FALSE,2018,2005001,https://npb.jp/bis/players/91395139.html
11315110,江川　智晃,2006年 公式戦初出場,FALSE,2018,2005001,https://npb.jp/bis/players/11315110.html
51555139,岡本　健,2016年 公式戦初出場,FALSE,2018,2005001,https://npb.jp/bis/players/51555139.html
41345136,大竹　耕太郎,2018年 入団,FALSE,2018,2005001,https://npb.jp/bis/players/41345136.html
61365136,尾形　崇斗,2018年 入団,FALSE,2018,2005001,https://npb.jp/bis/players/61365136.html
81585112,川島　慶三,2006年 公式戦初出場,FALSE,2018,2005001,https://npb.jp/bis/players/81585112.html
11715131,川原　弘之,2012年 公式戦初出場,FALSE,2018,2005001,https://npb.jp/bis/players/11715131.html
91595133,甲斐　拓也,2011年 入団,FALSE,2018,2005001,https://npb.jp/bis/players/91595133.html
51555135,釜元　豪,2016年 公式戦初出場,FALSE,2018,2005001,https://npb.jp/bis/players/51555135.html
91595135,嘉弥真　新也,2012年 公式戦初出場,FALSE,2018,2005001,https://npb.jp/bis/players/91595135.html
71575137,笠原　大芽,2017年 公式戦初出場,FALSE,2018,2005001,https://npb.jp/bis/players/71575137.html
21525139,加治屋　蓮,2014年 入団,FALSE,2018,2005001,https://npb.jp/bis/players/21525139.html
01505130,笠谷　俊介,2017年 公式戦初出場,FALSE,2018,2005001,https://npb.jp/bis/players/01505130.html
11715132,川瀬　晃,2016年 入団,FALSE,2018,2005001,https://npb.jp/bis/players/11715132.html
31535119,城所　龍磨,2005年 公式戦初出場,FALSE,2018,2005001,https://npb.jp/bis/players/31535119.html
01705130,栗原　陵矢,2015年 入団,FALSE,2018,2005001,https://npb.jp/bis/players/01705130.html
71775132,黒瀬　健太,2022年 公式戦初出場,FALSE,2018,2005001,https://npb.jp/bis/players/71775132.html
31735134,九鬼　隆平,2017年 入団,FALSE,2018,2005001,https://npb.jp/bis/players/31735134.html
83785136,Ｙ．グラシアル,2018年 公式戦初出場,TRUE,2018,2005001,https://npb.jp/bis/players/83785136.html
01705132,小澤　怜史,2016年 入団,FALSE,2018,2005001,https://npb.jp/bis/players/01705132.html
83985134,Ｏ．コラス,2019年 公式戦初出場,TRUE,2018,2005001,https://npb.jp/bis/players/83985134.html
33135133,Ｄ．サファテ,2011年 公式戦初出場,TRUE,2018,2005001,https://npb.jp/bis/players/33135133.html
41945130,島袋　洋奨,2015年 公式戦初出場,FALSE,2018,2005001,https://npb.jp/bis/players/41945130.html
51955136,椎野　新,2018年 公式戦初出場,FALSE,2018,2005001,https://npb.jp/bis/players/51955136.html
21925136,周東　佑京,2018年 入団,FALSE,2018,2005001,https://npb.jp/bis/players/21925136.html
53555132,Ｒ．スアレス,2016年 公式戦初出場,TRUE,2018,2005001,https://npb.jp/bis/players/53555132.html
11015136,砂川　リチャード,2018年 入団,FALSE,2018,2005001,https://npb.jp/bis/players/11015136.html
91995118,攝津　正,2009年 公式戦初出場,FALSE,2018,2005001,https://npb.jp/bis/players/91995118.html
01005133,千賀　滉大,2012年 公式戦初出場,FALSE,2018,2005001,https://npb.jp/bis/players/01005133.html
51955139,曽根　海成,2017年 公式戦初出場,FALSE,2018,2005001,https://npb.jp/bis/players/51955139.html
41045114,髙谷　裕亮,2007年 公式戦初出場,FALSE,2018,2005001,https://npb.jp/bis/players/41045114.html
01005135,武田　翔太,2012年 公式戦初出場,FALSE,2018,2005001,https://npb.jp/bis/players/01005135.html
11915137,髙田　知季,2013年 公式戦初出場,FALSE,2018,2005001,https://npb.jp/bis/players/11915137.html
71075132,髙橋　純平,2017年 公式戦初出場,FALSE,2018,2005001,https://npb.jp/bis/players/71075132.html
11215132,谷川原　健太,2016年 入団,FALSE,2018,2005001,https://npb.jp/bis/players/11215132.html
31235134,田中　正義,2017年 入団,FALSE,2018,2005001,https://npb.jp/bis/players/31235134.html
51055136,田浦　文丸,2019年 公式戦初出場,FALSE,2018,2005001,https://npb.jp/bis/players/51055136.html
01005136,高橋　礼,2018年 入団,FALSE,2018,2005001,https://npb.jp/bis/players/01005136.html
71275132,茶谷　健太,2016年 入団,FALSE,2018,2005001,https://npb.jp/bis/players/71275132.html
11215135,塚田　正義,2014年 公式戦初出場,FALSE,2018,2005001,https://npb.jp/bis/players/11215135.html
91095115,寺原　隼人,2002年 公式戦初出場,FALSE,2018,2005001,https://npb.jp/bis/players/91095115.html
03505139,Ａ．デスパイネ,2014年 公式戦初出場,TRUE,2018,2005001,https://npb.jp/bis/players/03505139.html
51055110,中田　賢一,2005年 公式戦初出場,FALSE,2018,2005001,https://npb.jp/bis/players/51055110.html
11215116,中村　晃,2008年 入団,FALSE,2018,2005001,https://npb.jp/bis/players/11215116.html
61265118,二保　旭,2012年 公式戦初出場,FALSE,2018,2005001,https://npb.jp/bis/players/61265118.html
41045131,西田　哲朗,2011年 公式戦初出場,FALSE,2018,2005001,https://npb.jp/bis/players/41045131.html
21425114,長谷川　勇也,2008年 公式戦初出場,FALSE,2018,2005001,https://npb.jp/bis/players/21425114.html
13515130,Ｒ．バンデンハーク,2015年 公式戦初出場,TRUE,2018,2005001,https://npb.jp/bis/players/13515130.html
11615134,長谷川　宙輝,2017年 入団,FALSE,2018,2005001,https://npb.jp/bis/players/11615134.html
01005137,東浜　巨,2013年 入団,FALSE,2018,2005001,https://npb.jp/bis/players/01005137.html
11615114,福田　秀平,2010年 公式戦初出場,FALSE,2018,2005001,https://npb.jp/bis/players/11615114.html
81685134,古谷　優人,2020年 公式戦初出場,FALSE,2018,2005001,https://npb.jp/bis/players/81685134.html
41445112,本多　雄一,2006年 公式戦初出場,FALSE,2018,2005001,https://npb.jp/bis/players/41445112.html
51655112,松田　宣浩,2006年 公式戦初出場,FALSE,2018,2005001,https://npb.jp/bis/players/51655112.html
61465133,牧原　大成,2011年 入団,FALSE,2018,2005001,https://npb.jp/bis/players/61465133.html
01605135,松田　遼馬,2013年 公式戦初出場,FALSE,2018,2005001,https://npb.jp/bis/players/01605135.html
51255137,真砂　勇介,2017年 公式戦初出場,FALSE,2018,2005001,https://npb.jp/bis/players/51255137.html
61665130,松本　裕樹,2015年 入団,FALSE,2018,2005001,https://npb.jp/bis/players/61665130.html
11815136,増田　珠,2018年 入団,FALSE,2018,2005001,https://npb.jp/bis/players/11815136.html
11415137,美間　優槻,2015年 公式戦初出場,FALSE,2018,2005001,https://npb.jp/bis/players/11415137.html
33135134,三森　大貴,2017年 入団,FALSE,2018,2005001,https://npb.jp/bis/players/33135134.html
63965136,Ａ．ミランダ,2018年 公式戦初出場,TRUE,2018,2005001,https://npb.jp/bis/players/63965136.html
01405139,森　唯斗,2014年 公式戦初出場,FALSE,2018,2005001,https://npb.jp/bis/players/01405139.html
63965134,Ｌ．モイネロ,2017年 入団,TRUE,2018,2005001,https://npb.jp/bis/players/63965134.html
31835133,柳田　悠岐,2011年 入団,FALSE,2018,2005001,https://npb.jp/bis/players/31835133.html
61665117,吉村　裕基,2003年 公式戦初出場,FALSE,2018,2005001,https://npb.jp/bis/players/61665117.html
11815117,和田　毅,2003年 公式戦初出場,FALSE,2018,2005001,https://npb.jp/bis/players/11815117.html
93395136,渡邉　雄大,2020年 公式戦初出場,FALSE,2018,2005001,https://npb.jp/bis/players/93395136.html
51155119,明石　健志,2004年 公式戦初出場,FALSE,2019,2005001,https://npb.jp/bis/players/51155119.html
31335116,岩嵜　翔,2008年 入団,FALSE,2019,2005001,https://npb.jp/bis/players/31335116.html
81185131,市川　友也,2010年 公式戦初出場,FALSE,2019,2005001,https://npb.jp/bis/players/81185131.html
31335131,今宮　健太,2010年 入団,FALSE,2019,2005001,https://npb.jp/bis/players/31335131.html
61165139,石川　柊太,2014年 入団,FALSE,2019,2005001,https://npb.jp/bis/players/61165139.html
01105138,泉　圭輔,2019年 入団,FALSE,2019,2005001,https://npb.jp/bis/players/01105138.html
21325113,内川　聖一,2001年 公式戦初出場,FALSE,2019,2005001,https://npb.jp/bis/players/21325113.html
91395139,上林　誠知,2014年 入団,FALSE,2019,2005001,https://npb.jp/bis/players/91395139.html
11315110,江川　智晃,2006年 公式戦初出場,FALSE,2019,2005001,https://npb.jp/bis/players/11315110.html
51555139,岡本　健,2016年 公式戦初出場,FALSE,2019,2005001,https://npb.jp/bis/players/51555139.html
41345136,大竹　耕太郎,2018年 入団,FALSE,2019,2005001,https://npb.jp/bis/players/41345136.html
61365136,尾形　崇斗,2018年 入団,FALSE,2019,2005001,https://npb.jp/bis/players/61365136.html
61365138,奥村　政稔,2019年 公式戦初出場,FALSE,2019,2005001,https://npb.jp/bis/players/61365138.html
81585112,川島　慶三,2006年 公式戦初出場,FALSE,2019,2005001,https://npb.jp/bis/players/81585112.html
11715131,川原　弘之,2012年 公式戦初出場,FALSE,2019,2005001,https://npb.jp/bis/players/11715131.html
91595133,甲斐　拓也,2011年 入団,FALSE,2019,2005001,https://npb.jp/bis/players/91595133.html
51555135,釜元　豪,2016年 公式戦初出場,FALSE,2019,2005001,https://npb.jp/bis/players/51555135.html
91595135,嘉弥真　新也,2012年 公式戦初出場,FALSE,2019,2005001,https://npb.jp/bis/players/91595135.html
71575137,笠原　大芽,2017年 公式戦初出場,FALSE,2019,2005001,https://npb.jp/bis/players/71575137.html
21525139,加治屋　蓮,2014年 入団,FALSE,2019,2005001,https://npb.jp/bis/players/21525139.html
01505130,笠谷　俊介,2017年 公式戦初出場,FALSE,2019,2005001,https://npb.jp/bis/players/01505130.html
11715132,川瀬　晃,2016年 入団,FALSE,2019,2005001,https://npb.jp/bis/players/11715132.html
51555138,甲斐野　央,2019年 入団,FALSE,2019,2005001,https://npb.jp/bis/players/51555138.html
01705130,栗原　陵矢,2015年 入団,FALSE,2019,2005001,https://npb.jp/bis/players/01705130.html
71775132,黒瀬　健太,2022年 公式戦初出場,FALSE,2019,2005001,https://npb.jp/bis/players/71775132.html
31735134,九鬼　隆平,2017年 入団,FALSE,2019,2005001,https://npb.jp/bis/players/31735134.html
83785136,Ｙ．グラシアル,2018年 公式戦初出場,TRUE,2019,2005001,https://npb.jp/bis/players/83785136.html
01705132,小澤　怜史,2016年 入団,FALSE,2019,2005001,https://npb.jp/bis/players/01705132.html
83985134,Ｏ．コラス,2019年 公式戦初出場,TRUE,2019,2005001,https://npb.jp/bis/players/83985134.html
33135133,Ｄ．サファテ,2011年 公式戦初出場,TRUE,2019,2005001,https://npb.jp/bis/players/33135133.html
41945130,島袋　洋奨,2015年 公式戦初出場,FALSE,2019,2005001,https://npb.jp/bis/players/41945130.html
51955136,椎野　新,2018年 公式戦初出場,FALSE,2019,2005001,https://npb.jp/bis/players/51955136.html
21925136,周東　佑京,2018年 入団,FALSE,2019,2005001,https://npb.jp/bis/players/21925136.html
53555132,Ｒ．スアレス,2016年 公式戦初出場,TRUE,2019,2005001,https://npb.jp/bis/players/53555132.html
11015136,砂川　リチャード,2018年 入団,FALSE,2019,2005001,https://npb.jp/bis/players/11015136.html
91995138,杉山　一樹,2019年 入団,FALSE,2019,2005001,https://npb.jp/bis/players/91995138.html
53755138,Ｃ．スチュワート・ジュニア,2019年 入団,TRUE,2019,2005001,https://npb.jp/bis/players/53755138.html
01005133,千賀　滉大,2012年 公式戦初出場,FALSE,2019,2005001,https://npb.jp/bis/players/01005133.html
41045114,髙谷　裕亮,2007年 公式戦初出場,FALSE,2019,2005001,https://npb.jp/bis/players/41045114.html
01005135,武田　翔太,2012年 公式戦初出場,FALSE,2019,2005001,https://npb.jp/bis/players/01005135.html
11915137,髙田　知季,2013年 公式戦初出場,FALSE,2019,2005001,https://npb.jp/bis/players/11915137.html
71075132,髙橋　純平,2017年 公式戦初出場,FALSE,2019,2005001,https://npb.jp/bis/players/71075132.html
11215132,谷川原　健太,2016年 入団,FALSE,2019,2005001,https://npb.jp/bis/players/11215132.html
31235134,田中　正義,2017年 入団,FALSE,2019,2005001,https://npb.jp/bis/players/31235134.html
51055136,田浦　文丸,2019年 公式戦初出場,FALSE,2019,2005001,https://npb.jp/bis/players/51055136.html
01005136,高橋　礼,2018年 入団,FALSE,2019,2005001,https://npb.jp/bis/players/01005136.html
11215135,塚田　正義,2014年 公式戦初出場,FALSE,2019,2005001,https://npb.jp/bis/players/11215135.html
03505139,Ａ．デスパイネ,2014年 公式戦初出場,TRUE,2019,2005001,https://npb.jp/bis/players/03505139.html
51055110,中田　賢一,2005年 公式戦初出場,FALSE,2019,2005001,https://npb.jp/bis/players/51055110.html
11215116,中村　晃,2008年 入団,FALSE,2019,2005001,https://npb.jp/bis/players/11215116.html
61265118,二保　旭,2012年 公式戦初出場,FALSE,2019,2005001,https://npb.jp/bis/players/61265118.html
41045131,西田　哲朗,2011年 公式戦初出場,FALSE,2019,2005001,https://npb.jp/bis/players/41045131.html
11415138,野村　大樹,2019年 入団,FALSE,2019,2005001,https://npb.jp/bis/players/11415138.html
21425114,長谷川　勇也,2008年 公式戦初出場,FALSE,2019,2005001,https://npb.jp/bis/players/21425114.html
13515130,Ｒ．バンデンハーク,2015年 公式戦初出場,TRUE,2019,2005001,https://npb.jp/bis/players/13515130.html
11615134,長谷川　宙輝,2017年 入団,FALSE,2019,2005001,https://npb.jp/bis/players/11615134.html
21425138,板東　湧梧,2019年 入団,FALSE,2019,2005001,https://npb.jp/bis/players/21425138.html
01005137,東浜　巨,2013年 入団,FALSE,2019,2005001,https://npb.jp/bis/players/01005137.html
11615114,福田　秀平,2010年 公式戦初出場,FALSE,2019,2005001,https://npb.jp/bis/players/11615114.html
81685134,古谷　優人,2020年 公式戦初出場,FALSE,2019,2005001,https://npb.jp/bis/players/81685134.html
51655112,松田　宣浩,2006年 公式戦初出場,FALSE,2019,2005001,https://npb.jp/bis/players/51655112.html
61465133,牧原　大成,2011年 入団,FALSE,2019,2005001,https://npb.jp/bis/players/61465133.html
01605135,松田　遼馬,2013年 公式戦初出場,FALSE,2019,2005001,https://npb.jp/bis/players/01605135.html
51255137,真砂　勇介,2017年 公式戦初出場,FALSE,2019,2005001,https://npb.jp/bis/players/51255137.html
61665130,松本　裕樹,2015年 入団,FALSE,2019,2005001,https://npb.jp/bis/players/61665130.html
11815136,増田　珠,2018年 入団,FALSE,2019,2005001,https://npb.jp/bis/players/11815136.html
11415137,美間　優槻,2015年 公式戦初出場,FALSE,2019,2005001,https://npb.jp/bis/players/11415137.html
33135134,三森　大貴,2017年 入団,FALSE,2019,2005001,https://npb.jp/bis/players/33135134.html
63965136,Ａ．ミランダ,2018年 公式戦初出場,TRUE,2019,2005001,https://npb.jp/bis/players/63965136.html
31835138,水谷　瞬,2019年 入団,FALSE,2019,2005001,https://npb.jp/bis/players/31835138.html
01405139,森　唯斗,2014年 公式戦初出場,FALSE,2019,2005001,https://npb.jp/bis/players/01405139.html
63965134,Ｌ．モイネロ,2017年 入団,TRUE,2019,2005001,https://npb.jp/bis/players/63965134.html
31835133,柳田　悠岐,2011年 入団,FALSE,2019,2005001,https://npb.jp/bis/players/31835133.html
11815117,和田　毅,2003年 公式戦初出場,FALSE,2019,2005001,https://npb.jp/bis/players/11815117.html
93395136,渡邉　雄大,2020年 公式戦初出場,FALSE,2019,2005001,https://npb.jp/bis/players/93395136.html
93195138,渡邉　陸,2019年 入団,FALSE,2019,2005001,https://npb.jp/bis/players/93195138.html
51155119,明石　健志,2004年 公式戦初出場,FALSE,2020,2005001,https://npb.jp/bis/players/51155119.html
31335116,岩嵜　翔,2008年 入団,FALSE,2020,2005001,https://npb.jp/bis/players/31335116.html
31335131,今宮　健太,2010年 入団,FALSE,2020,2005001,https://npb.jp/bis/players/31335131.html
61165139,石川　柊太,2014年 入団,FALSE,2020,2005001,https://npb.jp/bis/players/61165139.html
01105138,泉　圭輔,2019年 入団,FALSE,2020,2005001,https://npb.jp/bis/players/01105138.html
01105151,石塚　綜一郎,2020年 入団,FALSE,2020,2005001,https://npb.jp/bis/players/01105151.html
21325113,内川　聖一,2001年 公式戦初出場,FALSE,2020,2005001,https://npb.jp/bis/players/21325113.html
91395139,上林　誠知,2014年 入団,FALSE,2020,2005001,https://npb.jp/bis/players/91395139.html
81385151,海野　隆司,2020年 入団,FALSE,2020,2005001,https://npb.jp/bis/players/81385151.html
41345136,大竹　耕太郎,2018年 入団,FALSE,2020,2005001,https://npb.jp/bis/players/41345136.html
61365136,尾形　崇斗,2018年 入団,FALSE,2020,2005001,https://npb.jp/bis/players/61365136.html
61365138,奥村　政稔,2019年 公式戦初出場,FALSE,2020,2005001,https://npb.jp/bis/players/61365138.html
01505151,大関　友久,2020年 入団,FALSE,2020,2005001,https://npb.jp/bis/players/01505151.html
81585112,川島　慶三,2006年 公式戦初出場,FALSE,2020,2005001,https://npb.jp/bis/players/81585112.html
11715131,川原　弘之,2012年 公式戦初出場,FALSE,2020,2005001,https://npb.jp/bis/players/11715131.html
91595133,甲斐　拓也,2011年 入団,FALSE,2020,2005001,https://npb.jp/bis/players/91595133.html
51555135,釜元　豪,2016年 公式戦初出場,FALSE,2020,2005001,https://npb.jp/bis/players/51555135.html
91595135,嘉弥真　新也,2012年 公式戦初出場,FALSE,2020,2005001,https://npb.jp/bis/players/91595135.html
21525139,加治屋　蓮,2014年 入団,FALSE,2020,2005001,https://npb.jp/bis/players/21525139.html
01505130,笠谷　俊介,2017年 公式戦初出場,FALSE,2020,2005001,https://npb.jp/bis/players/01505130.html
11715132,川瀬　晃,2016年 入団,FALSE,2020,2005001,https://npb.jp/bis/players/11715132.html
51555138,甲斐野　央,2019年 入団,FALSE,2020,2005001,https://npb.jp/bis/players/51555138.html
01705130,栗原　陵矢,2015年 入団,FALSE,2020,2005001,https://npb.jp/bis/players/01705130.html
71775132,黒瀬　健太,2022年 公式戦初出場,FALSE,2020,2005001,https://npb.jp/bis/players/71775132.html
31735134,九鬼　隆平,2017年 入団,FALSE,2020,2005001,https://npb.jp/bis/players/31735134.html
83785136,Ｙ．グラシアル,2018年 公式戦初出場,TRUE,2020,2005001,https://npb.jp/bis/players/83785136.html
01705132,小澤　怜史,2016年 入団,FALSE,2020,2005001,https://npb.jp/bis/players/01705132.html
33135133,Ｄ．サファテ,2011年 公式戦初出場,TRUE,2020,2005001,https://npb.jp/bis/players/33135133.html
91095151,佐藤　直樹,2020年 入団,FALSE,2020,2005001,https://npb.jp/bis/players/91095151.html
51955136,椎野　新,2018年 公式戦初出場,FALSE,2020,2005001,https://npb.jp/bis/players/51955136.html
21925136,周東　佑京,2018年 入団,FALSE,2020,2005001,https://npb.jp/bis/players/21925136.html
91995138,杉山　一樹,2019年 入団,FALSE,2020,2005001,https://npb.jp/bis/players/91995138.html
53755138,Ｃ．スチュワート・ジュニア,2019年 入団,TRUE,2020,2005001,https://npb.jp/bis/players/53755138.html
01005133,千賀　滉大,2012年 公式戦初出場,FALSE,2020,2005001,https://npb.jp/bis/players/01005133.html
41045114,髙谷　裕亮,2007年 公式戦初出場,FALSE,2020,2005001,https://npb.jp/bis/players/41045114.html
01005135,武田　翔太,2012年 公式戦初出場,FALSE,2020,2005001,https://npb.jp/bis/players/01005135.html
11915137,髙田　知季,2013年 公式戦初出場,FALSE,2020,2005001,https://npb.jp/bis/players/11915137.html
71075132,髙橋　純平,2017年 公式戦初出場,FALSE,2020,2005001,https://npb.jp/bis/players/71075132.html
11215132,谷川原　健太,2016年 入団,FALSE,2020,2005001,https://npb.jp/bis/players/11215132.html
31235134,田中　正義,2017年 入団,FALSE,2020,2005001,https://npb.jp/bis/players/31235134.html
51055136,田浦　文丸,2019年 公式戦初出場,FALSE,2020,2005001,https://npb.jp/bis/players/51055136.html
01005136,高橋　礼,2018年 入団,FALSE,2020,2005001,https://npb.jp/bis/players/01005136.html
81285151,津森　宥紀,2020年 入団,FALSE,2020,2005001,https://npb.jp/bis/players/81285151.html
03505139,Ａ．デスパイネ,2014年 公式戦初出場,TRUE,2020,2005001,https://npb.jp/bis/players/03505139.html
11215116,中村　晃,2008年 入団,FALSE,2020,2005001,https://npb.jp/bis/players/11215116.html
61265118,二保　旭,2012年 公式戦初出場,FALSE,2020,2005001,https://npb.jp/bis/players/61265118.html
41045131,西田　哲朗,2011年 公式戦初出場,FALSE,2020,2005001,https://npb.jp/bis/players/41045131.html
11415138,野村　大樹,2019年 入団,FALSE,2020,2005001,https://npb.jp/bis/players/11415138.html
21425114,長谷川　勇也,2008年 公式戦初出場,FALSE,2020,2005001,https://npb.jp/bis/players/21425114.html
13315133,Ｗ．バレンティン,2011年 公式戦初出場,TRUE,2020,2005001,https://npb.jp/bis/players/13315133.html
13515130,Ｒ．バンデンハーク,2015年 公式戦初出場,TRUE,2020,2005001,https://npb.jp/bis/players/13515130.html
21425138,板東　湧梧,2019年 入団,FALSE,2020,2005001,https://npb.jp/bis/players/21425138.html
01005137,東浜　巨,2013年 入団,FALSE,2020,2005001,https://npb.jp/bis/players/01005137.html
81685134,古谷　優人,2020年 公式戦初出場,FALSE,2020,2005001,https://npb.jp/bis/players/81685134.html
51655112,松田　宣浩,2006年 公式戦初出場,FALSE,2020,2005001,https://npb.jp/bis/players/51655112.html
61465133,牧原　大成,2011年 入団,FALSE,2020,2005001,https://npb.jp/bis/players/61465133.html
01605135,松田　遼馬,2013年 公式戦初出場,FALSE,2020,2005001,https://npb.jp/bis/players/01605135.html
51255137,真砂　勇介,2017年 公式戦初出場,FALSE,2020,2005001,https://npb.jp/bis/players/51255137.html
61665130,松本　裕樹,2015年 入団,FALSE,2020,2005001,https://npb.jp/bis/players/61665130.html
11815136,増田　珠,2018年 入団,FALSE,2020,2005001,https://npb.jp/bis/players/11815136.html
33135134,三森　大貴,2017年 入団,FALSE,2020,2005001,https://npb.jp/bis/players/33135134.html
31835138,水谷　瞬,2019年 入団,FALSE,2020,2005001,https://npb.jp/bis/players/31835138.html
83785151,Ｍ．ムーア,2020年 公式戦初出場,TRUE,2020,2005001,https://npb.jp/bis/players/83785151.html
01405139,森　唯斗,2014年 公式戦初出場,FALSE,2020,2005001,https://npb.jp/bis/players/01405139.html
63965134,Ｌ．モイネロ,2017年 入団,TRUE,2020,2005001,https://npb.jp/bis/players/63965134.html
31835133,柳田　悠岐,2011年 入団,FALSE,2020,2005001,https://npb.jp/bis/players/31835133.html
73175151,柳町　達,2020年 入団,FALSE,2020,2005001,https://npb.jp/bis/players/73175151.html
11015136,リチャード,2018年 入団,FALSE,2020,2005001,https://npb.jp/bis/players/11015136.html
11815117,和田　毅,2003年 公式戦初出場,FALSE,2020,2005001,https://npb.jp/bis/players/11815117.html
93395136,渡邉　雄大,2020年 公式戦初出場,FALSE,2020,2005001,https://npb.jp/bis/players/93395136.html
93195138,渡邉　陸,2019年 入団,FALSE,2020,2005001,https://npb.jp/bis/players/93195138.html
31133888,相川　良太,1999年 公式戦初出場,FALSE,2010,2005002,https://npb.jp/bis/players/31133888.html
51153888,赤田　将吾,1999年 公式戦初出場,FALSE,2010,2005002,https://npb.jp/bis/players/51153888.html
41145113,阿部　真宏,2001年 公式戦初出場,FALSE,2010,2005002,https://npb.jp/bis/players/41145113.html
81185113,荒金　久雄,2001年 公式戦初出場,FALSE,2010,2005002,https://npb.jp/bis/players/81185113.html
91195131,阿南　徹,2010年 公式戦初出場,FALSE,2010,2005002,https://npb.jp/bis/players/91195131.html
01705119,一輝,2004年 公式戦初出場,FALSE,2010,2005002,https://npb.jp/bis/players/01705119.html
81185116,伊藤　光,2008年 入団,FALSE,2010,2005002,https://npb.jp/bis/players/81185116.html
11315118,伊原　正樹,2009年 公式戦初出場,FALSE,2010,2005002,https://npb.jp/bis/players/11315118.html
11313889,大村　直之,1994年 公式戦初出場,FALSE,2010,2005002,https://npb.jp/bis/players/11313889.html
41345113,大久保　勝信,2001年 公式戦初出場,FALSE,2010,2005002,https://npb.jp/bis/players/41345113.html
91595114,大引　啓次,2007年 公式戦初出場,FALSE,2010,2005002,https://npb.jp/bis/players/91595114.html
11515116,小瀬　浩之,2008年 公式戦初出場,FALSE,2010,2005002,https://npb.jp/bis/players/11515116.html
41343888,金澤　健人,2001年 公式戦初出場,FALSE,2010,2005002,https://npb.jp/bis/players/41343888.html
41645113,Ａ．カブレラ,2001年 公式戦初出場,TRUE,2010,2005002,https://npb.jp/bis/players/41645113.html
41545115,鴨志田　貴司,2002年 公式戦初出場,FALSE,2010,2005002,https://npb.jp/bis/players/41545115.html
21525117,加藤　大輔,2003年 公式戦初出場,FALSE,2010,2005002,https://npb.jp/bis/players/21525117.html
01305119,香月　良太,2004年 公式戦初出場,FALSE,2010,2005002,https://npb.jp/bis/players/01305119.html
61365119,金子　圭輔,2006年 公式戦初出場,FALSE,2010,2005002,https://npb.jp/bis/players/61365119.html
41345110,金子　千尋,2006年 公式戦初出場,FALSE,2010,2005002,https://npb.jp/bis/players/41345110.html
91595116,梶本　達哉,2011年 公式戦初出場,FALSE,2010,2005002,https://npb.jp/bis/players/91595116.html
03305131,Ｆ．カラバイヨ,2010年 公式戦初出場,TRUE,2010,2005002,https://npb.jp/bis/players/03305131.html
21323887,菊地原　毅,1997年 公式戦初出場,FALSE,2010,2005002,https://npb.jp/bis/players/21323887.html
81383880,北川　博敏,1995年 公式戦初出場,FALSE,2010,2005002,https://npb.jp/bis/players/81383880.html
61565115,喜田　剛,2003年 公式戦初出場,FALSE,2010,2005002,https://npb.jp/bis/players/61565115.html
71775117,木佐貫　洋,2003年 公式戦初出場,FALSE,2010,2005002,https://npb.jp/bis/players/71775117.html
51755112,岸田　護,2006年 公式戦初出場,FALSE,2010,2005002,https://npb.jp/bis/players/51755112.html
71775115,後藤　光尊,2002年 公式戦初出場,FALSE,2010,2005002,https://npb.jp/bis/players/71775115.html
91795115,近藤　一樹,2003年 公式戦初出場,FALSE,2010,2005002,https://npb.jp/bis/players/91795115.html
31935114,小松　聖,2007年 公式戦初出場,FALSE,2010,2005002,https://npb.jp/bis/players/31935114.html
71775116,小林　賢司,2009年 公式戦初出場,FALSE,2010,2005002,https://npb.jp/bis/players/71775116.html
21925117,坂口　智隆,2003年 公式戦初出場,FALSE,2010,2005002,https://npb.jp/bis/players/21925117.html
71773884,塩崎　真,1997年 公式戦初出場,FALSE,2010,2005002,https://npb.jp/bis/players/71773884.html
61563886,清水　章夫,1998年 公式戦初出場,FALSE,2010,2005002,https://npb.jp/bis/players/61563886.html
31035117,下山　真二,2003年 公式戦初出場,FALSE,2010,2005002,https://npb.jp/bis/players/31035117.html
91793886,鈴木　郁洋,1998年 公式戦初出場,FALSE,2010,2005002,https://npb.jp/bis/players/91793886.html
91895115,Ｆ．セギノール,2002年 公式戦初出場,TRUE,2010,2005002,https://npb.jp/bis/players/91895115.html
01903885,田口　壮,1992年 公式戦初出場,FALSE,2010,2005002,https://npb.jp/bis/players/01903885.html
11015115,辻　俊哉,2002年 公式戦初出場,FALSE,2010,2005002,https://npb.jp/bis/players/11015115.html
61365112,Ｔ－岡田,2006年 公式戦初出場,FALSE,2010,2005002,https://npb.jp/bis/players/61365112.html
41245117,長田　昌浩,2003年 公式戦初出場,FALSE,2010,2005002,https://npb.jp/bis/players/41245117.html
31235112,中山　慎也,2006年 公式戦初出場,FALSE,2010,2005002,https://npb.jp/bis/players/31235112.html
51455114,仁藤　拓馬,2009年 公式戦初出場,FALSE,2010,2005002,https://npb.jp/bis/players/51455114.html
71275118,西　勇輝,2009年 入団,FALSE,2010,2005002,https://npb.jp/bis/players/71275118.html
91295118,西川　雅人,2009年 公式戦初出場,FALSE,2010,2005002,https://npb.jp/bis/players/91295118.html
71973882,長谷川　昌幸,1997年 公式戦初出場,FALSE,2010,2005002,https://npb.jp/bis/players/71973882.html
11013884,濱中　治,1997年 公式戦初出場,FALSE,2010,2005002,https://npb.jp/bis/players/11013884.html
73375116,Ａ．バルディリス,2008年 公式戦初出場,TRUE,2010,2005002,https://npb.jp/bis/players/73375116.html
63165131,Ｆ．バイナム,2010年 公式戦初出場,TRUE,2010,2005002,https://npb.jp/bis/players/63165131.html
81983882,日高　剛,1998年 公式戦初出場,FALSE,2010,2005002,https://npb.jp/bis/players/81983882.html
81285112,平野　佳寿,2006年 入団,FALSE,2010,2005002,https://npb.jp/bis/players/81285112.html
81085131,比嘉　幹貴,2010年 公式戦初出場,FALSE,2010,2005002,https://npb.jp/bis/players/81085131.html
01205131,古川　秀一,2010年 公式戦初出場,FALSE,2010,2005002,https://npb.jp/bis/players/01205131.html
91495117,前田　大輔,2003年 公式戦初出場,FALSE,2010,2005002,https://npb.jp/bis/players/91495117.html
41245131,前田　祐二,2010年 公式戦初出場,FALSE,2010,2005002,https://npb.jp/bis/players/41245131.html
61465110,光原　逸裕,2005年 公式戦初出場,FALSE,2010,2005002,https://npb.jp/bis/players/61465110.html
61265111,迎　祐一郎,2002年 公式戦初出場,FALSE,2010,2005002,https://npb.jp/bis/players/61265111.html
11615115,本柳　和也,2002年 公式戦初出場,FALSE,2010,2005002,https://npb.jp/bis/players/11615115.html
41645112,森山　周,2006年 公式戦初出場,FALSE,2010,2005002,https://npb.jp/bis/players/41645112.html
51453888,山﨑　浩司,2003年 公式戦初出場,FALSE,2010,2005002,https://npb.jp/bis/players/51453888.html
81485113,山本　省吾,2001年 公式戦初出場,FALSE,2010,2005002,https://npb.jp/bis/players/81485113.html
41645116,山崎　正貴,2010年 公式戦初出場,FALSE,2010,2005002,https://npb.jp/bis/players/41645116.html
61465131,山田　修義,2010年 入団,FALSE,2010,2005002,https://npb.jp/bis/players/61465131.html
01405111,吉野　誠,2000年 公式戦初出場,FALSE,2010,2005002,https://npb.jp/bis/players/01405111.html
01605117,横山　徹也,2008年 公式戦初出場,FALSE,2010,2005002,https://npb.jp/bis/players/01605117.html
81285119,由田　慎太郎,2006年 公式戦初出場,FALSE,2010,2005002,https://npb.jp/bis/players/81285119.html
91695119,Ｇ．ラロッカ,2004年 公式戦初出場,TRUE,2010,2005002,https://npb.jp/bis/players/91695119.html
33335118,Ｊ．レスター,2009年 公式戦初出場,TRUE,2010,2005002,https://npb.jp/bis/players/33335118.html
51153888,赤田　将吾,1999年 公式戦初出場,FALSE,2011,2005002,https://npb.jp/bis/players/51153888.html
81185113,荒金　久雄,2001年 公式戦初出場,FALSE,2011,2005002,https://npb.jp/bis/players/81185113.html
91195131,阿南　徹,2010年 公式戦初出場,FALSE,2011,2005002,https://npb.jp/bis/players/91195131.html
51455119,李　承燁,2004年 公式戦初出場,FALSE,2011,2005002,https://npb.jp/bis/players/51455119.html
81185116,伊藤　光,2008年 入団,FALSE,2011,2005002,https://npb.jp/bis/players/81185116.html
11315118,伊原　正樹,2009年 公式戦初出場,FALSE,2011,2005002,https://npb.jp/bis/players/11315118.html
91595114,大引　啓次,2007年 公式戦初出場,FALSE,2011,2005002,https://npb.jp/bis/players/91595114.html
91595115,梶本　勇介,2004年 公式戦初出場,FALSE,2011,2005002,https://npb.jp/bis/players/91595115.html
41545115,鴨志田　貴司,2002年 公式戦初出場,FALSE,2011,2005002,https://npb.jp/bis/players/41545115.html
21525117,加藤　大輔,2003年 公式戦初出場,FALSE,2011,2005002,https://npb.jp/bis/players/21525117.html
01305119,香月　良太,2004年 公式戦初出場,FALSE,2011,2005002,https://npb.jp/bis/players/01305119.html
61365119,金子　圭輔,2006年 公式戦初出場,FALSE,2011,2005002,https://npb.jp/bis/players/61365119.html
41345110,金子　千尋,2006年 公式戦初出場,FALSE,2011,2005002,https://npb.jp/bis/players/41345110.html
91595116,梶本　達哉,2011年 公式戦初出場,FALSE,2011,2005002,https://npb.jp/bis/players/91595116.html
03305131,Ｆ．カラバイヨ,2010年 公式戦初出場,TRUE,2011,2005002,https://npb.jp/bis/players/03305131.html
81383880,北川　博敏,1995年 公式戦初出場,FALSE,2011,2005002,https://npb.jp/bis/players/81383880.html
71775117,木佐貫　洋,2003年 公式戦初出場,FALSE,2011,2005002,https://npb.jp/bis/players/71775117.html
51755112,岸田　護,2006年 公式戦初出場,FALSE,2011,2005002,https://npb.jp/bis/players/51755112.html
31735116,桑原　謙太朗,2008年 公式戦初出場,FALSE,2011,2005002,https://npb.jp/bis/players/31735116.html
61563888,小林　雅英,1999年 公式戦初出場,FALSE,2011,2005002,https://npb.jp/bis/players/61563888.html
71775115,後藤　光尊,2002年 公式戦初出場,FALSE,2011,2005002,https://npb.jp/bis/players/71775115.html
91795115,近藤　一樹,2003年 公式戦初出場,FALSE,2011,2005002,https://npb.jp/bis/players/91795115.html
11715110,小島　心二郎,2005年 公式戦初出場,FALSE,2011,2005002,https://npb.jp/bis/players/11715110.html
31935114,小松　聖,2007年 公式戦初出場,FALSE,2011,2005002,https://npb.jp/bis/players/31935114.html
71775116,小林　賢司,2009年 公式戦初出場,FALSE,2011,2005002,https://npb.jp/bis/players/71775116.html
21925117,坂口　智隆,2003年 公式戦初出場,FALSE,2011,2005002,https://npb.jp/bis/players/21925117.html
71775110,斉藤　俊雄,2008年 公式戦初出場,FALSE,2011,2005002,https://npb.jp/bis/players/71775110.html
31035117,下山　真二,2003年 公式戦初出場,FALSE,2011,2005002,https://npb.jp/bis/players/31035117.html
81785133,駿太,2011年 公式戦初出場,FALSE,2011,2005002,https://npb.jp/bis/players/81785133.html
91793886,鈴木　郁洋,1998年 公式戦初出場,FALSE,2011,2005002,https://npb.jp/bis/players/91793886.html
01903885,田口　壮,1992年 公式戦初出場,FALSE,2011,2005002,https://npb.jp/bis/players/01903885.html
71975110,竹原　直隆,2005年 公式戦初出場,FALSE,2011,2005002,https://npb.jp/bis/players/71975110.html
11015112,高宮　和也,2006年 公式戦初出場,FALSE,2011,2005002,https://npb.jp/bis/players/11015112.html
81983886,坪井　智哉,1998年 公式戦初出場,FALSE,2011,2005002,https://npb.jp/bis/players/81983886.html
11015115,辻　俊哉,2002年 公式戦初出場,FALSE,2011,2005002,https://npb.jp/bis/players/11015115.html
61065133,塚原　頌平,2012年 公式戦初出場,FALSE,2011,2005002,https://npb.jp/bis/players/61065133.html
91095115,寺原　隼人,2002年 公式戦初出場,FALSE,2011,2005002,https://npb.jp/bis/players/91095115.html
61365112,Ｔ－岡田,2006年 公式戦初出場,FALSE,2011,2005002,https://npb.jp/bis/players/61365112.html
31235112,中山　慎也,2006年 公式戦初出場,FALSE,2011,2005002,https://npb.jp/bis/players/31235112.html
71275118,西　勇輝,2009年 入団,FALSE,2011,2005002,https://npb.jp/bis/players/71275118.html
91295118,西川　雅人,2009年 公式戦初出場,FALSE,2011,2005002,https://npb.jp/bis/players/91295118.html
11215115,野中　信吾,2002年 公式戦初出場,FALSE,2011,2005002,https://npb.jp/bis/players/11215115.html
71973882,長谷川　昌幸,1997年 公式戦初出場,FALSE,2011,2005002,https://npb.jp/bis/players/71973882.html
73375116,Ａ．バルディリス,2008年 公式戦初出場,TRUE,2011,2005002,https://npb.jp/bis/players/73375116.html
33335133,朴　贊浩,2011年 公式戦初出場,FALSE,2011,2005002,https://npb.jp/bis/players/33335133.html
81983882,日高　剛,1998年 公式戦初出場,FALSE,2011,2005002,https://npb.jp/bis/players/81983882.html
81285112,平野　佳寿,2006年 入団,FALSE,2011,2005002,https://npb.jp/bis/players/81285112.html
81085131,比嘉　幹貴,2010年 公式戦初出場,FALSE,2011,2005002,https://npb.jp/bis/players/81085131.html
01205131,古川　秀一,2010年 公式戦初出場,FALSE,2011,2005002,https://npb.jp/bis/players/01205131.html
11415133,深江　真登,2011年 公式戦初出場,FALSE,2011,2005002,https://npb.jp/bis/players/11415133.html
73375133,Ａ．フィガロ,2011年 公式戦初出場,TRUE,2011,2005002,https://npb.jp/bis/players/73375133.html
43345133,Ｍ．ヘスマン,2011年 公式戦初出場,TRUE,2011,2005002,https://npb.jp/bis/players/43345133.html
91495117,前田　大輔,2003年 公式戦初出場,FALSE,2011,2005002,https://npb.jp/bis/players/91495117.html
41245131,前田　祐二,2010年 公式戦初出場,FALSE,2011,2005002,https://npb.jp/bis/players/41245131.html
83385133,Ｅ．マクレーン,2011年 公式戦初出場,TRUE,2011,2005002,https://npb.jp/bis/players/83385133.html
51655133,三ツ俣　大樹,2012年 公式戦初出場,FALSE,2011,2005002,https://npb.jp/bis/players/51655133.html
41645133,宮﨑　祐樹,2012年 公式戦初出場,FALSE,2011,2005002,https://npb.jp/bis/players/41645133.html
41645112,森山　周,2006年 公式戦初出場,FALSE,2011,2005002,https://npb.jp/bis/players/41645112.html
51453888,山﨑　浩司,2003年 公式戦初出場,FALSE,2011,2005002,https://npb.jp/bis/players/51453888.html
41645116,山崎　正貴,2010年 公式戦初出場,FALSE,2011,2005002,https://npb.jp/bis/players/41645116.html
61465131,山田　修義,2010年 入団,FALSE,2011,2005002,https://npb.jp/bis/players/61465131.html
01405111,吉野　誠,2000年 公式戦初出場,FALSE,2011,2005002,https://npb.jp/bis/players/01405111.html
01605117,横山　徹也,2008年 公式戦初出場,FALSE,2011,2005002,https://npb.jp/bis/players/01605117.html
81285119,由田　慎太郎,2006年 公式戦初出場,FALSE,2011,2005002,https://npb.jp/bis/players/81285119.html
51153888,赤田　将吾,1999年 公式戦初出場,FALSE,2012,2005002,https://npb.jp/bis/players/51153888.html
81185113,荒金　久雄,2001年 公式戦初出場,FALSE,2012,2005002,https://npb.jp/bis/players/81185113.html
91195131,阿南　徹,2010年 公式戦初出場,FALSE,2012,2005002,https://npb.jp/bis/players/91195131.html
31135135,安達　了一,2012年 公式戦初出場,FALSE,2012,2005002,https://npb.jp/bis/players/31135135.html
01103886,井川　慶,1999年 公式戦初出場,FALSE,2012,2005002,https://npb.jp/bis/players/01103886.html
81185116,伊藤　光,2008年 入団,FALSE,2012,2005002,https://npb.jp/bis/players/81185116.html
11315118,伊原　正樹,2009年 公式戦初出場,FALSE,2012,2005002,https://npb.jp/bis/players/11315118.html
61865135,李　大浩,2012年 公式戦初出場,FALSE,2012,2005002,https://npb.jp/bis/players/61865135.html
91595114,大引　啓次,2007年 公式戦初出場,FALSE,2012,2005002,https://npb.jp/bis/players/91595114.html
91595115,梶本　勇介,2004年 公式戦初出場,FALSE,2012,2005002,https://npb.jp/bis/players/91595115.html
41545115,鴨志田　貴司,2002年 公式戦初出場,FALSE,2012,2005002,https://npb.jp/bis/players/41545115.html
01305119,香月　良太,2004年 公式戦初出場,FALSE,2012,2005002,https://npb.jp/bis/players/01305119.html
41345110,金子　千尋,2006年 公式戦初出場,FALSE,2012,2005002,https://npb.jp/bis/players/41345110.html
61365135,海田　智行,2012年 公式戦初出場,FALSE,2012,2005002,https://npb.jp/bis/players/61365135.html
41545135,川端　崇義,2012年 公式戦初出場,FALSE,2012,2005002,https://npb.jp/bis/players/41545135.html
81383880,北川　博敏,1995年 公式戦初出場,FALSE,2012,2005002,https://npb.jp/bis/players/81383880.html
71775117,木佐貫　洋,2003年 公式戦初出場,FALSE,2012,2005002,https://npb.jp/bis/players/71775117.html
51755112,岸田　護,2006年 公式戦初出場,FALSE,2012,2005002,https://npb.jp/bis/players/51755112.html
31735116,桑原　謙太朗,2008年 公式戦初出場,FALSE,2012,2005002,https://npb.jp/bis/players/31735116.html
71775115,後藤　光尊,2002年 公式戦初出場,FALSE,2012,2005002,https://npb.jp/bis/players/71775115.html
91795115,近藤　一樹,2003年 公式戦初出場,FALSE,2012,2005002,https://npb.jp/bis/players/91795115.html
31935114,小松　聖,2007年 公式戦初出場,FALSE,2012,2005002,https://npb.jp/bis/players/31935114.html
71775116,小林　賢司,2009年 公式戦初出場,FALSE,2012,2005002,https://npb.jp/bis/players/71775116.html
91795135,小島　脩平,2012年 公式戦初出場,FALSE,2012,2005002,https://npb.jp/bis/players/91795135.html
21925117,坂口　智隆,2003年 公式戦初出場,FALSE,2012,2005002,https://npb.jp/bis/players/21925117.html
71775110,齋藤　俊雄,2008年 公式戦初出場,FALSE,2012,2005002,https://npb.jp/bis/players/71775110.html
11915135,佐藤　達也,2012年 公式戦初出場,FALSE,2012,2005002,https://npb.jp/bis/players/11915135.html
81785133,駿太,2011年 公式戦初出場,FALSE,2012,2005002,https://npb.jp/bis/players/81785133.html
91995135,縞田　拓弥,2012年 公式戦初出場,FALSE,2012,2005002,https://npb.jp/bis/players/91995135.html
91793886,鈴木　郁洋,1998年 公式戦初出場,FALSE,2012,2005002,https://npb.jp/bis/players/91793886.html
03705133,Ｂ．スケールズ,2011年 公式戦初出場,TRUE,2012,2005002,https://npb.jp/bis/players/03705133.html
31933884,髙橋　信二,2000年 公式戦初出場,FALSE,2012,2005002,https://npb.jp/bis/players/31933884.html
31935110,髙橋　秀聡,2005年 公式戦初出場,FALSE,2012,2005002,https://npb.jp/bis/players/31935110.html
71975110,竹原　直隆,2005年 公式戦初出場,FALSE,2012,2005002,https://npb.jp/bis/players/71975110.html
11015112,高宮　和也,2006年 公式戦初出場,FALSE,2012,2005002,https://npb.jp/bis/players/11015112.html
11015115,辻　俊哉,2002年 公式戦初出場,FALSE,2012,2005002,https://npb.jp/bis/players/11015115.html
61065133,塚原　頌平,2012年 公式戦初出場,FALSE,2012,2005002,https://npb.jp/bis/players/61065133.html
71275135,堤　裕貴,2013年 公式戦初出場,FALSE,2012,2005002,https://npb.jp/bis/players/71275135.html
91095115,寺原　隼人,2002年 公式戦初出場,FALSE,2012,2005002,https://npb.jp/bis/players/91095115.html
61365112,Ｔ－岡田,2006年 公式戦初出場,FALSE,2012,2005002,https://npb.jp/bis/players/61365112.html
81285117,長峰　昌司,2004年 公式戦初出場,FALSE,2012,2005002,https://npb.jp/bis/players/81285117.html
91095110,中村　一生,2008年 公式戦初出場,FALSE,2012,2005002,https://npb.jp/bis/players/91095110.html
31235112,中山　慎也,2006年 公式戦初出場,FALSE,2012,2005002,https://npb.jp/bis/players/31235112.html
71275118,西　勇輝,2009年 入団,FALSE,2012,2005002,https://npb.jp/bis/players/71275118.html
91295118,西川　雅人,2009年 公式戦初出場,FALSE,2012,2005002,https://npb.jp/bis/players/91295118.html
11215115,野中　信吾,2002年 公式戦初出場,FALSE,2012,2005002,https://npb.jp/bis/players/11215115.html
73375116,Ａ．バルディリス,2008年 公式戦初出場,TRUE,2012,2005002,https://npb.jp/bis/players/73375116.html
81983882,日高　剛,1998年 公式戦初出場,FALSE,2012,2005002,https://npb.jp/bis/players/81983882.html
81285112,平野　佳寿,2006年 入団,FALSE,2012,2005002,https://npb.jp/bis/players/81285112.html
81085131,比嘉　幹貴,2010年 公式戦初出場,FALSE,2012,2005002,https://npb.jp/bis/players/81085131.html
01205131,古川　秀一,2010年 公式戦初出場,FALSE,2012,2005002,https://npb.jp/bis/players/01205131.html
11415133,深江　真登,2011年 公式戦初出場,FALSE,2012,2005002,https://npb.jp/bis/players/11415133.html
73375133,Ａ．フィガロ,2011年 公式戦初出場,TRUE,2012,2005002,https://npb.jp/bis/players/73375133.html
41245131,前田　祐二,2010年 公式戦初出場,FALSE,2012,2005002,https://npb.jp/bis/players/41245131.html
83385133,Ｅ．マクレーン,2011年 公式戦初出場,TRUE,2012,2005002,https://npb.jp/bis/players/83385133.html
33535135,Ａ．マエストリ,2012年 公式戦初出場,TRUE,2012,2005002,https://npb.jp/bis/players/33535135.html
01605111,ミンチェ,2000年 公式戦初出場,FALSE,2012,2005002,https://npb.jp/bis/players/01605111.html
51655133,三ツ俣　大樹,2012年 公式戦初出場,FALSE,2012,2005002,https://npb.jp/bis/players/51655133.html
41645133,宮﨑　祐樹,2012年 公式戦初出場,FALSE,2012,2005002,https://npb.jp/bis/players/41645133.html
41645112,森山　周,2006年 公式戦初出場,FALSE,2012,2005002,https://npb.jp/bis/players/41645112.html
51453888,山﨑　浩司,2003年 公式戦初出場,FALSE,2012,2005002,https://npb.jp/bis/players/51453888.html
41645116,山崎　正貴,2010年 公式戦初出場,FALSE,2012,2005002,https://npb.jp/bis/players/41645116.html
61465131,山田　修義,2010年 入団,FALSE,2012,2005002,https://npb.jp/bis/players/61465131.html
01405111,吉野　誠,2000年 公式戦初出場,FALSE,2012,2005002,https://npb.jp/bis/players/01405111.html
01605117,横山　徹也,2008年 公式戦初出場,FALSE,2012,2005002,https://npb.jp/bis/players/01605117.html
81285119,由田　慎太郎,2006年 公式戦初出場,FALSE,2012,2005002,https://npb.jp/bis/players/81285119.html
31135135,安達　了一,2012年 公式戦初出場,FALSE,2013,2005002,https://npb.jp/bis/players/31135135.html
01103886,井川　慶,1999年 公式戦初出場,FALSE,2013,2005002,https://npb.jp/bis/players/01103886.html
91195119,糸井　嘉男,2007年 公式戦初出場,FALSE,2013,2005002,https://npb.jp/bis/players/91195119.html
81185116,伊藤　光,2008年 入団,FALSE,2013,2005002,https://npb.jp/bis/players/81185116.html
11315118,伊原　正樹,2009年 公式戦初出場,FALSE,2013,2005002,https://npb.jp/bis/players/11315118.html
61865135,李　大浩,2012年 公式戦初出場,FALSE,2013,2005002,https://npb.jp/bis/players/61865135.html
91595115,梶本　勇介,2004年 公式戦初出場,FALSE,2013,2005002,https://npb.jp/bis/players/91595115.html
41545115,鴨志田　貴司,2002年 公式戦初出場,FALSE,2013,2005002,https://npb.jp/bis/players/41545115.html
41345110,金子　千尋,2006年 公式戦初出場,FALSE,2013,2005002,https://npb.jp/bis/players/41345110.html
51555112,甲藤　啓介,2007年 公式戦初出場,FALSE,2013,2005002,https://npb.jp/bis/players/51555112.html
61365135,海田　智行,2012年 公式戦初出場,FALSE,2013,2005002,https://npb.jp/bis/players/61365135.html
41545135,川端　崇義,2012年 公式戦初出場,FALSE,2013,2005002,https://npb.jp/bis/players/41545135.html
51755112,岸田　護,2006年 公式戦初出場,FALSE,2013,2005002,https://npb.jp/bis/players/51755112.html
31735116,桑原　謙太朗,2008年 公式戦初出場,FALSE,2013,2005002,https://npb.jp/bis/players/31735116.html
71775115,後藤　光尊,2002年 公式戦初出場,FALSE,2013,2005002,https://npb.jp/bis/players/71775115.html
91795115,近藤　一樹,2003年 公式戦初出場,FALSE,2013,2005002,https://npb.jp/bis/players/91795115.html
31935114,小松　聖,2007年 公式戦初出場,FALSE,2013,2005002,https://npb.jp/bis/players/31935114.html
91795135,小島　脩平,2012年 公式戦初出場,FALSE,2013,2005002,https://npb.jp/bis/players/91795135.html
21925117,坂口　智隆,2003年 公式戦初出場,FALSE,2013,2005002,https://npb.jp/bis/players/21925117.html
71775110,齋藤　俊雄,2008年 公式戦初出場,FALSE,2013,2005002,https://npb.jp/bis/players/71775110.html
11915135,佐藤　達也,2012年 公式戦初出場,FALSE,2013,2005002,https://npb.jp/bis/players/11915135.html
51755137,佐藤　峻一,2016年 公式戦初出場,FALSE,2013,2005002,https://npb.jp/bis/players/51755137.html
21825116,Ｍ．シュルツ,2008年 公式戦初出場,TRUE,2013,2005002,https://npb.jp/bis/players/21825116.html
81785133,駿太,2011年 公式戦初出場,FALSE,2013,2005002,https://npb.jp/bis/players/81785133.html
91995135,縞田　拓弥,2012年 公式戦初出場,FALSE,2013,2005002,https://npb.jp/bis/players/91995135.html
31933884,髙橋　信二,2000年 公式戦初出場,FALSE,2013,2005002,https://npb.jp/bis/players/31933884.html
31935110,髙橋　秀聡,2005年 公式戦初出場,FALSE,2013,2005002,https://npb.jp/bis/players/31935110.html
71975110,竹原　直隆,2005年 公式戦初出場,FALSE,2013,2005002,https://npb.jp/bis/players/71975110.html
91995137,武田　健吾,2013年 公式戦初出場,FALSE,2013,2005002,https://npb.jp/bis/players/91995137.html
11015115,辻　俊哉,2002年 公式戦初出場,FALSE,2013,2005002,https://npb.jp/bis/players/11015115.html
61065133,塚原　頌平,2012年 公式戦初出場,FALSE,2013,2005002,https://npb.jp/bis/players/61065133.html
71275135,堤　裕貴,2013年 公式戦初出場,FALSE,2013,2005002,https://npb.jp/bis/players/71275135.html
61365112,Ｔ－岡田,2006年 公式戦初出場,FALSE,2013,2005002,https://npb.jp/bis/players/61365112.html
51855137,Ｂ．ディクソン,2013年 公式戦初出場,TRUE,2013,2005002,https://npb.jp/bis/players/51855137.html
31035110,東野　峻,2007年 公式戦初出場,FALSE,2013,2005002,https://npb.jp/bis/players/31035110.html
11015137,戸田　亮,2013年 公式戦初出場,FALSE,2013,2005002,https://npb.jp/bis/players/11015137.html
91095110,中村　一生,2008年 公式戦初出場,FALSE,2013,2005002,https://npb.jp/bis/players/91095110.html
31235112,中山　慎也,2006年 公式戦初出場,FALSE,2013,2005002,https://npb.jp/bis/players/31235112.html
71275118,西　勇輝,2009年 入団,FALSE,2013,2005002,https://npb.jp/bis/players/71275118.html
31035137,西川　拓喜,2013年 公式戦初出場,FALSE,2013,2005002,https://npb.jp/bis/players/31035137.html
11215115,野中　信吾,2002年 公式戦初出場,FALSE,2013,2005002,https://npb.jp/bis/players/11215115.html
41445114,原　拓也,2007年 公式戦初出場,FALSE,2013,2005002,https://npb.jp/bis/players/41445114.html
73375116,Ａ．バルディリス,2008年 公式戦初出場,TRUE,2013,2005002,https://npb.jp/bis/players/73375116.html
71973889,平井　正史,1994年 公式戦初出場,FALSE,2013,2005002,https://npb.jp/bis/players/71973889.html
61265115,平野　恵一,2002年 公式戦初出場,FALSE,2013,2005002,https://npb.jp/bis/players/61265115.html
81285112,平野　佳寿,2006年 入団,FALSE,2013,2005002,https://npb.jp/bis/players/81285112.html
81085131,比嘉　幹貴,2010年 公式戦初出場,FALSE,2013,2005002,https://npb.jp/bis/players/81085131.html
03305117,Ｊ．フェルナンデス,2003年 公式戦初出場,TRUE,2013,2005002,https://npb.jp/bis/players/03305117.html
01205131,古川　秀一,2010年 公式戦初出場,FALSE,2013,2005002,https://npb.jp/bis/players/01205131.html
11415133,深江　真登,2011年 公式戦初出場,FALSE,2013,2005002,https://npb.jp/bis/players/11415133.html
61065137,伏見　寅威,2013年 入団,FALSE,2013,2005002,https://npb.jp/bis/players/61065137.html
11215119,馬原　孝浩,2004年 公式戦初出場,FALSE,2013,2005002,https://npb.jp/bis/players/11215119.html
91695114,松本　幸大,2008年 公式戦初出場,FALSE,2013,2005002,https://npb.jp/bis/players/91695114.html
41245131,前田　祐二,2010年 公式戦初出場,FALSE,2013,2005002,https://npb.jp/bis/players/41245131.html
33535135,Ａ．マエストリ,2012年 公式戦初出場,TRUE,2013,2005002,https://npb.jp/bis/players/33535135.html
21225137,松葉　貴大,2013年 入団,FALSE,2013,2005002,https://npb.jp/bis/players/21225137.html
01605111,ミンチェ,2000年 公式戦初出場,FALSE,2013,2005002,https://npb.jp/bis/players/01605111.html
51655133,三ツ俣　大樹,2012年 公式戦初出場,FALSE,2013,2005002,https://npb.jp/bis/players/51655133.html
41645133,宮﨑　祐樹,2012年 公式戦初出場,FALSE,2013,2005002,https://npb.jp/bis/players/41645133.html
23325137,Ｂ．ミルズ,2013年 公式戦初出場,TRUE,2013,2005002,https://npb.jp/bis/players/23325137.html
21425137,森本　将太,2013年 公式戦初出場,FALSE,2013,2005002,https://npb.jp/bis/players/21425137.html
61665112,八木　智哉,2006年 公式戦初出場,FALSE,2013,2005002,https://npb.jp/bis/players/61665112.html
41645116,山崎　正貴,2010年 公式戦初出場,FALSE,2013,2005002,https://npb.jp/bis/players/41645116.html
11815118,山本　和作,2013年 公式戦初出場,FALSE,2013,2005002,https://npb.jp/bis/players/11815118.html
61465131,山田　修義,2010年 入団,FALSE,2013,2005002,https://npb.jp/bis/players/61465131.html
01405111,吉野　誠,2000年 公式戦初出場,FALSE,2013,2005002,https://npb.jp/bis/players/01405111.html
01605117,横山　徹也,2008年 公式戦初出場,FALSE,2013,2005002,https://npb.jp/bis/players/01605117.html
73175137,Ｖ．ロッティーノ,2013年 公式戦初出場,TRUE,2013,2005002,https://npb.jp/bis/players/73175137.html
31135135,安達　了一,2012年 公式戦初出場,FALSE,2014,2005002,https://npb.jp/bis/players/31135135.html
01103886,井川　慶,1999年 公式戦初出場,FALSE,2014,2005002,https://npb.jp/bis/players/01103886.html
91195119,糸井　嘉男,2007年 公式戦初出場,FALSE,2014,2005002,https://npb.jp/bis/players/91195119.html
81185116,伊藤　光,2008年 入団,FALSE,2014,2005002,https://npb.jp/bis/players/81185116.html
11315118,伊原　正樹,2009年 公式戦初出場,FALSE,2014,2005002,https://npb.jp/bis/players/11315118.html
31335118,岩﨑　恭平,2009年 公式戦初出場,FALSE,2014,2005002,https://npb.jp/bis/players/31335118.html
81385139,大山　暁史,2014年 公式戦初出場,FALSE,2014,2005002,https://npb.jp/bis/players/81385139.html
71575139,奥浪　鏡,2016年 公式戦初出場,FALSE,2014,2005002,https://npb.jp/bis/players/71575139.html
41345110,金子　千尋,2006年 公式戦初出場,FALSE,2014,2005002,https://npb.jp/bis/players/41345110.html
51555112,甲藤　啓介,2007年 公式戦初出場,FALSE,2014,2005002,https://npb.jp/bis/players/51555112.html
61365135,海田　智行,2012年 公式戦初出場,FALSE,2014,2005002,https://npb.jp/bis/players/61365135.html
41545135,川端　崇義,2012年 公式戦初出場,FALSE,2014,2005002,https://npb.jp/bis/players/41545135.html
51755112,岸田　護,2006年 公式戦初出場,FALSE,2014,2005002,https://npb.jp/bis/players/51755112.html
31735116,桑原　謙太朗,2008年 公式戦初出場,FALSE,2014,2005002,https://npb.jp/bis/players/31735116.html
91795115,近藤　一樹,2003年 公式戦初出場,FALSE,2014,2005002,https://npb.jp/bis/players/91795115.html
31935114,小松　聖,2007年 公式戦初出場,FALSE,2014,2005002,https://npb.jp/bis/players/31935114.html
91795135,小島　脩平,2012年 公式戦初出場,FALSE,2014,2005002,https://npb.jp/bis/players/91795135.html
21925117,坂口　智隆,2003年 公式戦初出場,FALSE,2014,2005002,https://npb.jp/bis/players/21925117.html
71775110,齋藤　俊雄,2008年 公式戦初出場,FALSE,2014,2005002,https://npb.jp/bis/players/71775110.html
91795118,榊原　諒,2009年 公式戦初出場,FALSE,2014,2005002,https://npb.jp/bis/players/91795118.html
11915135,佐藤　達也,2012年 公式戦初出場,FALSE,2014,2005002,https://npb.jp/bis/players/11915135.html
51755137,佐藤　峻一,2016年 公式戦初出場,FALSE,2014,2005002,https://npb.jp/bis/players/51755137.html
81785133,駿太,2011年 公式戦初出場,FALSE,2014,2005002,https://npb.jp/bis/players/81785133.html
91995135,縞田　拓弥,2012年 公式戦初出場,FALSE,2014,2005002,https://npb.jp/bis/players/91995135.html
71975139,園部　聡,2016年 公式戦初出場,FALSE,2014,2005002,https://npb.jp/bis/players/71975139.html
31933884,髙橋　信二,2000年 公式戦初出場,FALSE,2014,2005002,https://npb.jp/bis/players/31933884.html
91993884,谷　佳知,1997年 公式戦初出場,FALSE,2014,2005002,https://npb.jp/bis/players/91993884.html
71975110,竹原　直隆,2005年 公式戦初出場,FALSE,2014,2005002,https://npb.jp/bis/players/71975110.html
91995137,武田　健吾,2013年 公式戦初出場,FALSE,2014,2005002,https://npb.jp/bis/players/91995137.html
61065133,塚原　頌平,2012年 公式戦初出場,FALSE,2014,2005002,https://npb.jp/bis/players/61065133.html
71275135,堤　裕貴,2013年 公式戦初出場,FALSE,2014,2005002,https://npb.jp/bis/players/71275135.html
31035113,鉄平,2004年 公式戦初出場,FALSE,2014,2005002,https://npb.jp/bis/players/31035113.html
61365112,Ｔ－岡田,2006年 公式戦初出場,FALSE,2014,2005002,https://npb.jp/bis/players/61365112.html
51855137,Ｂ．ディクソン,2013年 公式戦初出場,TRUE,2014,2005002,https://npb.jp/bis/players/51855137.html
31035110,東野　峻,2007年 公式戦初出場,FALSE,2014,2005002,https://npb.jp/bis/players/31035110.html
11015137,戸田　亮,2013年 公式戦初出場,FALSE,2014,2005002,https://npb.jp/bis/players/11015137.html
11015139,東明　大貴,2014年 公式戦初出場,FALSE,2014,2005002,https://npb.jp/bis/players/11015139.html
91095110,中村　一生,2008年 公式戦初出場,FALSE,2014,2005002,https://npb.jp/bis/players/91095110.html
31235112,中山　慎也,2006年 公式戦初出場,FALSE,2014,2005002,https://npb.jp/bis/players/31235112.html
71275118,西　勇輝,2009年 入団,FALSE,2014,2005002,https://npb.jp/bis/players/71275118.html
31035137,西川　拓喜,2013年 公式戦初出場,FALSE,2014,2005002,https://npb.jp/bis/players/31035137.html
41445114,原　拓也,2007年 公式戦初出場,FALSE,2014,2005002,https://npb.jp/bis/players/41445114.html
53555139,Ｊ．バトラー,2014年 公式戦初出場,TRUE,2014,2005002,https://npb.jp/bis/players/53555139.html
71973889,平井　正史,1994年 公式戦初出場,FALSE,2014,2005002,https://npb.jp/bis/players/71973889.html
61265115,平野　恵一,2002年 公式戦初出場,FALSE,2014,2005002,https://npb.jp/bis/players/61265115.html
81285112,平野　佳寿,2006年 入団,FALSE,2014,2005002,https://npb.jp/bis/players/81285112.html
81085131,比嘉　幹貴,2010年 公式戦初出場,FALSE,2014,2005002,https://npb.jp/bis/players/81085131.html
01205131,古川　秀一,2010年 公式戦初出場,FALSE,2014,2005002,https://npb.jp/bis/players/01205131.html
11415133,深江　真登,2011年 公式戦初出場,FALSE,2014,2005002,https://npb.jp/bis/players/11415133.html
61065137,伏見　寅威,2013年 入団,FALSE,2014,2005002,https://npb.jp/bis/players/61065137.html
93195135,Ｗ．ペーニャ,2012年 公式戦初出場,TRUE,2014,2005002,https://npb.jp/bis/players/93195135.html
03105135,Ｅ．ヘルマン,2012年 公式戦初出場,TRUE,2014,2005002,https://npb.jp/bis/players/03105135.html
93395139,Ｙ．ベタンコート,2014年 公式戦初出場,TRUE,2014,2005002,https://npb.jp/bis/players/93395139.html
11215119,馬原　孝浩,2004年 公式戦初出場,FALSE,2014,2005002,https://npb.jp/bis/players/11215119.html
41245131,前田　祐二,2010年 公式戦初出場,FALSE,2014,2005002,https://npb.jp/bis/players/41245131.html
31635133,丸毛　謙一,2014年 公式戦初出場,FALSE,2014,2005002,https://npb.jp/bis/players/31635133.html
33535135,Ａ．マエストリ,2012年 公式戦初出場,TRUE,2014,2005002,https://npb.jp/bis/players/33535135.html
21225137,松葉　貴大,2013年 入団,FALSE,2014,2005002,https://npb.jp/bis/players/21225137.html
51655133,三ツ俣　大樹,2012年 公式戦初出場,FALSE,2014,2005002,https://npb.jp/bis/players/51655133.html
41645133,宮﨑　祐樹,2012年 公式戦初出場,FALSE,2014,2005002,https://npb.jp/bis/players/41645133.html
21425137,森本　将太,2013年 公式戦初出場,FALSE,2014,2005002,https://npb.jp/bis/players/21425137.html
71475113,山崎　勝己,2005年 公式戦初出場,FALSE,2014,2005002,https://npb.jp/bis/players/71475113.html
61665112,八木　智哉,2006年 公式戦初出場,FALSE,2014,2005002,https://npb.jp/bis/players/61665112.html
41645116,山崎　正貴,2010年 公式戦初出場,FALSE,2014,2005002,https://npb.jp/bis/players/41645116.html
11815118,山本　和作,2013年 公式戦初出場,FALSE,2014,2005002,https://npb.jp/bis/players/11815118.html
61465131,山田　修義,2010年 入団,FALSE,2014,2005002,https://npb.jp/bis/players/61465131.html
71675139,吉田　一将,2014年 公式戦初出場,FALSE,2014,2005002,https://npb.jp/bis/players/71675139.html
01605139,吉田　雄人,2017年 公式戦初出場,FALSE,2014,2005002,https://npb.jp/bis/players/01605139.html
41645139,若月　健矢,2014年 入団,FALSE,2014,2005002,https://npb.jp/bis/players/41645139.html
31135135,安達　了一,2012年 公式戦初出場,FALSE,2015,2005002,https://npb.jp/bis/players/31135135.html
01103886,井川　慶,1999年 公式戦初出場,FALSE,2015,2005002,https://npb.jp/bis/players/01103886.html
91195119,糸井　嘉男,2007年 公式戦初出場,FALSE,2015,2005002,https://npb.jp/bis/players/91195119.html
81185116,伊藤　光,2008年 入団,FALSE,2015,2005002,https://npb.jp/bis/players/81185116.html
31335118,岩﨑　恭平,2009年 公式戦初出場,FALSE,2015,2005002,https://npb.jp/bis/players/31335118.html
81385139,大山　暁史,2014年 公式戦初出場,FALSE,2015,2005002,https://npb.jp/bis/players/81385139.html
71575139,奥浪　鏡,2016年 公式戦初出場,FALSE,2015,2005002,https://npb.jp/bis/players/71575139.html
31535130,小田　裕也,2015年 公式戦初出場,FALSE,2015,2005002,https://npb.jp/bis/players/31535130.html
41345110,金子　千尋,2006年 公式戦初出場,FALSE,2015,2005002,https://npb.jp/bis/players/41345110.html
03305131,Ｆ．カラバイヨ,2010年 公式戦初出場,TRUE,2015,2005002,https://npb.jp/bis/players/03305131.html
61365135,海田　智行,2012年 公式戦初出場,FALSE,2015,2005002,https://npb.jp/bis/players/61365135.html
41545135,川端　崇義,2012年 公式戦初出場,FALSE,2015,2005002,https://npb.jp/bis/players/41545135.html
51755112,岸田　護,2006年 公式戦初出場,FALSE,2015,2005002,https://npb.jp/bis/players/51755112.html
91795115,近藤　一樹,2003年 公式戦初出場,FALSE,2015,2005002,https://npb.jp/bis/players/91795115.html
71975117,小谷野　栄一,2003年 公式戦初出場,FALSE,2015,2005002,https://npb.jp/bis/players/71975117.html
31935114,小松　聖,2007年 公式戦初出場,FALSE,2015,2005002,https://npb.jp/bis/players/31935114.html
91795135,小島　脩平,2012年 公式戦初出場,FALSE,2015,2005002,https://npb.jp/bis/players/91795135.html
21925117,坂口　智隆,2003年 公式戦初出場,FALSE,2015,2005002,https://npb.jp/bis/players/21925117.html
71775110,齋藤　俊雄,2008年 公式戦初出場,FALSE,2015,2005002,https://npb.jp/bis/players/71775110.html
91795118,榊原　諒,2009年 公式戦初出場,FALSE,2015,2005002,https://npb.jp/bis/players/91795118.html
11915135,佐藤　達也,2012年 公式戦初出場,FALSE,2015,2005002,https://npb.jp/bis/players/11915135.html
51755137,佐藤　峻一,2016年 公式戦初出場,FALSE,2015,2005002,https://npb.jp/bis/players/51755137.html
11915130,齋藤　綱記,2015年 入団,FALSE,2015,2005002,https://npb.jp/bis/players/11915130.html
51955130,坂寄　晴一,2015年 公式戦初出場,FALSE,2015,2005002,https://npb.jp/bis/players/51955130.html
91995130,佐野　皓大,2018年 公式戦初出場,FALSE,2015,2005002,https://npb.jp/bis/players/91995130.html
71975116,白仁田　寛和,2011年 公式戦初出場,FALSE,2015,2005002,https://npb.jp/bis/players/71975116.html
81785133,駿太,2011年 公式戦初出場,FALSE,2015,2005002,https://npb.jp/bis/players/81785133.html
91995135,縞田　拓弥,2012年 公式戦初出場,FALSE,2015,2005002,https://npb.jp/bis/players/91995135.html
81985130,鈴木　優,2015年 公式戦初出場,FALSE,2015,2005002,https://npb.jp/bis/players/81985130.html
71975139,園部　聡,2016年 公式戦初出場,FALSE,2015,2005002,https://npb.jp/bis/players/71975139.html
91993884,谷　佳知,1997年 公式戦初出場,FALSE,2015,2005002,https://npb.jp/bis/players/91993884.html
71975110,竹原　直隆,2005年 公式戦初出場,FALSE,2015,2005002,https://npb.jp/bis/players/71975110.html
81085114,田中　大輔,2007年 公式戦初出場,FALSE,2015,2005002,https://npb.jp/bis/players/81085114.html
91995137,武田　健吾,2013年 公式戦初出場,FALSE,2015,2005002,https://npb.jp/bis/players/91995137.html
51055130,髙木　伴,2015年 公式戦初出場,FALSE,2015,2005002,https://npb.jp/bis/players/51055130.html
61065133,塚原　頌平,2012年 公式戦初出場,FALSE,2015,2005002,https://npb.jp/bis/players/61065133.html
71275135,堤　裕貴,2013年 公式戦初出場,FALSE,2015,2005002,https://npb.jp/bis/players/71275135.html
31035113,鉄平,2004年 公式戦初出場,FALSE,2015,2005002,https://npb.jp/bis/players/31035113.html
61365112,Ｔ－岡田,2006年 公式戦初出場,FALSE,2015,2005002,https://npb.jp/bis/players/61365112.html
51855137,Ｂ．ディクソン,2013年 公式戦初出場,TRUE,2015,2005002,https://npb.jp/bis/players/51855137.html
11015137,戸田　亮,2013年 公式戦初出場,FALSE,2015,2005002,https://npb.jp/bis/players/11015137.html
11015139,東明　大貴,2014年 公式戦初出場,FALSE,2015,2005002,https://npb.jp/bis/players/11015139.html
01005113,中島　裕之,2002年 公式戦初出場,FALSE,2015,2005002,https://npb.jp/bis/players/01005113.html
91095110,中村　一生,2008年 公式戦初出場,FALSE,2015,2005002,https://npb.jp/bis/players/91095110.html
31235112,中山　慎也,2006年 公式戦初出場,FALSE,2015,2005002,https://npb.jp/bis/players/31235112.html
71275118,西　勇輝,2009年 入団,FALSE,2015,2005002,https://npb.jp/bis/players/71275118.html
91495130,西野　真弘,2015年 入団,FALSE,2015,2005002,https://npb.jp/bis/players/91495130.html
41445114,原　拓也,2007年 公式戦初出場,FALSE,2015,2005002,https://npb.jp/bis/players/41445114.html
83185133,Ｂ．バリントン,2011年 公式戦初出場,TRUE,2015,2005002,https://npb.jp/bis/players/83185133.html
61265115,平野　恵一,2002年 公式戦初出場,FALSE,2015,2005002,https://npb.jp/bis/players/61265115.html
81285112,平野　佳寿,2006年 入団,FALSE,2015,2005002,https://npb.jp/bis/players/81285112.html
81085131,比嘉　幹貴,2010年 公式戦初出場,FALSE,2015,2005002,https://npb.jp/bis/players/81085131.html
23125118,Ｔ．ブランコ,2009年 公式戦初出場,TRUE,2015,2005002,https://npb.jp/bis/players/23125118.html
01205131,古川　秀一,2010年 公式戦初出場,FALSE,2015,2005002,https://npb.jp/bis/players/01205131.html
61065137,伏見　寅威,2013年 入団,FALSE,2015,2005002,https://npb.jp/bis/players/61065137.html
03105135,Ｅ．ヘルマン,2012年 公式戦初出場,TRUE,2015,2005002,https://npb.jp/bis/players/03105135.html
11215119,馬原　孝浩,2004年 公式戦初出場,FALSE,2015,2005002,https://npb.jp/bis/players/11215119.html
41245131,前田　祐二,2010年 公式戦初出場,FALSE,2015,2005002,https://npb.jp/bis/players/41245131.html
31635133,丸毛　謙一,2014年 公式戦初出場,FALSE,2015,2005002,https://npb.jp/bis/players/31635133.html
33535135,Ａ．マエストリ,2012年 公式戦初出場,TRUE,2015,2005002,https://npb.jp/bis/players/33535135.html
21225137,松葉　貴大,2013年 入団,FALSE,2015,2005002,https://npb.jp/bis/players/21225137.html
41645133,宮﨑　祐樹,2012年 公式戦初出場,FALSE,2015,2005002,https://npb.jp/bis/players/41645133.html
11815130,宗　佑磨,2015年 入団,FALSE,2015,2005002,https://npb.jp/bis/players/11815130.html
21425137,森本　将太,2013年 公式戦初出場,FALSE,2015,2005002,https://npb.jp/bis/players/21425137.html
71475113,山崎　勝己,2005年 公式戦初出場,FALSE,2015,2005002,https://npb.jp/bis/players/71475113.html
11815118,山本　和作,2013年 公式戦初出場,FALSE,2015,2005002,https://npb.jp/bis/players/11815118.html
61465131,山田　修義,2010年 入団,FALSE,2015,2005002,https://npb.jp/bis/players/61465131.html
21825130,山﨑　福也,2015年 入団,FALSE,2015,2005002,https://npb.jp/bis/players/21825130.html
71675139,吉田　一将,2014年 公式戦初出場,FALSE,2015,2005002,https://npb.jp/bis/players/71675139.html
01605139,吉田　雄人,2017年 公式戦初出場,FALSE,2015,2005002,https://npb.jp/bis/players/01605139.html
41645139,若月　健矢,2014年 入団,FALSE,2015,2005002,https://npb.jp/bis/players/41645139.html
31135135,安達　了一,2012年 公式戦初出場,FALSE,2016,2005002,https://npb.jp/bis/players/31135135.html
91195132,青山　大紀,2016年 公式戦初出場,FALSE,2016,2005002,https://npb.jp/bis/players/91195132.html
01105132,赤間　謙,2016年 公式戦初出場,FALSE,2016,2005002,https://npb.jp/bis/players/01105132.html
91195119,糸井　嘉男,2007年 公式戦初出場,FALSE,2016,2005002,https://npb.jp/bis/players/91195119.html
81185116,伊藤　光,2008年 入団,FALSE,2016,2005002,https://npb.jp/bis/players/81185116.html
31335118,岩﨑　恭平,2009年 公式戦初出場,FALSE,2016,2005002,https://npb.jp/bis/players/31335118.html
01305116,大田　阿斗里,2008年 公式戦初出場,FALSE,2016,2005002,https://npb.jp/bis/players/01305116.html
81385139,大山　暁史,2014年 公式戦初出場,FALSE,2016,2005002,https://npb.jp/bis/players/81385139.html
71575139,奥浪　鏡,2016年 公式戦初出場,FALSE,2016,2005002,https://npb.jp/bis/players/71575139.html
31535130,小田　裕也,2015年 公式戦初出場,FALSE,2016,2005002,https://npb.jp/bis/players/31535130.html
11515132,大城　滉二,2016年 入団,FALSE,2016,2005002,https://npb.jp/bis/players/11515132.html
41345110,金子　千尋,2006年 公式戦初出場,FALSE,2016,2005002,https://npb.jp/bis/players/41345110.html
61365135,海田　智行,2012年 公式戦初出場,FALSE,2016,2005002,https://npb.jp/bis/players/61365135.html
41545135,川端　崇義,2012年 公式戦初出場,FALSE,2016,2005002,https://npb.jp/bis/players/41545135.html
61565132,角屋　龍太,2016年 公式戦初出場,FALSE,2016,2005002,https://npb.jp/bis/players/61565132.html
51755112,岸田　護,2006年 公式戦初出場,FALSE,2016,2005002,https://npb.jp/bis/players/51755112.html
21625137,Ｍ．クラーク,2013年 公式戦初出場,TRUE,2016,2005002,https://npb.jp/bis/players/21625137.html
91795115,近藤　一樹,2003年 公式戦初出場,FALSE,2016,2005002,https://npb.jp/bis/players/91795115.html
71975117,小谷野　栄一,2003年 公式戦初出場,FALSE,2016,2005002,https://npb.jp/bis/players/71975117.html
31935114,小松　聖,2007年 公式戦初出場,FALSE,2016,2005002,https://npb.jp/bis/players/31935114.html
91795135,小島　脩平,2012年 公式戦初出場,FALSE,2016,2005002,https://npb.jp/bis/players/91795135.html
81785132,近藤　大亮,2016年 公式戦初出場,FALSE,2016,2005002,https://npb.jp/bis/players/81785132.html
63365132,Ｅ．コーディエ,2016年 公式戦初出場,TRUE,2016,2005002,https://npb.jp/bis/players/63365132.html
71775110,齋藤　俊雄,2008年 公式戦初出場,FALSE,2016,2005002,https://npb.jp/bis/players/71775110.html
11915135,佐藤　達也,2012年 公式戦初出場,FALSE,2016,2005002,https://npb.jp/bis/players/11915135.html
51755137,佐藤　峻一,2016年 公式戦初出場,FALSE,2016,2005002,https://npb.jp/bis/players/51755137.html
11915130,齋藤　綱記,2015年 入団,FALSE,2016,2005002,https://npb.jp/bis/players/11915130.html
51955130,坂寄　晴一,2015年 公式戦初出場,FALSE,2016,2005002,https://npb.jp/bis/players/51955130.html
91995130,佐野　皓大,2018年 公式戦初出場,FALSE,2016,2005002,https://npb.jp/bis/players/91995130.html
71975116,白仁田　寛和,2011年 公式戦初出場,FALSE,2016,2005002,https://npb.jp/bis/players/71975116.html
81785133,駿太,2011年 公式戦初出場,FALSE,2016,2005002,https://npb.jp/bis/players/81785133.html
91995135,縞田　拓弥,2012年 公式戦初出場,FALSE,2016,2005002,https://npb.jp/bis/players/91995135.html
81985130,鈴木　優,2015年 公式戦初出場,FALSE,2016,2005002,https://npb.jp/bis/players/81985130.html
61965132,杉本　裕太郎,2016年 入団,FALSE,2016,2005002,https://npb.jp/bis/players/61965132.html
81985132,鈴木　昂平,2016年 公式戦初出場,FALSE,2016,2005002,https://npb.jp/bis/players/81985132.html
71975139,園部　聡,2016年 公式戦初出場,FALSE,2016,2005002,https://npb.jp/bis/players/71975139.html
81085114,田中　大輔,2007年 公式戦初出場,FALSE,2016,2005002,https://npb.jp/bis/players/81085114.html
91995137,武田　健吾,2013年 公式戦初出場,FALSE,2016,2005002,https://npb.jp/bis/players/91995137.html
51055130,髙木　伴,2015年 公式戦初出場,FALSE,2016,2005002,https://npb.jp/bis/players/51055130.html
61065133,塚原　頌平,2012年 公式戦初出場,FALSE,2016,2005002,https://npb.jp/bis/players/61065133.html
71275135,堤　裕貴,2013年 公式戦初出場,FALSE,2016,2005002,https://npb.jp/bis/players/71275135.html
61365112,Ｔ－岡田,2006年 公式戦初出場,FALSE,2016,2005002,https://npb.jp/bis/players/61365112.html
51855137,Ｂ．ディクソン,2013年 公式戦初出場,TRUE,2016,2005002,https://npb.jp/bis/players/51855137.html
11015137,戸田　亮,2013年 公式戦初出場,FALSE,2016,2005002,https://npb.jp/bis/players/11015137.html
11015139,東明　大貴,2014年 公式戦初出場,FALSE,2016,2005002,https://npb.jp/bis/players/11015139.html
01005113,中島　宏之,2002年 公式戦初出場,FALSE,2016,2005002,https://npb.jp/bis/players/01005113.html
91095110,中村　一生,2008年 公式戦初出場,FALSE,2016,2005002,https://npb.jp/bis/players/91095110.html
71275118,西　勇輝,2009年 入団,FALSE,2016,2005002,https://npb.jp/bis/players/71275118.html
91495130,西野　真弘,2015年 入団,FALSE,2016,2005002,https://npb.jp/bis/players/91495130.html
41445114,原　拓也,2007年 公式戦初出場,FALSE,2016,2005002,https://npb.jp/bis/players/41445114.html
81285112,平野　佳寿,2006年 入団,FALSE,2016,2005002,https://npb.jp/bis/players/81285112.html
81085131,比嘉　幹貴,2010年 公式戦初出場,FALSE,2016,2005002,https://npb.jp/bis/players/81085131.html
23125118,Ｔ．ブランコ,2009年 公式戦初出場,TRUE,2016,2005002,https://npb.jp/bis/players/23125118.html
61065137,伏見　寅威,2013年 入団,FALSE,2016,2005002,https://npb.jp/bis/players/61065137.html
43745132,Ｂ．ボグセビック,2016年 公式戦初出場,TRUE,2016,2005002,https://npb.jp/bis/players/43745132.html
21225137,松葉　貴大,2013年 入団,FALSE,2016,2005002,https://npb.jp/bis/players/21225137.html
41645133,宮﨑　祐樹,2012年 公式戦初出場,FALSE,2016,2005002,https://npb.jp/bis/players/41645133.html
93995132,Ｐ．ミッシュ,2016年 公式戦初出場,TRUE,2016,2005002,https://npb.jp/bis/players/93995132.html
11815130,宗　佑磨,2015年 入団,FALSE,2016,2005002,https://npb.jp/bis/players/11815130.html
21425137,森本　将太,2013年 公式戦初出場,FALSE,2016,2005002,https://npb.jp/bis/players/21425137.html
13915132,Ｂ．モレル,2016年 公式戦初出場,TRUE,2016,2005002,https://npb.jp/bis/players/13915132.html
71475113,山崎　勝己,2005年 公式戦初出場,FALSE,2016,2005002,https://npb.jp/bis/players/71475113.html
21625118,八木　亮祐,2012年 公式戦初出場,FALSE,2016,2005002,https://npb.jp/bis/players/21625118.html
61465131,山田　修義,2010年 入団,FALSE,2016,2005002,https://npb.jp/bis/players/61465131.html
21825130,山﨑　福也,2015年 入団,FALSE,2016,2005002,https://npb.jp/bis/players/21825130.html
71675139,吉田　一将,2014年 公式戦初出場,FALSE,2016,2005002,https://npb.jp/bis/players/71675139.html
01605139,吉田　雄人,2017年 公式戦初出場,FALSE,2016,2005002,https://npb.jp/bis/players/01605139.html
63165132,吉田　正尚,2016年 公式戦初出場,FALSE,2016,2005002,https://npb.jp/bis/players/63165132.html
13315132,吉田　凌,2017年 公式戦初出場,FALSE,2016,2005002,https://npb.jp/bis/players/13315132.html
41645139,若月　健矢,2014年 入団,FALSE,2016,2005002,https://npb.jp/bis/players/41645139.html
31135135,安達　了一,2012年 公式戦初出場,FALSE,2017,2005002,https://npb.jp/bis/players/31135135.html
91195132,青山　大紀,2016年 公式戦初出場,FALSE,2017,2005002,https://npb.jp/bis/players/91195132.html
01105132,赤間　謙,2016年 公式戦初出場,FALSE,2017,2005002,https://npb.jp/bis/players/01105132.html
81185116,伊藤　光,2008年 入団,FALSE,2017,2005002,https://npb.jp/bis/players/81185116.html
31335118,岩﨑　恭平,2009年 公式戦初出場,FALSE,2017,2005002,https://npb.jp/bis/players/31335118.html
71175134,飯田　大祐,2017年 公式戦初出場,FALSE,2017,2005002,https://npb.jp/bis/players/71175134.html
43345134,Ｍ．ウエスト,2017年 公式戦初出場,TRUE,2017,2005002,https://npb.jp/bis/players/43345134.html
81385139,大山　暁史,2014年 公式戦初出場,FALSE,2017,2005002,https://npb.jp/bis/players/81385139.html
71575139,奥浪　鏡,2016年 公式戦初出場,FALSE,2017,2005002,https://npb.jp/bis/players/71575139.html
31535130,小田　裕也,2015年 公式戦初出場,FALSE,2017,2005002,https://npb.jp/bis/players/31535130.html
11515132,大城　滉二,2016年 入団,FALSE,2017,2005002,https://npb.jp/bis/players/11515132.html
41345134,岡﨑　大輔,2017年 公式戦初出場,FALSE,2017,2005002,https://npb.jp/bis/players/41345134.html
41345110,金子　千尋,2006年 公式戦初出場,FALSE,2017,2005002,https://npb.jp/bis/players/41345110.html
61365135,海田　智行,2012年 公式戦初出場,FALSE,2017,2005002,https://npb.jp/bis/players/61365135.html
41545135,川端　崇義,2012年 公式戦初出場,FALSE,2017,2005002,https://npb.jp/bis/players/41545135.html
21525137,金田　和之,2014年 公式戦初出場,FALSE,2017,2005002,https://npb.jp/bis/players/21525137.html
61565132,角屋　龍太,2016年 公式戦初出場,FALSE,2017,2005002,https://npb.jp/bis/players/61565132.html
01505134,神戸　文也,2019年 公式戦初出場,FALSE,2017,2005002,https://npb.jp/bis/players/01505134.html
51755112,岸田　護,2006年 公式戦初出場,FALSE,2017,2005002,https://npb.jp/bis/players/51755112.html
51755134,黒木　優太,2017年 入団,FALSE,2017,2005002,https://npb.jp/bis/players/51755134.html
71975117,小谷野　栄一,2003年 公式戦初出場,FALSE,2017,2005002,https://npb.jp/bis/players/71975117.html
91795135,小島　脩平,2012年 公式戦初出場,FALSE,2017,2005002,https://npb.jp/bis/players/91795135.html
81785132,近藤　大亮,2016年 公式戦初出場,FALSE,2017,2005002,https://npb.jp/bis/players/81785132.html
21725134,小林　慶祐,2017年 公式戦初出場,FALSE,2017,2005002,https://npb.jp/bis/players/21725134.html
63565134,Ｐ．コーク,2017年 公式戦初出場,TRUE,2017,2005002,https://npb.jp/bis/players/63565134.html
11915135,佐藤　達也,2012年 公式戦初出場,FALSE,2017,2005002,https://npb.jp/bis/players/11915135.html
11915130,齋藤　綱記,2015年 入団,FALSE,2017,2005002,https://npb.jp/bis/players/11915130.html
91995130,佐野　皓大,2018年 公式戦初出場,FALSE,2017,2005002,https://npb.jp/bis/players/91995130.html
81785134,榊原　翼,2018年 公式戦初出場,FALSE,2017,2005002,https://npb.jp/bis/players/81785134.html
01905134,澤田　圭佑,2017年 入団,FALSE,2017,2005002,https://npb.jp/bis/players/01905134.html
81785133,駿太,2011年 公式戦初出場,FALSE,2017,2005002,https://npb.jp/bis/players/81785133.html
91995135,縞田　拓弥,2012年 公式戦初出場,FALSE,2017,2005002,https://npb.jp/bis/players/91995135.html
81985130,鈴木　優,2015年 公式戦初出場,FALSE,2017,2005002,https://npb.jp/bis/players/81985130.html
61965132,杉本　裕太郎,2016年 入団,FALSE,2017,2005002,https://npb.jp/bis/players/61965132.html
81985132,鈴木　昂平,2016年 公式戦初出場,FALSE,2017,2005002,https://npb.jp/bis/players/81985132.html
71975139,園部　聡,2016年 公式戦初出場,FALSE,2017,2005002,https://npb.jp/bis/players/71975139.html
91995137,武田　健吾,2013年 公式戦初出場,FALSE,2017,2005002,https://npb.jp/bis/players/91995137.html
51055130,髙木　伴,2015年 公式戦初出場,FALSE,2017,2005002,https://npb.jp/bis/players/51055130.html
41245134,張　奕,2019年 公式戦初出場,FALSE,2017,2005002,https://npb.jp/bis/players/41245134.html
61065133,塚原　頌平,2012年 公式戦初出場,FALSE,2017,2005002,https://npb.jp/bis/players/61065133.html
61365112,Ｔ－岡田,2006年 公式戦初出場,FALSE,2017,2005002,https://npb.jp/bis/players/61365112.html
51855137,Ｂ．ディクソン,2013年 公式戦初出場,TRUE,2017,2005002,https://npb.jp/bis/players/51855137.html
11015137,戸田　亮,2013年 公式戦初出場,FALSE,2017,2005002,https://npb.jp/bis/players/11015137.html
11015139,東明　大貴,2014年 公式戦初出場,FALSE,2017,2005002,https://npb.jp/bis/players/11015139.html
01005113,中島　宏之,2002年 公式戦初出場,FALSE,2017,2005002,https://npb.jp/bis/players/01005113.html
71275118,西　勇輝,2009年 入団,FALSE,2017,2005002,https://npb.jp/bis/players/71275118.html
91495130,西野　真弘,2015年 入団,FALSE,2017,2005002,https://npb.jp/bis/players/91495130.html
81285112,平野　佳寿,2006年 入団,FALSE,2017,2005002,https://npb.jp/bis/players/81285112.html
81085131,比嘉　幹貴,2010年 公式戦初出場,FALSE,2017,2005002,https://npb.jp/bis/players/81085131.html
61065137,伏見　寅威,2013年 入団,FALSE,2017,2005002,https://npb.jp/bis/players/61065137.html
83785134,Ｇ．ヘルメン,2017年 公式戦初出場,TRUE,2017,2005002,https://npb.jp/bis/players/83785134.html
21225137,松葉　貴大,2013年 入団,FALSE,2017,2005002,https://npb.jp/bis/players/21225137.html
33035134,Ｃ．マレーロ,2017年 公式戦初出場,TRUE,2017,2005002,https://npb.jp/bis/players/33035134.html
41645133,宮﨑　祐樹,2012年 公式戦初出場,FALSE,2017,2005002,https://npb.jp/bis/players/41645133.html
11815130,宗　佑磨,2015年 入団,FALSE,2017,2005002,https://npb.jp/bis/players/11815130.html
13915132,Ｂ．モレル,2016年 公式戦初出場,TRUE,2017,2005002,https://npb.jp/bis/players/13915132.html
71475113,山崎　勝己,2005年 公式戦初出場,FALSE,2017,2005002,https://npb.jp/bis/players/71475113.html
21625118,八木　亮祐,2012年 公式戦初出場,FALSE,2017,2005002,https://npb.jp/bis/players/21625118.html
61465131,山田　修義,2010年 入団,FALSE,2017,2005002,https://npb.jp/bis/players/61465131.html
21825130,山﨑　福也,2015年 入団,FALSE,2017,2005002,https://npb.jp/bis/players/21825130.html
83185134,山岡　泰輔,2017年 入団,FALSE,2017,2005002,https://npb.jp/bis/players/83185134.html
33335134,山﨑　颯一郎,2017年 入団,FALSE,2017,2005002,https://npb.jp/bis/players/33335134.html
53355134,山本　由伸,2017年 公式戦初出場,FALSE,2017,2005002,https://npb.jp/bis/players/53355134.html
71675139,吉田　一将,2014年 公式戦初出場,FALSE,2017,2005002,https://npb.jp/bis/players/71675139.html
01605139,吉田　雄人,2017年 公式戦初出場,FALSE,2017,2005002,https://npb.jp/bis/players/01605139.html
63165132,吉田　正尚,2016年 公式戦初出場,FALSE,2017,2005002,https://npb.jp/bis/players/63165132.html
13315132,吉田　凌,2017年 公式戦初出場,FALSE,2017,2005002,https://npb.jp/bis/players/13315132.html
73975134,Ｓ．ロメロ,2017年 公式戦初出場,TRUE,2017,2005002,https://npb.jp/bis/players/73975134.html
41645139,若月　健矢,2014年 入団,FALSE,2017,2005002,https://npb.jp/bis/players/41645139.html
31135135,安達　了一,2012年 公式戦初出場,FALSE,2018,2005002,https://npb.jp/bis/players/31135135.html
91195132,青山　大紀,2016年 公式戦初出場,FALSE,2018,2005002,https://npb.jp/bis/players/91195132.html
01105132,赤間　謙,2016年 公式戦初出場,FALSE,2018,2005002,https://npb.jp/bis/players/01105132.html
71175136,東　晃平,2018年 入団,FALSE,2018,2005002,https://npb.jp/bis/players/71175136.html
23325136,Ａ．アルバース,2018年 公式戦初出場,TRUE,2018,2005002,https://npb.jp/bis/players/23325136.html
81185116,伊藤　光,2008年 入団,FALSE,2018,2005002,https://npb.jp/bis/players/81185116.html
71375133,岩本　輝,2012年 公式戦初出場,FALSE,2018,2005002,https://npb.jp/bis/players/71375133.html
71175134,飯田　大祐,2017年 公式戦初出場,FALSE,2018,2005002,https://npb.jp/bis/players/71175134.html
81385139,大山　暁史,2014年 公式戦初出場,FALSE,2018,2005002,https://npb.jp/bis/players/81385139.html
31535130,小田　裕也,2015年 公式戦初出場,FALSE,2018,2005002,https://npb.jp/bis/players/31535130.html
11515132,大城　滉二,2016年 入団,FALSE,2018,2005002,https://npb.jp/bis/players/11515132.html
41345134,岡﨑　大輔,2017年 公式戦初出場,FALSE,2018,2005002,https://npb.jp/bis/players/41345134.html
41345110,金子　千尋,2006年 公式戦初出場,FALSE,2018,2005002,https://npb.jp/bis/players/41345110.html
61365135,海田　智行,2012年 公式戦初出場,FALSE,2018,2005002,https://npb.jp/bis/players/61365135.html
21525137,金田　和之,2014年 公式戦初出場,FALSE,2018,2005002,https://npb.jp/bis/players/21525137.html
01505134,神戸　文也,2019年 公式戦初出場,FALSE,2018,2005002,https://npb.jp/bis/players/01505134.html
51755112,岸田　護,2006年 公式戦初出場,FALSE,2018,2005002,https://npb.jp/bis/players/51755112.html
51755134,黒木　優太,2017年 入団,FALSE,2018,2005002,https://npb.jp/bis/players/51755134.html
51755136,Ｋ－鈴木,2018年 公式戦初出場,FALSE,2018,2005002,https://npb.jp/bis/players/51755136.html
71975117,小谷野　栄一,2003年 公式戦初出場,FALSE,2018,2005002,https://npb.jp/bis/players/71975117.html
81785133,後藤　駿太,2011年 公式戦初出場,FALSE,2018,2005002,https://npb.jp/bis/players/81785133.html
91795135,小島　脩平,2012年 公式戦初出場,FALSE,2018,2005002,https://npb.jp/bis/players/91795135.html
81785132,近藤　大亮,2016年 公式戦初出場,FALSE,2018,2005002,https://npb.jp/bis/players/81785132.html
21725134,小林　慶祐,2017年 公式戦初出場,FALSE,2018,2005002,https://npb.jp/bis/players/21725134.html
11915135,佐藤　達也,2012年 公式戦初出場,FALSE,2018,2005002,https://npb.jp/bis/players/11915135.html
11915130,齋藤　綱記,2015年 入団,FALSE,2018,2005002,https://npb.jp/bis/players/11915130.html
91995130,佐野　皓大,2018年 公式戦初出場,FALSE,2018,2005002,https://npb.jp/bis/players/91995130.html
81785134,榊原　翼,2018年 公式戦初出場,FALSE,2018,2005002,https://npb.jp/bis/players/81785134.html
01905134,澤田　圭佑,2017年 入団,FALSE,2018,2005002,https://npb.jp/bis/players/01905134.html
91995135,縞田　拓弥,2012年 公式戦初出場,FALSE,2018,2005002,https://npb.jp/bis/players/91995135.html
21725137,白崎　浩之,2013年 公式戦初出場,FALSE,2018,2005002,https://npb.jp/bis/players/21725137.html
81985130,鈴木　優,2015年 公式戦初出場,FALSE,2018,2005002,https://npb.jp/bis/players/81985130.html
61965132,杉本　裕太郎,2016年 入団,FALSE,2018,2005002,https://npb.jp/bis/players/61965132.html
81985132,鈴木　昂平,2016年 公式戦初出場,FALSE,2018,2005002,https://npb.jp/bis/players/81985132.html
71975139,園部　聡,2016年 公式戦初出場,FALSE,2018,2005002,https://npb.jp/bis/players/71975139.html
51055135,髙城　俊人,2012年 公式戦初出場,FALSE,2018,2005002,https://npb.jp/bis/players/51055135.html
91995137,武田　健吾,2013年 公式戦初出場,FALSE,2018,2005002,https://npb.jp/bis/players/91995137.html
41045136,田嶋　大樹,2018年 入団,FALSE,2018,2005002,https://npb.jp/bis/players/41045136.html
41245134,張　奕,2019年 公式戦初出場,FALSE,2018,2005002,https://npb.jp/bis/players/41245134.html
61065133,塚原　頌平,2012年 公式戦初出場,FALSE,2018,2005002,https://npb.jp/bis/players/61065133.html
61365112,Ｔ－岡田,2006年 公式戦初出場,FALSE,2018,2005002,https://npb.jp/bis/players/61365112.html
51855137,Ｂ．ディクソン,2013年 公式戦初出場,TRUE,2018,2005002,https://npb.jp/bis/players/51855137.html
11015137,戸田　亮,2013年 公式戦初出場,FALSE,2018,2005002,https://npb.jp/bis/players/11015137.html
11015139,東明　大貴,2014年 公式戦初出場,FALSE,2018,2005002,https://npb.jp/bis/players/11015139.html
01005113,中島　宏之,2002年 公式戦初出場,FALSE,2018,2005002,https://npb.jp/bis/players/01005113.html
71275118,西　勇輝,2009年 入団,FALSE,2018,2005002,https://npb.jp/bis/players/71275118.html
91495130,西野　真弘,2015年 入団,FALSE,2018,2005002,https://npb.jp/bis/players/91495130.html
31435136,西浦　颯大,2018年 公式戦初出場,FALSE,2018,2005002,https://npb.jp/bis/players/31435136.html
01405136,西村　凌,2018年 公式戦初出場,FALSE,2018,2005002,https://npb.jp/bis/players/01405136.html
81085131,比嘉　幹貴,2010年 公式戦初出場,FALSE,2018,2005002,https://npb.jp/bis/players/81085131.html
51655136,廣澤　伸哉,2020年 公式戦初出場,FALSE,2018,2005002,https://npb.jp/bis/players/51655136.html
61065137,伏見　寅威,2013年 入団,FALSE,2018,2005002,https://npb.jp/bis/players/61065137.html
01605136,福田　周平,2018年 公式戦初出場,FALSE,2018,2005002,https://npb.jp/bis/players/01605136.html
61665136,本田　仁海,2018年 入団,FALSE,2018,2005002,https://npb.jp/bis/players/61665136.html
81285131,増井　浩俊,2010年 公式戦初出場,FALSE,2018,2005002,https://npb.jp/bis/players/81285131.html
21225137,松葉　貴大,2013年 入団,FALSE,2018,2005002,https://npb.jp/bis/players/21225137.html
33035134,Ｃ．マレーロ,2017年 公式戦初出場,TRUE,2018,2005002,https://npb.jp/bis/players/33035134.html
41645133,宮﨑　祐樹,2012年 公式戦初出場,FALSE,2018,2005002,https://npb.jp/bis/players/41645133.html
11815130,宗　佑磨,2015年 入団,FALSE,2018,2005002,https://npb.jp/bis/players/11815130.html
71475113,山崎　勝己,2005年 公式戦初出場,FALSE,2018,2005002,https://npb.jp/bis/players/71475113.html
61465131,山田　修義,2010年 入団,FALSE,2018,2005002,https://npb.jp/bis/players/61465131.html
21825130,山﨑　福也,2015年 入団,FALSE,2018,2005002,https://npb.jp/bis/players/21825130.html
83185134,山岡　泰輔,2017年 入団,FALSE,2018,2005002,https://npb.jp/bis/players/83185134.html
33335134,山﨑　颯一郎,2017年 入団,FALSE,2018,2005002,https://npb.jp/bis/players/33335134.html
53355134,山本　由伸,2017年 公式戦初出場,FALSE,2018,2005002,https://npb.jp/bis/players/53355134.html
13115136,山足　達也,2018年 公式戦初出場,FALSE,2018,2005002,https://npb.jp/bis/players/13115136.html
71675139,吉田　一将,2014年 公式戦初出場,FALSE,2018,2005002,https://npb.jp/bis/players/71675139.html
01605139,吉田　雄人,2017年 公式戦初出場,FALSE,2018,2005002,https://npb.jp/bis/players/01605139.html
63165132,吉田　正尚,2016年 公式戦初出場,FALSE,2018,2005002,https://npb.jp/bis/players/63165132.html
13315132,吉田　凌,2017年 公式戦初出場,FALSE,2018,2005002,https://npb.jp/bis/players/13315132.html
73975134,Ｓ．ロメロ,2017年 公式戦初出場,TRUE,2018,2005002,https://npb.jp/bis/players/73975134.html
43945136,Ｄ．ローチ,2018年 公式戦初出場,TRUE,2018,2005002,https://npb.jp/bis/players/43945136.html
41645139,若月　健矢,2014年 入団,FALSE,2018,2005002,https://npb.jp/bis/players/41645139.html
31135135,安達　了一,2012年 公式戦初出場,FALSE,2019,2005002,https://npb.jp/bis/players/31135135.html
91195132,青山　大紀,2016年 公式戦初出場,FALSE,2019,2005002,https://npb.jp/bis/players/91195132.html
71175136,東　晃平,2018年 入団,FALSE,2019,2005002,https://npb.jp/bis/players/71175136.html
23325136,Ａ．アルバース,2018年 公式戦初出場,TRUE,2019,2005002,https://npb.jp/bis/players/23325136.html
51155138,荒西　祐大,2019年 公式戦初出場,FALSE,2019,2005002,https://npb.jp/bis/players/51155138.html
71375133,岩本　輝,2012年 公式戦初出場,FALSE,2019,2005002,https://npb.jp/bis/players/71375133.html
71175134,飯田　大祐,2017年 公式戦初出場,FALSE,2019,2005002,https://npb.jp/bis/players/71175134.html
11315138,漆原　大晟,2020年 公式戦初出場,FALSE,2019,2005002,https://npb.jp/bis/players/11315138.html
03105138,Ｔ．エップラー,2019年 公式戦初出場,TRUE,2019,2005002,https://npb.jp/bis/players/03105138.html
31535130,小田　裕也,2015年 公式戦初出場,FALSE,2019,2005002,https://npb.jp/bis/players/31535130.html
11515132,大城　滉二,2016年 入団,FALSE,2019,2005002,https://npb.jp/bis/players/11515132.html
41345134,岡﨑　大輔,2017年 公式戦初出場,FALSE,2019,2005002,https://npb.jp/bis/players/41345134.html
91395138,太田　椋,2019年 入団,FALSE,2019,2005002,https://npb.jp/bis/players/91395138.html
61365135,海田　智行,2012年 公式戦初出場,FALSE,2019,2005002,https://npb.jp/bis/players/61365135.html
21525137,金田　和之,2014年 公式戦初出場,FALSE,2019,2005002,https://npb.jp/bis/players/21525137.html
01505134,神戸　文也,2019年 公式戦初出場,FALSE,2019,2005002,https://npb.jp/bis/players/01505134.html
51755112,岸田　護,2006年 公式戦初出場,FALSE,2019,2005002,https://npb.jp/bis/players/51755112.html
51755138,宜保　翔,2019年 入団,FALSE,2019,2005002,https://npb.jp/bis/players/51755138.html
51755134,黒木　優太,2017年 入団,FALSE,2019,2005002,https://npb.jp/bis/players/51755134.html
51755136,Ｋ－鈴木,2018年 公式戦初出場,FALSE,2019,2005002,https://npb.jp/bis/players/51755136.html
81785133,後藤　駿太,2011年 公式戦初出場,FALSE,2019,2005002,https://npb.jp/bis/players/81785133.html
91795135,小島　脩平,2012年 公式戦初出場,FALSE,2019,2005002,https://npb.jp/bis/players/91795135.html
81785132,近藤　大亮,2016年 公式戦初出場,FALSE,2019,2005002,https://npb.jp/bis/players/81785132.html
21725134,小林　慶祐,2017年 公式戦初出場,FALSE,2019,2005002,https://npb.jp/bis/players/21725134.html
11915130,齋藤　綱記,2015年 入団,FALSE,2019,2005002,https://npb.jp/bis/players/11915130.html
91995130,佐野　皓大,2018年 公式戦初出場,FALSE,2019,2005002,https://npb.jp/bis/players/91995130.html
81785134,榊原　翼,2018年 公式戦初出場,FALSE,2019,2005002,https://npb.jp/bis/players/81785134.html
01905134,澤田　圭佑,2017年 入団,FALSE,2019,2005002,https://npb.jp/bis/players/01905134.html
21725137,白崎　浩之,2013年 公式戦初出場,FALSE,2019,2005002,https://npb.jp/bis/players/21725137.html
81985130,鈴木　優,2015年 公式戦初出場,FALSE,2019,2005002,https://npb.jp/bis/players/81985130.html
61965132,杉本　裕太郎,2016年 入団,FALSE,2019,2005002,https://npb.jp/bis/players/61965132.html
81985132,鈴木　昂平,2016年 公式戦初出場,FALSE,2019,2005002,https://npb.jp/bis/players/81985132.html
51055135,髙城　俊人,2012年 公式戦初出場,FALSE,2019,2005002,https://npb.jp/bis/players/51055135.html
91995137,武田　健吾,2013年 公式戦初出場,FALSE,2019,2005002,https://npb.jp/bis/players/91995137.html
21025132,竹安　大知,2017年 公式戦初出場,FALSE,2019,2005002,https://npb.jp/bis/players/21025132.html
41045136,田嶋　大樹,2018年 入団,FALSE,2019,2005002,https://npb.jp/bis/players/41045136.html
41245134,張　奕,2019年 公式戦初出場,FALSE,2019,2005002,https://npb.jp/bis/players/41245134.html
61065133,塚原　頌平,2012年 公式戦初出場,FALSE,2019,2005002,https://npb.jp/bis/players/61065133.html
61365112,Ｔ－岡田,2006年 公式戦初出場,FALSE,2019,2005002,https://npb.jp/bis/players/61365112.html
51855137,Ｂ．ディクソン,2013年 公式戦初出場,TRUE,2019,2005002,https://npb.jp/bis/players/51855137.html
11015139,東明　大貴,2014年 公式戦初出場,FALSE,2019,2005002,https://npb.jp/bis/players/11015139.html
61065138,富山　凌雅,2019年 入団,FALSE,2019,2005002,https://npb.jp/bis/players/61065138.html
81085138,頓宮　裕真,2019年 入団,FALSE,2019,2005002,https://npb.jp/bis/players/81085138.html
11015119,成瀬　善久,2006年 公式戦初出場,FALSE,2019,2005002,https://npb.jp/bis/players/11015119.html
51255138,中川　圭太,2019年 入団,FALSE,2019,2005002,https://npb.jp/bis/players/51255138.html
91495130,西野　真弘,2015年 入団,FALSE,2019,2005002,https://npb.jp/bis/players/91495130.html
31435136,西浦　颯大,2018年 公式戦初出場,FALSE,2019,2005002,https://npb.jp/bis/players/31435136.html
01405136,西村　凌,2018年 公式戦初出場,FALSE,2019,2005002,https://npb.jp/bis/players/01405136.html
81085131,比嘉　幹貴,2010年 公式戦初出場,FALSE,2019,2005002,https://npb.jp/bis/players/81085131.html
51655136,廣澤　伸哉,2020年 公式戦初出場,FALSE,2019,2005002,https://npb.jp/bis/players/51655136.html
61465138,左澤　優,2019年 公式戦初出場,FALSE,2019,2005002,https://npb.jp/bis/players/61465138.html
61065137,伏見　寅威,2013年 入団,FALSE,2019,2005002,https://npb.jp/bis/players/61065137.html
01605136,福田　周平,2018年 公式戦初出場,FALSE,2019,2005002,https://npb.jp/bis/players/01605136.html
61665136,本田　仁海,2018年 入団,FALSE,2019,2005002,https://npb.jp/bis/players/61665136.html
81285131,増井　浩俊,2010年 公式戦初出場,FALSE,2019,2005002,https://npb.jp/bis/players/81285131.html
51455131,松井　雅人,2010年 公式戦初出場,FALSE,2019,2005002,https://npb.jp/bis/players/51455131.html
71475131,松井　佑介,2010年 公式戦初出場,FALSE,2019,2005002,https://npb.jp/bis/players/71475131.html
21225137,松葉　貴大,2013年 入団,FALSE,2019,2005002,https://npb.jp/bis/players/21225137.html
33035134,Ｃ．マレーロ,2017年 公式戦初出場,TRUE,2019,2005002,https://npb.jp/bis/players/33035134.html
41645133,宮﨑　祐樹,2012年 公式戦初出場,FALSE,2019,2005002,https://npb.jp/bis/players/41645133.html
11815130,宗　佑磨,2015年 入団,FALSE,2019,2005002,https://npb.jp/bis/players/11815130.html
83385138,Ｊ．メネセス,2019年 公式戦初出場,TRUE,2019,2005002,https://npb.jp/bis/players/83385138.html
53755136,Ｓ．モヤ,2018年 公式戦初出場,TRUE,2019,2005002,https://npb.jp/bis/players/53755136.html
71475113,山崎　勝己,2005年 公式戦初出場,FALSE,2019,2005002,https://npb.jp/bis/players/71475113.html
61465131,山田　修義,2010年 入団,FALSE,2019,2005002,https://npb.jp/bis/players/61465131.html
21825130,山﨑　福也,2015年 入団,FALSE,2019,2005002,https://npb.jp/bis/players/21825130.html
83185134,山岡　泰輔,2017年 入団,FALSE,2019,2005002,https://npb.jp/bis/players/83185134.html
33335134,山﨑　颯一郎,2017年 入団,FALSE,2019,2005002,https://npb.jp/bis/players/33335134.html
53355134,山本　由伸,2017年 公式戦初出場,FALSE,2019,2005002,https://npb.jp/bis/players/53355134.html
13115136,山足　達也,2018年 公式戦初出場,FALSE,2019,2005002,https://npb.jp/bis/players/13115136.html
71675139,吉田　一将,2014年 公式戦初出場,FALSE,2019,2005002,https://npb.jp/bis/players/71675139.html
63165132,吉田　正尚,2016年 公式戦初出場,FALSE,2019,2005002,https://npb.jp/bis/players/63165132.html
13315132,吉田　凌,2017年 公式戦初出場,FALSE,2019,2005002,https://npb.jp/bis/players/13315132.html
73975134,Ｓ．ロメロ,2017年 公式戦初出場,TRUE,2019,2005002,https://npb.jp/bis/players/73975134.html
41645139,若月　健矢,2014年 入団,FALSE,2019,2005002,https://npb.jp/bis/players/41645139.html
31135135,安達　了一,2012年 公式戦初出場,FALSE,2020,2005002,https://npb.jp/bis/players/31135135.html
71175136,東　晃平,2018年 入団,FALSE,2020,2005002,https://npb.jp/bis/players/71175136.html
23325136,Ａ．アルバース,2018年 公式戦初出場,TRUE,2020,2005002,https://npb.jp/bis/players/23325136.html
51155138,荒西　祐大,2019年 公式戦初出場,FALSE,2020,2005002,https://npb.jp/bis/players/51155138.html
01105137,飯田　優也,2014年 公式戦初出場,FALSE,2020,2005002,https://npb.jp/bis/players/01105137.html
71175134,飯田　大祐,2017年 公式戦初出場,FALSE,2020,2005002,https://npb.jp/bis/players/71175134.html
11315138,漆原　大晟,2020年 公式戦初出場,FALSE,2020,2005002,https://npb.jp/bis/players/11315138.html
31535130,小田　裕也,2015年 公式戦初出場,FALSE,2020,2005002,https://npb.jp/bis/players/31535130.html
11515132,大城　滉二,2016年 入団,FALSE,2020,2005002,https://npb.jp/bis/players/11515132.html
41345134,岡﨑　大輔,2017年 公式戦初出場,FALSE,2020,2005002,https://npb.jp/bis/players/41345134.html
91395138,太田　椋,2019年 入団,FALSE,2020,2005002,https://npb.jp/bis/players/91395138.html
91595151,大下　誠一郎,2020年 公式戦初出場,FALSE,2020,2005002,https://npb.jp/bis/players/91595151.html
61365135,海田　智行,2012年 公式戦初出場,FALSE,2020,2005002,https://npb.jp/bis/players/61365135.html
21525137,金田　和之,2014年 公式戦初出場,FALSE,2020,2005002,https://npb.jp/bis/players/21525137.html
01505134,神戸　文也,2019年 公式戦初出場,FALSE,2020,2005002,https://npb.jp/bis/players/01505134.html
21725151,勝俣　翔貴,2020年 公式戦初出場,FALSE,2020,2005002,https://npb.jp/bis/players/21725151.html
51755138,宜保　翔,2019年 入団,FALSE,2020,2005002,https://npb.jp/bis/players/51755138.html
51755134,黒木　優太,2017年 入団,FALSE,2020,2005002,https://npb.jp/bis/players/51755134.html
91995151,紅林　弘太郎,2020年 入団,FALSE,2020,2005002,https://npb.jp/bis/players/91995151.html
51755136,Ｋ－鈴木,2018年 公式戦初出場,FALSE,2020,2005002,https://npb.jp/bis/players/51755136.html
81785133,後藤　駿太,2011年 公式戦初出場,FALSE,2020,2005002,https://npb.jp/bis/players/81785133.html
91795135,小島　脩平,2012年 公式戦初出場,FALSE,2020,2005002,https://npb.jp/bis/players/91795135.html
81785132,近藤　大亮,2016年 公式戦初出場,FALSE,2020,2005002,https://npb.jp/bis/players/81785132.html
21725134,小林　慶祐,2017年 公式戦初出場,FALSE,2020,2005002,https://npb.jp/bis/players/21725134.html
11915130,齋藤　綱記,2015年 入団,FALSE,2020,2005002,https://npb.jp/bis/players/11915130.html
91995130,佐野　皓大,2018年 公式戦初出場,FALSE,2020,2005002,https://npb.jp/bis/players/91995130.html
81785134,榊原　翼,2018年 公式戦初出場,FALSE,2020,2005002,https://npb.jp/bis/players/81785134.html
01905134,澤田　圭佑,2017年 入団,FALSE,2020,2005002,https://npb.jp/bis/players/01905134.html
51055151,佐藤　一磨,2020年 入団,FALSE,2020,2005002,https://npb.jp/bis/players/51055151.html
21725137,白崎　浩之,2013年 公式戦初出場,FALSE,2020,2005002,https://npb.jp/bis/players/21725137.html
73575151,Ａ．ジョーンズ,2020年 公式戦初出場,TRUE,2020,2005002,https://npb.jp/bis/players/73575151.html
81985130,鈴木　優,2015年 公式戦初出場,FALSE,2020,2005002,https://npb.jp/bis/players/81985130.html
61965132,杉本　裕太郎,2016年 入団,FALSE,2020,2005002,https://npb.jp/bis/players/61965132.html
21025132,竹安　大知,2017年 公式戦初出場,FALSE,2020,2005002,https://npb.jp/bis/players/21025132.html
41045136,田嶋　大樹,2018年 入団,FALSE,2020,2005002,https://npb.jp/bis/players/41045136.html
41245134,張　奕,2019年 公式戦初出場,FALSE,2020,2005002,https://npb.jp/bis/players/41245134.html
61365112,Ｔ－岡田,2006年 公式戦初出場,FALSE,2020,2005002,https://npb.jp/bis/players/61365112.html
51855137,Ｂ．ディクソン,2013年 公式戦初出場,TRUE,2020,2005002,https://npb.jp/bis/players/51855137.html
11015139,東明　大貴,2014年 公式戦初出場,FALSE,2020,2005002,https://npb.jp/bis/players/11015139.html
61065138,富山　凌雅,2019年 入団,FALSE,2020,2005002,https://npb.jp/bis/players/61065138.html
81085138,頓宮　裕真,2019年 入団,FALSE,2020,2005002,https://npb.jp/bis/players/81085138.html
51255138,中川　圭太,2019年 入団,FALSE,2020,2005002,https://npb.jp/bis/players/51255138.html
91495130,西野　真弘,2015年 入団,FALSE,2020,2005002,https://npb.jp/bis/players/91495130.html
31435136,西浦　颯大,2018年 公式戦初出場,FALSE,2020,2005002,https://npb.jp/bis/players/31435136.html
01405136,西村　凌,2018年 公式戦初出場,FALSE,2020,2005002,https://npb.jp/bis/players/01405136.html
81085131,比嘉　幹貴,2010年 公式戦初出場,FALSE,2020,2005002,https://npb.jp/bis/players/81085131.html
51655136,廣澤　伸哉,2020年 公式戦初出場,FALSE,2020,2005002,https://npb.jp/bis/players/51655136.html
61465138,左澤　優,2019年 公式戦初出場,FALSE,2020,2005002,https://npb.jp/bis/players/61465138.html
11615151,平野　大和,2023年 公式戦初出場,FALSE,2020,2005002,https://npb.jp/bis/players/11615151.html
03705151,Ｔ．ヒギンス,2020年 公式戦初出場,TRUE,2020,2005002,https://npb.jp/bis/players/03705151.html
61065137,伏見　寅威,2013年 入団,FALSE,2020,2005002,https://npb.jp/bis/players/61065137.html
01605136,福田　周平,2018年 公式戦初出場,FALSE,2020,2005002,https://npb.jp/bis/players/01605136.html
61665136,本田　仁海,2018年 入団,FALSE,2020,2005002,https://npb.jp/bis/players/61665136.html
81285131,増井　浩俊,2010年 公式戦初出場,FALSE,2020,2005002,https://npb.jp/bis/players/81285131.html
51455131,松井　雅人,2010年 公式戦初出場,FALSE,2020,2005002,https://npb.jp/bis/players/51455131.html
71475131,松井　佑介,2010年 公式戦初出場,FALSE,2020,2005002,https://npb.jp/bis/players/71475131.html
41645151,前　佑囲斗,2020年 入団,FALSE,2020,2005002,https://npb.jp/bis/players/41645151.html
71875151,宮城　大弥,2020年 入団,FALSE,2020,2005002,https://npb.jp/bis/players/71875151.html
11815130,宗　佑磨,2015年 入団,FALSE,2020,2005002,https://npb.jp/bis/players/11815130.html
41845151,村西　良太,2020年 公式戦初出場,FALSE,2020,2005002,https://npb.jp/bis/players/41845151.html
53755136,Ｓ．モヤ,2018年 公式戦初出場,TRUE,2020,2005002,https://npb.jp/bis/players/53755136.html
71475113,山崎　勝己,2005年 公式戦初出場,FALSE,2020,2005002,https://npb.jp/bis/players/71475113.html
61465131,山田　修義,2010年 入団,FALSE,2020,2005002,https://npb.jp/bis/players/61465131.html
21825130,山﨑　福也,2015年 入団,FALSE,2020,2005002,https://npb.jp/bis/players/21825130.html
83185134,山岡　泰輔,2017年 入団,FALSE,2020,2005002,https://npb.jp/bis/players/83185134.html
33335134,山﨑　颯一郎,2017年 入団,FALSE,2020,2005002,https://npb.jp/bis/players/33335134.html
53355134,山本　由伸,2017年 公式戦初出場,FALSE,2020,2005002,https://npb.jp/bis/players/53355134.html
13115136,山足　達也,2018年 公式戦初出場,FALSE,2020,2005002,https://npb.jp/bis/players/13115136.html
71675139,吉田　一将,2014年 公式戦初出場,FALSE,2020,2005002,https://npb.jp/bis/players/71675139.html
63165132,吉田　正尚,2016年 公式戦初出場,FALSE,2020,2005002,https://npb.jp/bis/players/63165132.html
13315132,吉田　凌,2017年 公式戦初出場,FALSE,2020,2005002,https://npb.jp/bis/players/13315132.html
13915151,Ａ．ロドリゲス,2020年 公式戦初出場,TRUE,2020,2005002,https://npb.jp/bis/players/13915151.html
41645139,若月　健矢,2014年 入団,FALSE,2020,2005002,https://npb.jp/bis/players/41645139.html
31135115,朝井　秀樹,2003年 公式戦初出場,FALSE,2010,2005003,https://npb.jp/bis/players/31135115.html
21125115,有銘　兼久,2003年 公式戦初出場,FALSE,2010,2005003,https://npb.jp/bis/players/21125115.html
91195112,青山　浩二,2006年 公式戦初出場,FALSE,2010,2005003,https://npb.jp/bis/players/91195112.html
01105111,岩隈　久志,2001年 公式戦初出場,FALSE,2010,2005003,https://npb.jp/bis/players/01105111.html
71175119,石川　賢,2004年 公式戦初出場,FALSE,2010,2005003,https://npb.jp/bis/players/71175119.html
81185112,井野　卓,2007年 公式戦初出場,FALSE,2010,2005003,https://npb.jp/bis/players/81185112.html
61165116,伊志嶺　忠,2008年 公式戦初出場,FALSE,2010,2005003,https://npb.jp/bis/players/61165116.html
01105118,井坂　亮平,2009年 公式戦初出場,FALSE,2010,2005003,https://npb.jp/bis/players/01105118.html
61165118,井上　雄介,2010年 公式戦初出場,FALSE,2010,2005003,https://npb.jp/bis/players/61165118.html
71375116,内村　賢介,2008年 公式戦初出場,FALSE,2010,2005003,https://npb.jp/bis/players/71375116.html
51355110,大廣　翔治,2007年 公式戦初出場,FALSE,2010,2005003,https://npb.jp/bis/players/51355110.html
81383888,川井　貴志,1999年 公式戦初出場,FALSE,2010,2005003,https://npb.jp/bis/players/81383888.html
31735113,鎌田　祐哉,2001年 公式戦初出場,FALSE,2010,2005003,https://npb.jp/bis/players/31735113.html
81385119,川岸　強,2004年 公式戦初出場,FALSE,2010,2005003,https://npb.jp/bis/players/81385119.html
31535112,片山　博視,2008年 公式戦初出場,FALSE,2010,2005003,https://npb.jp/bis/players/31535112.html
11715112,河田　寿司,2006年 公式戦初出場,FALSE,2010,2005003,https://npb.jp/bis/players/11715112.html
01505118,辛島　航,2009年 入団,FALSE,2010,2005003,https://npb.jp/bis/players/01505118.html
71375112,銀次,2010年 公式戦初出場,FALSE,2010,2005003,https://npb.jp/bis/players/71375112.html
71775112,木谷　寿巳,2008年 公式戦初出場,FALSE,2010,2005003,https://npb.jp/bis/players/71775112.html
41545116,菊池　保則,2010年 公式戦初出場,FALSE,2010,2005003,https://npb.jp/bis/players/41545116.html
01705112,草野　大輔,2006年 公式戦初出場,FALSE,2010,2005003,https://npb.jp/bis/players/01705112.html
81585118,楠城　祐介,2010年 公式戦初出場,FALSE,2010,2005003,https://npb.jp/bis/players/81585118.html
91393880,憲史,1996年 公式戦初出場,FALSE,2010,2005003,https://npb.jp/bis/players/91393880.html
41543884,小坂　誠,1997年 公式戦初出場,FALSE,2010,2005003,https://npb.jp/bis/players/41543884.html
81583884,小山　伸一郎,1999年 公式戦初出場,FALSE,2010,2005003,https://npb.jp/bis/players/81583884.html
21725131,小関　翔太,2014年 公式戦初出場,FALSE,2010,2005003,https://npb.jp/bis/players/21725131.html
91595111,佐竹　健太,2000年 公式戦初出場,FALSE,2010,2005003,https://npb.jp/bis/players/91595111.html
41745110,塩川　達也,2006年 公式戦初出場,FALSE,2010,2005003,https://npb.jp/bis/players/41745110.html
01905114,嶋　基宏,2007年 公式戦初出場,FALSE,2010,2005003,https://npb.jp/bis/players/01905114.html
01605118,丈武,2009年 公式戦初出場,FALSE,2010,2005003,https://npb.jp/bis/players/01605118.html
41743886,高須　洋介,1998年 公式戦初出場,FALSE,2010,2005003,https://npb.jp/bis/players/41743886.html
11215114,田中　将大,2007年 入団,FALSE,2010,2005003,https://npb.jp/bis/players/11215114.html
31935131,高堀　和也,2012年 公式戦初出場,FALSE,2010,2005003,https://npb.jp/bis/players/31935131.html
21925131,土屋　朋弘,2010年 公式戦初出場,FALSE,2010,2005003,https://npb.jp/bis/players/21925131.html
31035113,鉄平,2004年 公式戦初出場,FALSE,2010,2005003,https://npb.jp/bis/players/31035113.html
61065112,栂野　雅史,2006年 公式戦初出場,FALSE,2010,2005003,https://npb.jp/bis/players/61065112.html
81985131,戸村　健次,2010年 公式戦初出場,FALSE,2010,2005003,https://npb.jp/bis/players/81985131.html
21023885,中村　紀洋,1992年 公式戦初出場,FALSE,2010,2005003,https://npb.jp/bis/players/21023885.html
01003886,中谷　仁,2002年 公式戦初出場,FALSE,2010,2005003,https://npb.jp/bis/players/01003886.html
21225117,中島　俊哉,2004年 公式戦初出場,FALSE,2010,2005003,https://npb.jp/bis/players/21225117.html
21225114,永井　怜,2007年 公式戦初出場,FALSE,2010,2005003,https://npb.jp/bis/players/21225114.html
81285114,中村　真人,2008年 公式戦初出場,FALSE,2010,2005003,https://npb.jp/bis/players/81285114.html
41045118,中川　大志,2010年 公式戦初出場,FALSE,2010,2005003,https://npb.jp/bis/players/41045118.html
71275112,西村　弥,2006年 公式戦初出場,FALSE,2010,2005003,https://npb.jp/bis/players/71275112.html
41045131,西田　哲朗,2011年 公式戦初出場,FALSE,2010,2005003,https://npb.jp/bis/players/41045131.html
01205116,長谷部　康平,2008年 公式戦初出場,FALSE,2010,2005003,https://npb.jp/bis/players/01205116.html
91295110,平石　洋介,2005年 公式戦初出場,FALSE,2010,2005003,https://npb.jp/bis/players/91295110.html
61265116,聖澤　諒,2008年 公式戦初出場,FALSE,2010,2005003,https://npb.jp/bis/players/61265116.html
41943880,福盛　和男,1995年 公式戦初出場,FALSE,2010,2005003,https://npb.jp/bis/players/41943880.html
51053888,藤井　彰人,1999年 公式戦初出場,FALSE,2010,2005003,https://npb.jp/bis/players/51053888.html
81485118,藤原　紘通,2009年 公式戦初出場,FALSE,2010,2005003,https://npb.jp/bis/players/81485118.html
53555118,Ａ．フィリップス,2009年 公式戦初出場,TRUE,2010,2005003,https://npb.jp/bis/players/53555118.html
41043882,松本　輝,2000年 公式戦初出場,FALSE,2010,2005003,https://npb.jp/bis/players/41043882.html
61265113,牧田　明久,2005年 公式戦初出場,FALSE,2010,2005003,https://npb.jp/bis/players/61265113.html
81485112,枡田　慎太郎,2007年 公式戦初出場,FALSE,2010,2005003,https://npb.jp/bis/players/81485112.html
31635112,松崎　伸吾,2006年 公式戦初出場,FALSE,2010,2005003,https://npb.jp/bis/players/31635112.html
31233882,宮出　隆自,1998年 公式戦初出場,FALSE,2010,2005003,https://npb.jp/bis/players/31233882.html
03105131,Ｊ．モリーヨ,2010年 公式戦初出場,TRUE,2010,2005003,https://npb.jp/bis/players/03105131.html
01303868,山﨑　武司,1989年 公式戦初出場,FALSE,2010,2005003,https://npb.jp/bis/players/01303868.html
21023889,藪　恵壹,1994年 公式戦初出場,FALSE,2010,2005003,https://npb.jp/bis/players/21023889.html
81083880,山村　宏樹,1997年 公式戦初出場,FALSE,2010,2005003,https://npb.jp/bis/players/81083880.html
01805114,横川　史学,2008年 公式戦初出場,FALSE,2010,2005003,https://npb.jp/bis/players/01805114.html
83185118,Ｄ．ラズナー,2009年 公式戦初出場,TRUE,2010,2005003,https://npb.jp/bis/players/83185118.html
33535118,Ｔ．リンデン,2009年 公式戦初出場,TRUE,2010,2005003,https://npb.jp/bis/players/33535118.html
33335131,Ｒ．ルイーズ,2010年 公式戦初出場,TRUE,2010,2005003,https://npb.jp/bis/players/33335131.html
51655110,渡邉　恒樹,2005年 公式戦初出場,FALSE,2010,2005003,https://npb.jp/bis/players/51655110.html
81885114,渡辺　直人,2007年 公式戦初出場,FALSE,2010,2005003,https://npb.jp/bis/players/81885114.html
21125115,有銘　兼久,2003年 公式戦初出場,FALSE,2011,2005003,https://npb.jp/bis/players/21125115.html
91195112,青山　浩二,2006年 公式戦初出場,FALSE,2011,2005003,https://npb.jp/bis/players/91195112.html
71175133,阿部　俊人,2011年 公式戦初出場,FALSE,2011,2005003,https://npb.jp/bis/players/71175133.html
11313884,岩村　明憲,1998年 公式戦初出場,FALSE,2011,2005003,https://npb.jp/bis/players/11313884.html
01105111,岩隈　久志,2001年 公式戦初出場,FALSE,2011,2005003,https://npb.jp/bis/players/01105111.html
81185112,井野　卓,2007年 公式戦初出場,FALSE,2011,2005003,https://npb.jp/bis/players/81185112.html
61165116,伊志嶺　忠,2008年 公式戦初出場,FALSE,2011,2005003,https://npb.jp/bis/players/61165116.html
01105118,井坂　亮平,2009年 公式戦初出場,FALSE,2011,2005003,https://npb.jp/bis/players/01105118.html
61165118,井上　雄介,2010年 公式戦初出場,FALSE,2011,2005003,https://npb.jp/bis/players/61165118.html
71375116,内村　賢介,2008年 公式戦初出場,FALSE,2011,2005003,https://npb.jp/bis/players/71375116.html
41345133,榎本　葵,2012年 公式戦初出場,FALSE,2011,2005003,https://npb.jp/bis/players/41345133.html
11515113,岡本　真或,2001年 公式戦初出場,FALSE,2011,2005003,https://npb.jp/bis/players/11515113.html
51355110,大廣　翔治,2007年 公式戦初出場,FALSE,2011,2005003,https://npb.jp/bis/players/51355110.html
81383888,川井　貴志,1999年 公式戦初出場,FALSE,2011,2005003,https://npb.jp/bis/players/81383888.html
31735113,鎌田　祐哉,2001年 公式戦初出場,FALSE,2011,2005003,https://npb.jp/bis/players/31735113.html
81385119,川岸　強,2004年 公式戦初出場,FALSE,2011,2005003,https://npb.jp/bis/players/81385119.html
31535112,片山　博視,2008年 公式戦初出場,FALSE,2011,2005003,https://npb.jp/bis/players/31535112.html
11715112,河田　寿司,2006年 公式戦初出場,FALSE,2011,2005003,https://npb.jp/bis/players/11715112.html
01505118,辛島　航,2009年 入団,FALSE,2011,2005003,https://npb.jp/bis/players/01505118.html
73775133,Ｌ．ガルシア,2011年 公式戦初出場,TRUE,2011,2005003,https://npb.jp/bis/players/73775133.html
71375112,銀次,2010年 公式戦初出場,FALSE,2011,2005003,https://npb.jp/bis/players/71375112.html
71775112,木谷　寿巳,2008年 公式戦初出場,FALSE,2011,2005003,https://npb.jp/bis/players/71775112.html
41545116,菊池　保則,2010年 公式戦初出場,FALSE,2011,2005003,https://npb.jp/bis/players/41545116.html
01705112,草野　大輔,2006年 公式戦初出場,FALSE,2011,2005003,https://npb.jp/bis/players/01705112.html
81585118,楠城　祐介,2010年 公式戦初出場,FALSE,2011,2005003,https://npb.jp/bis/players/81585118.html
81583884,小山　伸一郎,1999年 公式戦初出場,FALSE,2011,2005003,https://npb.jp/bis/players/81583884.html
21725131,小関　翔太,2014年 公式戦初出場,FALSE,2011,2005003,https://npb.jp/bis/players/21725131.html
91595111,佐竹　健太,2000年 公式戦初出場,FALSE,2011,2005003,https://npb.jp/bis/players/91595111.html
71775119,佐藤　充,2004年 公式戦初出場,FALSE,2011,2005003,https://npb.jp/bis/players/71775119.html
83585133,Ｒ．サンチェス,2011年 公式戦初出場,TRUE,2011,2005003,https://npb.jp/bis/players/83585133.html
41745110,塩川　達也,2006年 公式戦初出場,FALSE,2011,2005003,https://npb.jp/bis/players/41745110.html
01905114,嶋　基宏,2007年 公式戦初出場,FALSE,2011,2005003,https://npb.jp/bis/players/01905114.html
01605118,丈武,2009年 公式戦初出場,FALSE,2011,2005003,https://npb.jp/bis/players/01605118.html
11015133,塩見　貴洋,2011年 公式戦初出場,FALSE,2011,2005003,https://npb.jp/bis/players/11015133.html
43545133,Ｒ．スパイアー,2011年 公式戦初出場,TRUE,2011,2005003,https://npb.jp/bis/players/43545133.html
41743886,高須　洋介,1998年 公式戦初出場,FALSE,2011,2005003,https://npb.jp/bis/players/41743886.html
11215114,田中　将大,2007年 入団,FALSE,2011,2005003,https://npb.jp/bis/players/11215114.html
31935131,高堀　和也,2012年 公式戦初出場,FALSE,2011,2005003,https://npb.jp/bis/players/31935131.html
21925131,土屋　朋弘,2010年 公式戦初出場,FALSE,2011,2005003,https://npb.jp/bis/players/21925131.html
31035113,鉄平,2004年 公式戦初出場,FALSE,2011,2005003,https://npb.jp/bis/players/31035113.html
61065112,栂野　雅史,2006年 公式戦初出場,FALSE,2011,2005003,https://npb.jp/bis/players/61065112.html
81985131,戸村　健次,2010年 公式戦初出場,FALSE,2011,2005003,https://npb.jp/bis/players/81985131.html
01003886,中谷　仁,2002年 公式戦初出場,FALSE,2011,2005003,https://npb.jp/bis/players/01003886.html
21225117,中島　俊哉,2004年 公式戦初出場,FALSE,2011,2005003,https://npb.jp/bis/players/21225117.html
21225114,永井　怜,2007年 公式戦初出場,FALSE,2011,2005003,https://npb.jp/bis/players/21225114.html
81285114,中村　真人,2008年 公式戦初出場,FALSE,2011,2005003,https://npb.jp/bis/players/81285114.html
41045118,中川　大志,2010年 公式戦初出場,FALSE,2011,2005003,https://npb.jp/bis/players/41045118.html
71275112,西村　弥,2006年 公式戦初出場,FALSE,2011,2005003,https://npb.jp/bis/players/71275112.html
41045131,西田　哲朗,2011年 公式戦初出場,FALSE,2011,2005003,https://npb.jp/bis/players/41045131.html
01205116,長谷部　康平,2008年 公式戦初出場,FALSE,2011,2005003,https://npb.jp/bis/players/01205116.html
91295110,平石　洋介,2005年 公式戦初出場,FALSE,2011,2005003,https://npb.jp/bis/players/91295110.html
61265116,聖澤　諒,2008年 公式戦初出場,FALSE,2011,2005003,https://npb.jp/bis/players/61265116.html
53355133,Ｋ．ヒメネス,2011年 公式戦初出場,TRUE,2011,2005003,https://npb.jp/bis/players/53355133.html
81485118,藤原　紘通,2009年 公式戦初出場,FALSE,2011,2005003,https://npb.jp/bis/players/81485118.html
81983889,松井　稼頭央,1995年 公式戦初出場,FALSE,2011,2005003,https://npb.jp/bis/players/81983889.html
41043882,松本　輝,2000年 公式戦初出場,FALSE,2011,2005003,https://npb.jp/bis/players/41043882.html
61265113,牧田　明久,2005年 公式戦初出場,FALSE,2011,2005003,https://npb.jp/bis/players/61265113.html
81485112,枡田　慎太郎,2007年 公式戦初出場,FALSE,2011,2005003,https://npb.jp/bis/players/81485112.html
31635112,松崎　伸吾,2006年 公式戦初出場,FALSE,2011,2005003,https://npb.jp/bis/players/31635112.html
01605133,美馬　学,2011年 公式戦初出場,FALSE,2011,2005003,https://npb.jp/bis/players/01605133.html
03105131,Ｊ．モリーヨ,2010年 公式戦初出場,TRUE,2011,2005003,https://npb.jp/bis/players/03105131.html
01303868,山﨑　武司,1989年 公式戦初出場,FALSE,2011,2005003,https://npb.jp/bis/players/01303868.html
81083880,山村　宏樹,1997年 公式戦初出場,FALSE,2011,2005003,https://npb.jp/bis/players/81083880.html
01805114,横川　史学,2008年 公式戦初出場,FALSE,2011,2005003,https://npb.jp/bis/players/01805114.html
83185118,Ｄ．ラズナー,2009年 公式戦初出場,TRUE,2011,2005003,https://npb.jp/bis/players/83185118.html
33335131,Ｒ．ルイーズ,2010年 公式戦初出場,TRUE,2011,2005003,https://npb.jp/bis/players/33335131.html
21125115,有銘　兼久,2003年 公式戦初出場,FALSE,2012,2005003,https://npb.jp/bis/players/21125115.html
91195112,青山　浩二,2006年 公式戦初出場,FALSE,2012,2005003,https://npb.jp/bis/players/91195112.html
71175133,阿部　俊人,2011年 公式戦初出場,FALSE,2012,2005003,https://npb.jp/bis/players/71175133.html
11313884,岩村　明憲,1998年 公式戦初出場,FALSE,2012,2005003,https://npb.jp/bis/players/11313884.html
01105119,稲田　直人,2006年 公式戦初出場,FALSE,2012,2005003,https://npb.jp/bis/players/01105119.html
81185112,井野　卓,2007年 公式戦初出場,FALSE,2012,2005003,https://npb.jp/bis/players/81185112.html
61165116,伊志嶺　忠,2008年 公式戦初出場,FALSE,2012,2005003,https://npb.jp/bis/players/61165116.html
01105118,井坂　亮平,2009年 公式戦初出場,FALSE,2012,2005003,https://npb.jp/bis/players/01105118.html
61165118,井上　雄介,2010年 公式戦初出場,FALSE,2012,2005003,https://npb.jp/bis/players/61165118.html
51355114,上園　啓史,2007年 公式戦初出場,FALSE,2012,2005003,https://npb.jp/bis/players/51355114.html
71375116,内村　賢介,2008年 公式戦初出場,FALSE,2012,2005003,https://npb.jp/bis/players/71375116.html
41345133,榎本　葵,2012年 公式戦初出場,FALSE,2012,2005003,https://npb.jp/bis/players/41345133.html
11515112,小山　桂司,2008年 公式戦初出場,FALSE,2012,2005003,https://npb.jp/bis/players/11515112.html
21325135,岡島　豪郎,2012年 公式戦初出場,FALSE,2012,2005003,https://npb.jp/bis/players/21325135.html
81383888,川井　貴志,1999年 公式戦初出場,FALSE,2012,2005003,https://npb.jp/bis/players/81383888.html
21525117,加藤　大輔,2003年 公式戦初出場,FALSE,2012,2005003,https://npb.jp/bis/players/21525117.html
81385119,川岸　強,2004年 公式戦初出場,FALSE,2012,2005003,https://npb.jp/bis/players/81385119.html
11515119,川島　亮,2004年 公式戦初出場,FALSE,2012,2005003,https://npb.jp/bis/players/11515119.html
31535112,片山　博視,2008年 公式戦初出場,FALSE,2012,2005003,https://npb.jp/bis/players/31535112.html
11715112,河田　寿司,2006年 公式戦初出場,FALSE,2012,2005003,https://npb.jp/bis/players/11715112.html
01505118,辛島　航,2009年 入団,FALSE,2012,2005003,https://npb.jp/bis/players/01505118.html
73775133,Ｌ．ガルシア,2011年 公式戦初出場,TRUE,2012,2005003,https://npb.jp/bis/players/73775133.html
31535135,釜田　佳直,2012年 公式戦初出場,FALSE,2012,2005003,https://npb.jp/bis/players/31535135.html
71375112,銀次,2010年 公式戦初出場,FALSE,2012,2005003,https://npb.jp/bis/players/71375112.html
41545116,菊池　保則,2010年 公式戦初出場,FALSE,2012,2005003,https://npb.jp/bis/players/41545116.html
11715135,北川　倫太郎,2015年 公式戦初出場,FALSE,2012,2005003,https://npb.jp/bis/players/11715135.html
01705112,草野　大輔,2006年 公式戦初出場,FALSE,2012,2005003,https://npb.jp/bis/players/01705112.html
81583884,小山　伸一郎,1999年 公式戦初出場,FALSE,2012,2005003,https://npb.jp/bis/players/81583884.html
41745112,小斉　祐輔,2006年 公式戦初出場,FALSE,2012,2005003,https://npb.jp/bis/players/41745112.html
21725131,小関　翔太,2014年 公式戦初出場,FALSE,2012,2005003,https://npb.jp/bis/players/21725131.html
91595111,佐竹　健太,2000年 公式戦初出場,FALSE,2012,2005003,https://npb.jp/bis/players/91595111.html
91795110,定岡　卓摩,2012年 公式戦初出場,FALSE,2012,2005003,https://npb.jp/bis/players/91795110.html
81283883,下柳　剛,1991年 公式戦初出場,FALSE,2012,2005003,https://npb.jp/bis/players/81283883.html
01905114,嶋　基宏,2007年 公式戦初出場,FALSE,2012,2005003,https://npb.jp/bis/players/01905114.html
11015133,塩見　貴洋,2011年 公式戦初出場,FALSE,2012,2005003,https://npb.jp/bis/players/11015133.html
71975135,島内　宏明,2012年 公式戦初出場,FALSE,2012,2005003,https://npb.jp/bis/players/71975135.html
41743886,高須　洋介,1998年 公式戦初出場,FALSE,2012,2005003,https://npb.jp/bis/players/41743886.html
11215114,田中　将大,2007年 入団,FALSE,2012,2005003,https://npb.jp/bis/players/11215114.html
31935131,高堀　和也,2012年 公式戦初出場,FALSE,2012,2005003,https://npb.jp/bis/players/31935131.html
43545135,Ｂ．ダックワース,2012年 公式戦初出場,TRUE,2012,2005003,https://npb.jp/bis/players/43545135.html
21925131,土屋　朋弘,2010年 公式戦初出場,FALSE,2012,2005003,https://npb.jp/bis/players/21925131.html
31035113,鉄平,2004年 公式戦初出場,FALSE,2012,2005003,https://npb.jp/bis/players/31035113.html
53155135,Ｌ．テレーロ,2012年 公式戦初出場,TRUE,2012,2005003,https://npb.jp/bis/players/53155135.html
81985131,戸村　健次,2010年 公式戦初出場,FALSE,2012,2005003,https://npb.jp/bis/players/81985131.html
21225117,中島　俊哉,2004年 公式戦初出場,FALSE,2012,2005003,https://npb.jp/bis/players/21225117.html
21225114,永井　怜,2007年 公式戦初出場,FALSE,2012,2005003,https://npb.jp/bis/players/21225114.html
81285114,中村　真人,2008年 公式戦初出場,FALSE,2012,2005003,https://npb.jp/bis/players/81285114.html
41045118,中川　大志,2010年 公式戦初出場,FALSE,2012,2005003,https://npb.jp/bis/players/41045118.html
71275112,西村　弥,2006年 公式戦初出場,FALSE,2012,2005003,https://npb.jp/bis/players/71275112.html
41045131,西田　哲朗,2011年 公式戦初出場,FALSE,2012,2005003,https://npb.jp/bis/players/41045131.html
51255110,橋本　義隆,2005年 公式戦初出場,FALSE,2012,2005003,https://npb.jp/bis/players/51255110.html
01205116,長谷部　康平,2008年 公式戦初出場,FALSE,2012,2005003,https://npb.jp/bis/players/01205116.html
93395131,Ｂ．ハーパー,2010年 公式戦初出場,TRUE,2012,2005003,https://npb.jp/bis/players/93395131.html
63365135,Ｊ．ハウザー,2012年 公式戦初出場,TRUE,2012,2005003,https://npb.jp/bis/players/63365135.html
61265116,聖澤　諒,2008年 公式戦初出場,FALSE,2012,2005003,https://npb.jp/bis/players/61265116.html
53355133,Ｋ．ヒメネス,2011年 公式戦初出場,TRUE,2012,2005003,https://npb.jp/bis/players/53355133.html
03305117,Ｊ．フェルナンデス,2003年 公式戦初出場,TRUE,2012,2005003,https://npb.jp/bis/players/03305117.html
21225110,藤田　一也,2005年 公式戦初出場,FALSE,2012,2005003,https://npb.jp/bis/players/21225110.html
81485118,藤原　紘通,2009年 公式戦初出場,FALSE,2012,2005003,https://npb.jp/bis/players/81485118.html
81983889,松井　稼頭央,1995年 公式戦初出場,FALSE,2012,2005003,https://npb.jp/bis/players/81983889.html
61265113,牧田　明久,2005年 公式戦初出場,FALSE,2012,2005003,https://npb.jp/bis/players/61265113.html
81485112,枡田　慎太郎,2007年 公式戦初出場,FALSE,2012,2005003,https://npb.jp/bis/players/81485112.html
01605133,美馬　学,2011年 公式戦初出場,FALSE,2012,2005003,https://npb.jp/bis/players/01605133.html
11815135,三好　匠,2013年 公式戦初出場,FALSE,2012,2005003,https://npb.jp/bis/players/11815135.html
31835135,武藤　好貴,2012年 公式戦初出場,FALSE,2012,2005003,https://npb.jp/bis/players/31835135.html
81083880,山村　宏樹,1997年 公式戦初出場,FALSE,2012,2005003,https://npb.jp/bis/players/81083880.html
01805114,横川　史学,2008年 公式戦初出場,FALSE,2012,2005003,https://npb.jp/bis/players/01805114.html
83185118,Ｄ．ラズナー,2009年 公式戦初出場,TRUE,2012,2005003,https://npb.jp/bis/players/83185118.html
91195112,青山　浩二,2006年 公式戦初出場,FALSE,2013,2005003,https://npb.jp/bis/players/91195112.html
71175133,阿部　俊人,2011年 公式戦初出場,FALSE,2013,2005003,https://npb.jp/bis/players/71175133.html
81185114,岩﨑　達郎,2008年 公式戦初出場,FALSE,2013,2005003,https://npb.jp/bis/players/81185114.html
61165116,伊志嶺　忠,2008年 公式戦初出場,FALSE,2013,2005003,https://npb.jp/bis/players/61165116.html
01105118,井坂　亮平,2009年 公式戦初出場,FALSE,2013,2005003,https://npb.jp/bis/players/01105118.html
61165118,井上　雄介,2010年 公式戦初出場,FALSE,2013,2005003,https://npb.jp/bis/players/61165118.html
51355114,上園　啓史,2007年 公式戦初出場,FALSE,2013,2005003,https://npb.jp/bis/players/51355114.html
41345133,榎本　葵,2012年 公式戦初出場,FALSE,2013,2005003,https://npb.jp/bis/players/41345133.html
11515112,小山　桂司,2008年 公式戦初出場,FALSE,2013,2005003,https://npb.jp/bis/players/11515112.html
21325135,岡島　豪郎,2012年 公式戦初出場,FALSE,2013,2005003,https://npb.jp/bis/players/21325135.html
21325137,大塚　尚仁,2015年 公式戦初出場,FALSE,2013,2005003,https://npb.jp/bis/players/21325137.html
81383888,川井　貴志,1999年 公式戦初出場,FALSE,2013,2005003,https://npb.jp/bis/players/81383888.html
21525117,加藤　大輔,2003年 公式戦初出場,FALSE,2013,2005003,https://npb.jp/bis/players/21525117.html
31535112,片山　博視,2008年 公式戦初出場,FALSE,2013,2005003,https://npb.jp/bis/players/31535112.html
11715112,河田　寿司,2006年 公式戦初出場,FALSE,2013,2005003,https://npb.jp/bis/players/11715112.html
31735114,金刃　憲人,2007年 公式戦初出場,FALSE,2013,2005003,https://npb.jp/bis/players/31735114.html
01505118,辛島　航,2009年 入団,FALSE,2013,2005003,https://npb.jp/bis/players/01505118.html
31535135,釜田　佳直,2012年 公式戦初出場,FALSE,2013,2005003,https://npb.jp/bis/players/31535135.html
71375112,銀次,2010年 公式戦初出場,FALSE,2013,2005003,https://npb.jp/bis/players/71375112.html
41545116,菊池　保則,2010年 公式戦初出場,FALSE,2013,2005003,https://npb.jp/bis/players/41545116.html
11715135,北川　倫太郎,2015年 公式戦初出場,FALSE,2013,2005003,https://npb.jp/bis/players/11715135.html
81583884,小山　伸一郎,1999年 公式戦初出場,FALSE,2013,2005003,https://npb.jp/bis/players/81583884.html
41745112,小斉　祐輔,2006年 公式戦初出場,FALSE,2013,2005003,https://npb.jp/bis/players/41745112.html
21725131,小関　翔太,2014年 公式戦初出場,FALSE,2013,2005003,https://npb.jp/bis/players/21725131.html
61563885,斎藤　隆,1992年 公式戦初出場,FALSE,2013,2005003,https://npb.jp/bis/players/61563885.html
91795110,定岡　卓摩,2012年 公式戦初出場,FALSE,2013,2005003,https://npb.jp/bis/players/91795110.html
01905114,嶋　基宏,2007年 公式戦初出場,FALSE,2013,2005003,https://npb.jp/bis/players/01905114.html
11015133,塩見　貴洋,2011年 公式戦初出場,FALSE,2013,2005003,https://npb.jp/bis/players/11015133.html
71975135,島内　宏明,2012年 公式戦初出場,FALSE,2013,2005003,https://npb.jp/bis/players/71975135.html
71775137,島井　寛仁,2018年 公式戦初出場,FALSE,2013,2005003,https://npb.jp/bis/players/71775137.html
01705137,下妻　貴寛,2014年 公式戦初出場,FALSE,2013,2005003,https://npb.jp/bis/players/01705137.html
81685137,Ａ．ジョーンズ,2013年 公式戦初出場,TRUE,2013,2005003,https://npb.jp/bis/players/81685137.html
41743886,高須　洋介,1998年 公式戦初出場,FALSE,2013,2005003,https://npb.jp/bis/players/41743886.html
11215114,田中　将大,2007年 入団,FALSE,2013,2005003,https://npb.jp/bis/players/11215114.html
31935131,高堀　和也,2012年 公式戦初出場,FALSE,2013,2005003,https://npb.jp/bis/players/31935131.html
43545135,Ｂ．ダックワース,2012年 公式戦初出場,TRUE,2013,2005003,https://npb.jp/bis/players/43545135.html
21925131,土屋　朋弘,2010年 公式戦初出場,FALSE,2013,2005003,https://npb.jp/bis/players/21925131.html
31035113,鉄平,2004年 公式戦初出場,FALSE,2013,2005003,https://npb.jp/bis/players/31035113.html
81985131,戸村　健次,2010年 公式戦初出場,FALSE,2013,2005003,https://npb.jp/bis/players/81985131.html
21225117,中島　俊哉,2004年 公式戦初出場,FALSE,2013,2005003,https://npb.jp/bis/players/21225117.html
21225114,永井　怜,2007年 公式戦初出場,FALSE,2013,2005003,https://npb.jp/bis/players/21225114.html
41045118,中川　大志,2010年 公式戦初出場,FALSE,2013,2005003,https://npb.jp/bis/players/41045118.html
81085118,仲澤　広基,2013年 公式戦初出場,FALSE,2013,2005003,https://npb.jp/bis/players/81085118.html
71275112,西村　弥,2006年 公式戦初出場,FALSE,2013,2005003,https://npb.jp/bis/players/71275112.html
41045131,西田　哲朗,2011年 公式戦初出場,FALSE,2013,2005003,https://npb.jp/bis/players/41045131.html
51055137,則本　昂大,2013年 入団,FALSE,2013,2005003,https://npb.jp/bis/players/51055137.html
51255110,橋本　義隆,2005年 公式戦初出場,FALSE,2013,2005003,https://npb.jp/bis/players/51255110.html
01205116,長谷部　康平,2008年 公式戦初出場,FALSE,2013,2005003,https://npb.jp/bis/players/01205116.html
63365135,Ｊ．ハウザー,2012年 公式戦初出場,TRUE,2013,2005003,https://npb.jp/bis/players/63365135.html
61265116,聖澤　諒,2008年 公式戦初出場,FALSE,2013,2005003,https://npb.jp/bis/players/61265116.html
21225110,藤田　一也,2005年 公式戦初出場,FALSE,2013,2005003,https://npb.jp/bis/players/21225110.html
81485118,藤原　紘通,2009年 公式戦初出場,FALSE,2013,2005003,https://npb.jp/bis/players/81485118.html
71475133,福山　博之,2011年 公式戦初出場,FALSE,2013,2005003,https://npb.jp/bis/players/71475133.html
41043888,星野　智樹,1999年 公式戦初出場,FALSE,2013,2005003,https://npb.jp/bis/players/41043888.html
81983889,松井　稼頭央,1995年 公式戦初出場,FALSE,2013,2005003,https://npb.jp/bis/players/81983889.html
61265113,牧田　明久,2005年 公式戦初出場,FALSE,2013,2005003,https://npb.jp/bis/players/61265113.html
81485112,枡田　慎太郎,2007年 公式戦初出場,FALSE,2013,2005003,https://npb.jp/bis/players/81485112.html
21825137,Ｃ．マギー,2013年 公式戦初出場,TRUE,2013,2005003,https://npb.jp/bis/players/21825137.html
01605133,美馬　学,2011年 公式戦初出場,FALSE,2013,2005003,https://npb.jp/bis/players/01605133.html
11815135,三好　匠,2013年 公式戦初出場,FALSE,2013,2005003,https://npb.jp/bis/players/11815135.html
31435137,宮川　将,2013年 公式戦初出場,FALSE,2013,2005003,https://npb.jp/bis/players/31435137.html
31835135,武藤　好貴,2012年 公式戦初出場,FALSE,2013,2005003,https://npb.jp/bis/players/31835135.html
41645112,森山　周,2006年 公式戦初出場,FALSE,2013,2005003,https://npb.jp/bis/players/41645112.html
91495137,森　雄大,2014年 公式戦初出場,FALSE,2013,2005003,https://npb.jp/bis/players/91495137.html
83185118,Ｄ．ラズナー,2009年 公式戦初出場,TRUE,2013,2005003,https://npb.jp/bis/players/83185118.html
73375137,Ｋ．レイ,2013年 公式戦初出場,TRUE,2013,2005003,https://npb.jp/bis/players/73375137.html
91195112,青山　浩二,2006年 公式戦初出場,FALSE,2014,2005003,https://npb.jp/bis/players/91195112.html
71175118,有馬　翔,2013年 公式戦初出場,FALSE,2014,2005003,https://npb.jp/bis/players/71175118.html
71175133,阿部　俊人,2011年 公式戦初出場,FALSE,2014,2005003,https://npb.jp/bis/players/71175133.html
31135139,相沢　晋,2015年 公式戦初出場,FALSE,2014,2005003,https://npb.jp/bis/players/31135139.html
51155139,相原　和友,2014年 公式戦初出場,FALSE,2014,2005003,https://npb.jp/bis/players/51155139.html
81185114,岩﨑　達郎,2008年 公式戦初出場,FALSE,2014,2005003,https://npb.jp/bis/players/81185114.html
61165116,伊志嶺　忠,2008年 公式戦初出場,FALSE,2014,2005003,https://npb.jp/bis/players/61165116.html
01105118,井坂　亮平,2009年 公式戦初出場,FALSE,2014,2005003,https://npb.jp/bis/players/01105118.html
51355114,上園　啓史,2007年 公式戦初出場,FALSE,2014,2005003,https://npb.jp/bis/players/51355114.html
01305139,内田　靖人,2014年 公式戦初出場,FALSE,2014,2005003,https://npb.jp/bis/players/01305139.html
41345133,榎本　葵,2012年 公式戦初出場,FALSE,2014,2005003,https://npb.jp/bis/players/41345133.html
43545139,Ｎ．エバンス,2014年 公式戦初出場,TRUE,2014,2005003,https://npb.jp/bis/players/43545139.html
11515112,小山　桂司,2008年 公式戦初出場,FALSE,2014,2005003,https://npb.jp/bis/players/11515112.html
21325135,岡島　豪郎,2012年 公式戦初出場,FALSE,2014,2005003,https://npb.jp/bis/players/21325135.html
21325137,大塚　尚仁,2015年 公式戦初出場,FALSE,2014,2005003,https://npb.jp/bis/players/21325137.html
81383888,川井　貴志,1999年 公式戦初出場,FALSE,2014,2005003,https://npb.jp/bis/players/81383888.html
31535112,片山　博視,2008年 公式戦初出場,FALSE,2014,2005003,https://npb.jp/bis/players/31535112.html
31735114,金刃　憲人,2007年 公式戦初出場,FALSE,2014,2005003,https://npb.jp/bis/players/31735114.html
01505118,辛島　航,2009年 入団,FALSE,2014,2005003,https://npb.jp/bis/players/01505118.html
31535135,釜田　佳直,2012年 公式戦初出場,FALSE,2014,2005003,https://npb.jp/bis/players/31535135.html
71375112,銀次,2010年 公式戦初出場,FALSE,2014,2005003,https://npb.jp/bis/players/71375112.html
41545116,菊池　保則,2010年 公式戦初出場,FALSE,2014,2005003,https://npb.jp/bis/players/41545116.html
11715135,北川　倫太郎,2015年 公式戦初出場,FALSE,2014,2005003,https://npb.jp/bis/players/11715135.html
33535139,Ｒ．クルーズ,2014年 公式戦初出場,TRUE,2014,2005003,https://npb.jp/bis/players/33535139.html
81583884,小山　伸一郎,1999年 公式戦初出場,FALSE,2014,2005003,https://npb.jp/bis/players/81583884.html
71775115,後藤　光尊,2002年 公式戦初出場,FALSE,2014,2005003,https://npb.jp/bis/players/71775115.html
41745112,小斉　祐輔,2006年 公式戦初出場,FALSE,2014,2005003,https://npb.jp/bis/players/41745112.html
21725131,小関　翔太,2014年 公式戦初出場,FALSE,2014,2005003,https://npb.jp/bis/players/21725131.html
21725139,今野　龍太,2014年 入団,FALSE,2014,2005003,https://npb.jp/bis/players/21725139.html
61563885,斎藤　隆,1992年 公式戦初出場,FALSE,2014,2005003,https://npb.jp/bis/players/61563885.html
01905114,嶋　基宏,2007年 公式戦初出場,FALSE,2014,2005003,https://npb.jp/bis/players/01905114.html
11015133,塩見　貴洋,2011年 公式戦初出場,FALSE,2014,2005003,https://npb.jp/bis/players/11015133.html
71975135,島内　宏明,2012年 公式戦初出場,FALSE,2014,2005003,https://npb.jp/bis/players/71975135.html
71775137,島井　寛仁,2018年 公式戦初出場,FALSE,2014,2005003,https://npb.jp/bis/players/71775137.html
01705137,下妻　貴寛,2014年 公式戦初出場,FALSE,2014,2005003,https://npb.jp/bis/players/01705137.html
81685137,Ａ．ジョーンズ,2013年 公式戦初出場,TRUE,2014,2005003,https://npb.jp/bis/players/81685137.html
31935131,高堀　和也,2012年 公式戦初出場,FALSE,2014,2005003,https://npb.jp/bis/players/31935131.html
81985131,戸村　健次,2010年 公式戦初出場,FALSE,2014,2005003,https://npb.jp/bis/players/81985131.html
21225117,中島　俊哉,2004年 公式戦初出場,FALSE,2014,2005003,https://npb.jp/bis/players/21225117.html
21225114,永井　怜,2007年 公式戦初出場,FALSE,2014,2005003,https://npb.jp/bis/players/21225114.html
41045118,中川　大志,2010年 公式戦初出場,FALSE,2014,2005003,https://npb.jp/bis/players/41045118.html
81085118,仲澤　広基,2013年 公式戦初出場,FALSE,2014,2005003,https://npb.jp/bis/players/81085118.html
71275112,西村　弥,2006年 公式戦初出場,FALSE,2014,2005003,https://npb.jp/bis/players/71275112.html
41045131,西田　哲朗,2011年 公式戦初出場,FALSE,2014,2005003,https://npb.jp/bis/players/41045131.html
21025139,西宮　悠介,2014年 公式戦初出場,FALSE,2014,2005003,https://npb.jp/bis/players/21025139.html
51055137,則本　昂大,2013年 入団,FALSE,2014,2005003,https://npb.jp/bis/players/51055137.html
01205116,長谷部　康平,2008年 公式戦初出場,FALSE,2014,2005003,https://npb.jp/bis/players/01205116.html
81085139,濱矢　廣大,2014年 公式戦初出場,FALSE,2014,2005003,https://npb.jp/bis/players/81085139.html
61265116,聖澤　諒,2008年 公式戦初出場,FALSE,2014,2005003,https://npb.jp/bis/players/61265116.html
21225110,藤田　一也,2005年 公式戦初出場,FALSE,2014,2005003,https://npb.jp/bis/players/21225110.html
03105118,Ｂ．ファルケンボーグ,2009年 公式戦初出場,TRUE,2014,2005003,https://npb.jp/bis/players/03105118.html
71475133,福山　博之,2011年 公式戦初出場,FALSE,2014,2005003,https://npb.jp/bis/players/71475133.html
41245139,古川　侑利,2014年 公式戦初出場,FALSE,2014,2005003,https://npb.jp/bis/players/41245139.html
73175139,Ｔ．ブラックリー,2014年 公式戦初出場,TRUE,2014,2005003,https://npb.jp/bis/players/73175139.html
23325139,Ｌ．ファンミル,2014年 公式戦初出場,TRUE,2014,2005003,https://npb.jp/bis/players/23325139.html
43145135,Ｊ．ボウカー,2012年 公式戦初出場,TRUE,2014,2005003,https://npb.jp/bis/players/43145135.html
81983889,松井　稼頭央,1995年 公式戦初出場,FALSE,2014,2005003,https://npb.jp/bis/players/81983889.html
61265113,牧田　明久,2005年 公式戦初出場,FALSE,2014,2005003,https://npb.jp/bis/players/61265113.html
81485112,枡田　慎太郎,2007年 公式戦初出場,FALSE,2014,2005003,https://npb.jp/bis/players/81485112.html
81285139,松井　裕樹,2014年 公式戦初出場,FALSE,2014,2005003,https://npb.jp/bis/players/81285139.html
01605133,美馬　学,2011年 公式戦初出場,FALSE,2014,2005003,https://npb.jp/bis/players/01605133.html
11815135,三好　匠,2013年 公式戦初出場,FALSE,2014,2005003,https://npb.jp/bis/players/11815135.html
31435137,宮川　将,2013年 公式戦初出場,FALSE,2014,2005003,https://npb.jp/bis/players/31435137.html
31835135,武藤　好貴,2012年 公式戦初出場,FALSE,2014,2005003,https://npb.jp/bis/players/31835135.html
41645112,森山　周,2006年 公式戦初出場,FALSE,2014,2005003,https://npb.jp/bis/players/41645112.html
91495137,森　雄大,2014年 公式戦初出場,FALSE,2014,2005003,https://npb.jp/bis/players/91495137.html
83185139,Ｋ．ユーキリス,2014年 公式戦初出場,TRUE,2014,2005003,https://npb.jp/bis/players/83185139.html
51655139,横山　貴明,2014年 公式戦初出場,FALSE,2014,2005003,https://npb.jp/bis/players/51655139.html
73575139,Ｚ．ラッツ,2014年 公式戦初出場,TRUE,2014,2005003,https://npb.jp/bis/players/73575139.html
91195112,青山　浩二,2006年 公式戦初出場,FALSE,2015,2005003,https://npb.jp/bis/players/91195112.html
71175133,阿部　俊人,2011年 公式戦初出場,FALSE,2015,2005003,https://npb.jp/bis/players/71175133.html
31135139,相沢　晋,2015年 公式戦初出場,FALSE,2015,2005003,https://npb.jp/bis/players/31135139.html
51155139,相原　和友,2014年 公式戦初出場,FALSE,2015,2005003,https://npb.jp/bis/players/51155139.html
71175130,安樂　智大,2015年 公式戦初出場,FALSE,2015,2005003,https://npb.jp/bis/players/71175130.html
81185114,岩﨑　達郎,2008年 公式戦初出場,FALSE,2015,2005003,https://npb.jp/bis/players/81185114.html
61165116,伊志嶺　忠,2008年 公式戦初出場,FALSE,2015,2005003,https://npb.jp/bis/players/61165116.html
31335130,伊東　亮大,2015年 公式戦初出場,FALSE,2015,2005003,https://npb.jp/bis/players/31335130.html
51355130,入野　貴大,2015年 公式戦初出場,FALSE,2015,2005003,https://npb.jp/bis/players/51355130.html
81185110,梅津　智弘,2005年 公式戦初出場,FALSE,2015,2005003,https://npb.jp/bis/players/81185110.html
51355114,上園　啓史,2007年 公式戦初出場,FALSE,2015,2005003,https://npb.jp/bis/players/51355114.html
01305139,内田　靖人,2014年 公式戦初出場,FALSE,2015,2005003,https://npb.jp/bis/players/01305139.html
03105130,Ｚ．ウィーラー,2015年 公式戦初出場,TRUE,2015,2005003,https://npb.jp/bis/players/03105130.html
41345133,榎本　葵,2012年 公式戦初出場,FALSE,2015,2005003,https://npb.jp/bis/players/41345133.html
11515112,小山　桂司,2008年 公式戦初出場,FALSE,2015,2005003,https://npb.jp/bis/players/11515112.html
21325135,岡島　豪郎,2012年 公式戦初出場,FALSE,2015,2005003,https://npb.jp/bis/players/21325135.html
21325137,大塚　尚仁,2015年 公式戦初出場,FALSE,2015,2005003,https://npb.jp/bis/players/21325137.html
51555130,小野　郁,2015年 入団,FALSE,2015,2005003,https://npb.jp/bis/players/51555130.html
81383888,川井　貴志,1999年 公式戦初出場,FALSE,2015,2005003,https://npb.jp/bis/players/81383888.html
31535112,片山　博視,2008年 公式戦初出場,FALSE,2015,2005003,https://npb.jp/bis/players/31535112.html
31735114,金刃　憲人,2007年 公式戦初出場,FALSE,2015,2005003,https://npb.jp/bis/players/31735114.html
01505118,辛島　航,2009年 入団,FALSE,2015,2005003,https://npb.jp/bis/players/01505118.html
31535135,釜田　佳直,2012年 公式戦初出場,FALSE,2015,2005003,https://npb.jp/bis/players/31535135.html
61565130,加藤　正志,2015年 公式戦初出場,FALSE,2015,2005003,https://npb.jp/bis/players/61565130.html
71375112,銀次,2010年 公式戦初出場,FALSE,2015,2005003,https://npb.jp/bis/players/71375112.html
41545116,菊池　保則,2010年 公式戦初出場,FALSE,2015,2005003,https://npb.jp/bis/players/41545116.html
11715135,北川　倫太郎,2015年 公式戦初出場,FALSE,2015,2005003,https://npb.jp/bis/players/11715135.html
33535139,Ｒ．クルーズ,2014年 公式戦初出場,TRUE,2015,2005003,https://npb.jp/bis/players/33535139.html
81583884,小山　伸一郎,1999年 公式戦初出場,FALSE,2015,2005003,https://npb.jp/bis/players/81583884.html
71775115,後藤　光尊,2002年 公式戦初出場,FALSE,2015,2005003,https://npb.jp/bis/players/71775115.html
41745112,小斉　祐輔,2006年 公式戦初出場,FALSE,2015,2005003,https://npb.jp/bis/players/41745112.html
21725131,小関　翔太,2014年 公式戦初出場,FALSE,2015,2005003,https://npb.jp/bis/players/21725131.html
21725139,今野　龍太,2014年 入団,FALSE,2015,2005003,https://npb.jp/bis/players/21725139.html
61563885,斎藤　隆,1992年 公式戦初出場,FALSE,2015,2005003,https://npb.jp/bis/players/61563885.html
33335130,Ｇ．サンチェス,2015年 公式戦初出場,TRUE,2015,2005003,https://npb.jp/bis/players/33335130.html
01905114,嶋　基宏,2007年 公式戦初出場,FALSE,2015,2005003,https://npb.jp/bis/players/01905114.html
11015133,塩見　貴洋,2011年 公式戦初出場,FALSE,2015,2005003,https://npb.jp/bis/players/11015133.html
71975135,島内　宏明,2012年 公式戦初出場,FALSE,2015,2005003,https://npb.jp/bis/players/71975135.html
71775137,島井　寛仁,2018年 公式戦初出場,FALSE,2015,2005003,https://npb.jp/bis/players/71775137.html
01705137,下妻　貴寛,2014年 公式戦初出場,FALSE,2015,2005003,https://npb.jp/bis/players/01705137.html
31935131,高堀　和也,2012年 公式戦初出場,FALSE,2015,2005003,https://npb.jp/bis/players/31935131.html
81985131,戸村　健次,2010年 公式戦初出場,FALSE,2015,2005003,https://npb.jp/bis/players/81985131.html
21225114,永井　怜,2007年 公式戦初出場,FALSE,2015,2005003,https://npb.jp/bis/players/21225114.html
41045118,中川　大志,2010年 公式戦初出場,FALSE,2015,2005003,https://npb.jp/bis/players/41045118.html
71275112,西村　弥,2006年 公式戦初出場,FALSE,2015,2005003,https://npb.jp/bis/players/71275112.html
41045131,西田　哲朗,2011年 公式戦初出場,FALSE,2015,2005003,https://npb.jp/bis/players/41045131.html
21025139,西宮　悠介,2014年 公式戦初出場,FALSE,2015,2005003,https://npb.jp/bis/players/21025139.html
51055137,則本　昂大,2013年 入団,FALSE,2015,2005003,https://npb.jp/bis/players/51055137.html
01205116,長谷部　康平,2008年 公式戦初出場,FALSE,2015,2005003,https://npb.jp/bis/players/01205116.html
63365135,Ｊ．ハウザー,2012年 公式戦初出場,TRUE,2015,2005003,https://npb.jp/bis/players/63365135.html
81085139,濱矢　廣大,2014年 公式戦初出場,FALSE,2015,2005003,https://npb.jp/bis/players/81085139.html
61265116,聖澤　諒,2008年 公式戦初出場,FALSE,2015,2005003,https://npb.jp/bis/players/61265116.html
21225110,藤田　一也,2005年 公式戦初出場,FALSE,2015,2005003,https://npb.jp/bis/players/21225110.html
61465118,藤江　均,2009年 公式戦初出場,FALSE,2015,2005003,https://npb.jp/bis/players/61465118.html
71475133,福山　博之,2011年 公式戦初出場,FALSE,2015,2005003,https://npb.jp/bis/players/71475133.html
41245139,古川　侑利,2014年 公式戦初出場,FALSE,2015,2005003,https://npb.jp/bis/players/41245139.html
81485130,フェルナンド,2015年 公式戦初出場,FALSE,2015,2005003,https://npb.jp/bis/players/81485130.html
11615130,福田　将儀,2015年 公式戦初出場,FALSE,2015,2005003,https://npb.jp/bis/players/11615130.html
93195135,Ｗ．ペーニャ,2012年 公式戦初出場,TRUE,2015,2005003,https://npb.jp/bis/players/93195135.html
81983889,松井　稼頭央,1995年 公式戦初出場,FALSE,2015,2005003,https://npb.jp/bis/players/81983889.html
61265113,牧田　明久,2005年 公式戦初出場,FALSE,2015,2005003,https://npb.jp/bis/players/61265113.html
81485112,枡田　慎太郎,2007年 公式戦初出場,FALSE,2015,2005003,https://npb.jp/bis/players/81485112.html
81285139,松井　裕樹,2014年 公式戦初出場,FALSE,2015,2005003,https://npb.jp/bis/players/81285139.html
01605133,美馬　学,2011年 公式戦初出場,FALSE,2015,2005003,https://npb.jp/bis/players/01605133.html
11815135,三好　匠,2013年 公式戦初出場,FALSE,2015,2005003,https://npb.jp/bis/players/11815135.html
83185135,Ｋ．ミコライオ,2012年 公式戦初出場,TRUE,2015,2005003,https://npb.jp/bis/players/83185135.html
31435137,宮川　将,2013年 公式戦初出場,FALSE,2015,2005003,https://npb.jp/bis/players/31435137.html
31835135,武藤　好貴,2012年 公式戦初出場,FALSE,2015,2005003,https://npb.jp/bis/players/31835135.html
13915130,Ａ．ムリーロ,2015年 公式戦初出場,TRUE,2015,2005003,https://npb.jp/bis/players/13915130.html
41645112,森山　周,2006年 公式戦初出場,FALSE,2015,2005003,https://npb.jp/bis/players/41645112.html
91495137,森　雄大,2014年 公式戦初出場,FALSE,2015,2005003,https://npb.jp/bis/players/91495137.html
51453888,山﨑　浩司,2003年 公式戦初出場,FALSE,2015,2005003,https://npb.jp/bis/players/51453888.html
71875130,八百板　卓丸,2018年 公式戦初出場,FALSE,2015,2005003,https://npb.jp/bis/players/71875130.html
01605117,横山　徹也,2008年 公式戦初出場,FALSE,2015,2005003,https://npb.jp/bis/players/01605117.html
51655139,横山　貴明,2014年 公式戦初出場,FALSE,2015,2005003,https://npb.jp/bis/players/51655139.html
73375137,Ｋ．レイ,2013年 公式戦初出場,TRUE,2015,2005003,https://npb.jp/bis/players/73375137.html
91195112,青山　浩二,2006年 公式戦初出場,FALSE,2016,2005003,https://npb.jp/bis/players/91195112.html
71175133,阿部　俊人,2011年 公式戦初出場,FALSE,2016,2005003,https://npb.jp/bis/players/71175133.html
31135139,相沢　晋,2015年 公式戦初出場,FALSE,2016,2005003,https://npb.jp/bis/players/31135139.html
51155139,相原　和友,2014年 公式戦初出場,FALSE,2016,2005003,https://npb.jp/bis/players/51155139.html
71175130,安樂　智大,2015年 公式戦初出場,FALSE,2016,2005003,https://npb.jp/bis/players/71175130.html
41145132,足立　祐一,2016年 公式戦初出場,FALSE,2016,2005003,https://npb.jp/bis/players/41145132.html
23325132,Ｊ．アマダー,2016年 公式戦初出場,TRUE,2016,2005003,https://npb.jp/bis/players/23325132.html
01305115,今江　敏晃,2002年 公式戦初出場,FALSE,2016,2005003,https://npb.jp/bis/players/01305115.html
81185114,岩﨑　達郎,2008年 公式戦初出場,FALSE,2016,2005003,https://npb.jp/bis/players/81185114.html
61165116,伊志嶺　忠,2008年 公式戦初出場,FALSE,2016,2005003,https://npb.jp/bis/players/61165116.html
31335130,伊東　亮大,2015年 公式戦初出場,FALSE,2016,2005003,https://npb.jp/bis/players/31335130.html
51355130,入野　貴大,2015年 公式戦初出場,FALSE,2016,2005003,https://npb.jp/bis/players/51355130.html
71375132,石橋　良太,2016年 公式戦初出場,FALSE,2016,2005003,https://npb.jp/bis/players/71375132.html
01305139,内田　靖人,2014年 公式戦初出場,FALSE,2016,2005003,https://npb.jp/bis/players/01305139.html
03105130,Ｚ．ウィーラー,2015年 公式戦初出場,TRUE,2016,2005003,https://npb.jp/bis/players/03105130.html
41345133,榎本　葵,2012年 公式戦初出場,FALSE,2016,2005003,https://npb.jp/bis/players/41345133.html
21325135,岡島　豪郎,2012年 公式戦初出場,FALSE,2016,2005003,https://npb.jp/bis/players/21325135.html
21325137,大塚　尚仁,2015年 公式戦初出場,FALSE,2016,2005003,https://npb.jp/bis/players/21325137.html
51555130,小野　郁,2015年 入団,FALSE,2016,2005003,https://npb.jp/bis/players/51555130.html
01505132,オコエ　瑠偉,2016年 公式戦初出場,FALSE,2016,2005003,https://npb.jp/bis/players/01505132.html
81383888,川井　貴志,1999年 公式戦初出場,FALSE,2016,2005003,https://npb.jp/bis/players/81383888.html
31535110,川本　良平,2007年 公式戦初出場,FALSE,2016,2005003,https://npb.jp/bis/players/31535110.html
31535112,片山　博視,2008年 公式戦初出場,FALSE,2016,2005003,https://npb.jp/bis/players/31535112.html
31735114,金刃　憲人,2007年 公式戦初出場,FALSE,2016,2005003,https://npb.jp/bis/players/31735114.html
01505118,辛島　航,2009年 入団,FALSE,2016,2005003,https://npb.jp/bis/players/01505118.html
31535135,釜田　佳直,2012年 公式戦初出場,FALSE,2016,2005003,https://npb.jp/bis/players/31535135.html
61565130,加藤　正志,2015年 公式戦初出場,FALSE,2016,2005003,https://npb.jp/bis/players/61565130.html
71375112,銀次,2010年 公式戦初出場,FALSE,2016,2005003,https://npb.jp/bis/players/71375112.html
41545116,菊池　保則,2010年 公式戦初出場,FALSE,2016,2005003,https://npb.jp/bis/players/41545116.html
21525118,金　無英,2009年 公式戦初出場,FALSE,2016,2005003,https://npb.jp/bis/players/21525118.html
11715135,北川　倫太郎,2015年 公式戦初出場,FALSE,2016,2005003,https://npb.jp/bis/players/11715135.html
31535111,栗原　健太,2002年 公式戦初出場,FALSE,2016,2005003,https://npb.jp/bis/players/31535111.html
71775115,後藤　光尊,2002年 公式戦初出場,FALSE,2016,2005003,https://npb.jp/bis/players/71775115.html
21725131,小関　翔太,2014年 公式戦初出場,FALSE,2016,2005003,https://npb.jp/bis/players/21725131.html
21725139,今野　龍太,2014年 入団,FALSE,2016,2005003,https://npb.jp/bis/players/21725139.html
03905132,Ｊ．ゴームズ,2016年 公式戦初出場,TRUE,2016,2005003,https://npb.jp/bis/players/03905132.html
01905114,嶋　基宏,2007年 公式戦初出場,FALSE,2016,2005003,https://npb.jp/bis/players/01905114.html
11015133,塩見　貴洋,2011年 公式戦初出場,FALSE,2016,2005003,https://npb.jp/bis/players/11015133.html
71975135,島内　宏明,2012年 公式戦初出場,FALSE,2016,2005003,https://npb.jp/bis/players/71975135.html
71775137,島井　寛仁,2018年 公式戦初出場,FALSE,2016,2005003,https://npb.jp/bis/players/71775137.html
01705137,下妻　貴寛,2014年 公式戦初出場,FALSE,2016,2005003,https://npb.jp/bis/players/01705137.html
73575132,ソン・チャーホウ,2016年 入団,FALSE,2016,2005003,https://npb.jp/bis/players/73575132.html
31935131,高堀　和也,2012年 公式戦初出場,FALSE,2016,2005003,https://npb.jp/bis/players/31935131.html
41045131,哲朗,2011年 公式戦初出場,FALSE,2016,2005003,https://npb.jp/bis/players/41045131.html
81985131,戸村　健次,2010年 公式戦初出場,FALSE,2016,2005003,https://npb.jp/bis/players/81985131.html
41045118,中川　大志,2010年 公式戦初出場,FALSE,2016,2005003,https://npb.jp/bis/players/41045118.html
21025139,西宮　悠介,2014年 公式戦初出場,FALSE,2016,2005003,https://npb.jp/bis/players/21025139.html
51055137,則本　昂大,2013年 入団,FALSE,2016,2005003,https://npb.jp/bis/players/51055137.html
01205116,長谷部　康平,2008年 公式戦初出場,FALSE,2016,2005003,https://npb.jp/bis/players/01205116.html
81085139,濱矢　廣大,2014年 公式戦初出場,FALSE,2016,2005003,https://npb.jp/bis/players/81085139.html
61265116,聖澤　諒,2008年 公式戦初出場,FALSE,2016,2005003,https://npb.jp/bis/players/61265116.html
21225110,藤田　一也,2005年 公式戦初出場,FALSE,2016,2005003,https://npb.jp/bis/players/21225110.html
71475133,福山　博之,2011年 公式戦初出場,FALSE,2016,2005003,https://npb.jp/bis/players/71475133.html
41245139,古川　侑利,2014年 公式戦初出場,FALSE,2016,2005003,https://npb.jp/bis/players/41245139.html
81485130,フェルナンド,2015年 公式戦初出場,FALSE,2016,2005003,https://npb.jp/bis/players/81485130.html
11615130,福田　将儀,2015年 公式戦初出場,FALSE,2016,2005003,https://npb.jp/bis/players/11615130.html
53755132,Ｊ．ブリガム,2016年 公式戦初出場,TRUE,2016,2005003,https://npb.jp/bis/players/53755132.html
63065132,Ｆ．ペレス,2016年 公式戦初出場,TRUE,2016,2005003,https://npb.jp/bis/players/63065132.html
83085132,Ｃ．ペゲーロ,2016年 公式戦初出場,TRUE,2016,2005003,https://npb.jp/bis/players/83085132.html
11815132,堀内　謙伍,2016年 入団,FALSE,2016,2005003,https://npb.jp/bis/players/11815132.html
81983889,松井　稼頭央,1995年 公式戦初出場,FALSE,2016,2005003,https://npb.jp/bis/players/81983889.html
61265113,牧田　明久,2005年 公式戦初出場,FALSE,2016,2005003,https://npb.jp/bis/players/61265113.html
81485112,枡田　慎太郎,2007年 公式戦初出場,FALSE,2016,2005003,https://npb.jp/bis/players/81485112.html
81285139,松井　裕樹,2014年 公式戦初出場,FALSE,2016,2005003,https://npb.jp/bis/players/81285139.html
01605133,美馬　学,2011年 公式戦初出場,FALSE,2016,2005003,https://npb.jp/bis/players/01605133.html
11815135,三好　匠,2013年 公式戦初出場,FALSE,2016,2005003,https://npb.jp/bis/players/11815135.html
83185135,Ｋ．ミコライオ,2012年 公式戦初出場,TRUE,2016,2005003,https://npb.jp/bis/players/83185135.html
31435137,宮川　将,2013年 公式戦初出場,FALSE,2016,2005003,https://npb.jp/bis/players/31435137.html
31835135,武藤　好貴,2012年 公式戦初出場,FALSE,2016,2005003,https://npb.jp/bis/players/31835135.html
41845132,村林　一輝,2016年 入団,FALSE,2016,2005003,https://npb.jp/bis/players/41845132.html
91495137,森　雄大,2014年 公式戦初出場,FALSE,2016,2005003,https://npb.jp/bis/players/91495137.html
61865132,茂木　栄五郎,2016年 入団,FALSE,2016,2005003,https://npb.jp/bis/players/61865132.html
21625116,山内　壮馬,2008年 公式戦初出場,FALSE,2016,2005003,https://npb.jp/bis/players/21625116.html
71875130,八百板　卓丸,2018年 公式戦初出場,FALSE,2016,2005003,https://npb.jp/bis/players/71875130.html
51655139,横山　貴明,2014年 公式戦初出場,FALSE,2016,2005003,https://npb.jp/bis/players/51655139.html
33335132,吉持　亮汰,2016年 公式戦初出場,FALSE,2016,2005003,https://npb.jp/bis/players/33335132.html
33935132,Ｒ．リズ,2016年 公式戦初出場,TRUE,2016,2005003,https://npb.jp/bis/players/33935132.html
73375137,Ｋ．レイ,2013年 公式戦初出場,TRUE,2016,2005003,https://npb.jp/bis/players/73375137.html
91195112,青山　浩二,2006年 公式戦初出場,FALSE,2017,2005003,https://npb.jp/bis/players/91195112.html
71175133,阿部　俊人,2011年 公式戦初出場,FALSE,2017,2005003,https://npb.jp/bis/players/71175133.html
71175130,安樂　智大,2015年 公式戦初出場,FALSE,2017,2005003,https://npb.jp/bis/players/71175130.html
41145132,足立　祐一,2016年 公式戦初出場,FALSE,2017,2005003,https://npb.jp/bis/players/41145132.html
23325132,Ｊ．アマダー,2016年 公式戦初出場,TRUE,2017,2005003,https://npb.jp/bis/players/23325132.html
01305115,今江　年晶,2002年 公式戦初出場,FALSE,2017,2005003,https://npb.jp/bis/players/01305115.html
61165116,伊志嶺　忠,2008年 公式戦初出場,FALSE,2017,2005003,https://npb.jp/bis/players/61165116.html
31335130,伊東　亮大,2015年 公式戦初出場,FALSE,2017,2005003,https://npb.jp/bis/players/31335130.html
51355130,入野　貴大,2015年 公式戦初出場,FALSE,2017,2005003,https://npb.jp/bis/players/51355130.html
71375132,石橋　良太,2016年 公式戦初出場,FALSE,2017,2005003,https://npb.jp/bis/players/71375132.html
01105134,池田　隆英,2017年 入団,FALSE,2017,2005003,https://npb.jp/bis/players/01105134.html
61165134,石原　彪,2017年 入団,FALSE,2017,2005003,https://npb.jp/bis/players/61165134.html
01305139,内田　靖人,2014年 公式戦初出場,FALSE,2017,2005003,https://npb.jp/bis/players/01305139.html
03105130,Ｚ．ウィーラー,2015年 公式戦初出場,TRUE,2017,2005003,https://npb.jp/bis/players/03105130.html
21325135,岡島　豪郎,2012年 公式戦初出場,FALSE,2017,2005003,https://npb.jp/bis/players/21325135.html
21325137,大塚　尚仁,2015年 公式戦初出場,FALSE,2017,2005003,https://npb.jp/bis/players/21325137.html
51555130,小野　郁,2015年 入団,FALSE,2017,2005003,https://npb.jp/bis/players/51555130.html
01505132,オコエ　瑠偉,2016年 公式戦初出場,FALSE,2017,2005003,https://npb.jp/bis/players/01505132.html
31535112,片山　博視,2008年 公式戦初出場,FALSE,2017,2005003,https://npb.jp/bis/players/31535112.html
31735114,金刃　憲人,2007年 公式戦初出場,FALSE,2017,2005003,https://npb.jp/bis/players/31735114.html
01505118,辛島　航,2009年 入団,FALSE,2017,2005003,https://npb.jp/bis/players/01505118.html
31535135,釜田　佳直,2012年 公式戦初出場,FALSE,2017,2005003,https://npb.jp/bis/players/31535135.html
71375112,銀次,2010年 公式戦初出場,FALSE,2017,2005003,https://npb.jp/bis/players/71375112.html
91795114,岸　孝之,2007年 入団,FALSE,2017,2005003,https://npb.jp/bis/players/91795114.html
41545116,菊池　保則,2010年 公式戦初出場,FALSE,2017,2005003,https://npb.jp/bis/players/41545116.html
11715135,北川　倫太郎,2015年 公式戦初出場,FALSE,2017,2005003,https://npb.jp/bis/players/11715135.html
21725117,久保　裕也,2003年 公式戦初出場,FALSE,2017,2005003,https://npb.jp/bis/players/21725117.html
01805139,Ｌ．クルーズ,2014年 公式戦初出場,TRUE,2017,2005003,https://npb.jp/bis/players/01805139.html
21725131,小関　翔太,2014年 公式戦初出場,FALSE,2017,2005003,https://npb.jp/bis/players/21725131.html
51955133,小山　雄輝,2011年 公式戦初出場,FALSE,2017,2005003,https://npb.jp/bis/players/51955133.html
21725139,今野　龍太,2014年 入団,FALSE,2017,2005003,https://npb.jp/bis/players/21725139.html
53055134,Ｊ．コラレス,2017年 公式戦初出場,TRUE,2017,2005003,https://npb.jp/bis/players/53055134.html
01905114,嶋　基宏,2007年 公式戦初出場,FALSE,2017,2005003,https://npb.jp/bis/players/01905114.html
11015133,塩見　貴洋,2011年 公式戦初出場,FALSE,2017,2005003,https://npb.jp/bis/players/11015133.html
71975135,島内　宏明,2012年 公式戦初出場,FALSE,2017,2005003,https://npb.jp/bis/players/71975135.html
71775137,島井　寛仁,2018年 公式戦初出場,FALSE,2017,2005003,https://npb.jp/bis/players/71775137.html
01705137,下妻　貴寛,2014年 公式戦初出場,FALSE,2017,2005003,https://npb.jp/bis/players/01705137.html
81985134,菅原　秀,2017年 公式戦初出場,FALSE,2017,2005003,https://npb.jp/bis/players/81985134.html
73575132,宋　家豪,2016年 入団,FALSE,2017,2005003,https://npb.jp/bis/players/73575132.html
91095134,高梨　雄平,2017年 入団,FALSE,2017,2005003,https://npb.jp/bis/players/91095134.html
11215134,田中　和基,2017年 入団,FALSE,2017,2005003,https://npb.jp/bis/players/11215134.html
81985131,戸村　健次,2010年 公式戦初出場,FALSE,2017,2005003,https://npb.jp/bis/players/81985131.html
41045118,中川　大志,2010年 公式戦初出場,FALSE,2017,2005003,https://npb.jp/bis/players/41045118.html
41045131,西田　哲朗,2011年 公式戦初出場,FALSE,2017,2005003,https://npb.jp/bis/players/41045131.html
21025139,西宮　悠介,2014年 公式戦初出場,FALSE,2017,2005003,https://npb.jp/bis/players/21025139.html
41445134,西口　直人,2017年 入団,FALSE,2017,2005003,https://npb.jp/bis/players/41445134.html
51055137,則本　昂大,2013年 入団,FALSE,2017,2005003,https://npb.jp/bis/players/51055137.html
81085139,濱矢　廣大,2014年 公式戦初出場,FALSE,2017,2005003,https://npb.jp/bis/players/81085139.html
93795134,Ｆ．ハーマン,2017年 公式戦初出場,TRUE,2017,2005003,https://npb.jp/bis/players/93795134.html
61265116,聖澤　諒,2008年 公式戦初出場,FALSE,2017,2005003,https://npb.jp/bis/players/61265116.html
21225110,藤田　一也,2005年 公式戦初出場,FALSE,2017,2005003,https://npb.jp/bis/players/21225110.html
71475133,福山　博之,2011年 公式戦初出場,FALSE,2017,2005003,https://npb.jp/bis/players/71475133.html
41245139,古川　侑利,2014年 公式戦初出場,FALSE,2017,2005003,https://npb.jp/bis/players/41245139.html
81485130,フェルナンド,2015年 公式戦初出場,FALSE,2017,2005003,https://npb.jp/bis/players/81485130.html
11615130,福田　将儀,2015年 公式戦初出場,FALSE,2017,2005003,https://npb.jp/bis/players/11615130.html
61665134,藤平　尚真,2017年 入団,FALSE,2017,2005003,https://npb.jp/bis/players/61665134.html
83085132,Ｃ．ペゲーロ,2016年 公式戦初出場,TRUE,2017,2005003,https://npb.jp/bis/players/83085132.html
71475115,細川　亨,2002年 公式戦初出場,FALSE,2017,2005003,https://npb.jp/bis/players/71475115.html
11815132,堀内　謙伍,2016年 入団,FALSE,2017,2005003,https://npb.jp/bis/players/11815132.html
81983889,松井　稼頭央,1995年 公式戦初出場,FALSE,2017,2005003,https://npb.jp/bis/players/81983889.html
81485112,枡田　慎太郎,2007年 公式戦初出場,FALSE,2017,2005003,https://npb.jp/bis/players/81485112.html
81285139,松井　裕樹,2014年 公式戦初出場,FALSE,2017,2005003,https://npb.jp/bis/players/81285139.html
01605133,美馬　学,2011年 公式戦初出場,FALSE,2017,2005003,https://npb.jp/bis/players/01605133.html
11815135,三好　匠,2013年 公式戦初出場,FALSE,2017,2005003,https://npb.jp/bis/players/11815135.html
31435137,宮川　将,2013年 公式戦初出場,FALSE,2017,2005003,https://npb.jp/bis/players/31435137.html
31835135,武藤　好貴,2012年 公式戦初出場,FALSE,2017,2005003,https://npb.jp/bis/players/31835135.html
41845132,村林　一輝,2016年 入団,FALSE,2017,2005003,https://npb.jp/bis/players/41845132.html
91495137,森　雄大,2014年 公式戦初出場,FALSE,2017,2005003,https://npb.jp/bis/players/91495137.html
61865132,茂木　栄五郎,2016年 入団,FALSE,2017,2005003,https://npb.jp/bis/players/61865132.html
93195134,森原　康平,2017年 入団,FALSE,2017,2005003,https://npb.jp/bis/players/93195134.html
71875130,八百板　卓丸,2018年 公式戦初出場,FALSE,2017,2005003,https://npb.jp/bis/players/71875130.html
51655139,横山　貴明,2014年 公式戦初出場,FALSE,2017,2005003,https://npb.jp/bis/players/51655139.html
33335132,吉持　亮汰,2016年 公式戦初出場,FALSE,2017,2005003,https://npb.jp/bis/players/33335132.html
91195112,青山　浩二,2006年 公式戦初出場,FALSE,2018,2005003,https://npb.jp/bis/players/91195112.html
71175130,安樂　智大,2015年 公式戦初出場,FALSE,2018,2005003,https://npb.jp/bis/players/71175130.html
41145132,足立　祐一,2016年 公式戦初出場,FALSE,2018,2005003,https://npb.jp/bis/players/41145132.html
23325132,Ｊ．アマダー,2016年 公式戦初出場,TRUE,2018,2005003,https://npb.jp/bis/players/23325132.html
01305115,今江　年晶,2002年 公式戦初出場,FALSE,2018,2005003,https://npb.jp/bis/players/01305115.html
61165116,伊志嶺　忠,2008年 公式戦初出場,FALSE,2018,2005003,https://npb.jp/bis/players/61165116.html
51355130,入野　貴大,2015年 公式戦初出場,FALSE,2018,2005003,https://npb.jp/bis/players/51355130.html
71375132,石橋　良太,2016年 公式戦初出場,FALSE,2018,2005003,https://npb.jp/bis/players/71375132.html
01105134,池田　隆英,2017年 入団,FALSE,2018,2005003,https://npb.jp/bis/players/01105134.html
61165134,石原　彪,2017年 入団,FALSE,2018,2005003,https://npb.jp/bis/players/61165134.html
51355136,岩見　雅紀,2018年 公式戦初出場,FALSE,2018,2005003,https://npb.jp/bis/players/51355136.html
01305139,内田　靖人,2014年 公式戦初出場,FALSE,2018,2005003,https://npb.jp/bis/players/01305139.html
03105130,Ｚ．ウィーラー,2015年 公式戦初出場,TRUE,2018,2005003,https://npb.jp/bis/players/03105130.html
21325135,岡島　豪郎,2012年 公式戦初出場,FALSE,2018,2005003,https://npb.jp/bis/players/21325135.html
51555130,小野　郁,2015年 入団,FALSE,2018,2005003,https://npb.jp/bis/players/51555130.html
01505132,オコエ　瑠偉,2016年 公式戦初出場,FALSE,2018,2005003,https://npb.jp/bis/players/01505132.html
01505118,辛島　航,2009年 入団,FALSE,2018,2005003,https://npb.jp/bis/players/01505118.html
31535135,釜田　佳直,2012年 公式戦初出場,FALSE,2018,2005003,https://npb.jp/bis/players/31535135.html
71375112,銀次,2010年 公式戦初出場,FALSE,2018,2005003,https://npb.jp/bis/players/71375112.html
91795114,岸　孝之,2007年 入団,FALSE,2018,2005003,https://npb.jp/bis/players/91795114.html
41545116,菊池　保則,2010年 公式戦初出場,FALSE,2018,2005003,https://npb.jp/bis/players/41545116.html
21725117,久保　裕也,2003年 公式戦初出場,FALSE,2018,2005003,https://npb.jp/bis/players/21725117.html
51955133,小山　雄輝,2011年 公式戦初出場,FALSE,2018,2005003,https://npb.jp/bis/players/51955133.html
21725139,今野　龍太,2014年 入団,FALSE,2018,2005003,https://npb.jp/bis/players/21725139.html
53055134,Ｊ．コラレス,2017年 公式戦初出場,TRUE,2018,2005003,https://npb.jp/bis/players/53055134.html
01705136,近藤　弘樹,2018年 公式戦初出場,FALSE,2018,2005003,https://npb.jp/bis/players/01705136.html
01905114,嶋　基宏,2007年 公式戦初出場,FALSE,2018,2005003,https://npb.jp/bis/players/01905114.html
11015133,塩見　貴洋,2011年 公式戦初出場,FALSE,2018,2005003,https://npb.jp/bis/players/11015133.html
71975135,島内　宏明,2012年 公式戦初出場,FALSE,2018,2005003,https://npb.jp/bis/players/71975135.html
71775137,島井　寛仁,2018年 公式戦初出場,FALSE,2018,2005003,https://npb.jp/bis/players/71775137.html
01705137,下妻　貴寛,2014年 公式戦初出場,FALSE,2018,2005003,https://npb.jp/bis/players/01705137.html
81985134,菅原　秀,2017年 公式戦初出場,FALSE,2018,2005003,https://npb.jp/bis/players/81985134.html
73575132,宋　家豪,2016年 入団,FALSE,2018,2005003,https://npb.jp/bis/players/73575132.html
91095134,高梨　雄平,2017年 入団,FALSE,2018,2005003,https://npb.jp/bis/players/91095134.html
11215134,田中　和基,2017年 入団,FALSE,2018,2005003,https://npb.jp/bis/players/11215134.html
71275136,寺岡　寛治,2019年 公式戦初出場,FALSE,2018,2005003,https://npb.jp/bis/players/71275136.html
23525136,Ｏ．ディクソン,2018年 公式戦初出場,TRUE,2018,2005003,https://npb.jp/bis/players/23525136.html
81985131,戸村　健次,2010年 公式戦初出場,FALSE,2018,2005003,https://npb.jp/bis/players/81985131.html
21025139,西宮　悠介,2014年 公式戦初出場,FALSE,2018,2005003,https://npb.jp/bis/players/21025139.html
41445134,西口　直人,2017年 入団,FALSE,2018,2005003,https://npb.jp/bis/players/41445134.html
71475136,西巻　賢二,2018年 入団,FALSE,2018,2005003,https://npb.jp/bis/players/71475136.html
51055137,則本　昂大,2013年 入団,FALSE,2018,2005003,https://npb.jp/bis/players/51055137.html
81085139,濱矢　廣大,2014年 公式戦初出場,FALSE,2018,2005003,https://npb.jp/bis/players/81085139.html
93795134,Ｆ．ハーマン,2017年 公式戦初出場,TRUE,2018,2005003,https://npb.jp/bis/players/93795134.html
61265116,聖澤　諒,2008年 公式戦初出場,FALSE,2018,2005003,https://npb.jp/bis/players/61265116.html
21225110,藤田　一也,2005年 公式戦初出場,FALSE,2018,2005003,https://npb.jp/bis/players/21225110.html
71475133,福山　博之,2011年 公式戦初出場,FALSE,2018,2005003,https://npb.jp/bis/players/71475133.html
41245139,古川　侑利,2014年 公式戦初出場,FALSE,2018,2005003,https://npb.jp/bis/players/41245139.html
81485130,フェルナンド,2015年 公式戦初出場,FALSE,2018,2005003,https://npb.jp/bis/players/81485130.html
61665134,藤平　尚真,2017年 入団,FALSE,2018,2005003,https://npb.jp/bis/players/61665134.html
83085132,Ｃ．ペゲーロ,2016年 公式戦初出場,TRUE,2018,2005003,https://npb.jp/bis/players/83085132.html
71475115,細川　亨,2002年 公式戦初出場,FALSE,2018,2005003,https://npb.jp/bis/players/71475115.html
11815132,堀内　謙伍,2016年 入団,FALSE,2018,2005003,https://npb.jp/bis/players/11815132.html
81485112,枡田　慎太郎,2007年 公式戦初出場,FALSE,2018,2005003,https://npb.jp/bis/players/81485112.html
81285139,松井　裕樹,2014年 公式戦初出場,FALSE,2018,2005003,https://npb.jp/bis/players/81285139.html
01605133,美馬　学,2011年 公式戦初出場,FALSE,2018,2005003,https://npb.jp/bis/players/01605133.html
11815135,三好　匠,2013年 公式戦初出場,FALSE,2018,2005003,https://npb.jp/bis/players/11815135.html
31435137,宮川　将,2013年 公式戦初出場,FALSE,2018,2005003,https://npb.jp/bis/players/31435137.html
41845132,村林　一輝,2016年 入団,FALSE,2018,2005003,https://npb.jp/bis/players/41845132.html
91495137,森　雄大,2014年 公式戦初出場,FALSE,2018,2005003,https://npb.jp/bis/players/91495137.html
61865132,茂木　栄五郎,2016年 入団,FALSE,2018,2005003,https://npb.jp/bis/players/61865132.html
93195134,森原　康平,2017年 入団,FALSE,2018,2005003,https://npb.jp/bis/players/93195134.html
71875133,山下　斐紹,2013年 公式戦初出場,FALSE,2018,2005003,https://npb.jp/bis/players/71875133.html
71875130,八百板　卓丸,2018年 公式戦初出場,FALSE,2018,2005003,https://npb.jp/bis/players/71875130.html
73175136,山﨑　剛,2018年 入団,FALSE,2018,2005003,https://npb.jp/bis/players/73175136.html
51655139,横山　貴明,2014年 公式戦初出場,FALSE,2018,2005003,https://npb.jp/bis/players/51655139.html
33335132,吉持　亮汰,2016年 公式戦初出場,FALSE,2018,2005003,https://npb.jp/bis/players/33335132.html
81885114,渡辺　直人,2007年 公式戦初出場,FALSE,2018,2005003,https://npb.jp/bis/players/81885114.html
73375136,渡邊　佑樹,2019年 公式戦初出場,FALSE,2018,2005003,https://npb.jp/bis/players/73375136.html
91195112,青山　浩二,2006年 公式戦初出場,FALSE,2019,2005003,https://npb.jp/bis/players/91195112.html
51155118,浅村　栄斗,2009年 入団,FALSE,2019,2005003,https://npb.jp/bis/players/51155118.html
71175130,安樂　智大,2015年 公式戦初出場,FALSE,2019,2005003,https://npb.jp/bis/players/71175130.html
41145132,足立　祐一,2016年 公式戦初出場,FALSE,2019,2005003,https://npb.jp/bis/players/41145132.html
01305115,今江　年晶,2002年 公式戦初出場,FALSE,2019,2005003,https://npb.jp/bis/players/01305115.html
71375132,石橋　良太,2016年 公式戦初出場,FALSE,2019,2005003,https://npb.jp/bis/players/71375132.html
01105134,池田　隆英,2017年 入団,FALSE,2019,2005003,https://npb.jp/bis/players/01105134.html
61165134,石原　彪,2017年 入団,FALSE,2019,2005003,https://npb.jp/bis/players/61165134.html
51355136,岩見　雅紀,2018年 公式戦初出場,FALSE,2019,2005003,https://npb.jp/bis/players/51355136.html
01305139,内田　靖人,2014年 公式戦初出場,FALSE,2019,2005003,https://npb.jp/bis/players/01305139.html
03105130,Ｚ．ウィーラー,2015年 公式戦初出場,TRUE,2019,2005003,https://npb.jp/bis/players/03105130.html
21325135,岡島　豪郎,2012年 公式戦初出場,FALSE,2019,2005003,https://npb.jp/bis/players/21325135.html
51555130,小野　郁,2015年 入団,FALSE,2019,2005003,https://npb.jp/bis/players/51555130.html
01505132,オコエ　瑠偉,2016年 公式戦初出場,FALSE,2019,2005003,https://npb.jp/bis/players/01505132.html
71375138,太田　光,2019年 入団,FALSE,2019,2005003,https://npb.jp/bis/players/71375138.html
81385138,小郷　裕哉,2019年 入団,FALSE,2019,2005003,https://npb.jp/bis/players/81385138.html
01505118,辛島　航,2009年 入団,FALSE,2019,2005003,https://npb.jp/bis/players/01505118.html
31535135,釜田　佳直,2012年 公式戦初出場,FALSE,2019,2005003,https://npb.jp/bis/players/31535135.html
71375112,銀次,2010年 公式戦初出場,FALSE,2019,2005003,https://npb.jp/bis/players/71375112.html
91795114,岸　孝之,2007年 入団,FALSE,2019,2005003,https://npb.jp/bis/players/91795114.html
21725117,久保　裕也,2003年 公式戦初出場,FALSE,2019,2005003,https://npb.jp/bis/players/21725117.html
51755132,熊原　健人,2016年 公式戦初出場,FALSE,2019,2005003,https://npb.jp/bis/players/51755132.html
21725139,今野　龍太,2014年 入団,FALSE,2019,2005003,https://npb.jp/bis/players/21725139.html
01705136,近藤　弘樹,2018年 公式戦初出場,FALSE,2019,2005003,https://npb.jp/bis/players/01705136.html
01905114,嶋　基宏,2007年 公式戦初出場,FALSE,2019,2005003,https://npb.jp/bis/players/01905114.html
11015133,塩見　貴洋,2011年 公式戦初出場,FALSE,2019,2005003,https://npb.jp/bis/players/11015133.html
71975135,島内　宏明,2012年 公式戦初出場,FALSE,2019,2005003,https://npb.jp/bis/players/71975135.html
71775137,島井　寛仁,2018年 公式戦初出場,FALSE,2019,2005003,https://npb.jp/bis/players/71775137.html
91795137,下水流　昂,2013年 公式戦初出場,FALSE,2019,2005003,https://npb.jp/bis/players/91795137.html
01705137,下妻　貴寛,2014年 公式戦初出場,FALSE,2019,2005003,https://npb.jp/bis/players/01705137.html
81985134,菅原　秀,2017年 公式戦初出場,FALSE,2019,2005003,https://npb.jp/bis/players/81985134.html
01905138,鈴木　翔天,2019年 入団,FALSE,2019,2005003,https://npb.jp/bis/players/01905138.html
41945138,清宮　虎多朗,2019年 入団,FALSE,2019,2005003,https://npb.jp/bis/players/41945138.html
73575132,宋　家豪,2016年 入団,FALSE,2019,2005003,https://npb.jp/bis/players/73575132.html
71875130,卓丸,2018年 公式戦初出場,FALSE,2019,2005003,https://npb.jp/bis/players/71875130.html
91095134,高梨　雄平,2017年 入団,FALSE,2019,2005003,https://npb.jp/bis/players/91095134.html
11215134,田中　和基,2017年 入団,FALSE,2019,2005003,https://npb.jp/bis/players/11215134.html
11015138,辰己　涼介,2019年 入団,FALSE,2019,2005003,https://npb.jp/bis/players/11015138.html
71275136,寺岡　寛治,2019年 公式戦初出場,FALSE,2019,2005003,https://npb.jp/bis/players/71275136.html
81985131,戸村　健次,2010年 公式戦初出場,FALSE,2019,2005003,https://npb.jp/bis/players/81985131.html
21025139,西宮　悠介,2014年 公式戦初出場,FALSE,2019,2005003,https://npb.jp/bis/players/21025139.html
41445134,西口　直人,2017年 入団,FALSE,2019,2005003,https://npb.jp/bis/players/41445134.html
71475136,西巻　賢二,2018年 入団,FALSE,2019,2005003,https://npb.jp/bis/players/71475136.html
51055137,則本　昂大,2013年 入団,FALSE,2019,2005003,https://npb.jp/bis/players/51055137.html
51455118,橋本　到,2010年 公式戦初出場,FALSE,2019,2005003,https://npb.jp/bis/players/51455118.html
81085139,濱矢　廣大,2014年 公式戦初出場,FALSE,2019,2005003,https://npb.jp/bis/players/81085139.html
93795134,Ｆ．ハーマン,2017年 公式戦初出場,TRUE,2019,2005003,https://npb.jp/bis/players/93795134.html
21225110,藤田　一也,2005年 公式戦初出場,FALSE,2019,2005003,https://npb.jp/bis/players/21225110.html
31435133,福井　優也,2011年 公式戦初出場,FALSE,2019,2005003,https://npb.jp/bis/players/31435133.html
71475133,福山　博之,2011年 公式戦初出場,FALSE,2019,2005003,https://npb.jp/bis/players/71475133.html
41245139,古川　侑利,2014年 公式戦初出場,FALSE,2019,2005003,https://npb.jp/bis/players/41245139.html
81485130,フェルナンド,2015年 公式戦初出場,FALSE,2019,2005003,https://npb.jp/bis/players/81485130.html
61665134,藤平　尚真,2017年 入団,FALSE,2019,2005003,https://npb.jp/bis/players/61665134.html
03305138,Ａ．ブセニッツ,2019年 公式戦初出場,TRUE,2019,2005003,https://npb.jp/bis/players/03305138.html
23325138,Ｊ．ブラッシュ,2019年 公式戦初出場,TRUE,2019,2005003,https://npb.jp/bis/players/23325138.html
11815132,堀内　謙伍,2016年 入団,FALSE,2019,2005003,https://npb.jp/bis/players/11815132.html
81285139,松井　裕樹,2014年 公式戦初出場,FALSE,2019,2005003,https://npb.jp/bis/players/81285139.html
01605133,美馬　学,2011年 公式戦初出場,FALSE,2019,2005003,https://npb.jp/bis/players/01605133.html
11815135,三好　匠,2013年 公式戦初出場,FALSE,2019,2005003,https://npb.jp/bis/players/11815135.html
41845132,村林　一輝,2016年 入団,FALSE,2019,2005003,https://npb.jp/bis/players/41845132.html
91495137,森　雄大,2014年 公式戦初出場,FALSE,2019,2005003,https://npb.jp/bis/players/91495137.html
61865132,茂木　栄五郎,2016年 入団,FALSE,2019,2005003,https://npb.jp/bis/players/61865132.html
93195134,森原　康平,2017年 入団,FALSE,2019,2005003,https://npb.jp/bis/players/93195134.html
71875133,山下　斐紹,2013年 公式戦初出場,FALSE,2019,2005003,https://npb.jp/bis/players/71875133.html
73175136,山﨑　剛,2018年 入団,FALSE,2019,2005003,https://npb.jp/bis/players/73175136.html
61865138,弓削　隼人,2019年 公式戦初出場,FALSE,2019,2005003,https://npb.jp/bis/players/61865138.html
81785116,由規,2008年 公式戦初出場,FALSE,2019,2005003,https://npb.jp/bis/players/81785116.html
33335132,吉持　亮汰,2016年 公式戦初出場,FALSE,2019,2005003,https://npb.jp/bis/players/33335132.html
81885114,渡辺　直人,2007年 公式戦初出場,FALSE,2019,2005003,https://npb.jp/bis/players/81885114.html
61665139,和田　恋,2018年 公式戦初出場,FALSE,2019,2005003,https://npb.jp/bis/players/61665139.html
73375136,渡邊　佑樹,2019年 公式戦初出場,FALSE,2019,2005003,https://npb.jp/bis/players/73375136.html
73175138,渡邊　佳明,2019年 入団,FALSE,2019,2005003,https://npb.jp/bis/players/73175138.html
91195112,青山　浩二,2006年 公式戦初出場,FALSE,2020,2005003,https://npb.jp/bis/players/91195112.html
51155118,浅村　栄斗,2009年 入団,FALSE,2020,2005003,https://npb.jp/bis/players/51155118.html
71175130,安樂　智大,2015年 公式戦初出場,FALSE,2020,2005003,https://npb.jp/bis/players/71175130.html
41145132,足立　祐一,2016年 公式戦初出場,FALSE,2020,2005003,https://npb.jp/bis/players/41145132.html
71375132,石橋　良太,2016年 公式戦初出場,FALSE,2020,2005003,https://npb.jp/bis/players/71375132.html
91195134,池田　駿,2017年 公式戦初出場,FALSE,2020,2005003,https://npb.jp/bis/players/91195134.html
01105134,池田　隆英,2017年 入団,FALSE,2020,2005003,https://npb.jp/bis/players/01105134.html
61165134,石原　彪,2017年 入団,FALSE,2020,2005003,https://npb.jp/bis/players/61165134.html
51355136,岩見　雅紀,2018年 公式戦初出場,FALSE,2020,2005003,https://npb.jp/bis/players/51355136.html
01305139,内田　靖人,2014年 公式戦初出場,FALSE,2020,2005003,https://npb.jp/bis/players/01305139.html
03105130,Ｚ．ウィーラー,2015年 公式戦初出場,TRUE,2020,2005003,https://npb.jp/bis/players/03105130.html
21325135,岡島　豪郎,2012年 公式戦初出場,FALSE,2020,2005003,https://npb.jp/bis/players/21325135.html
01505132,オコエ　瑠偉,2016年 公式戦初出場,FALSE,2020,2005003,https://npb.jp/bis/players/01505132.html
71375138,太田　光,2019年 入団,FALSE,2020,2005003,https://npb.jp/bis/players/71375138.html
81385138,小郷　裕哉,2019年 入団,FALSE,2020,2005003,https://npb.jp/bis/players/81385138.html
01505118,辛島　航,2009年 入団,FALSE,2020,2005003,https://npb.jp/bis/players/01505118.html
31535135,釜田　佳直,2012年 公式戦初出場,FALSE,2020,2005003,https://npb.jp/bis/players/31535135.html
71375112,銀次,2010年 公式戦初出場,FALSE,2020,2005003,https://npb.jp/bis/players/71375112.html
91795114,岸　孝之,2007年 入団,FALSE,2020,2005003,https://npb.jp/bis/players/91795114.html
21725117,久保　裕也,2003年 公式戦初出場,FALSE,2020,2005003,https://npb.jp/bis/players/21725117.html
51755132,熊原　健人,2016年 公式戦初出場,FALSE,2020,2005003,https://npb.jp/bis/players/51755132.html
01905151,黒川　史陽,2020年 入団,FALSE,2020,2005003,https://npb.jp/bis/players/01905151.html
01705136,近藤　弘樹,2018年 公式戦初出場,FALSE,2020,2005003,https://npb.jp/bis/players/01705136.html
61965151,小深田　大翔,2020年 入団,FALSE,2020,2005003,https://npb.jp/bis/players/61965151.html
81985151,小峯　新陸,2022年 公式戦初出場,FALSE,2020,2005003,https://npb.jp/bis/players/81985151.html
61765134,酒居　知史,2017年 入団,FALSE,2020,2005003,https://npb.jp/bis/players/61765134.html
21025151,澤野　聖悠,2020年 入団,FALSE,2020,2005003,https://npb.jp/bis/players/21025151.html
11015133,塩見　貴洋,2011年 公式戦初出場,FALSE,2020,2005003,https://npb.jp/bis/players/11015133.html
71975135,島内　宏明,2012年 公式戦初出場,FALSE,2020,2005003,https://npb.jp/bis/players/71975135.html
91795137,下水流　昂,2013年 公式戦初出場,FALSE,2020,2005003,https://npb.jp/bis/players/91795137.html
01705137,下妻　貴寛,2014年 公式戦初出場,FALSE,2020,2005003,https://npb.jp/bis/players/01705137.html
53555151,Ｊ．Ｔ．シャギワ,2020年 公式戦初出場,TRUE,2020,2005003,https://npb.jp/bis/players/53555151.html
93595151,Ｄ．Ｊ．ジョンソン,2020年 公式戦初出場,TRUE,2020,2005003,https://npb.jp/bis/players/93595151.html
81985135,鈴木　大地,2012年 入団,FALSE,2020,2005003,https://npb.jp/bis/players/81985135.html
81985134,菅原　秀,2017年 公式戦初出場,FALSE,2020,2005003,https://npb.jp/bis/players/81985134.html
01905138,鈴木　翔天,2019年 入団,FALSE,2020,2005003,https://npb.jp/bis/players/01905138.html
41945138,清宮　虎多朗,2019年 入団,FALSE,2020,2005003,https://npb.jp/bis/players/41945138.html
73575132,宋　家豪,2016年 入団,FALSE,2020,2005003,https://npb.jp/bis/players/73575132.html
31235130,田中　貴也,2015年 入団,FALSE,2020,2005003,https://npb.jp/bis/players/31235130.html
71075134,髙田　萌生,2018年 公式戦初出場,FALSE,2020,2005003,https://npb.jp/bis/players/71075134.html
91095134,高梨　雄平,2017年 入団,FALSE,2020,2005003,https://npb.jp/bis/players/91095134.html
11215134,田中　和基,2017年 入団,FALSE,2020,2005003,https://npb.jp/bis/players/11215134.html
11015138,辰己　涼介,2019年 入団,FALSE,2020,2005003,https://npb.jp/bis/players/11015138.html
31235151,瀧中　瞭太,2020年 入団,FALSE,2020,2005003,https://npb.jp/bis/players/31235151.html
11415151,津留﨑　大成,2020年 入団,FALSE,2020,2005003,https://npb.jp/bis/players/11415151.html
71275136,寺岡　寛治,2019年 公式戦初出場,FALSE,2020,2005003,https://npb.jp/bis/players/71275136.html
41445134,西口　直人,2017年 入団,FALSE,2020,2005003,https://npb.jp/bis/players/41445134.html
51055137,則本　昂大,2013年 入団,FALSE,2020,2005003,https://npb.jp/bis/players/51055137.html
21225110,藤田　一也,2005年 公式戦初出場,FALSE,2020,2005003,https://npb.jp/bis/players/21225110.html
31435133,福井　優也,2011年 公式戦初出場,FALSE,2020,2005003,https://npb.jp/bis/players/31435133.html
71475133,福山　博之,2011年 公式戦初出場,FALSE,2020,2005003,https://npb.jp/bis/players/71475133.html
81485130,フェルナンド,2015年 公式戦初出場,FALSE,2020,2005003,https://npb.jp/bis/players/81485130.html
61665134,藤平　尚真,2017年 入団,FALSE,2020,2005003,https://npb.jp/bis/players/61665134.html
03305138,Ａ．ブセニッツ,2019年 公式戦初出場,TRUE,2020,2005003,https://npb.jp/bis/players/03305138.html
23325138,Ｊ．ブラッシュ,2019年 公式戦初出場,TRUE,2020,2005003,https://npb.jp/bis/players/23325138.html
11815132,堀内　謙伍,2016年 入団,FALSE,2020,2005003,https://npb.jp/bis/players/11815132.html
41445133,牧田　和久,2011年 公式戦初出場,FALSE,2020,2005003,https://npb.jp/bis/players/41445133.html
81285139,松井　裕樹,2014年 公式戦初出場,FALSE,2020,2005003,https://npb.jp/bis/players/81285139.html
31835151,水上　桂,2020年 入団,FALSE,2020,2005003,https://npb.jp/bis/players/31835151.html
41845132,村林　一輝,2016年 入団,FALSE,2020,2005003,https://npb.jp/bis/players/41845132.html
01805151,武藤　敦貴,2020年 入団,FALSE,2020,2005003,https://npb.jp/bis/players/01805151.html
91495137,森　雄大,2014年 公式戦初出場,FALSE,2020,2005003,https://npb.jp/bis/players/91495137.html
61865132,茂木　栄五郎,2016年 入団,FALSE,2020,2005003,https://npb.jp/bis/players/61865132.html
93195134,森原　康平,2017年 入団,FALSE,2020,2005003,https://npb.jp/bis/players/93195134.html
71875133,山下　斐紹,2013年 公式戦初出場,FALSE,2020,2005003,https://npb.jp/bis/players/71875133.html
73175136,山﨑　幹史,2018年 入団,FALSE,2020,2005003,https://npb.jp/bis/players/73175136.html
61865138,弓削　隼人,2019年 公式戦初出場,FALSE,2020,2005003,https://npb.jp/bis/players/61865138.html
81785116,由規,2008年 公式戦初出場,FALSE,2020,2005003,https://npb.jp/bis/players/81785116.html
33335132,吉持　亮汰,2016年 公式戦初出場,FALSE,2020,2005003,https://npb.jp/bis/players/33335132.html
73975134,Ｓ．ロメロ,2017年 公式戦初出場,TRUE,2020,2005003,https://npb.jp/bis/players/73975134.html
31635110,涌井　秀章,2005年 入団,FALSE,2020,2005003,https://npb.jp/bis/players/31635110.html
81885114,渡辺　直人,2007年 公式戦初出場,FALSE,2020,2005003,https://npb.jp/bis/players/81885114.html
61665139,和田　恋,2018年 公式戦初出場,FALSE,2020,2005003,https://npb.jp/bis/players/61665139.html
73375136,渡邊　佑樹,2019年 公式戦初出場,FALSE,2020,2005003,https://npb.jp/bis/players/73375136.html
73175138,渡邊　佳明,2019年 入団,FALSE,2020,2005003,https://npb.jp/bis/players/73175138.html
41443880,相川　亮二,1999年 公式戦初出場,FALSE,2010,2006001,https://npb.jp/bis/players/41443880.html
31135119,青木　宣親,2004年 公式戦初出場,FALSE,2010,2006001,https://npb.jp/bis/players/31135119.html
31135118,赤川　克紀,2009年 公式戦初出場,FALSE,2010,2006001,https://npb.jp/bis/players/31135118.html
01105131,荒木　貴裕,2010年 公式戦初出場,FALSE,2010,2006001,https://npb.jp/bis/players/01105131.html
01103882,石井　弘寿,1996年 公式戦初出場,FALSE,2010,2006001,https://npb.jp/bis/players/01103882.html
11315115,石川　雅規,2002年 入団,FALSE,2010,2006001,https://npb.jp/bis/players/11315115.html
21125110,一場　靖弘,2005年 公式戦初出場,FALSE,2010,2006001,https://npb.jp/bis/players/21125110.html
61165112,飯原　誉士,2006年 公式戦初出場,FALSE,2010,2006001,https://npb.jp/bis/players/61165112.html
11815116,林　昌勇,2008年 公式戦初出場,FALSE,2010,2006001,https://npb.jp/bis/players/11815116.html
01805118,李　恵踐,2009年 公式戦初出場,FALSE,2010,2006001,https://npb.jp/bis/players/01805118.html
71375114,上田　剛史,2009年 公式戦初出場,FALSE,2010,2006001,https://npb.jp/bis/players/71375114.html
91395119,押本　健彦,2004年 公式戦初出場,FALSE,2010,2006001,https://npb.jp/bis/players/91395119.html
81385116,岡本　秀寛,2008年 公式戦初出場,FALSE,2010,2006001,https://npb.jp/bis/players/81385116.html
31535116,鬼崎　裕司,2008年 公式戦初出場,FALSE,2010,2006001,https://npb.jp/bis/players/31535116.html
31735113,鎌田　祐哉,2001年 公式戦初出場,FALSE,2010,2006001,https://npb.jp/bis/players/31735113.html
91595115,梶本　勇介,2004年 公式戦初出場,FALSE,2010,2006001,https://npb.jp/bis/players/91595115.html
11515119,川島　亮,2004年 公式戦初出場,FALSE,2010,2006001,https://npb.jp/bis/players/11515119.html
31535110,川本　良平,2007年 公式戦初出場,FALSE,2010,2006001,https://npb.jp/bis/players/31535110.html
81585112,川島　慶三,2006年 公式戦初出場,FALSE,2010,2006001,https://npb.jp/bis/players/81585112.html
31735112,川端　慎吾,2006年 公式戦初出場,FALSE,2010,2006001,https://npb.jp/bis/players/31735112.html
93195114,Ａ．ガイエル,2007年 公式戦初出場,TRUE,2010,2006001,https://npb.jp/bis/players/93195114.html
01505116,加藤　幹典,2008年 公式戦初出場,FALSE,2010,2006001,https://npb.jp/bis/players/01505116.html
21725114,衣川　篤史,2008年 公式戦初出場,FALSE,2010,2006001,https://npb.jp/bis/players/21725114.html
51755119,佐藤　賢,2004年 公式戦初出場,FALSE,2010,2006001,https://npb.jp/bis/players/51755119.html
81785115,志田　宗大,2002年 公式戦初出場,FALSE,2010,2006001,https://npb.jp/bis/players/81785115.html
01005117,高井　雄平,2003年 公式戦初出場,FALSE,2010,2006001,https://npb.jp/bis/players/01005117.html
81085117,館山　昌平,2003年 公式戦初出場,FALSE,2010,2006001,https://npb.jp/bis/players/81085117.html
21925110,田中　浩康,2005年 公式戦初出場,FALSE,2010,2006001,https://npb.jp/bis/players/21925110.html
61965112,高木　啓充,2006年 公式戦初出場,FALSE,2010,2006001,https://npb.jp/bis/players/61965112.html
31035112,武内　晋一,2006年 公式戦初出場,FALSE,2010,2006001,https://npb.jp/bis/players/31035112.html
91095114,高市　俊,2007年 公式戦初出場,FALSE,2010,2006001,https://npb.jp/bis/players/91095114.html
13115118,Ｊ．デントナ,2009年 公式戦初出場,TRUE,2010,2006001,https://npb.jp/bis/players/13115118.html
51855131,Ｅ．デラクルス,2010年 公式戦初出場,TRUE,2010,2006001,https://npb.jp/bis/players/51855131.html
41045116,中尾　敏浩,2009年 公式戦初出場,FALSE,2010,2006001,https://npb.jp/bis/players/41045116.html
51255118,中村　悠平,2009年 入団,FALSE,2010,2006001,https://npb.jp/bis/players/51255118.html
51055131,中澤　雅人,2010年 公式戦初出場,FALSE,2010,2006001,https://npb.jp/bis/players/51055131.html
31435114,西﨑　聡,2007年 公式戦初出場,FALSE,2010,2006001,https://npb.jp/bis/players/31435114.html
41245118,新田　玄気,2010年 公式戦初出場,FALSE,2010,2006001,https://npb.jp/bis/players/41245118.html
81985111,野口　祥順,2002年 公式戦初出場,FALSE,2010,2006001,https://npb.jp/bis/players/81985111.html
71273885,萩原　淳,1996年 公式戦初出場,FALSE,2010,2006001,https://npb.jp/bis/players/71273885.html
31235113,畠山　和洋,2004年 公式戦初出場,FALSE,2010,2006001,https://npb.jp/bis/players/31235113.html
51255110,橋本　義隆,2005年 公式戦初出場,FALSE,2010,2006001,https://npb.jp/bis/players/51255110.html
71875131,Ｔ．バーネット,2010年 公式戦初出場,TRUE,2010,2006001,https://npb.jp/bis/players/71875131.html
71475118,日高　亮,2011年 公式戦初出場,FALSE,2010,2006001,https://npb.jp/bis/players/71475118.html
11215131,平井　諒,2012年 公式戦初出場,FALSE,2010,2006001,https://npb.jp/bis/players/11215131.html
41943889,福地　寿樹,1997年 公式戦初出場,FALSE,2010,2006001,https://npb.jp/bis/players/41943889.html
21225113,藤本　敦士,2001年 公式戦初出場,FALSE,2010,2006001,https://npb.jp/bis/players/21225113.html
11415115,福川　将和,2003年 公式戦初出場,FALSE,2010,2006001,https://npb.jp/bis/players/11415115.html
01405118,Ｒ．フェルナンデス,2011年 公式戦初出場,TRUE,2010,2006001,https://npb.jp/bis/players/01405118.html
73375131,Ｊ．ホワイトセル,2010年 公式戦初出場,TRUE,2010,2006001,https://npb.jp/bis/players/73375131.html
21823888,松元　ユウイチ,2002年 公式戦初出場,FALSE,2010,2006001,https://npb.jp/bis/players/21823888.html
51455110,松岡　健一,2005年 公式戦初出場,FALSE,2010,2006001,https://npb.jp/bis/players/51455110.html
11615112,松井　光介,2006年 公式戦初出場,FALSE,2010,2006001,https://npb.jp/bis/players/11615112.html
71675114,増渕　竜義,2007年 公式戦初出場,FALSE,2010,2006001,https://npb.jp/bis/players/71675114.html
31435131,松井　淳,2011年 公式戦初出場,FALSE,2010,2006001,https://npb.jp/bis/players/31435131.html
51053880,宮本　慎也,1995年 公式戦初出場,FALSE,2010,2006001,https://npb.jp/bis/players/51053880.html
81485116,三輪　正義,2009年 公式戦初出場,FALSE,2010,2006001,https://npb.jp/bis/players/81485116.html
21625112,村中　恭兵,2006年 公式戦初出場,FALSE,2010,2006001,https://npb.jp/bis/players/21625112.html
11615117,森岡　良介,2003年 公式戦初出場,FALSE,2010,2006001,https://npb.jp/bis/players/11615117.html
11615110,山岸　穣,2005年 公式戦初出場,FALSE,2010,2006001,https://npb.jp/bis/players/11615110.html
61665116,山本　斉,2009年 公式戦初出場,FALSE,2010,2006001,https://npb.jp/bis/players/61665116.html
21625118,八木　亮祐,2012年 公式戦初出場,FALSE,2010,2006001,https://npb.jp/bis/players/21625118.html
11615131,山本　哲哉,2011年 公式戦初出場,FALSE,2010,2006001,https://npb.jp/bis/players/11615131.html
01903886,ユウキ,1999年 公式戦初出場,FALSE,2010,2006001,https://npb.jp/bis/players/01903886.html
91493888,吉本　亮,2001年 公式戦初出場,FALSE,2010,2006001,https://npb.jp/bis/players/91493888.html
21425111,米野　智人,2001年 公式戦初出場,FALSE,2010,2006001,https://npb.jp/bis/players/21425111.html
21625117,吉川　昌宏,2003年 公式戦初出場,FALSE,2010,2006001,https://npb.jp/bis/players/21625117.html
81785116,由規,2008年 公式戦初出場,FALSE,2010,2006001,https://npb.jp/bis/players/81785116.html
51655110,渡辺　恒樹,2005年 公式戦初出場,FALSE,2010,2006001,https://npb.jp/bis/players/51655110.html
41443880,相川　亮二,1999年 公式戦初出場,FALSE,2011,2006001,https://npb.jp/bis/players/41443880.html
31135119,青木　宣親,2004年 公式戦初出場,FALSE,2011,2006001,https://npb.jp/bis/players/31135119.html
31135118,赤川　克紀,2009年 公式戦初出場,FALSE,2011,2006001,https://npb.jp/bis/players/31135118.html
01105131,荒木　貴裕,2010年 公式戦初出場,FALSE,2011,2006001,https://npb.jp/bis/players/01105131.html
01103882,石井　弘寿,1996年 公式戦初出場,FALSE,2011,2006001,https://npb.jp/bis/players/01103882.html
11315115,石川　雅規,2002年 入団,FALSE,2011,2006001,https://npb.jp/bis/players/11315115.html
21125110,一場　靖弘,2005年 公式戦初出場,FALSE,2011,2006001,https://npb.jp/bis/players/21125110.html
61165112,飯原　誉士,2006年 公式戦初出場,FALSE,2011,2006001,https://npb.jp/bis/players/61165112.html
11815116,林　昌勇,2008年 公式戦初出場,FALSE,2011,2006001,https://npb.jp/bis/players/11815116.html
71375114,上田　剛史,2009年 公式戦初出場,FALSE,2011,2006001,https://npb.jp/bis/players/71375114.html
31535115,岡本　直也,2002年 公式戦初出場,FALSE,2011,2006001,https://npb.jp/bis/players/31535115.html
51555117,小野寺　力,2003年 公式戦初出場,FALSE,2011,2006001,https://npb.jp/bis/players/51555117.html
91395119,押本　健彦,2004年 公式戦初出場,FALSE,2011,2006001,https://npb.jp/bis/players/91395119.html
31535116,鬼崎　裕司,2008年 公式戦初出場,FALSE,2011,2006001,https://npb.jp/bis/players/31535116.html
11515119,川島　亮,2004年 公式戦初出場,FALSE,2011,2006001,https://npb.jp/bis/players/11515119.html
31535110,川本　良平,2007年 公式戦初出場,FALSE,2011,2006001,https://npb.jp/bis/players/31535110.html
81585112,川島　慶三,2006年 公式戦初出場,FALSE,2011,2006001,https://npb.jp/bis/players/81585112.html
31735112,川端　慎吾,2006年 公式戦初出場,FALSE,2011,2006001,https://npb.jp/bis/players/31735112.html
93195114,Ａ．ガイエル,2007年 公式戦初出場,TRUE,2011,2006001,https://npb.jp/bis/players/93195114.html
01505116,加藤　幹典,2008年 公式戦初出場,FALSE,2011,2006001,https://npb.jp/bis/players/01505116.html
11715133,川﨑　成晃,2013年 公式戦初出場,FALSE,2011,2006001,https://npb.jp/bis/players/11715133.html
21725114,衣川　篤史,2008年 公式戦初出場,FALSE,2011,2006001,https://npb.jp/bis/players/21725114.html
01705133,久古　健太郎,2011年 公式戦初出場,FALSE,2011,2006001,https://npb.jp/bis/players/01705133.html
51755119,佐藤　賢,2004年 公式戦初出場,FALSE,2011,2006001,https://npb.jp/bis/players/51755119.html
31035133,七條　祐樹,2011年 公式戦初出場,FALSE,2011,2006001,https://npb.jp/bis/players/31035133.html
81085117,館山　昌平,2003年 公式戦初出場,FALSE,2011,2006001,https://npb.jp/bis/players/81085117.html
21925110,田中　浩康,2005年 公式戦初出場,FALSE,2011,2006001,https://npb.jp/bis/players/21925110.html
61965112,高木　啓充,2006年 公式戦初出場,FALSE,2011,2006001,https://npb.jp/bis/players/61965112.html
31035112,武内　晋一,2006年 公式戦初出場,FALSE,2011,2006001,https://npb.jp/bis/players/31035112.html
91095114,高市　俊,2007年 公式戦初出場,FALSE,2011,2006001,https://npb.jp/bis/players/91095114.html
41045116,中尾　敏浩,2009年 公式戦初出場,FALSE,2011,2006001,https://npb.jp/bis/players/41045116.html
51255118,中村　悠平,2009年 入団,FALSE,2011,2006001,https://npb.jp/bis/players/51255118.html
51055131,中澤　雅人,2010年 公式戦初出場,FALSE,2011,2006001,https://npb.jp/bis/players/51055131.html
41245118,新田　玄気,2010年 公式戦初出場,FALSE,2011,2006001,https://npb.jp/bis/players/41245118.html
41245133,西田　明央,2013年 公式戦初出場,FALSE,2011,2006001,https://npb.jp/bis/players/41245133.html
81985111,野口　祥順,2002年 公式戦初出場,FALSE,2011,2006001,https://npb.jp/bis/players/81985111.html
11013884,濱中　治,1997年 公式戦初出場,FALSE,2011,2006001,https://npb.jp/bis/players/11013884.html
31235113,畠山　和洋,2004年 公式戦初出場,FALSE,2011,2006001,https://npb.jp/bis/players/31235113.html
51255110,橋本　義隆,2005年 公式戦初出場,FALSE,2011,2006001,https://npb.jp/bis/players/51255110.html
71875131,Ｔ．バーネット,2010年 公式戦初出場,TRUE,2011,2006001,https://npb.jp/bis/players/71875131.html
13315133,Ｗ．バレンティン,2011年 公式戦初出場,TRUE,2011,2006001,https://npb.jp/bis/players/13315133.html
71475118,日高　亮,2011年 公式戦初出場,FALSE,2011,2006001,https://npb.jp/bis/players/71475118.html
11215131,平井　諒,2012年 公式戦初出場,FALSE,2011,2006001,https://npb.jp/bis/players/11215131.html
41943889,福地　寿樹,1997年 公式戦初出場,FALSE,2011,2006001,https://npb.jp/bis/players/41943889.html
21225113,藤本　敦士,2001年 公式戦初出場,FALSE,2011,2006001,https://npb.jp/bis/players/21225113.html
11415115,福川　将和,2003年 公式戦初出場,FALSE,2011,2006001,https://npb.jp/bis/players/11415115.html
01405118,Ｒ．フェルナンデス,2011年 公式戦初出場,TRUE,2011,2006001,https://npb.jp/bis/players/01405118.html
73375131,Ｊ．ホワイトセル,2010年 公式戦初出場,TRUE,2011,2006001,https://npb.jp/bis/players/73375131.html
21823888,松元　ユウイチ,2002年 公式戦初出場,FALSE,2011,2006001,https://npb.jp/bis/players/21823888.html
51455110,松岡　健一,2005年 公式戦初出場,FALSE,2011,2006001,https://npb.jp/bis/players/51455110.html
11615112,松井　光介,2006年 公式戦初出場,FALSE,2011,2006001,https://npb.jp/bis/players/11615112.html
71675114,増渕　竜義,2007年 公式戦初出場,FALSE,2011,2006001,https://npb.jp/bis/players/71675114.html
31435131,松井　淳,2011年 公式戦初出場,FALSE,2011,2006001,https://npb.jp/bis/players/31435131.html
51053880,宮本　慎也,1995年 公式戦初出場,FALSE,2011,2006001,https://npb.jp/bis/players/51053880.html
31233882,宮出　隆自,1998年 公式戦初出場,FALSE,2011,2006001,https://npb.jp/bis/players/31233882.html
81485116,三輪　正義,2009年 公式戦初出場,FALSE,2011,2006001,https://npb.jp/bis/players/81485116.html
21625112,村中　恭兵,2006年 公式戦初出場,FALSE,2011,2006001,https://npb.jp/bis/players/21625112.html
11615117,森岡　良介,2003年 公式戦初出場,FALSE,2011,2006001,https://npb.jp/bis/players/11615117.html
11615110,山岸　穣,2005年 公式戦初出場,FALSE,2011,2006001,https://npb.jp/bis/players/11615110.html
61665116,山本　斉,2009年 公式戦初出場,FALSE,2011,2006001,https://npb.jp/bis/players/61665116.html
21625118,八木　亮祐,2012年 公式戦初出場,FALSE,2011,2006001,https://npb.jp/bis/players/21625118.html
11615131,山本　哲哉,2011年 公式戦初出場,FALSE,2011,2006001,https://npb.jp/bis/players/11615131.html
91895133,山田　哲人,2011年 入団,FALSE,2011,2006001,https://npb.jp/bis/players/91895133.html
01005117,雄平,2003年 公式戦初出場,FALSE,2011,2006001,https://npb.jp/bis/players/01005117.html
91493888,吉本　亮,2001年 公式戦初出場,FALSE,2011,2006001,https://npb.jp/bis/players/91493888.html
21625117,吉川　昌宏,2003年 公式戦初出場,FALSE,2011,2006001,https://npb.jp/bis/players/21625117.html
81785116,由規,2008年 公式戦初出場,FALSE,2011,2006001,https://npb.jp/bis/players/81785116.html
51655110,渡辺　恒樹,2005年 公式戦初出場,FALSE,2011,2006001,https://npb.jp/bis/players/51655110.html
41443880,相川　亮二,1999年 公式戦初出場,FALSE,2012,2006001,https://npb.jp/bis/players/41443880.html
51155117,阿部　健太,2003年 公式戦初出場,FALSE,2012,2006001,https://npb.jp/bis/players/51155117.html
31135118,赤川　克紀,2009年 公式戦初出場,FALSE,2012,2006001,https://npb.jp/bis/players/31135118.html
01105131,荒木　貴裕,2010年 公式戦初出場,FALSE,2012,2006001,https://npb.jp/bis/players/01105131.html
11315115,石川　雅規,2002年 入団,FALSE,2012,2006001,https://npb.jp/bis/players/11315115.html
21125110,一場　靖弘,2005年 公式戦初出場,FALSE,2012,2006001,https://npb.jp/bis/players/21125110.html
61165112,飯原　誉士,2006年 公式戦初出場,FALSE,2012,2006001,https://npb.jp/bis/players/61165112.html
11815116,林　昌勇,2008年 公式戦初出場,FALSE,2012,2006001,https://npb.jp/bis/players/11815116.html
71375114,上田　剛史,2009年 公式戦初出場,FALSE,2012,2006001,https://npb.jp/bis/players/71375114.html
11515135,ウーゴ,2012年 公式戦初出場,FALSE,2012,2006001,https://npb.jp/bis/players/11515135.html
51555117,小野寺　力,2003年 公式戦初出場,FALSE,2012,2006001,https://npb.jp/bis/players/51555117.html
91395119,押本　健彦,2004年 公式戦初出場,FALSE,2012,2006001,https://npb.jp/bis/players/91395119.html
31535110,川本　良平,2007年 公式戦初出場,FALSE,2012,2006001,https://npb.jp/bis/players/31535110.html
81585112,川島　慶三,2006年 公式戦初出場,FALSE,2012,2006001,https://npb.jp/bis/players/81585112.html
31735112,川端　慎吾,2006年 公式戦初出場,FALSE,2012,2006001,https://npb.jp/bis/players/31735112.html
01505116,加藤　幹典,2008年 公式戦初出場,FALSE,2012,2006001,https://npb.jp/bis/players/01505116.html
11715133,川﨑　成晃,2013年 公式戦初出場,FALSE,2012,2006001,https://npb.jp/bis/players/11715133.html
91795112,木下　達生,2006年 公式戦初出場,FALSE,2012,2006001,https://npb.jp/bis/players/91795112.html
01705133,久古　健太郎,2011年 公式戦初出場,FALSE,2012,2006001,https://npb.jp/bis/players/01705133.html
31735135,木谷　良平,2013年 公式戦初出場,FALSE,2012,2006001,https://npb.jp/bis/players/31735135.html
81585118,楠城　祐介,2010年 公式戦初出場,FALSE,2012,2006001,https://npb.jp/bis/players/81585118.html
61565111,正田　樹,2000年 公式戦初出場,FALSE,2012,2006001,https://npb.jp/bis/players/61565111.html
31035133,七條　祐樹,2011年 公式戦初出場,FALSE,2012,2006001,https://npb.jp/bis/players/31035133.html
81085117,館山　昌平,2003年 公式戦初出場,FALSE,2012,2006001,https://npb.jp/bis/players/81085117.html
21925110,田中　浩康,2005年 公式戦初出場,FALSE,2012,2006001,https://npb.jp/bis/players/21925110.html
31035112,武内　晋一,2006年 公式戦初出場,FALSE,2012,2006001,https://npb.jp/bis/players/31035112.html
01205135,徳山　武陽,2013年 公式戦初出場,FALSE,2012,2006001,https://npb.jp/bis/players/01205135.html
51255118,中村　悠平,2009年 入団,FALSE,2012,2006001,https://npb.jp/bis/players/51255118.html
51055131,中澤　雅人,2010年 公式戦初出場,FALSE,2012,2006001,https://npb.jp/bis/players/51055131.html
41245118,新田　玄気,2010年 公式戦初出場,FALSE,2012,2006001,https://npb.jp/bis/players/41245118.html
41245133,西田　明央,2013年 公式戦初出場,FALSE,2012,2006001,https://npb.jp/bis/players/41245133.html
81985111,野口　祥順,2002年 公式戦初出場,FALSE,2012,2006001,https://npb.jp/bis/players/81985111.html
31235113,畠山　和洋,2004年 公式戦初出場,FALSE,2012,2006001,https://npb.jp/bis/players/31235113.html
71875131,Ｔ．バーネット,2010年 公式戦初出場,TRUE,2012,2006001,https://npb.jp/bis/players/71875131.html
13315133,Ｗ．バレンティン,2011年 公式戦初出場,TRUE,2012,2006001,https://npb.jp/bis/players/13315133.html
71475118,日高　亮,2011年 公式戦初出場,FALSE,2012,2006001,https://npb.jp/bis/players/71475118.html
11215131,平井　諒,2012年 公式戦初出場,FALSE,2012,2006001,https://npb.jp/bis/players/11215131.html
61465135,比屋根　渉,2012年 公式戦初出場,FALSE,2012,2006001,https://npb.jp/bis/players/61465135.html
41943889,福地　寿樹,1997年 公式戦初出場,FALSE,2012,2006001,https://npb.jp/bis/players/41943889.html
21225113,藤本　敦士,2001年 公式戦初出場,FALSE,2012,2006001,https://npb.jp/bis/players/21225113.html
11415115,福川　将和,2003年 公式戦初出場,FALSE,2012,2006001,https://npb.jp/bis/players/11415115.html
01405118,Ｒ．フェルナンデス,2011年 公式戦初出場,TRUE,2012,2006001,https://npb.jp/bis/players/01405118.html
51655135,古野　正人,2013年 公式戦初出場,FALSE,2012,2006001,https://npb.jp/bis/players/51655135.html
21823888,松元　ユウイチ,2002年 公式戦初出場,FALSE,2012,2006001,https://npb.jp/bis/players/21823888.html
51455110,松岡　健一,2005年 公式戦初出場,FALSE,2012,2006001,https://npb.jp/bis/players/51455110.html
11615112,松井　光介,2006年 公式戦初出場,FALSE,2012,2006001,https://npb.jp/bis/players/11615112.html
71675114,増渕　竜義,2007年 公式戦初出場,FALSE,2012,2006001,https://npb.jp/bis/players/71675114.html
31435131,松井　淳,2011年 公式戦初出場,FALSE,2012,2006001,https://npb.jp/bis/players/31435131.html
51053880,宮本　慎也,1995年 公式戦初出場,FALSE,2012,2006001,https://npb.jp/bis/players/51053880.html
31233882,宮出　隆自,1998年 公式戦初出場,FALSE,2012,2006001,https://npb.jp/bis/players/31233882.html
31435113,水田　圭介,2001年 公式戦初出場,FALSE,2012,2006001,https://npb.jp/bis/players/31435113.html
81485116,三輪　正義,2009年 公式戦初出場,FALSE,2012,2006001,https://npb.jp/bis/players/81485116.html
13315135,Ｌ．ミレッジ,2012年 公式戦初出場,TRUE,2012,2006001,https://npb.jp/bis/players/13315135.html
21625112,村中　恭兵,2006年 公式戦初出場,FALSE,2012,2006001,https://npb.jp/bis/players/21625112.html
11615117,森岡　良介,2003年 公式戦初出場,FALSE,2012,2006001,https://npb.jp/bis/players/11615117.html
11615110,山岸　穣,2005年 公式戦初出場,FALSE,2012,2006001,https://npb.jp/bis/players/11615110.html
61665116,山本　斉,2009年 公式戦初出場,FALSE,2012,2006001,https://npb.jp/bis/players/61665116.html
21625118,八木　亮祐,2012年 公式戦初出場,FALSE,2012,2006001,https://npb.jp/bis/players/21625118.html
11615131,山本　哲哉,2011年 公式戦初出場,FALSE,2012,2006001,https://npb.jp/bis/players/11615131.html
91895133,山田　哲人,2011年 入団,FALSE,2012,2006001,https://npb.jp/bis/players/91895133.html
01005117,雄平,2003年 公式戦初出場,FALSE,2012,2006001,https://npb.jp/bis/players/01005117.html
81785116,由規,2008年 公式戦初出場,FALSE,2012,2006001,https://npb.jp/bis/players/81785116.html
33335135,Ｏ．ロマン,2012年 公式戦初出場,TRUE,2012,2006001,https://npb.jp/bis/players/33335135.html
51655110,渡辺　恒樹,2005年 公式戦初出場,FALSE,2012,2006001,https://npb.jp/bis/players/51655110.html
41443880,相川　亮二,1999年 公式戦初出場,FALSE,2013,2006001,https://npb.jp/bis/players/41443880.html
51155117,阿部　健太,2003年 公式戦初出場,FALSE,2013,2006001,https://npb.jp/bis/players/51155117.html
31135118,赤川　克紀,2009年 公式戦初出場,FALSE,2013,2006001,https://npb.jp/bis/players/31135118.html
01105131,荒木　貴裕,2010年 公式戦初出場,FALSE,2013,2006001,https://npb.jp/bis/players/01105131.html
11313884,岩村　明憲,1998年 公式戦初出場,FALSE,2013,2006001,https://npb.jp/bis/players/11313884.html
11315115,石川　雅規,2002年 入団,FALSE,2013,2006001,https://npb.jp/bis/players/11315115.html
61165112,飯原　誉士,2006年 公式戦初出場,FALSE,2013,2006001,https://npb.jp/bis/players/61165112.html
21125137,石山　泰稚,2013年 入団,FALSE,2013,2006001,https://npb.jp/bis/players/21125137.html
71375114,上田　剛史,2009年 公式戦初出場,FALSE,2013,2006001,https://npb.jp/bis/players/71375114.html
71375137,江村　将也,2013年 公式戦初出場,FALSE,2013,2006001,https://npb.jp/bis/players/71375137.html
91395119,押本　健彦,2004年 公式戦初出場,FALSE,2013,2006001,https://npb.jp/bis/players/91395119.html
41345137,大場　達也,2013年 公式戦初出場,FALSE,2013,2006001,https://npb.jp/bis/players/41345137.html
11515137,小川　泰弘,2013年 入団,FALSE,2013,2006001,https://npb.jp/bis/players/11515137.html
31535110,川本　良平,2007年 公式戦初出場,FALSE,2013,2006001,https://npb.jp/bis/players/31535110.html
81585112,川島　慶三,2006年 公式戦初出場,FALSE,2013,2006001,https://npb.jp/bis/players/81585112.html
31735112,川端　慎吾,2006年 公式戦初出場,FALSE,2013,2006001,https://npb.jp/bis/players/31735112.html
11715133,川﨑　成晃,2013年 公式戦初出場,FALSE,2013,2006001,https://npb.jp/bis/players/11715133.html
11515135,金伏　ウーゴ,2012年 公式戦初出場,FALSE,2013,2006001,https://npb.jp/bis/players/11515135.html
01705133,久古　健太郎,2011年 公式戦初出場,FALSE,2013,2006001,https://npb.jp/bis/players/01705133.html
31735135,木谷　良平,2013年 公式戦初出場,FALSE,2013,2006001,https://npb.jp/bis/players/31735135.html
81585118,楠城　祐介,2010年 公式戦初出場,FALSE,2013,2006001,https://npb.jp/bis/players/81585118.html
61565111,正田　樹,2000年 公式戦初出場,FALSE,2013,2006001,https://npb.jp/bis/players/61565111.html
31035133,七條　祐樹,2011年 公式戦初出場,FALSE,2013,2006001,https://npb.jp/bis/players/31035133.html
81085117,館山　昌平,2003年 公式戦初出場,FALSE,2013,2006001,https://npb.jp/bis/players/81085117.html
71975119,田中　雅彦,2007年 公式戦初出場,FALSE,2013,2006001,https://npb.jp/bis/players/71975119.html
21925110,田中　浩康,2005年 公式戦初出場,FALSE,2013,2006001,https://npb.jp/bis/players/21925110.html
31035112,武内　晋一,2006年 公式戦初出場,FALSE,2013,2006001,https://npb.jp/bis/players/31035112.html
71975137,田川　賢吾,2018年 公式戦初出場,FALSE,2013,2006001,https://npb.jp/bis/players/71975137.html
01205135,徳山　武陽,2013年 公式戦初出場,FALSE,2013,2006001,https://npb.jp/bis/players/01205135.html
51255118,中村　悠平,2009年 入団,FALSE,2013,2006001,https://npb.jp/bis/players/51255118.html
51055131,中澤　雅人,2010年 公式戦初出場,FALSE,2013,2006001,https://npb.jp/bis/players/51055131.html
41245118,新田　玄気,2010年 公式戦初出場,FALSE,2013,2006001,https://npb.jp/bis/players/41245118.html
41245133,西田　明央,2013年 公式戦初出場,FALSE,2013,2006001,https://npb.jp/bis/players/41245133.html
81985111,野口　祥順,2002年 公式戦初出場,FALSE,2013,2006001,https://npb.jp/bis/players/81985111.html
31235113,畠山　和洋,2004年 公式戦初出場,FALSE,2013,2006001,https://npb.jp/bis/players/31235113.html
71875131,Ｔ．バーネット,2010年 公式戦初出場,TRUE,2013,2006001,https://npb.jp/bis/players/71875131.html
13315133,Ｗ．バレンティン,2011年 公式戦初出場,TRUE,2013,2006001,https://npb.jp/bis/players/13315133.html
71475118,日高　亮,2011年 公式戦初出場,FALSE,2013,2006001,https://npb.jp/bis/players/71475118.html
11215131,平井　諒,2012年 公式戦初出場,FALSE,2013,2006001,https://npb.jp/bis/players/11215131.html
61465135,比屋根　渉,2012年 公式戦初出場,FALSE,2013,2006001,https://npb.jp/bis/players/61465135.html
01205113,藤田　太陽,2001年 公式戦初出場,FALSE,2013,2006001,https://npb.jp/bis/players/01205113.html
21225113,藤本　敦士,2001年 公式戦初出場,FALSE,2013,2006001,https://npb.jp/bis/players/21225113.html
01405118,Ｒ．フェルナンデス,2011年 公式戦初出場,TRUE,2013,2006001,https://npb.jp/bis/players/01405118.html
51655135,古野　正人,2013年 公式戦初出場,FALSE,2013,2006001,https://npb.jp/bis/players/51655135.html
31235137,星野　雄大,2017年 公式戦初出場,FALSE,2013,2006001,https://npb.jp/bis/players/31235137.html
21823888,松元　ユウイチ,2002年 公式戦初出場,FALSE,2013,2006001,https://npb.jp/bis/players/21823888.html
51455110,松岡　健一,2005年 公式戦初出場,FALSE,2013,2006001,https://npb.jp/bis/players/51455110.html
11615112,松井　光介,2006年 公式戦初出場,FALSE,2013,2006001,https://npb.jp/bis/players/11615112.html
71675114,増渕　竜義,2007年 公式戦初出場,FALSE,2013,2006001,https://npb.jp/bis/players/71675114.html
31435131,松井　淳,2011年 公式戦初出場,FALSE,2013,2006001,https://npb.jp/bis/players/31435131.html
51053880,宮本　慎也,1995年 公式戦初出場,FALSE,2013,2006001,https://npb.jp/bis/players/51053880.html
31435113,水田　圭介,2001年 公式戦初出場,FALSE,2013,2006001,https://npb.jp/bis/players/31435113.html
81485116,三輪　正義,2009年 公式戦初出場,FALSE,2013,2006001,https://npb.jp/bis/players/81485116.html
13315135,Ｌ．ミレッジ,2012年 公式戦初出場,TRUE,2013,2006001,https://npb.jp/bis/players/13315135.html
21625112,村中　恭兵,2006年 公式戦初出場,FALSE,2013,2006001,https://npb.jp/bis/players/21625112.html
11615117,森岡　良介,2003年 公式戦初出場,FALSE,2013,2006001,https://npb.jp/bis/players/11615117.html
61665116,山本　斉,2009年 公式戦初出場,FALSE,2013,2006001,https://npb.jp/bis/players/61665116.html
21625118,八木　亮祐,2012年 公式戦初出場,FALSE,2013,2006001,https://npb.jp/bis/players/21625118.html
11615131,山本　哲哉,2011年 公式戦初出場,FALSE,2013,2006001,https://npb.jp/bis/players/11615131.html
91895133,山田　哲人,2011年 入団,FALSE,2013,2006001,https://npb.jp/bis/players/91895133.html
11615137,谷内　亮太,2013年 公式戦初出場,FALSE,2013,2006001,https://npb.jp/bis/players/11615137.html
01005117,雄平,2003年 公式戦初出場,FALSE,2013,2006001,https://npb.jp/bis/players/01005117.html
81785116,由規,2008年 公式戦初出場,FALSE,2013,2006001,https://npb.jp/bis/players/81785116.html
63165137,Ｃ．ラルー,2013年 公式戦初出場,TRUE,2013,2006001,https://npb.jp/bis/players/63165137.html
33335135,Ｏ．ロマン,2012年 公式戦初出場,TRUE,2013,2006001,https://npb.jp/bis/players/33335135.html
41443880,相川　亮二,1999年 公式戦初出場,FALSE,2014,2006001,https://npb.jp/bis/players/41443880.html
51155117,阿部　健太,2003年 公式戦初出場,FALSE,2014,2006001,https://npb.jp/bis/players/51155117.html
91195117,新垣　渚,2003年 公式戦初出場,FALSE,2014,2006001,https://npb.jp/bis/players/91195117.html
31135118,赤川　克紀,2009年 公式戦初出場,FALSE,2014,2006001,https://npb.jp/bis/players/31135118.html
01105131,荒木　貴裕,2010年 公式戦初出場,FALSE,2014,2006001,https://npb.jp/bis/players/01105131.html
91195139,秋吉　亮,2014年 公式戦初出場,FALSE,2014,2006001,https://npb.jp/bis/players/91195139.html
11313884,岩村　明憲,1998年 公式戦初出場,FALSE,2014,2006001,https://npb.jp/bis/players/11313884.html
11315115,石川　雅規,2002年 入団,FALSE,2014,2006001,https://npb.jp/bis/players/11315115.html
61165112,飯原　誉士,2006年 公式戦初出場,FALSE,2014,2006001,https://npb.jp/bis/players/61165112.html
61165114,今浪　隆博,2008年 公式戦初出場,FALSE,2014,2006001,https://npb.jp/bis/players/61165114.html
21125137,石山　泰稚,2013年 入団,FALSE,2014,2006001,https://npb.jp/bis/players/21125137.html
71375139,岩橋　慶侍,2014年 公式戦初出場,FALSE,2014,2006001,https://npb.jp/bis/players/71375139.html
71375114,上田　剛史,2009年 公式戦初出場,FALSE,2014,2006001,https://npb.jp/bis/players/71375114.html
71375137,江村　将也,2013年 公式戦初出場,FALSE,2014,2006001,https://npb.jp/bis/players/71375137.html
91395119,押本　健彦,2004年 公式戦初出場,FALSE,2014,2006001,https://npb.jp/bis/players/91395119.html
41345137,大場　達也,2013年 公式戦初出場,FALSE,2014,2006001,https://npb.jp/bis/players/41345137.html
11515137,小川　泰弘,2013年 入団,FALSE,2014,2006001,https://npb.jp/bis/players/11515137.html
81585112,川島　慶三,2006年 公式戦初出場,FALSE,2014,2006001,https://npb.jp/bis/players/81585112.html
31735112,川端　慎吾,2006年 公式戦初出場,FALSE,2014,2006001,https://npb.jp/bis/players/31735112.html
11715133,川﨑　成晃,2013年 公式戦初出場,FALSE,2014,2006001,https://npb.jp/bis/players/11715133.html
11515135,金伏　ウーゴ,2012年 公式戦初出場,FALSE,2014,2006001,https://npb.jp/bis/players/11515135.html
71875139,Ｃ．カーペンター,2014年 公式戦初出場,TRUE,2014,2006001,https://npb.jp/bis/players/71875139.html
01705133,久古　健太郎,2011年 公式戦初出場,FALSE,2014,2006001,https://npb.jp/bis/players/01705133.html
31735135,木谷　良平,2013年 公式戦初出場,FALSE,2014,2006001,https://npb.jp/bis/players/31735135.html
61765115,真田　裕貴,2002年 公式戦初出場,FALSE,2014,2006001,https://npb.jp/bis/players/61765115.html
31035133,七條　祐樹,2011年 公式戦初出場,FALSE,2014,2006001,https://npb.jp/bis/players/31035133.html
61765139,杉浦　稔大,2014年 入団,FALSE,2014,2006001,https://npb.jp/bis/players/61765139.html
81085117,館山　昌平,2003年 公式戦初出場,FALSE,2014,2006001,https://npb.jp/bis/players/81085117.html
71975119,田中　雅彦,2007年 公式戦初出場,FALSE,2014,2006001,https://npb.jp/bis/players/71975119.html
21925110,田中　浩康,2005年 公式戦初出場,FALSE,2014,2006001,https://npb.jp/bis/players/21925110.html
31035112,武内　晋一,2006年 公式戦初出場,FALSE,2014,2006001,https://npb.jp/bis/players/31035112.html
71975137,田川　賢吾,2018年 公式戦初出場,FALSE,2014,2006001,https://npb.jp/bis/players/71975137.html
01205135,徳山　武陽,2013年 公式戦初出場,FALSE,2014,2006001,https://npb.jp/bis/players/01205135.html
51255118,中村　悠平,2009年 入団,FALSE,2014,2006001,https://npb.jp/bis/players/51255118.html
51055131,中澤　雅人,2010年 公式戦初出場,FALSE,2014,2006001,https://npb.jp/bis/players/51055131.html
13115139,Ｃ．ナーブソン,2014年 公式戦初出場,TRUE,2014,2006001,https://npb.jp/bis/players/13115139.html
41245118,新田　玄気,2010年 公式戦初出場,FALSE,2014,2006001,https://npb.jp/bis/players/41245118.html
41245133,西田　明央,2013年 公式戦初出場,FALSE,2014,2006001,https://npb.jp/bis/players/41245133.html
91095139,西浦　直亨,2014年 公式戦初出場,FALSE,2014,2006001,https://npb.jp/bis/players/91095139.html
81985111,野口　祥順,2002年 公式戦初出場,FALSE,2014,2006001,https://npb.jp/bis/players/81985111.html
31235113,畠山　和洋,2004年 公式戦初出場,FALSE,2014,2006001,https://npb.jp/bis/players/31235113.html
71875131,Ｔ．バーネット,2010年 公式戦初出場,TRUE,2014,2006001,https://npb.jp/bis/players/71875131.html
13315133,Ｗ．バレンティン,2011年 公式戦初出場,TRUE,2014,2006001,https://npb.jp/bis/players/13315133.html
71475118,日高　亮,2011年 公式戦初出場,FALSE,2014,2006001,https://npb.jp/bis/players/71475118.html
11215131,平井　諒,2012年 公式戦初出場,FALSE,2014,2006001,https://npb.jp/bis/players/11215131.html
61465135,比屋根　渉,2012年 公式戦初出場,FALSE,2014,2006001,https://npb.jp/bis/players/61465135.html
51655135,古野　正人,2013年 公式戦初出場,FALSE,2014,2006001,https://npb.jp/bis/players/51655135.html
91295139,藤井　亮太,2014年 公式戦初出場,FALSE,2014,2006001,https://npb.jp/bis/players/91295139.html
31235137,星野　雄大,2017年 公式戦初出場,FALSE,2014,2006001,https://npb.jp/bis/players/31235137.html
21823888,松元　ユウイチ,2002年 公式戦初出場,FALSE,2014,2006001,https://npb.jp/bis/players/21823888.html
51455110,松岡　健一,2005年 公式戦初出場,FALSE,2014,2006001,https://npb.jp/bis/players/51455110.html
71675114,増渕　竜義,2007年 公式戦初出場,FALSE,2014,2006001,https://npb.jp/bis/players/71675114.html
31435131,松井　淳,2011年 公式戦初出場,FALSE,2014,2006001,https://npb.jp/bis/players/31435131.html
81485116,三輪　正義,2009年 公式戦初出場,FALSE,2014,2006001,https://npb.jp/bis/players/81485116.html
13315135,Ｌ．ミレッジ,2012年 公式戦初出場,TRUE,2014,2006001,https://npb.jp/bis/players/13315135.html
21625112,村中　恭兵,2006年 公式戦初出場,FALSE,2014,2006001,https://npb.jp/bis/players/21625112.html
11615117,森岡　良介,2003年 公式戦初出場,FALSE,2014,2006001,https://npb.jp/bis/players/11615117.html
61665116,山本　斉,2009年 公式戦初出場,FALSE,2014,2006001,https://npb.jp/bis/players/61665116.html
21625118,八木　亮祐,2012年 公式戦初出場,FALSE,2014,2006001,https://npb.jp/bis/players/21625118.html
11615131,山本　哲哉,2011年 公式戦初出場,FALSE,2014,2006001,https://npb.jp/bis/players/11615131.html
91895133,山田　哲人,2011年 入団,FALSE,2014,2006001,https://npb.jp/bis/players/91895133.html
11615137,谷内　亮太,2013年 公式戦初出場,FALSE,2014,2006001,https://npb.jp/bis/players/11615137.html
31635137,山中　浩史,2013年 公式戦初出場,FALSE,2014,2006001,https://npb.jp/bis/players/31635137.html
01005117,雄平,2003年 公式戦初出場,FALSE,2014,2006001,https://npb.jp/bis/players/01005117.html
81785116,由規,2008年 公式戦初出場,FALSE,2014,2006001,https://npb.jp/bis/players/81785116.html
33335135,Ｏ．ロマン,2012年 公式戦初出場,TRUE,2014,2006001,https://npb.jp/bis/players/33335135.html
51155117,阿部　健太,2003年 公式戦初出場,FALSE,2015,2006001,https://npb.jp/bis/players/51155117.html
91195117,新垣　渚,2003年 公式戦初出場,FALSE,2015,2006001,https://npb.jp/bis/players/91195117.html
31135118,赤川　克紀,2009年 公式戦初出場,FALSE,2015,2006001,https://npb.jp/bis/players/31135118.html
01105131,荒木　貴裕,2010年 公式戦初出場,FALSE,2015,2006001,https://npb.jp/bis/players/01105131.html
91195139,秋吉　亮,2014年 公式戦初出場,FALSE,2015,2006001,https://npb.jp/bis/players/91195139.html
11315115,石川　雅規,2002年 入団,FALSE,2015,2006001,https://npb.jp/bis/players/11315115.html
61165112,飯原　誉士,2006年 公式戦初出場,FALSE,2015,2006001,https://npb.jp/bis/players/61165112.html
81185112,井野　卓,2007年 公式戦初出場,FALSE,2015,2006001,https://npb.jp/bis/players/81185112.html
61165114,今浪　隆博,2008年 公式戦初出場,FALSE,2015,2006001,https://npb.jp/bis/players/61165114.html
21125137,石山　泰稚,2013年 入団,FALSE,2015,2006001,https://npb.jp/bis/players/21125137.html
71375139,岩橋　慶侍,2014年 公式戦初出場,FALSE,2015,2006001,https://npb.jp/bis/players/71375139.html
71375114,上田　剛史,2009年 公式戦初出場,FALSE,2015,2006001,https://npb.jp/bis/players/71375114.html
71375137,江村　将也,2013年 公式戦初出場,FALSE,2015,2006001,https://npb.jp/bis/players/71375137.html
91595114,大引　啓次,2007年 公式戦初出場,FALSE,2015,2006001,https://npb.jp/bis/players/91595114.html
41345137,大場　達也,2013年 公式戦初出場,FALSE,2015,2006001,https://npb.jp/bis/players/41345137.html
11515137,小川　泰弘,2013年 入団,FALSE,2015,2006001,https://npb.jp/bis/players/11515137.html
91595139,奥村　展征,2016年 公式戦初出場,FALSE,2015,2006001,https://npb.jp/bis/players/91595139.html
23125130,Ｌ．オンドルセク,2015年 公式戦初出場,TRUE,2015,2006001,https://npb.jp/bis/players/23125130.html
31735112,川端　慎吾,2006年 公式戦初出場,FALSE,2015,2006001,https://npb.jp/bis/players/31735112.html
11715133,川﨑　成晃,2013年 公式戦初出場,FALSE,2015,2006001,https://npb.jp/bis/players/11715133.html
11515135,金伏　ウーゴ,2012年 公式戦初出場,FALSE,2015,2006001,https://npb.jp/bis/players/11515135.html
91595130,風張　蓮,2015年 公式戦初出場,FALSE,2015,2006001,https://npb.jp/bis/players/91595130.html
01705133,久古　健太郎,2011年 公式戦初出場,FALSE,2015,2006001,https://npb.jp/bis/players/01705133.html
31735135,木谷　良平,2013年 公式戦初出場,FALSE,2015,2006001,https://npb.jp/bis/players/31735135.html
31035133,七條　祐樹,2011年 公式戦初出場,FALSE,2015,2006001,https://npb.jp/bis/players/31035133.html
61765139,杉浦　稔大,2014年 入団,FALSE,2015,2006001,https://npb.jp/bis/players/61765139.html
81085117,館山　昌平,2003年 公式戦初出場,FALSE,2015,2006001,https://npb.jp/bis/players/81085117.html
71975119,田中　雅彦,2007年 公式戦初出場,FALSE,2015,2006001,https://npb.jp/bis/players/71975119.html
21925110,田中　浩康,2005年 公式戦初出場,FALSE,2015,2006001,https://npb.jp/bis/players/21925110.html
31035112,武内　晋一,2006年 公式戦初出場,FALSE,2015,2006001,https://npb.jp/bis/players/31035112.html
71975137,田川　賢吾,2018年 公式戦初出場,FALSE,2015,2006001,https://npb.jp/bis/players/71975137.html
21025130,竹下　真吾,2016年 公式戦初出場,FALSE,2015,2006001,https://npb.jp/bis/players/21025130.html
91295130,寺田　哲也,2015年 公式戦初出場,FALSE,2015,2006001,https://npb.jp/bis/players/91295130.html
53755130,Ｍ．デニング,2015年 公式戦初出場,TRUE,2015,2006001,https://npb.jp/bis/players/53755130.html
01205135,徳山　武陽,2013年 公式戦初出場,FALSE,2015,2006001,https://npb.jp/bis/players/01205135.html
61265130,土肥　寛昌,2016年 公式戦初出場,FALSE,2015,2006001,https://npb.jp/bis/players/61265130.html
11015119,成瀬　善久,2006年 公式戦初出場,FALSE,2015,2006001,https://npb.jp/bis/players/11015119.html
51255118,中村　悠平,2009年 入団,FALSE,2015,2006001,https://npb.jp/bis/players/51255118.html
51055131,中澤　雅人,2010年 公式戦初出場,FALSE,2015,2006001,https://npb.jp/bis/players/51055131.html
11415130,中島　彰吾,2016年 公式戦初出場,FALSE,2015,2006001,https://npb.jp/bis/players/11415130.html
41245133,西田　明央,2013年 公式戦初出場,FALSE,2015,2006001,https://npb.jp/bis/players/41245133.html
91095139,西浦　直亨,2014年 公式戦初出場,FALSE,2015,2006001,https://npb.jp/bis/players/91095139.html
31235113,畠山　和洋,2004年 公式戦初出場,FALSE,2015,2006001,https://npb.jp/bis/players/31235113.html
71875131,Ｔ．バーネット,2010年 公式戦初出場,TRUE,2015,2006001,https://npb.jp/bis/players/71875131.html
13315133,Ｗ．バレンティン,2011年 公式戦初出場,TRUE,2015,2006001,https://npb.jp/bis/players/13315133.html
11215131,平井　諒,2012年 公式戦初出場,FALSE,2015,2006001,https://npb.jp/bis/players/11215131.html
61465135,比屋根　渉,2012年 公式戦初出場,FALSE,2015,2006001,https://npb.jp/bis/players/61465135.html
51655135,古野　正人,2013年 公式戦初出場,FALSE,2015,2006001,https://npb.jp/bis/players/51655135.html
91295139,藤井　亮太,2014年 公式戦初出場,FALSE,2015,2006001,https://npb.jp/bis/players/91295139.html
31235137,星野　雄大,2017年 公式戦初出場,FALSE,2015,2006001,https://npb.jp/bis/players/31235137.html
21823888,松元　ユウイチ,2002年 公式戦初出場,FALSE,2015,2006001,https://npb.jp/bis/players/21823888.html
51455110,松岡　健一,2005年 公式戦初出場,FALSE,2015,2006001,https://npb.jp/bis/players/51455110.html
31435131,松井　淳,2011年 公式戦初出場,FALSE,2015,2006001,https://npb.jp/bis/players/31435131.html
81485116,三輪　正義,2009年 公式戦初出場,FALSE,2015,2006001,https://npb.jp/bis/players/81485116.html
13315135,Ｌ．ミレッジ,2012年 公式戦初出場,TRUE,2015,2006001,https://npb.jp/bis/players/13315135.html
21625112,村中　恭兵,2006年 公式戦初出場,FALSE,2015,2006001,https://npb.jp/bis/players/21625112.html
11615117,森岡　良介,2003年 公式戦初出場,FALSE,2015,2006001,https://npb.jp/bis/players/11615117.html
21625118,八木　亮祐,2012年 公式戦初出場,FALSE,2015,2006001,https://npb.jp/bis/players/21625118.html
11615131,山本　哲哉,2011年 公式戦初出場,FALSE,2015,2006001,https://npb.jp/bis/players/11615131.html
91895133,山田　哲人,2011年 入団,FALSE,2015,2006001,https://npb.jp/bis/players/91895133.html
11615137,谷内　亮太,2013年 公式戦初出場,FALSE,2015,2006001,https://npb.jp/bis/players/11615137.html
31635137,山中　浩史,2013年 公式戦初出場,FALSE,2015,2006001,https://npb.jp/bis/players/31635137.html
01005117,雄平,2003年 公式戦初出場,FALSE,2015,2006001,https://npb.jp/bis/players/01005117.html
81785116,由規,2008年 公式戦初出場,FALSE,2015,2006001,https://npb.jp/bis/players/81785116.html
33335135,Ｏ．ロマン,2012年 公式戦初出場,TRUE,2015,2006001,https://npb.jp/bis/players/33335135.html
91195117,新垣　渚,2003年 公式戦初出場,FALSE,2016,2006001,https://npb.jp/bis/players/91195117.html
01105131,荒木　貴裕,2010年 公式戦初出場,FALSE,2016,2006001,https://npb.jp/bis/players/01105131.html
91195139,秋吉　亮,2014年 公式戦初出場,FALSE,2016,2006001,https://npb.jp/bis/players/91195139.html
11315115,石川　雅規,2002年 入団,FALSE,2016,2006001,https://npb.jp/bis/players/11315115.html
61165112,飯原　誉士,2006年 公式戦初出場,FALSE,2016,2006001,https://npb.jp/bis/players/61165112.html
81185112,井野　卓,2007年 公式戦初出場,FALSE,2016,2006001,https://npb.jp/bis/players/81185112.html
61165114,今浪　隆博,2008年 公式戦初出場,FALSE,2016,2006001,https://npb.jp/bis/players/61165114.html
21125137,石山　泰稚,2013年 入団,FALSE,2016,2006001,https://npb.jp/bis/players/21125137.html
71375139,岩橋　慶侍,2014年 公式戦初出場,FALSE,2016,2006001,https://npb.jp/bis/players/71375139.html
61165110,鵜久森　淳志,2006年 公式戦初出場,FALSE,2016,2006001,https://npb.jp/bis/players/61165110.html
71375114,上田　剛史,2009年 公式戦初出場,FALSE,2016,2006001,https://npb.jp/bis/players/71375114.html
91595114,大引　啓次,2007年 公式戦初出場,FALSE,2016,2006001,https://npb.jp/bis/players/91595114.html
11515137,小川　泰弘,2013年 入団,FALSE,2016,2006001,https://npb.jp/bis/players/11515137.html
91595139,奥村　展征,2016年 公式戦初出場,FALSE,2016,2006001,https://npb.jp/bis/players/91595139.html
23125130,Ｌ．オンドルセク,2015年 公式戦初出場,TRUE,2016,2006001,https://npb.jp/bis/players/23125130.html
31735112,川端　慎吾,2006年 公式戦初出場,FALSE,2016,2006001,https://npb.jp/bis/players/31735112.html
91595130,風張　蓮,2015年 公式戦初出場,FALSE,2016,2006001,https://npb.jp/bis/players/91595130.html
01705133,久古　健太郎,2011年 公式戦初出場,FALSE,2016,2006001,https://npb.jp/bis/players/01705133.html
31735135,木谷　良平,2013年 公式戦初出場,FALSE,2016,2006001,https://npb.jp/bis/players/31735135.html
91795115,近藤　一樹,2003年 公式戦初出場,FALSE,2016,2006001,https://npb.jp/bis/players/91795115.html
21925117,坂口　智隆,2003年 公式戦初出場,FALSE,2016,2006001,https://npb.jp/bis/players/21925117.html
53055132,ジェフン,2016年 公式戦初出場,FALSE,2016,2006001,https://npb.jp/bis/players/53055132.html
61765139,杉浦　稔大,2014年 入団,FALSE,2016,2006001,https://npb.jp/bis/players/61765139.html
81085117,館山　昌平,2003年 公式戦初出場,FALSE,2016,2006001,https://npb.jp/bis/players/81085117.html
71975119,田中　雅彦,2007年 公式戦初出場,FALSE,2016,2006001,https://npb.jp/bis/players/71975119.html
21925110,田中　浩康,2005年 公式戦初出場,FALSE,2016,2006001,https://npb.jp/bis/players/21925110.html
31035112,武内　晋一,2006年 公式戦初出場,FALSE,2016,2006001,https://npb.jp/bis/players/31035112.html
71975137,田川　賢吾,2018年 公式戦初出場,FALSE,2016,2006001,https://npb.jp/bis/players/71975137.html
21025130,竹下　真吾,2016年 公式戦初出場,FALSE,2016,2006001,https://npb.jp/bis/players/21025130.html
51055132,高橋　奎二,2016年 入団,FALSE,2016,2006001,https://npb.jp/bis/players/51055132.html
91295130,寺田　哲也,2015年 公式戦初出場,FALSE,2016,2006001,https://npb.jp/bis/players/91295130.html
93595132,Ｋ．デイビーズ,2016年 公式戦初出場,TRUE,2016,2006001,https://npb.jp/bis/players/93595132.html
01205135,徳山　武陽,2013年 公式戦初出場,FALSE,2016,2006001,https://npb.jp/bis/players/01205135.html
61265130,土肥　寛昌,2016年 公式戦初出場,FALSE,2016,2006001,https://npb.jp/bis/players/61265130.html
11015119,成瀬　善久,2006年 公式戦初出場,FALSE,2016,2006001,https://npb.jp/bis/players/11015119.html
51255118,中村　悠平,2009年 入団,FALSE,2016,2006001,https://npb.jp/bis/players/51255118.html
51055131,中澤　雅人,2010年 公式戦初出場,FALSE,2016,2006001,https://npb.jp/bis/players/51055131.html
11415130,中島　彰吾,2016年 公式戦初出場,FALSE,2016,2006001,https://npb.jp/bis/players/11415130.html
41245133,西田　明央,2013年 公式戦初出場,FALSE,2016,2006001,https://npb.jp/bis/players/41245133.html
91095139,西浦　直亨,2014年 公式戦初出場,FALSE,2016,2006001,https://npb.jp/bis/players/91095139.html
31235113,畠山　和洋,2004年 公式戦初出場,FALSE,2016,2006001,https://npb.jp/bis/players/31235113.html
13315133,Ｗ．バレンティン,2011年 公式戦初出場,TRUE,2016,2006001,https://npb.jp/bis/players/13315133.html
31635132,原　樹理,2016年 公式戦初出場,FALSE,2016,2006001,https://npb.jp/bis/players/31635132.html
11215131,平井　諒,2012年 公式戦初出場,FALSE,2016,2006001,https://npb.jp/bis/players/11215131.html
61465135,比屋根　渉,2012年 公式戦初出場,FALSE,2016,2006001,https://npb.jp/bis/players/61465135.html
21625132,廣岡　大志,2016年 入団,FALSE,2016,2006001,https://npb.jp/bis/players/21625132.html
51655135,古野　正人,2013年 公式戦初出場,FALSE,2016,2006001,https://npb.jp/bis/players/51655135.html
91295139,藤井　亮太,2014年 公式戦初出場,FALSE,2016,2006001,https://npb.jp/bis/players/91295139.html
23725132,Ｌ．ペレス,2016年 公式戦初出場,TRUE,2016,2006001,https://npb.jp/bis/players/23725132.html
31235137,星野　雄大,2017年 公式戦初出場,FALSE,2016,2006001,https://npb.jp/bis/players/31235137.html
51455110,松岡　健一,2005年 公式戦初出場,FALSE,2016,2006001,https://npb.jp/bis/players/51455110.html
31435131,松井　淳,2011年 公式戦初出場,FALSE,2016,2006001,https://npb.jp/bis/players/31435131.html
81485116,三輪　正義,2009年 公式戦初出場,FALSE,2016,2006001,https://npb.jp/bis/players/81485116.html
21625112,村中　恭兵,2006年 公式戦初出場,FALSE,2016,2006001,https://npb.jp/bis/players/21625112.html
11615117,森岡　良介,2003年 公式戦初出場,FALSE,2016,2006001,https://npb.jp/bis/players/11615117.html
21625118,八木　亮祐,2012年 公式戦初出場,FALSE,2016,2006001,https://npb.jp/bis/players/21625118.html
11615131,山本　哲哉,2011年 公式戦初出場,FALSE,2016,2006001,https://npb.jp/bis/players/11615131.html
91895133,山田　哲人,2011年 入団,FALSE,2016,2006001,https://npb.jp/bis/players/91895133.html
11615137,谷内　亮太,2013年 公式戦初出場,FALSE,2016,2006001,https://npb.jp/bis/players/11615137.html
31635137,山中　浩史,2013年 公式戦初出場,FALSE,2016,2006001,https://npb.jp/bis/players/31635137.html
33135132,山崎　晃大朗,2016年 公式戦初出場,FALSE,2016,2006001,https://npb.jp/bis/players/33135132.html
01005117,雄平,2003年 公式戦初出場,FALSE,2016,2006001,https://npb.jp/bis/players/01005117.html
81785116,由規,2008年 公式戦初出場,FALSE,2016,2006001,https://npb.jp/bis/players/81785116.html
53955132,Ｊ．ルーキ,2016年 公式戦初出場,TRUE,2016,2006001,https://npb.jp/bis/players/53955132.html
73375132,渡邉　大樹,2017年 公式戦初出場,FALSE,2016,2006001,https://npb.jp/bis/players/73375132.html
01105131,荒木　貴裕,2010年 公式戦初出場,FALSE,2017,2006001,https://npb.jp/bis/players/01105131.html
91195139,秋吉　亮,2014年 公式戦初出場,FALSE,2017,2006001,https://npb.jp/bis/players/91195139.html
11315115,石川　雅規,2002年 入団,FALSE,2017,2006001,https://npb.jp/bis/players/11315115.html
61165112,飯原　誉士,2006年 公式戦初出場,FALSE,2017,2006001,https://npb.jp/bis/players/61165112.html
81185112,井野　卓,2007年 公式戦初出場,FALSE,2017,2006001,https://npb.jp/bis/players/81185112.html
61165114,今浪　隆博,2008年 公式戦初出場,FALSE,2017,2006001,https://npb.jp/bis/players/61165114.html
21125137,石山　泰稚,2013年 入団,FALSE,2017,2006001,https://npb.jp/bis/players/21125137.html
71375139,岩橋　慶侍,2014年 公式戦初出場,FALSE,2017,2006001,https://npb.jp/bis/players/71375139.html
61165110,鵜久森　淳志,2006年 公式戦初出場,FALSE,2017,2006001,https://npb.jp/bis/players/61165110.html
71375114,上田　剛史,2009年 公式戦初出場,FALSE,2017,2006001,https://npb.jp/bis/players/71375114.html
51355134,梅野　雄吾,2017年 入団,FALSE,2017,2006001,https://npb.jp/bis/players/51355134.html
41345133,榎本　葵,2012年 公式戦初出場,FALSE,2017,2006001,https://npb.jp/bis/players/41345133.html
71375110,大松　尚逸,2005年 公式戦初出場,FALSE,2017,2006001,https://npb.jp/bis/players/71375110.html
91595114,大引　啓次,2007年 公式戦初出場,FALSE,2017,2006001,https://npb.jp/bis/players/91595114.html
11515137,小川　泰弘,2013年 入団,FALSE,2017,2006001,https://npb.jp/bis/players/11515137.html
91595139,奥村　展征,2016年 公式戦初出場,FALSE,2017,2006001,https://npb.jp/bis/players/91595139.html
91395134,大村　孟,2018年 公式戦初出場,FALSE,2017,2006001,https://npb.jp/bis/players/91395134.html
83385134,Ｒ．オーレンドルフ,2017年 公式戦初出場,TRUE,2017,2006001,https://npb.jp/bis/players/83385134.html
31735112,川端　慎吾,2006年 公式戦初出場,FALSE,2017,2006001,https://npb.jp/bis/players/31735112.html
91595130,風張　蓮,2015年 公式戦初出場,FALSE,2017,2006001,https://npb.jp/bis/players/91595130.html
01705133,久古　健太郎,2011年 公式戦初出場,FALSE,2017,2006001,https://npb.jp/bis/players/01705133.html
21525134,菊沢　竜佑,2017年 公式戦初出場,FALSE,2017,2006001,https://npb.jp/bis/players/21525134.html
93595134,Ｐ．ギルメット,2017年 公式戦初出場,TRUE,2017,2006001,https://npb.jp/bis/players/93595134.html
23525134,Ｄ．グリーン,2017年 公式戦初出場,TRUE,2017,2006001,https://npb.jp/bis/players/23525134.html
91795115,近藤　一樹,2003年 公式戦初出場,FALSE,2017,2006001,https://npb.jp/bis/players/91795115.html
01705134,古賀　優大,2017年 入団,FALSE,2017,2006001,https://npb.jp/bis/players/01705134.html
21925117,坂口　智隆,2003年 公式戦初出場,FALSE,2017,2006001,https://npb.jp/bis/players/21925117.html
61765139,杉浦　稔大,2014年 入団,FALSE,2017,2006001,https://npb.jp/bis/players/61765139.html
81085117,館山　昌平,2003年 公式戦初出場,FALSE,2017,2006001,https://npb.jp/bis/players/81085117.html
31035112,武内　晋一,2006年 公式戦初出場,FALSE,2017,2006001,https://npb.jp/bis/players/31035112.html
71975137,田川　賢吾,2018年 公式戦初出場,FALSE,2017,2006001,https://npb.jp/bis/players/71975137.html
21025130,竹下　真吾,2016年 公式戦初出場,FALSE,2017,2006001,https://npb.jp/bis/players/21025130.html
51055132,高橋　奎二,2016年 入団,FALSE,2017,2006001,https://npb.jp/bis/players/51055132.html
81285134,寺島　成輝,2017年 公式戦初出場,FALSE,2017,2006001,https://npb.jp/bis/players/81285134.html
01205135,徳山　武陽,2013年 公式戦初出場,FALSE,2017,2006001,https://npb.jp/bis/players/01205135.html
61265130,土肥　寛昌,2016年 公式戦初出場,FALSE,2017,2006001,https://npb.jp/bis/players/61265130.html
11015119,成瀬　善久,2006年 公式戦初出場,FALSE,2017,2006001,https://npb.jp/bis/players/11015119.html
51255118,中村　悠平,2009年 入団,FALSE,2017,2006001,https://npb.jp/bis/players/51255118.html
51055131,中澤　雅人,2010年 公式戦初出場,FALSE,2017,2006001,https://npb.jp/bis/players/51055131.html
11415130,中島　彰吾,2016年 公式戦初出場,FALSE,2017,2006001,https://npb.jp/bis/players/11415130.html
71475134,中尾　輝,2017年 公式戦初出場,FALSE,2017,2006001,https://npb.jp/bis/players/71475134.html
41245118,新田　玄気,2010年 公式戦初出場,FALSE,2017,2006001,https://npb.jp/bis/players/41245118.html
41245133,西田　明央,2013年 公式戦初出場,FALSE,2017,2006001,https://npb.jp/bis/players/41245133.html
91095139,西浦　直亨,2014年 公式戦初出場,FALSE,2017,2006001,https://npb.jp/bis/players/91095139.html
31235113,畠山　和洋,2004年 公式戦初出場,FALSE,2017,2006001,https://npb.jp/bis/players/31235113.html
13315133,Ｗ．バレンティン,2011年 公式戦初出場,TRUE,2017,2006001,https://npb.jp/bis/players/13315133.html
31635132,原　樹理,2016年 公式戦初出場,FALSE,2017,2006001,https://npb.jp/bis/players/31635132.html
11215131,平井　諒,2012年 公式戦初出場,FALSE,2017,2006001,https://npb.jp/bis/players/11215131.html
61465135,比屋根　渉,2012年 公式戦初出場,FALSE,2017,2006001,https://npb.jp/bis/players/61465135.html
21625132,廣岡　大志,2016年 入団,FALSE,2017,2006001,https://npb.jp/bis/players/21625132.html
51655135,古野　正人,2013年 公式戦初出場,FALSE,2017,2006001,https://npb.jp/bis/players/51655135.html
91295139,藤井　亮太,2014年 公式戦初出場,FALSE,2017,2006001,https://npb.jp/bis/players/91295139.html
43745134,Ｄ．ブキャナン,2017年 公式戦初出場,TRUE,2017,2006001,https://npb.jp/bis/players/43745134.html
31235137,星野　雄大,2017年 公式戦初出場,FALSE,2017,2006001,https://npb.jp/bis/players/31235137.html
11815134,星　知弥,2017年 入団,FALSE,2017,2006001,https://npb.jp/bis/players/11815134.html
51455110,松岡　健一,2005年 公式戦初出場,FALSE,2017,2006001,https://npb.jp/bis/players/51455110.html
81485116,三輪　正義,2009年 公式戦初出場,FALSE,2017,2006001,https://npb.jp/bis/players/81485116.html
21625112,村中　恭兵,2006年 公式戦初出場,FALSE,2017,2006001,https://npb.jp/bis/players/21625112.html
11615131,山本　哲哉,2011年 公式戦初出場,FALSE,2017,2006001,https://npb.jp/bis/players/11615131.html
91895133,山田　哲人,2011年 入団,FALSE,2017,2006001,https://npb.jp/bis/players/91895133.html
61465137,屋宜　照悟,2013年 公式戦初出場,FALSE,2017,2006001,https://npb.jp/bis/players/61465137.html
11615137,谷内　亮太,2013年 公式戦初出場,FALSE,2017,2006001,https://npb.jp/bis/players/11615137.html
31635137,山中　浩史,2013年 公式戦初出場,FALSE,2017,2006001,https://npb.jp/bis/players/31635137.html
33135132,山崎　晃大朗,2016年 公式戦初出場,FALSE,2017,2006001,https://npb.jp/bis/players/33135132.html
01005117,雄平,2003年 公式戦初出場,FALSE,2017,2006001,https://npb.jp/bis/players/01005117.html
81785116,由規,2008年 公式戦初出場,FALSE,2017,2006001,https://npb.jp/bis/players/81785116.html
03005134,Ｃ．リベロ,2017年 公式戦初出場,TRUE,2017,2006001,https://npb.jp/bis/players/03005134.html
53955132,Ｊ．ルーキ,2016年 公式戦初出場,TRUE,2017,2006001,https://npb.jp/bis/players/53955132.html
73375132,渡邉　大樹,2017年 公式戦初出場,FALSE,2017,2006001,https://npb.jp/bis/players/73375132.html
31135119,青木　宣親,2004年 公式戦初出場,FALSE,2018,2006001,https://npb.jp/bis/players/31135119.html
01105131,荒木　貴裕,2010年 公式戦初出場,FALSE,2018,2006001,https://npb.jp/bis/players/01105131.html
91195139,秋吉　亮,2014年 公式戦初出場,FALSE,2018,2006001,https://npb.jp/bis/players/91195139.html
33535132,Ｊ．アルメンゴ,2016年 公式戦初出場,TRUE,2018,2006001,https://npb.jp/bis/players/33535132.html
11315115,石川　雅規,2002年 入団,FALSE,2018,2006001,https://npb.jp/bis/players/11315115.html
81185112,井野　卓,2007年 公式戦初出場,FALSE,2018,2006001,https://npb.jp/bis/players/81185112.html
21125137,石山　泰稚,2013年 入団,FALSE,2018,2006001,https://npb.jp/bis/players/21125137.html
71375139,岩橋　慶侍,2014年 公式戦初出場,FALSE,2018,2006001,https://npb.jp/bis/players/71375139.html
61165110,鵜久森　淳志,2006年 公式戦初出場,FALSE,2018,2006001,https://npb.jp/bis/players/61165110.html
71375114,上田　剛史,2009年 公式戦初出場,FALSE,2018,2006001,https://npb.jp/bis/players/71375114.html
51355134,梅野　雄吾,2017年 入団,FALSE,2018,2006001,https://npb.jp/bis/players/51355134.html
03905136,Ｊ．ウルキデス,2018年 公式戦初出場,TRUE,2018,2006001,https://npb.jp/bis/players/03905136.html
71375110,大松　尚逸,2005年 公式戦初出場,FALSE,2018,2006001,https://npb.jp/bis/players/71375110.html
91595114,大引　啓次,2007年 公式戦初出場,FALSE,2018,2006001,https://npb.jp/bis/players/91595114.html
11515137,小川　泰弘,2013年 入団,FALSE,2018,2006001,https://npb.jp/bis/players/11515137.html
91595139,奥村　展征,2016年 公式戦初出場,FALSE,2018,2006001,https://npb.jp/bis/players/91595139.html
91395134,大村　孟,2018年 公式戦初出場,FALSE,2018,2006001,https://npb.jp/bis/players/91395134.html
01305136,大下　佑馬,2018年 公式戦初出場,FALSE,2018,2006001,https://npb.jp/bis/players/01305136.html
31735112,川端　慎吾,2006年 公式戦初出場,FALSE,2018,2006001,https://npb.jp/bis/players/31735112.html
91595130,風張　蓮,2015年 公式戦初出場,FALSE,2018,2006001,https://npb.jp/bis/players/91595130.html
51555136,金久保　優斗,2020年 公式戦初出場,FALSE,2018,2006001,https://npb.jp/bis/players/51555136.html
13515136,Ｍ．カラシティー,2018年 公式戦初出場,TRUE,2018,2006001,https://npb.jp/bis/players/13515136.html
01705133,久古　健太郎,2011年 公式戦初出場,FALSE,2018,2006001,https://npb.jp/bis/players/01705133.html
21525134,菊沢　竜佑,2017年 公式戦初出場,FALSE,2018,2006001,https://npb.jp/bis/players/21525134.html
11715136,蔵本　治孝,2019年 公式戦初出場,FALSE,2018,2006001,https://npb.jp/bis/players/11715136.html
91795115,近藤　一樹,2003年 公式戦初出場,FALSE,2018,2006001,https://npb.jp/bis/players/91795115.html
01705134,古賀　優大,2017年 入団,FALSE,2018,2006001,https://npb.jp/bis/players/01705134.html
21925117,坂口　智隆,2003年 公式戦初出場,FALSE,2018,2006001,https://npb.jp/bis/players/21925117.html
71975136,塩見　泰隆,2018年 入団,FALSE,2018,2006001,https://npb.jp/bis/players/71975136.html
81085117,館山　昌平,2003年 公式戦初出場,FALSE,2018,2006001,https://npb.jp/bis/players/81085117.html
31035112,武内　晋一,2006年 公式戦初出場,FALSE,2018,2006001,https://npb.jp/bis/players/31035112.html
41045135,田代　将太郎,2012年 公式戦初出場,FALSE,2018,2006001,https://npb.jp/bis/players/41045135.html
71975137,田川　賢吾,2018年 公式戦初出場,FALSE,2018,2006001,https://npb.jp/bis/players/71975137.html
51055132,高橋　奎二,2016年 入団,FALSE,2018,2006001,https://npb.jp/bis/players/51055132.html
81285134,寺島　成輝,2017年 公式戦初出場,FALSE,2018,2006001,https://npb.jp/bis/players/81285134.html
11015119,成瀬　善久,2006年 公式戦初出場,FALSE,2018,2006001,https://npb.jp/bis/players/11015119.html
51255118,中村　悠平,2009年 入団,FALSE,2018,2006001,https://npb.jp/bis/players/51255118.html
51055131,中澤　雅人,2010年 公式戦初出場,FALSE,2018,2006001,https://npb.jp/bis/players/51055131.html
71475134,中尾　輝,2017年 公式戦初出場,FALSE,2018,2006001,https://npb.jp/bis/players/71475134.html
41245133,西田　明央,2013年 公式戦初出場,FALSE,2018,2006001,https://npb.jp/bis/players/41245133.html
91095139,西浦　直亨,2014年 公式戦初出場,FALSE,2018,2006001,https://npb.jp/bis/players/91095139.html
21425136,沼田　拓巳,2018年 公式戦初出場,FALSE,2018,2006001,https://npb.jp/bis/players/21425136.html
31235113,畠山　和洋,2004年 公式戦初出場,FALSE,2018,2006001,https://npb.jp/bis/players/31235113.html
13315133,Ｗ．バレンティン,2011年 公式戦初出場,TRUE,2018,2006001,https://npb.jp/bis/players/13315133.html
31635132,原　樹理,2016年 公式戦初出場,FALSE,2018,2006001,https://npb.jp/bis/players/31635132.html
83585136,Ｄ．ハフ,2018年 公式戦初出場,TRUE,2018,2006001,https://npb.jp/bis/players/83585136.html
11215131,平井　諒,2012年 公式戦初出場,FALSE,2018,2006001,https://npb.jp/bis/players/11215131.html
61465135,比屋根　渉,2012年 公式戦初出場,FALSE,2018,2006001,https://npb.jp/bis/players/61465135.html
21625132,廣岡　大志,2016年 入団,FALSE,2018,2006001,https://npb.jp/bis/players/21625132.html
51655135,古野　正人,2013年 公式戦初出場,FALSE,2018,2006001,https://npb.jp/bis/players/51655135.html
91295139,藤井　亮太,2014年 公式戦初出場,FALSE,2018,2006001,https://npb.jp/bis/players/91295139.html
43745134,Ｄ．ブキャナン,2017年 公式戦初出場,TRUE,2018,2006001,https://npb.jp/bis/players/43745134.html
11815134,星　知弥,2017年 入団,FALSE,2018,2006001,https://npb.jp/bis/players/11815134.html
51455110,松岡　健一,2005年 公式戦初出場,FALSE,2018,2006001,https://npb.jp/bis/players/51455110.html
51855136,松本　直樹,2018年 入団,FALSE,2018,2006001,https://npb.jp/bis/players/51855136.html
81485116,三輪　正義,2009年 公式戦初出場,FALSE,2018,2006001,https://npb.jp/bis/players/81485116.html
01805136,宮本　丈,2018年 入団,FALSE,2018,2006001,https://npb.jp/bis/players/01805136.html
21625112,村中　恭兵,2006年 公式戦初出場,FALSE,2018,2006001,https://npb.jp/bis/players/21625112.html
41845136,村上　宗隆,2018年 公式戦初出場,FALSE,2018,2006001,https://npb.jp/bis/players/41845136.html
11815114,山田　大樹,2010年 公式戦初出場,FALSE,2018,2006001,https://npb.jp/bis/players/11815114.html
11615131,山本　哲哉,2011年 公式戦初出場,FALSE,2018,2006001,https://npb.jp/bis/players/11615131.html
91895133,山田　哲人,2011年 入団,FALSE,2018,2006001,https://npb.jp/bis/players/91895133.html
61465137,屋宜　照悟,2013年 公式戦初出場,FALSE,2018,2006001,https://npb.jp/bis/players/61465137.html
11615137,谷内　亮太,2013年 公式戦初出場,FALSE,2018,2006001,https://npb.jp/bis/players/11615137.html
31635137,山中　浩史,2013年 公式戦初出場,FALSE,2018,2006001,https://npb.jp/bis/players/31635137.html
33135132,山崎　晃大朗,2016年 公式戦初出場,FALSE,2018,2006001,https://npb.jp/bis/players/33135132.html
01005117,雄平,2003年 公式戦初出場,FALSE,2018,2006001,https://npb.jp/bis/players/01005117.html
81785116,由規,2008年 公式戦初出場,FALSE,2018,2006001,https://npb.jp/bis/players/81785116.html
73375132,渡邉　大樹,2017年 公式戦初出場,FALSE,2018,2006001,https://npb.jp/bis/players/73375132.html
31135119,青木　宣親,2004年 公式戦初出場,FALSE,2019,2006001,https://npb.jp/bis/players/31135119.html
01105131,荒木　貴裕,2010年 公式戦初出場,FALSE,2019,2006001,https://npb.jp/bis/players/01105131.html
91193886,五十嵐　亮太,1999年 公式戦初出場,FALSE,2019,2006001,https://npb.jp/bis/players/91193886.html
11315115,石川　雅規,2002年 入団,FALSE,2019,2006001,https://npb.jp/bis/players/11315115.html
81185112,井野　卓,2007年 公式戦初出場,FALSE,2019,2006001,https://npb.jp/bis/players/81185112.html
21125137,石山　泰稚,2013年 入団,FALSE,2019,2006001,https://npb.jp/bis/players/21125137.html
71375139,岩橋　慶侍,2014年 公式戦初出場,FALSE,2019,2006001,https://npb.jp/bis/players/71375139.html
21125138,市川　悠太,2022年 公式戦初出場,FALSE,2019,2006001,https://npb.jp/bis/players/21125138.html
71375114,上田　剛史,2009年 公式戦初出場,FALSE,2019,2006001,https://npb.jp/bis/players/71375114.html
51355134,梅野　雄吾,2017年 入団,FALSE,2019,2006001,https://npb.jp/bis/players/51355134.html
91595114,大引　啓次,2007年 公式戦初出場,FALSE,2019,2006001,https://npb.jp/bis/players/91595114.html
11515137,小川　泰弘,2013年 入団,FALSE,2019,2006001,https://npb.jp/bis/players/11515137.html
91595139,奥村　展征,2016年 公式戦初出場,FALSE,2019,2006001,https://npb.jp/bis/players/91595139.html
81385130,太田　賢吾,2017年 公式戦初出場,FALSE,2019,2006001,https://npb.jp/bis/players/81385130.html
91395134,大村　孟,2018年 公式戦初出場,FALSE,2019,2006001,https://npb.jp/bis/players/91395134.html
01305136,大下　佑馬,2018年 公式戦初出場,FALSE,2019,2006001,https://npb.jp/bis/players/01305136.html
31735112,川端　慎吾,2006年 公式戦初出場,FALSE,2019,2006001,https://npb.jp/bis/players/31735112.html
91595130,風張　蓮,2015年 公式戦初出場,FALSE,2019,2006001,https://npb.jp/bis/players/91595130.html
51555136,金久保　優斗,2020年 公式戦初出場,FALSE,2019,2006001,https://npb.jp/bis/players/51555136.html
11715136,蔵本　治孝,2019年 公式戦初出場,FALSE,2019,2006001,https://npb.jp/bis/players/11715136.html
71775138,久保　拓眞,2019年 公式戦初出場,FALSE,2019,2006001,https://npb.jp/bis/players/71775138.html
91795115,近藤　一樹,2003年 公式戦初出場,FALSE,2019,2006001,https://npb.jp/bis/players/91795115.html
01705134,古賀　優大,2017年 入団,FALSE,2019,2006001,https://npb.jp/bis/players/01705134.html
21925117,坂口　智隆,2003年 公式戦初出場,FALSE,2019,2006001,https://npb.jp/bis/players/21925117.html
41745138,坂本　光士郎,2019年 入団,FALSE,2019,2006001,https://npb.jp/bis/players/41745138.html
71975136,塩見　泰隆,2018年 入団,FALSE,2019,2006001,https://npb.jp/bis/players/71975136.html
51955138,清水　昇,2019年 入団,FALSE,2019,2006001,https://npb.jp/bis/players/51955138.html
83185138,Ａ．スアレス,2019年 公式戦初出場,TRUE,2019,2006001,https://npb.jp/bis/players/83185138.html
81085117,館山　昌平,2003年 公式戦初出場,FALSE,2019,2006001,https://npb.jp/bis/players/81085117.html
41045135,田代　将太郎,2012年 公式戦初出場,FALSE,2019,2006001,https://npb.jp/bis/players/41045135.html
71975137,田川　賢吾,2018年 公式戦初出場,FALSE,2019,2006001,https://npb.jp/bis/players/71975137.html
21925139,高梨　裕稔,2014年 入団,FALSE,2019,2006001,https://npb.jp/bis/players/21925139.html
51055132,高橋　奎二,2016年 入団,FALSE,2019,2006001,https://npb.jp/bis/players/51055132.html
91095115,寺原　隼人,2002年 公式戦初出場,FALSE,2019,2006001,https://npb.jp/bis/players/91095115.html
81285134,寺島　成輝,2017年 公式戦初出場,FALSE,2019,2006001,https://npb.jp/bis/players/81285134.html
51255118,中村　悠平,2009年 入団,FALSE,2019,2006001,https://npb.jp/bis/players/51255118.html
51055131,中澤　雅人,2010年 公式戦初出場,FALSE,2019,2006001,https://npb.jp/bis/players/51055131.html
71475134,中尾　輝,2017年 公式戦初出場,FALSE,2019,2006001,https://npb.jp/bis/players/71475134.html
21225138,中山　翔太,2019年 公式戦初出場,FALSE,2019,2006001,https://npb.jp/bis/players/21225138.html
41245133,西田　明央,2013年 公式戦初出場,FALSE,2019,2006001,https://npb.jp/bis/players/41245133.html
91095139,西浦　直亨,2014年 公式戦初出場,FALSE,2019,2006001,https://npb.jp/bis/players/91095139.html
21425136,沼田　拓巳,2018年 公式戦初出場,FALSE,2019,2006001,https://npb.jp/bis/players/21425136.html
31235113,畠山　和洋,2004年 公式戦初出場,FALSE,2019,2006001,https://npb.jp/bis/players/31235113.html
13315133,Ｗ．バレンティン,2011年 公式戦初出場,TRUE,2019,2006001,https://npb.jp/bis/players/13315133.html
31635132,原　樹理,2016年 公式戦初出場,FALSE,2019,2006001,https://npb.jp/bis/players/31635132.html
83585136,Ｄ．ハフ,2018年 公式戦初出場,TRUE,2019,2006001,https://npb.jp/bis/players/83585136.html
91495138,濱田　太貴,2019年 入団,FALSE,2019,2006001,https://npb.jp/bis/players/91495138.html
11215131,平井　諒,2012年 公式戦初出場,FALSE,2019,2006001,https://npb.jp/bis/players/11215131.html
21625132,廣岡　大志,2016年 入団,FALSE,2019,2006001,https://npb.jp/bis/players/21625132.html
91295139,藤井　亮太,2014年 公式戦初出場,FALSE,2019,2006001,https://npb.jp/bis/players/91295139.html
43745134,Ｄ．ブキャナン,2017年 公式戦初出場,TRUE,2019,2006001,https://npb.jp/bis/players/43745134.html
11815134,星　知弥,2017年 入団,FALSE,2019,2006001,https://npb.jp/bis/players/11815134.html
51855136,松本　直樹,2018年 入団,FALSE,2019,2006001,https://npb.jp/bis/players/51855136.html
61665138,松本　友,2020年 公式戦初出場,FALSE,2019,2006001,https://npb.jp/bis/players/61665138.html
43345138,Ｓ．マクガフ,2019年 公式戦初出場,TRUE,2019,2006001,https://npb.jp/bis/players/43345138.html
81485116,三輪　正義,2009年 公式戦初出場,FALSE,2019,2006001,https://npb.jp/bis/players/81485116.html
01805136,宮本　丈,2018年 入団,FALSE,2019,2006001,https://npb.jp/bis/players/01805136.html
21625112,村中　恭兵,2006年 公式戦初出場,FALSE,2019,2006001,https://npb.jp/bis/players/21625112.html
41845136,村上　宗隆,2018年 公式戦初出場,FALSE,2019,2006001,https://npb.jp/bis/players/41845136.html
11815114,山田　大樹,2010年 公式戦初出場,FALSE,2019,2006001,https://npb.jp/bis/players/11815114.html
91895133,山田　哲人,2011年 入団,FALSE,2019,2006001,https://npb.jp/bis/players/91895133.html
61465137,屋宜　照悟,2013年 公式戦初出場,FALSE,2019,2006001,https://npb.jp/bis/players/61465137.html
31635137,山中　浩史,2013年 公式戦初出場,FALSE,2019,2006001,https://npb.jp/bis/players/31635137.html
33135132,山崎　晃大朗,2016年 公式戦初出場,FALSE,2019,2006001,https://npb.jp/bis/players/33135132.html
01005117,雄平,2003年 公式戦初出場,FALSE,2019,2006001,https://npb.jp/bis/players/01005117.html
33135138,吉田　大成,2019年 公式戦初出場,FALSE,2019,2006001,https://npb.jp/bis/players/33135138.html
73375132,渡邉　大樹,2017年 公式戦初出場,FALSE,2019,2006001,https://npb.jp/bis/players/73375132.html
31135119,青木　宣親,2004年 公式戦初出場,FALSE,2020,2006001,https://npb.jp/bis/players/31135119.html
01105131,荒木　貴裕,2010年 公式戦初出場,FALSE,2020,2006001,https://npb.jp/bis/players/01105131.html
91193886,五十嵐　亮太,1999年 公式戦初出場,FALSE,2020,2006001,https://npb.jp/bis/players/91193886.html
11315115,石川　雅規,2002年 入団,FALSE,2020,2006001,https://npb.jp/bis/players/11315115.html
81185112,井野　卓,2007年 公式戦初出場,FALSE,2020,2006001,https://npb.jp/bis/players/81185112.html
21125137,石山　泰稚,2013年 入団,FALSE,2020,2006001,https://npb.jp/bis/players/21125137.html
21125138,市川　悠太,2022年 公式戦初出場,FALSE,2020,2006001,https://npb.jp/bis/players/21125138.html
83185151,Ｇ．イノーア,2020年 公式戦初出場,TRUE,2020,2006001,https://npb.jp/bis/players/83185151.html
71375114,上田　剛史,2009年 公式戦初出場,FALSE,2020,2006001,https://npb.jp/bis/players/71375114.html
51355134,梅野　雄吾,2017年 入団,FALSE,2020,2006001,https://npb.jp/bis/players/51355134.html
33335151,Ａ．エスコバー,2020年 公式戦初出場,TRUE,2020,2006001,https://npb.jp/bis/players/33335151.html
11515137,小川　泰弘,2013年 入団,FALSE,2020,2006001,https://npb.jp/bis/players/11515137.html
91595139,奥村　展征,2016年 公式戦初出場,FALSE,2020,2006001,https://npb.jp/bis/players/91595139.html
81385130,太田　賢吾,2017年 公式戦初出場,FALSE,2020,2006001,https://npb.jp/bis/players/81385130.html
91395134,大村　孟,2018年 公式戦初出場,FALSE,2020,2006001,https://npb.jp/bis/players/91395134.html
01305136,大下　佑馬,2018年 公式戦初出場,FALSE,2020,2006001,https://npb.jp/bis/players/01305136.html
41545151,大西　広樹,2020年 入団,FALSE,2020,2006001,https://npb.jp/bis/players/41545151.html
31735151,奥川　恭伸,2020年 入団,FALSE,2020,2006001,https://npb.jp/bis/players/31735151.html
31735112,川端　慎吾,2006年 公式戦初出場,FALSE,2020,2006001,https://npb.jp/bis/players/31735112.html
91595130,風張　蓮,2015年 公式戦初出場,FALSE,2020,2006001,https://npb.jp/bis/players/91595130.html
51555136,金久保　優斗,2020年 公式戦初出場,FALSE,2020,2006001,https://npb.jp/bis/players/51555136.html
11715136,蔵本　治孝,2019年 公式戦初出場,FALSE,2020,2006001,https://npb.jp/bis/players/11715136.html
71775138,久保　拓眞,2019年 公式戦初出場,FALSE,2020,2006001,https://npb.jp/bis/players/71775138.html
23325151,Ｍ．クック,2020年 公式戦初出場,TRUE,2020,2006001,https://npb.jp/bis/players/23325151.html
91795115,近藤　一樹,2003年 公式戦初出場,FALSE,2020,2006001,https://npb.jp/bis/players/91795115.html
21725139,今野　龍太,2014年 入団,FALSE,2020,2006001,https://npb.jp/bis/players/21725139.html
01705134,古賀　優大,2017年 入団,FALSE,2020,2006001,https://npb.jp/bis/players/01705134.html
21925117,坂口　智隆,2003年 公式戦初出場,FALSE,2020,2006001,https://npb.jp/bis/players/21925117.html
61765135,歳内　宏明,2012年 公式戦初出場,FALSE,2020,2006001,https://npb.jp/bis/players/61765135.html
41745138,坂本　光士郎,2019年 入団,FALSE,2020,2006001,https://npb.jp/bis/players/41745138.html
01905114,嶋　基宏,2007年 公式戦初出場,FALSE,2020,2006001,https://npb.jp/bis/players/01905114.html
71975136,塩見　泰隆,2018年 入団,FALSE,2020,2006001,https://npb.jp/bis/players/71975136.html
51955138,清水　昇,2019年 入団,FALSE,2020,2006001,https://npb.jp/bis/players/51955138.html
83185138,Ａ．スアレス,2019年 公式戦初出場,TRUE,2020,2006001,https://npb.jp/bis/players/83185138.html
41045151,杉山　晃基,2021年 公式戦初出場,FALSE,2020,2006001,https://npb.jp/bis/players/41045151.html
41045135,田代　将太郎,2012年 公式戦初出場,FALSE,2020,2006001,https://npb.jp/bis/players/41045135.html
71975137,田川　賢吾,2018年 公式戦初出場,FALSE,2020,2006001,https://npb.jp/bis/players/71975137.html
21925139,高梨　裕稔,2014年 入団,FALSE,2020,2006001,https://npb.jp/bis/players/21925139.html
51055132,高橋　奎二,2016年 入団,FALSE,2020,2006001,https://npb.jp/bis/players/51055132.html
71275151,武岡　龍世,2020年 入団,FALSE,2020,2006001,https://npb.jp/bis/players/71275151.html
81285134,寺島　成輝,2017年 公式戦初出場,FALSE,2020,2006001,https://npb.jp/bis/players/81285134.html
51255118,中村　悠平,2009年 入団,FALSE,2020,2006001,https://npb.jp/bis/players/51255118.html
51055131,中澤　雅人,2010年 公式戦初出場,FALSE,2020,2006001,https://npb.jp/bis/players/51055131.html
71475134,中尾　輝,2017年 公式戦初出場,FALSE,2020,2006001,https://npb.jp/bis/players/71475134.html
21225138,中山　翔太,2019年 公式戦初出場,FALSE,2020,2006001,https://npb.jp/bis/players/21225138.html
51455151,長岡　秀樹,2020年 入団,FALSE,2020,2006001,https://npb.jp/bis/players/51455151.html
41245133,西田　明央,2013年 公式戦初出場,FALSE,2020,2006001,https://npb.jp/bis/players/41245133.html
91095139,西浦　直亨,2014年 公式戦初出場,FALSE,2020,2006001,https://npb.jp/bis/players/91095139.html
31635132,原　樹理,2016年 公式戦初出場,FALSE,2020,2006001,https://npb.jp/bis/players/31635132.html
11615134,長谷川　宙輝,2017年 入団,FALSE,2020,2006001,https://npb.jp/bis/players/11615134.html
91495138,濱田　太貴,2019年 入団,FALSE,2020,2006001,https://npb.jp/bis/players/91495138.html
11215131,平井　諒,2012年 公式戦初出場,FALSE,2020,2006001,https://npb.jp/bis/players/11215131.html
21625132,廣岡　大志,2016年 入団,FALSE,2020,2006001,https://npb.jp/bis/players/21625132.html
91295139,藤井　亮太,2014年 公式戦初出場,FALSE,2020,2006001,https://npb.jp/bis/players/91295139.html
11815134,星　知弥,2017年 入団,FALSE,2020,2006001,https://npb.jp/bis/players/11815134.html
51855136,松本　直樹,2018年 入団,FALSE,2020,2006001,https://npb.jp/bis/players/51855136.html
61665138,松本　友,2020年 公式戦初出場,FALSE,2020,2006001,https://npb.jp/bis/players/61665138.html
43345138,Ｓ．マクガフ,2019年 公式戦初出場,TRUE,2020,2006001,https://npb.jp/bis/players/43345138.html
01805136,宮本　丈,2018年 入団,FALSE,2020,2006001,https://npb.jp/bis/players/01805136.html
41845136,村上　宗隆,2018年 公式戦初出場,FALSE,2020,2006001,https://npb.jp/bis/players/41845136.html
11815114,山田　大樹,2010年 公式戦初出場,FALSE,2020,2006001,https://npb.jp/bis/players/11815114.html
91895133,山田　哲人,2011年 入団,FALSE,2020,2006001,https://npb.jp/bis/players/91895133.html
31635137,山中　浩史,2013年 公式戦初出場,FALSE,2020,2006001,https://npb.jp/bis/players/31635137.html
33135132,山崎　晃大朗,2016年 公式戦初出場,FALSE,2020,2006001,https://npb.jp/bis/players/33135132.html
01005117,雄平,2003年 公式戦初出場,FALSE,2020,2006001,https://npb.jp/bis/players/01005117.html
33135138,吉田　大成,2019年 公式戦初出場,FALSE,2020,2006001,https://npb.jp/bis/players/33135138.html
43145151,吉田　大喜,2020年 公式戦初出場,FALSE,2020,2006001,https://npb.jp/bis/players/43145151.html
73375132,渡邉　大樹,2017年 公式戦初出場,FALSE,2020,2006001,https://npb.jp/bis/players/73375132.html
51153888,赤田　将吾,1999年 公式戦初出場,FALSE,2010,2008001,https://npb.jp/bis/players/51153888.html
41145113,阿部　真宏,2001年 公式戦初出場,FALSE,2010,2008001,https://npb.jp/bis/players/41145113.html
51155118,浅村　栄斗,2009年 入団,FALSE,2010,2008001,https://npb.jp/bis/players/51155118.html
31133885,石井　一久,1992年 公式戦初出場,FALSE,2010,2008001,https://npb.jp/bis/players/31133885.html
91193884,石井　義人,1997年 公式戦初出場,FALSE,2010,2008001,https://npb.jp/bis/players/91193884.html
11315114,岩﨑　哲也,2007年 公式戦初出場,FALSE,2010,2008001,https://npb.jp/bis/players/11315114.html
61165131,石川　貢,2012年 公式戦初出場,FALSE,2010,2008001,https://npb.jp/bis/players/61165131.html
71375131,岩尾　利弘,2010年 公式戦初出場,FALSE,2010,2008001,https://npb.jp/bis/players/71375131.html
71375117,上本　達之,2005年 公式戦初出場,FALSE,2010,2008001,https://npb.jp/bis/players/71375117.html
41145110,上原　厚治郎,2005年 公式戦初出場,FALSE,2010,2008001,https://npb.jp/bis/players/41145110.html
91395116,梅田　尚通,2014年 公式戦初出場,FALSE,2010,2008001,https://npb.jp/bis/players/91395116.html
81185111,大島　裕行,2002年 公式戦初出場,FALSE,2010,2008001,https://npb.jp/bis/players/81185111.html
61365113,大沼　幸二,2001年 公式戦初出場,FALSE,2010,2008001,https://npb.jp/bis/players/61365113.html
31535117,長田　秀一郎,2003年 公式戦初出場,FALSE,2010,2008001,https://npb.jp/bis/players/31535117.html
51555117,小野寺　力,2003年 公式戦初出場,FALSE,2010,2008001,https://npb.jp/bis/players/51555117.html
51355119,岡本　篤志,2004年 公式戦初出場,FALSE,2010,2008001,https://npb.jp/bis/players/51355119.html
11515114,大﨑　雄太朗,2007年 公式戦初出場,FALSE,2010,2008001,https://npb.jp/bis/players/11515114.html
31535131,岡本　洋介,2010年 公式戦初出場,FALSE,2010,2008001,https://npb.jp/bis/players/31535131.html
01305110,片岡　易之,2005年 公式戦初出場,FALSE,2010,2008001,https://npb.jp/bis/players/01305110.html
91995112,銀仁朗,2006年 入団,FALSE,2010,2008001,https://npb.jp/bis/players/91995112.html
91795114,岸　孝之,2007年 入団,FALSE,2010,2008001,https://npb.jp/bis/players/91795114.html
41745114,木村　文紀,2007年 公式戦初出場,FALSE,2010,2008001,https://npb.jp/bis/players/41745114.html
51553865,工藤　公康,1982年 公式戦初出場,FALSE,2010,2008001,https://npb.jp/bis/players/51553865.html
51755115,栗山　巧,2002年 入団,FALSE,2010,2008001,https://npb.jp/bis/players/51755115.html
01505119,黒瀬　春樹,2007年 公式戦初出場,FALSE,2010,2008001,https://npb.jp/bis/players/01505119.html
03105112,Ａ．グラマン,2006年 公式戦初出場,TRUE,2010,2008001,https://npb.jp/bis/players/03105112.html
11915117,後藤　武敏,2003年 公式戦初出場,FALSE,2010,2008001,https://npb.jp/bis/players/11915117.html
61765113,佐藤　友亮,2001年 公式戦初出場,FALSE,2010,2008001,https://npb.jp/bis/players/61765113.html
21725116,斉藤　彰吾,2010年 公式戦初出場,FALSE,2010,2008001,https://npb.jp/bis/players/21725116.html
01705118,坂田　遼,2009年 公式戦初出場,FALSE,2010,2008001,https://npb.jp/bis/players/01705118.html
01605111,許　銘傑,2000年 公式戦初出場,FALSE,2010,2008001,https://npb.jp/bis/players/01605111.html
83385113,Ｂ．シコースキー,2001年 公式戦初出場,TRUE,2010,2008001,https://npb.jp/bis/players/83385113.html
31735119,Ｇ．Ｇ．佐藤,2004年 公式戦初出場,TRUE,2010,2008001,https://npb.jp/bis/players/31735119.html
01903884,谷中　真二,1997年 公式戦初出場,FALSE,2010,2008001,https://npb.jp/bis/players/01903884.html
61765111,高山　久,2000年 公式戦初出場,FALSE,2010,2008001,https://npb.jp/bis/players/61765111.html
01005112,田中　靖洋,2010年 公式戦初出場,FALSE,2010,2008001,https://npb.jp/bis/players/01005112.html
41945116,武隈　祥太,2009年 公式戦初出場,FALSE,2010,2008001,https://npb.jp/bis/players/41945116.html
41945118,岳野　竜也,2010年 公式戦初出場,FALSE,2010,2008001,https://npb.jp/bis/players/41945118.html
51053886,土肥　義弘,1998年 公式戦初出場,FALSE,2010,2008001,https://npb.jp/bis/players/51053886.html
01005113,中島　裕之,2002年 公式戦初出場,FALSE,2010,2008001,https://npb.jp/bis/players/01005113.html
81085115,中村　剛也,2002年 入団,FALSE,2010,2008001,https://npb.jp/bis/players/81085115.html
81085116,中田　祥多,2012年 公式戦初出場,FALSE,2010,2008001,https://npb.jp/bis/players/81085116.html
61065118,中﨑　雄太,2013年 公式戦初出場,FALSE,2010,2008001,https://npb.jp/bis/players/61065118.html
51953880,西口　文也,1995年 公式戦初出場,FALSE,2010,2008001,https://npb.jp/bis/players/51953880.html
11215113,野田　浩輔,2002年 公式戦初出場,FALSE,2010,2008001,https://npb.jp/bis/players/11215113.html
81285118,野上　亮磨,2009年 公式戦初出場,FALSE,2010,2008001,https://npb.jp/bis/players/81285118.html
41445114,原　拓也,2007年 公式戦初出場,FALSE,2010,2008001,https://npb.jp/bis/players/41445114.html
91993889,平尾　博嗣,1995年 公式戦初出場,FALSE,2010,2008001,https://npb.jp/bis/players/91993889.html
81285116,平野　将光,2008年 公式戦初出場,FALSE,2010,2008001,https://npb.jp/bis/players/81285116.html
01205113,藤田　太陽,2001年 公式戦初出場,FALSE,2010,2008001,https://npb.jp/bis/players/01205113.html
03305117,Ｊ．フェルナンデス,2003年 公式戦初出場,TRUE,2010,2008001,https://npb.jp/bis/players/03305117.html
51455116,藤原　良平,2011年 公式戦初出場,FALSE,2010,2008001,https://npb.jp/bis/players/51455116.html
81885131,Ｄ．ブラウン,2010年 公式戦初出場,TRUE,2010,2008001,https://npb.jp/bis/players/81885131.html
41043888,星野　智樹,1999年 公式戦初出場,FALSE,2010,2008001,https://npb.jp/bis/players/41043888.html
41245113,帆足　和幸,2001年 公式戦初出場,FALSE,2010,2008001,https://npb.jp/bis/players/41245113.html
71475115,細川　亨,2002年 公式戦初出場,FALSE,2010,2008001,https://npb.jp/bis/players/71475115.html
81285110,星　秀和,2008年 公式戦初出場,FALSE,2010,2008001,https://npb.jp/bis/players/81285110.html
61065119,松坂　健太,2007年 公式戦初出場,FALSE,2010,2008001,https://npb.jp/bis/players/61065119.html
71675112,松永　浩典,2006年 公式戦初出場,FALSE,2010,2008001,https://npb.jp/bis/players/71675112.html
01405131,松下　建太,2013年 公式戦初出場,FALSE,2010,2008001,https://npb.jp/bis/players/01405131.html
71675118,宮田　和希,2009年 公式戦初出場,FALSE,2010,2008001,https://npb.jp/bis/players/71675118.html
21425131,美沢　将,2013年 公式戦初出場,FALSE,2010,2008001,https://npb.jp/bis/players/21425131.html
01205119,山崎　敏,2004年 公式戦初出場,FALSE,2010,2008001,https://npb.jp/bis/players/01205119.html
11615110,山岸　穣,2005年 公式戦初出場,FALSE,2010,2008001,https://npb.jp/bis/players/11615110.html
71875114,山本　淳,2009年 公式戦初出場,FALSE,2010,2008001,https://npb.jp/bis/players/71875114.html
51755131,雄星,2011年 公式戦初出場,FALSE,2010,2008001,https://npb.jp/bis/players/51755131.html
21425111,米野　智人,2001年 公式戦初出場,FALSE,2010,2008001,https://npb.jp/bis/players/21425111.html
61865112,吉見　太一,2010年 公式戦初出場,FALSE,2010,2008001,https://npb.jp/bis/players/61865112.html
31635110,涌井　秀章,2005年 入団,FALSE,2010,2008001,https://npb.jp/bis/players/31635110.html
41145113,阿部　真宏,2001年 公式戦初出場,FALSE,2011,2008001,https://npb.jp/bis/players/41145113.html
51155118,浅村　栄斗,2009年 入団,FALSE,2011,2008001,https://npb.jp/bis/players/51155118.html
31135133,秋山　翔吾,2011年 入団,FALSE,2011,2008001,https://npb.jp/bis/players/31135133.html
31133885,石井　一久,1992年 公式戦初出場,FALSE,2011,2008001,https://npb.jp/bis/players/31133885.html
91193884,石井　義人,1997年 公式戦初出場,FALSE,2011,2008001,https://npb.jp/bis/players/91193884.html
11315114,岩﨑　哲也,2007年 公式戦初出場,FALSE,2011,2008001,https://npb.jp/bis/players/11315114.html
61165131,石川　貢,2012年 公式戦初出場,FALSE,2011,2008001,https://npb.jp/bis/players/61165131.html
71375131,岩尾　利弘,2010年 公式戦初出場,FALSE,2011,2008001,https://npb.jp/bis/players/71375131.html
71375117,上本　達之,2005年 公式戦初出場,FALSE,2011,2008001,https://npb.jp/bis/players/71375117.html
91395116,梅田　尚通,2014年 公式戦初出場,FALSE,2011,2008001,https://npb.jp/bis/players/91395116.html
01305117,江草　仁貴,2003年 公式戦初出場,FALSE,2011,2008001,https://npb.jp/bis/players/01305117.html
81185111,大島　裕行,2002年 公式戦初出場,FALSE,2011,2008001,https://npb.jp/bis/players/81185111.html
31535117,長田　秀一郎,2003年 公式戦初出場,FALSE,2011,2008001,https://npb.jp/bis/players/31535117.html
51555117,小野寺　力,2003年 公式戦初出場,FALSE,2011,2008001,https://npb.jp/bis/players/51555117.html
51355119,岡本　篤志,2004年 公式戦初出場,FALSE,2011,2008001,https://npb.jp/bis/players/51355119.html
11515114,大﨑　雄太朗,2007年 公式戦初出場,FALSE,2011,2008001,https://npb.jp/bis/players/11515114.html
31535116,鬼崎　裕司,2008年 公式戦初出場,FALSE,2011,2008001,https://npb.jp/bis/players/31535116.html
31535131,岡本　洋介,2010年 公式戦初出場,FALSE,2011,2008001,https://npb.jp/bis/players/31535131.html
81385133,大石　達也,2012年 公式戦初出場,FALSE,2011,2008001,https://npb.jp/bis/players/81385133.html
01305110,片岡　易之,2005年 公式戦初出場,FALSE,2011,2008001,https://npb.jp/bis/players/01305110.html
91995112,銀仁朗,2006年 入団,FALSE,2011,2008001,https://npb.jp/bis/players/91995112.html
91795114,岸　孝之,2007年 入団,FALSE,2011,2008001,https://npb.jp/bis/players/91795114.html
41745114,木村　文紀,2007年 公式戦初出場,FALSE,2011,2008001,https://npb.jp/bis/players/41745114.html
51755131,菊池　雄星,2011年 公式戦初出場,FALSE,2011,2008001,https://npb.jp/bis/players/51755131.html
51755115,栗山　巧,2002年 入団,FALSE,2011,2008001,https://npb.jp/bis/players/51755115.html
01505119,黒瀬　春樹,2007年 公式戦初出場,FALSE,2011,2008001,https://npb.jp/bis/players/01505119.html
03105112,Ａ．グラマン,2006年 公式戦初出場,TRUE,2011,2008001,https://npb.jp/bis/players/03105112.html
21725133,熊代　聖人,2011年 公式戦初出場,FALSE,2011,2008001,https://npb.jp/bis/players/21725133.html
11915117,後藤　武敏,2003年 公式戦初出場,FALSE,2011,2008001,https://npb.jp/bis/players/11915117.html
41745113,坂元　弥太郎,2002年 公式戦初出場,FALSE,2011,2008001,https://npb.jp/bis/players/41745113.html
61765113,佐藤　友亮,2001年 公式戦初出場,FALSE,2011,2008001,https://npb.jp/bis/players/61765113.html
21725116,斉藤　彰吾,2010年 公式戦初出場,FALSE,2011,2008001,https://npb.jp/bis/players/21725116.html
01705118,坂田　遼,2009年 公式戦初出場,FALSE,2011,2008001,https://npb.jp/bis/players/01705118.html
83385113,Ｂ．シコースキー,2001年 公式戦初出場,TRUE,2011,2008001,https://npb.jp/bis/players/83385113.html
31735119,Ｇ．Ｇ．佐藤,2004年 公式戦初出場,TRUE,2011,2008001,https://npb.jp/bis/players/31735119.html
61765111,高山　久,2000年 公式戦初出場,FALSE,2011,2008001,https://npb.jp/bis/players/61765111.html
01005112,田中　靖洋,2010年 公式戦初出場,FALSE,2011,2008001,https://npb.jp/bis/players/01005112.html
41945116,武隈　祥太,2009年 公式戦初出場,FALSE,2011,2008001,https://npb.jp/bis/players/41945116.html
41945118,岳野　竜也,2010年 公式戦初出場,FALSE,2011,2008001,https://npb.jp/bis/players/41945118.html
01005113,中島　裕之,2002年 公式戦初出場,FALSE,2011,2008001,https://npb.jp/bis/players/01005113.html
81085115,中村　剛也,2002年 入団,FALSE,2011,2008001,https://npb.jp/bis/players/81085115.html
81085116,中田　祥多,2012年 公式戦初出場,FALSE,2011,2008001,https://npb.jp/bis/players/81085116.html
61065118,中﨑　雄太,2013年 公式戦初出場,FALSE,2011,2008001,https://npb.jp/bis/players/61065118.html
51953880,西口　文也,1995年 公式戦初出場,FALSE,2011,2008001,https://npb.jp/bis/players/51953880.html
11215113,野田　浩輔,2002年 公式戦初出場,FALSE,2011,2008001,https://npb.jp/bis/players/11215113.html
81285118,野上　亮磨,2009年 公式戦初出場,FALSE,2011,2008001,https://npb.jp/bis/players/81285118.html
41445114,原　拓也,2007年 公式戦初出場,FALSE,2011,2008001,https://npb.jp/bis/players/41445114.html
61265133,林﨑　遼,2011年 公式戦初出場,FALSE,2011,2008001,https://npb.jp/bis/players/61265133.html
91993889,平尾　博嗣,1995年 公式戦初出場,FALSE,2011,2008001,https://npb.jp/bis/players/91993889.html
81285116,平野　将光,2008年 公式戦初出場,FALSE,2011,2008001,https://npb.jp/bis/players/81285116.html
01205113,藤田　太陽,2001年 公式戦初出場,FALSE,2011,2008001,https://npb.jp/bis/players/01205113.html
03305117,Ｊ．フェルナンデス,2003年 公式戦初出場,TRUE,2011,2008001,https://npb.jp/bis/players/03305117.html
51455116,藤原　良平,2011年 公式戦初出場,FALSE,2011,2008001,https://npb.jp/bis/players/51455116.html
81885131,Ｄ．ブラウン,2010年 公式戦初出場,TRUE,2011,2008001,https://npb.jp/bis/players/81885131.html
41043888,星野　智樹,1999年 公式戦初出場,FALSE,2011,2008001,https://npb.jp/bis/players/41043888.html
41245113,帆足　和幸,2001年 公式戦初出場,FALSE,2011,2008001,https://npb.jp/bis/players/41245113.html
61265110,星　孝典,2005年 公式戦初出場,FALSE,2011,2008001,https://npb.jp/bis/players/61265110.html
81285110,星　秀和,2008年 公式戦初出場,FALSE,2011,2008001,https://npb.jp/bis/players/81285110.html
71675112,松永　浩典,2006年 公式戦初出場,FALSE,2011,2008001,https://npb.jp/bis/players/71675112.html
01405131,松下　建太,2013年 公式戦初出場,FALSE,2011,2008001,https://npb.jp/bis/players/01405131.html
41445133,牧田　和久,2011年 公式戦初出場,FALSE,2011,2008001,https://npb.jp/bis/players/41445133.html
43745133,Ｒ．マルハーン,2011年 公式戦初出場,TRUE,2011,2008001,https://npb.jp/bis/players/43745133.html
01605111,ミンチェ,2000年 公式戦初出場,FALSE,2011,2008001,https://npb.jp/bis/players/01605111.html
71675118,宮田　和希,2009年 公式戦初出場,FALSE,2011,2008001,https://npb.jp/bis/players/71675118.html
21425131,美沢　将,2013年 公式戦初出場,FALSE,2011,2008001,https://npb.jp/bis/players/21425131.html
01205119,山崎　敏,2004年 公式戦初出場,FALSE,2011,2008001,https://npb.jp/bis/players/01205119.html
71875114,山本　淳,2009年 公式戦初出場,FALSE,2011,2008001,https://npb.jp/bis/players/71875114.html
21425111,米野　智人,2001年 公式戦初出場,FALSE,2011,2008001,https://npb.jp/bis/players/21425111.html
31635110,涌井　秀章,2005年 入団,FALSE,2011,2008001,https://npb.jp/bis/players/31635110.html
41145113,阿部　真宏,2001年 公式戦初出場,FALSE,2012,2008001,https://npb.jp/bis/players/41145113.html
51155118,浅村　栄斗,2009年 入団,FALSE,2012,2008001,https://npb.jp/bis/players/51155118.html
31135133,秋山　翔吾,2011年 入団,FALSE,2012,2008001,https://npb.jp/bis/players/31135133.html
31133885,石井　一久,1992年 公式戦初出場,FALSE,2012,2008001,https://npb.jp/bis/players/31133885.html
61165131,石川　貢,2012年 公式戦初出場,FALSE,2012,2008001,https://npb.jp/bis/players/61165131.html
71375131,岩尾　利弘,2010年 公式戦初出場,FALSE,2012,2008001,https://npb.jp/bis/players/71375131.html
71375117,上本　達之,2005年 公式戦初出場,FALSE,2012,2008001,https://npb.jp/bis/players/71375117.html
91395116,梅田　尚通,2014年 公式戦初出場,FALSE,2012,2008001,https://npb.jp/bis/players/91395116.html
81885135,Ｒ．ウィリアムス,2012年 公式戦初出場,TRUE,2012,2008001,https://npb.jp/bis/players/81885135.html
01305117,江草　仁貴,2003年 公式戦初出場,FALSE,2012,2008001,https://npb.jp/bis/players/01305117.html
81185111,大島　裕行,2002年 公式戦初出場,FALSE,2012,2008001,https://npb.jp/bis/players/81185111.html
31535117,長田　秀一郎,2003年 公式戦初出場,FALSE,2012,2008001,https://npb.jp/bis/players/31535117.html
91895117,Ｊ．オーティズ,2003年 公式戦初出場,TRUE,2012,2008001,https://npb.jp/bis/players/91895117.html
51355119,岡本　篤志,2004年 公式戦初出場,FALSE,2012,2008001,https://npb.jp/bis/players/51355119.html
11515114,大﨑　雄太朗,2007年 公式戦初出場,FALSE,2012,2008001,https://npb.jp/bis/players/11515114.html
31535116,鬼崎　裕司,2008年 公式戦初出場,FALSE,2012,2008001,https://npb.jp/bis/players/31535116.html
31535131,岡本　洋介,2010年 公式戦初出場,FALSE,2012,2008001,https://npb.jp/bis/players/31535131.html
81385133,大石　達也,2012年 公式戦初出場,FALSE,2012,2008001,https://npb.jp/bis/players/81385133.html
01305110,片岡　易之,2005年 公式戦初出場,FALSE,2012,2008001,https://npb.jp/bis/players/01305110.html
13115135,Ｃ．カーター,2012年 公式戦初出場,TRUE,2012,2008001,https://npb.jp/bis/players/13115135.html
91795114,岸　孝之,2007年 入団,FALSE,2012,2008001,https://npb.jp/bis/players/91795114.html
41745114,木村　文紀,2007年 公式戦初出場,FALSE,2012,2008001,https://npb.jp/bis/players/41745114.html
51755131,菊池　雄星,2011年 公式戦初出場,FALSE,2012,2008001,https://npb.jp/bis/players/51755131.html
51755115,栗山　巧,2002年 入団,FALSE,2012,2008001,https://npb.jp/bis/players/51755115.html
21725133,熊代　聖人,2011年 公式戦初出場,FALSE,2012,2008001,https://npb.jp/bis/players/21725133.html
71775135,小石　博孝,2012年 公式戦初出場,FALSE,2012,2008001,https://npb.jp/bis/players/71775135.html
01705135,駒月　仁人,2019年 公式戦初出場,FALSE,2012,2008001,https://npb.jp/bis/players/01705135.html
33135135,Ｅ．ゴンザレス,2012年 公式戦初出場,TRUE,2012,2008001,https://npb.jp/bis/players/33135135.html
41745113,坂元　弥太郎,2002年 公式戦初出場,FALSE,2012,2008001,https://npb.jp/bis/players/41745113.html
61765113,佐藤　友亮,2001年 公式戦初出場,FALSE,2012,2008001,https://npb.jp/bis/players/61765113.html
81585119,桟原　将司,2004年 公式戦初出場,FALSE,2012,2008001,https://npb.jp/bis/players/81585119.html
21725116,斉藤　彰吾,2010年 公式戦初出場,FALSE,2012,2008001,https://npb.jp/bis/players/21725116.html
01705118,坂田　遼,2009年 公式戦初出場,FALSE,2012,2008001,https://npb.jp/bis/players/01705118.html
61563880,嶋　重宣,1997年 公式戦初出場,FALSE,2012,2008001,https://npb.jp/bis/players/61563880.html
91995112,炭谷　銀仁朗,2006年 入団,FALSE,2012,2008001,https://npb.jp/bis/players/91995112.html
61765111,高山　久,2000年 公式戦初出場,FALSE,2012,2008001,https://npb.jp/bis/players/61765111.html
61065117,武山　真吾,2008年 公式戦初出場,FALSE,2012,2008001,https://npb.jp/bis/players/61065117.html
01005112,田中　靖洋,2010年 公式戦初出場,FALSE,2012,2008001,https://npb.jp/bis/players/01005112.html
41945116,武隈　祥太,2009年 公式戦初出場,FALSE,2012,2008001,https://npb.jp/bis/players/41945116.html
41945118,岳野　竜也,2010年 公式戦初出場,FALSE,2012,2008001,https://npb.jp/bis/players/41945118.html
41045135,田代　将太郎,2012年 公式戦初出場,FALSE,2012,2008001,https://npb.jp/bis/players/41045135.html
91295135,十亀　剣,2012年 公式戦初出場,FALSE,2012,2008001,https://npb.jp/bis/players/91295135.html
01005113,中島　裕之,2002年 公式戦初出場,FALSE,2012,2008001,https://npb.jp/bis/players/01005113.html
81085115,中村　剛也,2002年 入団,FALSE,2012,2008001,https://npb.jp/bis/players/81085115.html
81085116,中田　祥多,2012年 公式戦初出場,FALSE,2012,2008001,https://npb.jp/bis/players/81085116.html
61065118,中﨑　雄太,2013年 公式戦初出場,FALSE,2012,2008001,https://npb.jp/bis/players/61065118.html
11415135,永江　恭平,2012年 公式戦初出場,FALSE,2012,2008001,https://npb.jp/bis/players/11415135.html
51953880,西口　文也,1995年 公式戦初出場,FALSE,2012,2008001,https://npb.jp/bis/players/51953880.html
81285118,野上　亮磨,2009年 公式戦初出場,FALSE,2012,2008001,https://npb.jp/bis/players/81285118.html
41445114,原　拓也,2007年 公式戦初出場,FALSE,2012,2008001,https://npb.jp/bis/players/41445114.html
61265133,林﨑　遼,2011年 公式戦初出場,FALSE,2012,2008001,https://npb.jp/bis/players/61265133.html
91993889,平尾　博嗣,1995年 公式戦初出場,FALSE,2012,2008001,https://npb.jp/bis/players/91993889.html
81285116,平野　将光,2008年 公式戦初出場,FALSE,2012,2008001,https://npb.jp/bis/players/81285116.html
01205113,藤田　太陽,2001年 公式戦初出場,FALSE,2012,2008001,https://npb.jp/bis/players/01205113.html
51455116,藤原　良平,2011年 公式戦初出場,FALSE,2012,2008001,https://npb.jp/bis/players/51455116.html
03105135,Ｅ．ヘルマン,2012年 公式戦初出場,TRUE,2012,2008001,https://npb.jp/bis/players/03105135.html
41043888,星野　智樹,1999年 公式戦初出場,FALSE,2012,2008001,https://npb.jp/bis/players/41043888.html
61265110,星　孝典,2005年 公式戦初出場,FALSE,2012,2008001,https://npb.jp/bis/players/61265110.html
81285110,星　秀和,2008年 公式戦初出場,FALSE,2012,2008001,https://npb.jp/bis/players/81285110.html
11415110,ＭＩＣＨＥＡＬ,2005年 公式戦初出場,FALSE,2012,2008001,https://npb.jp/bis/players/11415110.html
71675112,松永　浩典,2006年 公式戦初出場,FALSE,2012,2008001,https://npb.jp/bis/players/71675112.html
01405131,松下　建太,2013年 公式戦初出場,FALSE,2012,2008001,https://npb.jp/bis/players/01405131.html
41445133,牧田　和久,2011年 公式戦初出場,FALSE,2012,2008001,https://npb.jp/bis/players/41445133.html
71675118,宮田　和希,2009年 公式戦初出場,FALSE,2012,2008001,https://npb.jp/bis/players/71675118.html
21425131,美沢　将,2013年 公式戦初出場,FALSE,2012,2008001,https://npb.jp/bis/players/21425131.html
71875114,山本　淳,2009年 公式戦初出場,FALSE,2012,2008001,https://npb.jp/bis/players/71875114.html
21425111,米野　智人,2001年 公式戦初出場,FALSE,2012,2008001,https://npb.jp/bis/players/21425111.html
31635110,涌井　秀章,2005年 入団,FALSE,2012,2008001,https://npb.jp/bis/players/31635110.html
51155118,浅村　栄斗,2009年 入団,FALSE,2013,2008001,https://npb.jp/bis/players/51155118.html
31135133,秋山　翔吾,2011年 入団,FALSE,2013,2008001,https://npb.jp/bis/players/31135133.html
91695137,Ａ．アブレイユ,2014年 公式戦初出場,TRUE,2013,2008001,https://npb.jp/bis/players/91695137.html
43145137,相内　誠,2014年 公式戦初出場,FALSE,2013,2008001,https://npb.jp/bis/players/43145137.html
31133885,石井　一久,1992年 公式戦初出場,FALSE,2013,2008001,https://npb.jp/bis/players/31133885.html
61165131,石川　貢,2012年 公式戦初出場,FALSE,2013,2008001,https://npb.jp/bis/players/61165131.html
71375131,岩尾　利弘,2010年 公式戦初出場,FALSE,2013,2008001,https://npb.jp/bis/players/71375131.html
71375117,上本　達之,2005年 公式戦初出場,FALSE,2013,2008001,https://npb.jp/bis/players/71375117.html
91395116,梅田　尚通,2014年 公式戦初出場,FALSE,2013,2008001,https://npb.jp/bis/players/91395116.html
81885135,Ｒ．ウィリアムス,2012年 公式戦初出場,TRUE,2013,2008001,https://npb.jp/bis/players/81885135.html
31535117,長田　秀一郎,2003年 公式戦初出場,FALSE,2013,2008001,https://npb.jp/bis/players/31535117.html
91895117,Ｊ．オーティズ,2003年 公式戦初出場,TRUE,2013,2008001,https://npb.jp/bis/players/91895117.html
51355119,岡本　篤志,2004年 公式戦初出場,FALSE,2013,2008001,https://npb.jp/bis/players/51355119.html
11515114,大﨑　雄太朗,2007年 公式戦初出場,FALSE,2013,2008001,https://npb.jp/bis/players/11515114.html
31535116,鬼﨑　裕司,2008年 公式戦初出場,FALSE,2013,2008001,https://npb.jp/bis/players/31535116.html
31535131,岡本　洋介,2010年 公式戦初出場,FALSE,2013,2008001,https://npb.jp/bis/players/31535131.html
81385133,大石　達也,2012年 公式戦初出場,FALSE,2013,2008001,https://npb.jp/bis/players/81385133.html
01305110,片岡　治大,2005年 公式戦初出場,FALSE,2013,2008001,https://npb.jp/bis/players/01305110.html
61565112,川﨑　雄介,2006年 公式戦初出場,FALSE,2013,2008001,https://npb.jp/bis/players/61565112.html
13115135,Ｃ．カーター,2012年 公式戦初出場,TRUE,2013,2008001,https://npb.jp/bis/players/13115135.html
01505137,金子　侑司,2013年 公式戦初出場,FALSE,2013,2008001,https://npb.jp/bis/players/01505137.html
91795114,岸　孝之,2007年 入団,FALSE,2013,2008001,https://npb.jp/bis/players/91795114.html
41745114,木村　文紀,2007年 公式戦初出場,FALSE,2013,2008001,https://npb.jp/bis/players/41745114.html
51755131,菊池　雄星,2011年 公式戦初出場,FALSE,2013,2008001,https://npb.jp/bis/players/51755131.html
51755115,栗山　巧,2002年 入団,FALSE,2013,2008001,https://npb.jp/bis/players/51755115.html
21725133,熊代　聖人,2011年 公式戦初出場,FALSE,2013,2008001,https://npb.jp/bis/players/21725133.html
71775135,小石　博孝,2012年 公式戦初出場,FALSE,2013,2008001,https://npb.jp/bis/players/71775135.html
01705135,駒月　仁人,2019年 公式戦初出場,FALSE,2013,2008001,https://npb.jp/bis/players/01705135.html
41745113,坂元　弥太郎,2002年 公式戦初出場,FALSE,2013,2008001,https://npb.jp/bis/players/41745113.html
21725116,斉藤　彰吾,2010年 公式戦初出場,FALSE,2013,2008001,https://npb.jp/bis/players/21725116.html
01705118,坂田　遼,2009年 公式戦初出場,FALSE,2013,2008001,https://npb.jp/bis/players/01705118.html
33135133,Ｄ．サファテ,2011年 公式戦初出場,TRUE,2013,2008001,https://npb.jp/bis/players/33135133.html
31735137,佐藤　勇,2016年 公式戦初出場,FALSE,2013,2008001,https://npb.jp/bis/players/31735137.html
61563880,嶋　重宣,1997年 公式戦初出場,FALSE,2013,2008001,https://npb.jp/bis/players/61563880.html
83385113,Ｂ．シコースキー,2001年 公式戦初出場,TRUE,2013,2008001,https://npb.jp/bis/players/83385113.html
91995112,炭谷　銀仁朗,2006年 入団,FALSE,2013,2008001,https://npb.jp/bis/players/91995112.html
11815137,Ｒ．スピリー,2013年 公式戦初出場,TRUE,2013,2008001,https://npb.jp/bis/players/11815137.html
61765111,高山　久,2000年 公式戦初出場,FALSE,2013,2008001,https://npb.jp/bis/players/61765111.html
61065117,武山　真吾,2008年 公式戦初出場,FALSE,2013,2008001,https://npb.jp/bis/players/61065117.html
01005112,田中　靖洋,2010年 公式戦初出場,FALSE,2013,2008001,https://npb.jp/bis/players/01005112.html
41945116,武隈　祥太,2009年 公式戦初出場,FALSE,2013,2008001,https://npb.jp/bis/players/41945116.html
41945118,岳野　竜也,2010年 公式戦初出場,FALSE,2013,2008001,https://npb.jp/bis/players/41945118.html
41045135,田代　将太郎,2012年 公式戦初出場,FALSE,2013,2008001,https://npb.jp/bis/players/41045135.html
31935137,髙橋　朋己,2013年 公式戦初出場,FALSE,2013,2008001,https://npb.jp/bis/players/31935137.html
91295135,十亀　剣,2012年 公式戦初出場,FALSE,2013,2008001,https://npb.jp/bis/players/91295135.html
81085115,中村　剛也,2002年 入団,FALSE,2013,2008001,https://npb.jp/bis/players/81085115.html
81085116,中田　祥多,2012年 公式戦初出場,FALSE,2013,2008001,https://npb.jp/bis/players/81085116.html
61065118,中﨑　雄太,2013年 公式戦初出場,FALSE,2013,2008001,https://npb.jp/bis/players/61065118.html
11415135,永江　恭平,2012年 公式戦初出場,FALSE,2013,2008001,https://npb.jp/bis/players/11415135.html
51953880,西口　文也,1995年 公式戦初出場,FALSE,2013,2008001,https://npb.jp/bis/players/51953880.html
81285118,野上　亮磨,2009年 公式戦初出場,FALSE,2013,2008001,https://npb.jp/bis/players/81285118.html
61265133,林﨑　遼,2011年 公式戦初出場,FALSE,2013,2008001,https://npb.jp/bis/players/61265133.html
81285116,平野　将光,2008年 公式戦初出場,FALSE,2013,2008001,https://npb.jp/bis/players/81285116.html
51455116,藤原　良平,2011年 公式戦初出場,FALSE,2013,2008001,https://npb.jp/bis/players/51455116.html
03105135,Ｅ．ヘルマン,2012年 公式戦初出場,TRUE,2013,2008001,https://npb.jp/bis/players/03105135.html
61265110,星　孝典,2005年 公式戦初出場,FALSE,2013,2008001,https://npb.jp/bis/players/61265110.html
81285110,星　秀和,2008年 公式戦初出場,FALSE,2013,2008001,https://npb.jp/bis/players/81285110.html
71675112,松永　浩典,2006年 公式戦初出場,FALSE,2013,2008001,https://npb.jp/bis/players/71675112.html
01405131,松下　建太,2013年 公式戦初出場,FALSE,2013,2008001,https://npb.jp/bis/players/01405131.html
41445133,牧田　和久,2011年 公式戦初出場,FALSE,2013,2008001,https://npb.jp/bis/players/41445133.html
71275137,増田　達至,2013年 公式戦初出場,FALSE,2013,2008001,https://npb.jp/bis/players/71275137.html
71675118,宮田　和希,2009年 公式戦初出場,FALSE,2013,2008001,https://npb.jp/bis/players/71675118.html
21425131,美沢　将,2013年 公式戦初出場,FALSE,2013,2008001,https://npb.jp/bis/players/21425131.html
61265137,水口　大地,2016年 公式戦初出場,FALSE,2013,2008001,https://npb.jp/bis/players/61265137.html
51453888,山﨑　浩司,2003年 公式戦初出場,FALSE,2013,2008001,https://npb.jp/bis/players/51453888.html
71875114,山本　淳,2009年 公式戦初出場,FALSE,2013,2008001,https://npb.jp/bis/players/71875114.html
21425111,米野　智人,2001年 公式戦初出場,FALSE,2013,2008001,https://npb.jp/bis/players/21425111.html
31635110,涌井　秀章,2005年 入団,FALSE,2013,2008001,https://npb.jp/bis/players/31635110.html
81885114,渡辺　直人,2007年 公式戦初出場,FALSE,2013,2008001,https://npb.jp/bis/players/81885114.html
51155118,浅村　栄斗,2009年 入団,FALSE,2014,2008001,https://npb.jp/bis/players/51155118.html
31135133,秋山　翔吾,2011年 入団,FALSE,2014,2008001,https://npb.jp/bis/players/31135133.html
91695137,Ａ．アブレイユ,2014年 公式戦初出場,TRUE,2014,2008001,https://npb.jp/bis/players/91695137.html
61165131,石川　貢,2012年 公式戦初出場,FALSE,2014,2008001,https://npb.jp/bis/players/61165131.html
71375131,岩尾　利弘,2010年 公式戦初出場,FALSE,2014,2008001,https://npb.jp/bis/players/71375131.html
71375117,上本　達之,2005年 公式戦初出場,FALSE,2014,2008001,https://npb.jp/bis/players/71375117.html
91395116,梅田　尚通,2014年 公式戦初出場,FALSE,2014,2008001,https://npb.jp/bis/players/91395116.html
81885135,Ｒ．ウィリアムス,2012年 公式戦初出場,TRUE,2014,2008001,https://npb.jp/bis/players/81885135.html
51355119,岡本　篤志,2004年 公式戦初出場,FALSE,2014,2008001,https://npb.jp/bis/players/51355119.html
11515114,大﨑　雄太朗,2007年 公式戦初出場,FALSE,2014,2008001,https://npb.jp/bis/players/11515114.html
31535116,鬼﨑　裕司,2008年 公式戦初出場,FALSE,2014,2008001,https://npb.jp/bis/players/31535116.html
31535131,岡本　洋介,2010年 公式戦初出場,FALSE,2014,2008001,https://npb.jp/bis/players/31535131.html
81385133,大石　達也,2012年 公式戦初出場,FALSE,2014,2008001,https://npb.jp/bis/players/81385133.html
31535139,岡田　雅利,2014年 公式戦初出場,FALSE,2014,2008001,https://npb.jp/bis/players/31535139.html
61565112,川﨑　雄介,2006年 公式戦初出場,FALSE,2014,2008001,https://npb.jp/bis/players/61565112.html
01505137,金子　侑司,2013年 公式戦初出場,FALSE,2014,2008001,https://npb.jp/bis/players/01505137.html
61565139,金子　一輝,2018年 公式戦初出場,FALSE,2014,2008001,https://npb.jp/bis/players/61565139.html
91795114,岸　孝之,2007年 入団,FALSE,2014,2008001,https://npb.jp/bis/players/91795114.html
41745114,木村　文紀,2007年 公式戦初出場,FALSE,2014,2008001,https://npb.jp/bis/players/41745114.html
51755131,菊池　雄星,2011年 公式戦初出場,FALSE,2014,2008001,https://npb.jp/bis/players/51755131.html
51755115,栗山　巧,2002年 入団,FALSE,2014,2008001,https://npb.jp/bis/players/51755115.html
21725133,熊代　聖人,2011年 公式戦初出場,FALSE,2014,2008001,https://npb.jp/bis/players/21725133.html
61563884,小林宏,1998年 公式戦初出場,FALSE,2014,2008001,https://npb.jp/bis/players/61563884.html
71775135,小石　博孝,2012年 公式戦初出場,FALSE,2014,2008001,https://npb.jp/bis/players/71775135.html
01705135,駒月　仁人,2019年 公式戦初出場,FALSE,2014,2008001,https://npb.jp/bis/players/01705135.html
21725116,斉藤　彰吾,2010年 公式戦初出場,FALSE,2014,2008001,https://npb.jp/bis/players/21725116.html
01705118,坂田　遼,2009年 公式戦初出場,FALSE,2014,2008001,https://npb.jp/bis/players/01705118.html
31735137,佐藤　勇,2016年 公式戦初出場,FALSE,2014,2008001,https://npb.jp/bis/players/31735137.html
91995112,炭谷　銀仁朗,2006年 入団,FALSE,2014,2008001,https://npb.jp/bis/players/91995112.html
61065117,武山　真吾,2008年 公式戦初出場,FALSE,2014,2008001,https://npb.jp/bis/players/61065117.html
01005112,田中　靖洋,2010年 公式戦初出場,FALSE,2014,2008001,https://npb.jp/bis/players/01005112.html
41945116,武隈　祥太,2009年 公式戦初出場,FALSE,2014,2008001,https://npb.jp/bis/players/41945116.html
41045135,田代　将太郎,2012年 公式戦初出場,FALSE,2014,2008001,https://npb.jp/bis/players/41045135.html
31935137,髙橋　朋己,2013年 公式戦初出場,FALSE,2014,2008001,https://npb.jp/bis/players/31935137.html
91295135,十亀　剣,2012年 公式戦初出場,FALSE,2014,2008001,https://npb.jp/bis/players/91295135.html
31035139,豊田　拓矢,2014年 公式戦初出場,FALSE,2014,2008001,https://npb.jp/bis/players/31035139.html
81085115,中村　剛也,2002年 入団,FALSE,2014,2008001,https://npb.jp/bis/players/81085115.html
41245114,中郷　大樹,2007年 公式戦初出場,FALSE,2014,2008001,https://npb.jp/bis/players/41245114.html
81085116,中田　祥多,2012年 公式戦初出場,FALSE,2014,2008001,https://npb.jp/bis/players/81085116.html
61065118,中﨑　雄太,2013年 公式戦初出場,FALSE,2014,2008001,https://npb.jp/bis/players/61065118.html
11415135,永江　恭平,2012年 公式戦初出場,FALSE,2014,2008001,https://npb.jp/bis/players/11415135.html
51953880,西口　文也,1995年 公式戦初出場,FALSE,2014,2008001,https://npb.jp/bis/players/51953880.html
81285118,野上　亮磨,2009年 公式戦初出場,FALSE,2014,2008001,https://npb.jp/bis/players/81285118.html
61265133,林﨑　遼,2011年 公式戦初出場,FALSE,2014,2008001,https://npb.jp/bis/players/61265133.html
81285116,平野　将光,2008年 公式戦初出場,FALSE,2014,2008001,https://npb.jp/bis/players/81285116.html
51455116,藤原　良平,2011年 公式戦初出場,FALSE,2014,2008001,https://npb.jp/bis/players/51455116.html
71275139,福倉　健太郎,2015年 公式戦初出場,FALSE,2014,2008001,https://npb.jp/bis/players/71275139.html
61265110,星　孝典,2005年 公式戦初出場,FALSE,2014,2008001,https://npb.jp/bis/players/61265110.html
93195139,Ｍ．ボウデン,2014年 公式戦初出場,TRUE,2014,2008001,https://npb.jp/bis/players/93195139.html
71675112,松永　浩典,2006年 公式戦初出場,FALSE,2014,2008001,https://npb.jp/bis/players/71675112.html
01405131,松下　建太,2013年 公式戦初出場,FALSE,2014,2008001,https://npb.jp/bis/players/01405131.html
41445133,牧田　和久,2011年 公式戦初出場,FALSE,2014,2008001,https://npb.jp/bis/players/41445133.html
71275137,増田　達至,2013年 公式戦初出場,FALSE,2014,2008001,https://npb.jp/bis/players/71275137.html
43145137,誠,2014年 公式戦初出場,FALSE,2014,2008001,https://npb.jp/bis/players/43145137.html
71675118,宮田　和希,2009年 公式戦初出場,FALSE,2014,2008001,https://npb.jp/bis/players/71675118.html
21425131,美沢　将,2013年 公式戦初出場,FALSE,2014,2008001,https://npb.jp/bis/players/21425131.html
61265137,水口　大地,2016年 公式戦初出場,FALSE,2014,2008001,https://npb.jp/bis/players/61265137.html
83385139,Ｅ．メヒア,2014年 公式戦初出場,TRUE,2014,2008001,https://npb.jp/bis/players/83385139.html
41243888,森本　稀哲,2000年 公式戦初出場,FALSE,2014,2008001,https://npb.jp/bis/players/41243888.html
91495139,森　友哉,2014年 入団,FALSE,2014,2008001,https://npb.jp/bis/players/91495139.html
51453888,山﨑　浩司,2003年 公式戦初出場,FALSE,2014,2008001,https://npb.jp/bis/players/51453888.html
21425139,山川　穂高,2014年 入団,FALSE,2014,2008001,https://npb.jp/bis/players/21425139.html
21425111,米野　智人,2001年 公式戦初出場,FALSE,2014,2008001,https://npb.jp/bis/players/21425111.html
13315139,Ｃ．ランサム,2014年 公式戦初出場,TRUE,2014,2008001,https://npb.jp/bis/players/13315139.html
33335139,Ｇ．レイノルズ,2014年 公式戦初出場,TRUE,2014,2008001,https://npb.jp/bis/players/33335139.html
13115112,脇谷　亮太,2006年 公式戦初出場,FALSE,2014,2008001,https://npb.jp/bis/players/13115112.html
81885114,渡辺　直人,2007年 公式戦初出場,FALSE,2014,2008001,https://npb.jp/bis/players/81885114.html
51155118,浅村　栄斗,2009年 入団,FALSE,2015,2008001,https://npb.jp/bis/players/51155118.html
31135133,秋山　翔吾,2011年 入団,FALSE,2015,2008001,https://npb.jp/bis/players/31135133.html
61165131,石川　貢,2012年 公式戦初出場,FALSE,2015,2008001,https://npb.jp/bis/players/61165131.html
71375131,岩尾　利弘,2010年 公式戦初出場,FALSE,2015,2008001,https://npb.jp/bis/players/71375131.html
71375117,上本　達之,2005年 公式戦初出場,FALSE,2015,2008001,https://npb.jp/bis/players/71375117.html
91395116,梅田　尚通,2014年 公式戦初出場,FALSE,2015,2008001,https://npb.jp/bis/players/91395116.html
51355119,岡本　篤志,2004年 公式戦初出場,FALSE,2015,2008001,https://npb.jp/bis/players/51355119.html
11515114,大﨑　雄太朗,2007年 公式戦初出場,FALSE,2015,2008001,https://npb.jp/bis/players/11515114.html
31535116,鬼﨑　裕司,2008年 公式戦初出場,FALSE,2015,2008001,https://npb.jp/bis/players/31535116.html
31535131,岡本　洋介,2010年 公式戦初出場,FALSE,2015,2008001,https://npb.jp/bis/players/31535131.html
81385133,大石　達也,2012年 公式戦初出場,FALSE,2015,2008001,https://npb.jp/bis/players/81385133.html
31535139,岡田　雅利,2014年 公式戦初出場,FALSE,2015,2008001,https://npb.jp/bis/players/31535139.html
01505137,金子　侑司,2013年 公式戦初出場,FALSE,2015,2008001,https://npb.jp/bis/players/01505137.html
61565139,金子　一輝,2018年 公式戦初出場,FALSE,2015,2008001,https://npb.jp/bis/players/61565139.html
63165130,郭　俊麟,2015年 公式戦初出場,FALSE,2015,2008001,https://npb.jp/bis/players/63165130.html
91795114,岸　孝之,2007年 入団,FALSE,2015,2008001,https://npb.jp/bis/players/91795114.html
41745114,木村　文紀,2007年 公式戦初出場,FALSE,2015,2008001,https://npb.jp/bis/players/41745114.html
51755131,菊池　雄星,2011年 公式戦初出場,FALSE,2015,2008001,https://npb.jp/bis/players/51755131.html
51755115,栗山　巧,2002年 入団,FALSE,2015,2008001,https://npb.jp/bis/players/51755115.html
21725133,熊代　聖人,2011年 公式戦初出場,FALSE,2015,2008001,https://npb.jp/bis/players/21725133.html
71775135,小石　博孝,2012年 公式戦初出場,FALSE,2015,2008001,https://npb.jp/bis/players/71775135.html
01705135,駒月　仁人,2019年 公式戦初出場,FALSE,2015,2008001,https://npb.jp/bis/players/01705135.html
21725116,斉藤　彰吾,2010年 公式戦初出場,FALSE,2015,2008001,https://npb.jp/bis/players/21725116.html
01705118,坂田　遼,2009年 公式戦初出場,FALSE,2015,2008001,https://npb.jp/bis/players/01705118.html
31735137,佐藤　勇,2016年 公式戦初出場,FALSE,2015,2008001,https://npb.jp/bis/players/31735137.html
01905130,佐野　泰雄,2015年 公式戦初出場,FALSE,2015,2008001,https://npb.jp/bis/players/01905130.html
91995112,炭谷　銀仁朗,2006年 入団,FALSE,2015,2008001,https://npb.jp/bis/players/91995112.html
93395130,Ａ．セラテリ,2015年 公式戦初出場,TRUE,2015,2008001,https://npb.jp/bis/players/93395130.html
01005112,田中　靖洋,2010年 公式戦初出場,FALSE,2015,2008001,https://npb.jp/bis/players/01005112.html
41945116,武隈　祥太,2009年 公式戦初出場,FALSE,2015,2008001,https://npb.jp/bis/players/41945116.html
41045135,田代　将太郎,2012年 公式戦初出場,FALSE,2015,2008001,https://npb.jp/bis/players/41045135.html
31935137,髙橋　朋己,2013年 公式戦初出場,FALSE,2015,2008001,https://npb.jp/bis/players/31935137.html
71075130,髙橋　光成,2015年 入団,FALSE,2015,2008001,https://npb.jp/bis/players/71075130.html
91295135,十亀　剣,2012年 公式戦初出場,FALSE,2015,2008001,https://npb.jp/bis/players/91295135.html
31035139,豊田　拓矢,2014年 公式戦初出場,FALSE,2015,2008001,https://npb.jp/bis/players/31035139.html
01205130,戸川　大輔,2019年 公式戦初出場,FALSE,2015,2008001,https://npb.jp/bis/players/01205130.html
41245130,外崎　修汰,2015年 入団,FALSE,2015,2008001,https://npb.jp/bis/players/41245130.html
81085115,中村　剛也,2002年 入団,FALSE,2015,2008001,https://npb.jp/bis/players/81085115.html
41245114,中郷　大樹,2007年 公式戦初出場,FALSE,2015,2008001,https://npb.jp/bis/players/41245114.html
81085116,中田　祥多,2012年 公式戦初出場,FALSE,2015,2008001,https://npb.jp/bis/players/81085116.html
61065118,中﨑　雄太,2013年 公式戦初出場,FALSE,2015,2008001,https://npb.jp/bis/players/61065118.html
11415135,永江　恭平,2012年 公式戦初出場,FALSE,2015,2008001,https://npb.jp/bis/players/11415135.html
51953880,西口　文也,1995年 公式戦初出場,FALSE,2015,2008001,https://npb.jp/bis/players/51953880.html
81285118,野上　亮磨,2009年 公式戦初出場,FALSE,2015,2008001,https://npb.jp/bis/players/81285118.html
61265133,林﨑　遼,2011年 公式戦初出場,FALSE,2015,2008001,https://npb.jp/bis/players/61265133.html
63365130,Ｅ．バスケス,2015年 公式戦初出場,TRUE,2015,2008001,https://npb.jp/bis/players/63365130.html
81285116,平野　将光,2008年 公式戦初出場,FALSE,2015,2008001,https://npb.jp/bis/players/81285116.html
51455116,藤原　良平,2011年 公式戦初出場,FALSE,2015,2008001,https://npb.jp/bis/players/51455116.html
71275139,福倉　健太郎,2015年 公式戦初出場,FALSE,2015,2008001,https://npb.jp/bis/players/71275139.html
61265110,星　孝典,2005年 公式戦初出場,FALSE,2015,2008001,https://npb.jp/bis/players/61265110.html
01405131,松下　建太,2013年 公式戦初出場,FALSE,2015,2008001,https://npb.jp/bis/players/01405131.html
41445133,牧田　和久,2011年 公式戦初出場,FALSE,2015,2008001,https://npb.jp/bis/players/41445133.html
71275137,増田　達至,2013年 公式戦初出場,FALSE,2015,2008001,https://npb.jp/bis/players/71275137.html
43145137,誠,2014年 公式戦初出場,FALSE,2015,2008001,https://npb.jp/bis/players/43145137.html
71675118,宮田　和希,2009年 公式戦初出場,FALSE,2015,2008001,https://npb.jp/bis/players/71675118.html
61265137,水口　大地,2016年 公式戦初出場,FALSE,2015,2008001,https://npb.jp/bis/players/61265137.html
73575130,ミゲル・メヒア,2015年 公式戦初出場,FALSE,2015,2008001,https://npb.jp/bis/players/73575130.html
83385139,Ｅ．メヒア,2014年 公式戦初出場,TRUE,2015,2008001,https://npb.jp/bis/players/83385139.html
41243888,森本　稀哲,2000年 公式戦初出場,FALSE,2015,2008001,https://npb.jp/bis/players/41243888.html
91495139,森　友哉,2014年 入団,FALSE,2015,2008001,https://npb.jp/bis/players/91495139.html
21425139,山川　穂高,2014年 入団,FALSE,2015,2008001,https://npb.jp/bis/players/21425139.html
13115130,山田　遥楓,2018年 公式戦初出場,FALSE,2015,2008001,https://npb.jp/bis/players/13115130.html
21425111,米野　智人,2001年 公式戦初出場,FALSE,2015,2008001,https://npb.jp/bis/players/21425111.html
03505130,Ｗ．ルブラン,2015年 公式戦初出場,TRUE,2015,2008001,https://npb.jp/bis/players/03505130.html
13115112,脇谷　亮太,2006年 公式戦初出場,FALSE,2015,2008001,https://npb.jp/bis/players/13115112.html
81885114,渡辺　直人,2007年 公式戦初出場,FALSE,2015,2008001,https://npb.jp/bis/players/81885114.html
51155118,浅村　栄斗,2009年 入団,FALSE,2016,2008001,https://npb.jp/bis/players/51155118.html
31135133,秋山　翔吾,2011年 入団,FALSE,2016,2008001,https://npb.jp/bis/players/31135133.html
31535132,愛斗,2016年 入団,FALSE,2016,2008001,https://npb.jp/bis/players/31535132.html
71375131,岩尾　利弘,2010年 公式戦初出場,FALSE,2016,2008001,https://npb.jp/bis/players/71375131.html
71375117,上本　達之,2005年 公式戦初出場,FALSE,2016,2008001,https://npb.jp/bis/players/71375117.html
71675131,Ｂ．ウルフ,2010年 公式戦初出場,TRUE,2016,2008001,https://npb.jp/bis/players/71675131.html
21325132,呉　念庭,2016年 公式戦初出場,FALSE,2016,2008001,https://npb.jp/bis/players/21325132.html
51355119,岡本　篤志,2004年 公式戦初出場,FALSE,2016,2008001,https://npb.jp/bis/players/51355119.html
11515114,大﨑　雄太朗,2007年 公式戦初出場,FALSE,2016,2008001,https://npb.jp/bis/players/11515114.html
31535116,鬼﨑　裕司,2008年 公式戦初出場,FALSE,2016,2008001,https://npb.jp/bis/players/31535116.html
31535131,岡本　洋介,2010年 公式戦初出場,FALSE,2016,2008001,https://npb.jp/bis/players/31535131.html
81385133,大石　達也,2012年 公式戦初出場,FALSE,2016,2008001,https://npb.jp/bis/players/81385133.html
31535139,岡田　雅利,2014年 公式戦初出場,FALSE,2016,2008001,https://npb.jp/bis/players/31535139.html
01505137,金子　侑司,2013年 公式戦初出場,FALSE,2016,2008001,https://npb.jp/bis/players/01505137.html
61565139,金子　一輝,2018年 公式戦初出場,FALSE,2016,2008001,https://npb.jp/bis/players/61565139.html
63165130,郭　俊麟,2015年 公式戦初出場,FALSE,2016,2008001,https://npb.jp/bis/players/63165130.html
81585132,川越　誠司,2016年 入団,FALSE,2016,2008001,https://npb.jp/bis/players/81585132.html
01705117,木村　昇吾,2003年 公式戦初出場,FALSE,2016,2008001,https://npb.jp/bis/players/01705117.html
91795114,岸　孝之,2007年 入団,FALSE,2016,2008001,https://npb.jp/bis/players/91795114.html
41745114,木村　文紀,2007年 公式戦初出場,FALSE,2016,2008001,https://npb.jp/bis/players/41745114.html
51755131,菊池　雄星,2011年 公式戦初出場,FALSE,2016,2008001,https://npb.jp/bis/players/51755131.html
51755115,栗山　巧,2002年 入団,FALSE,2016,2008001,https://npb.jp/bis/players/51755115.html
21725133,熊代　聖人,2011年 公式戦初出場,FALSE,2016,2008001,https://npb.jp/bis/players/21725133.html
71775135,小石　博孝,2012年 公式戦初出場,FALSE,2016,2008001,https://npb.jp/bis/players/71775135.html
01705135,駒月　仁人,2019年 公式戦初出場,FALSE,2016,2008001,https://npb.jp/bis/players/01705135.html
91795132,國場　翼,2016年 公式戦初出場,FALSE,2016,2008001,https://npb.jp/bis/players/91795132.html
21725116,斉藤　彰吾,2010年 公式戦初出場,FALSE,2016,2008001,https://npb.jp/bis/players/21725116.html
01705118,坂田　遼,2009年 公式戦初出場,FALSE,2016,2008001,https://npb.jp/bis/players/01705118.html
31735137,佐藤　勇,2016年 公式戦初出場,FALSE,2016,2008001,https://npb.jp/bis/players/31735137.html
01905130,佐野　泰雄,2015年 公式戦初出場,FALSE,2016,2008001,https://npb.jp/bis/players/01905130.html
83385132,Ｃ．Ｃ．リー,2016年 公式戦初出場,TRUE,2016,2008001,https://npb.jp/bis/players/83385132.html
91995112,炭谷　銀仁朗,2006年 入団,FALSE,2016,2008001,https://npb.jp/bis/players/91995112.html
71975110,竹原　直隆,2005年 公式戦初出場,FALSE,2016,2008001,https://npb.jp/bis/players/71975110.html
41945116,武隈　祥太,2009年 公式戦初出場,FALSE,2016,2008001,https://npb.jp/bis/players/41945116.html
41045135,田代　将太郎,2012年 公式戦初出場,FALSE,2016,2008001,https://npb.jp/bis/players/41045135.html
31935137,髙橋　朋己,2013年 公式戦初出場,FALSE,2016,2008001,https://npb.jp/bis/players/31935137.html
71075130,髙橋　光成,2015年 入団,FALSE,2016,2008001,https://npb.jp/bis/players/71075130.html
51255132,多和田　真三郎,2016年 公式戦初出場,FALSE,2016,2008001,https://npb.jp/bis/players/51255132.html
91295135,十亀　剣,2012年 公式戦初出場,FALSE,2016,2008001,https://npb.jp/bis/players/91295135.html
31035139,豊田　拓矢,2014年 公式戦初出場,FALSE,2016,2008001,https://npb.jp/bis/players/31035139.html
01205130,戸川　大輔,2019年 公式戦初出場,FALSE,2016,2008001,https://npb.jp/bis/players/01205130.html
41245130,外崎　修汰,2015年 入団,FALSE,2016,2008001,https://npb.jp/bis/players/41245130.html
81085115,中村　剛也,2002年 入団,FALSE,2016,2008001,https://npb.jp/bis/players/81085115.html
81085116,中田　祥多,2012年 公式戦初出場,FALSE,2016,2008001,https://npb.jp/bis/players/81085116.html
61065118,中﨑　雄太,2013年 公式戦初出場,FALSE,2016,2008001,https://npb.jp/bis/players/61065118.html
11415135,永江　恭平,2012年 公式戦初出場,FALSE,2016,2008001,https://npb.jp/bis/players/11415135.html
81285118,野上　亮磨,2009年 公式戦初出場,FALSE,2016,2008001,https://npb.jp/bis/players/81285118.html
41445132,野田　昇吾,2016年 公式戦初出場,FALSE,2016,2008001,https://npb.jp/bis/players/41445132.html
63365130,Ｅ．バスケス,2015年 公式戦初出場,TRUE,2016,2008001,https://npb.jp/bis/players/63365130.html
83585132,Ａ．バンヘッケン,2016年 公式戦初出場,TRUE,2016,2008001,https://npb.jp/bis/players/83585132.html
51455116,藤原　良平,2011年 公式戦初出場,FALSE,2016,2008001,https://npb.jp/bis/players/51455116.html
71275139,福倉　健太郎,2015年 公式戦初出場,FALSE,2016,2008001,https://npb.jp/bis/players/71275139.html
61265110,星　孝典,2005年 公式戦初出場,FALSE,2016,2008001,https://npb.jp/bis/players/61265110.html
31835132,本田　圭佑,2016年 公式戦初出場,FALSE,2016,2008001,https://npb.jp/bis/players/31835132.html
73075132,Ｆ．ポーリーノ,2016年 公式戦初出場,TRUE,2016,2008001,https://npb.jp/bis/players/73075132.html
41445133,牧田　和久,2011年 公式戦初出場,FALSE,2016,2008001,https://npb.jp/bis/players/41445133.html
71275137,増田　達至,2013年 公式戦初出場,FALSE,2016,2008001,https://npb.jp/bis/players/71275137.html
43145137,誠,2014年 公式戦初出場,FALSE,2016,2008001,https://npb.jp/bis/players/43145137.html
91895132,松本　直晃,2016年 公式戦初出場,FALSE,2016,2008001,https://npb.jp/bis/players/91895132.html
71675118,宮田　和希,2009年 公式戦初出場,FALSE,2016,2008001,https://npb.jp/bis/players/71675118.html
61265137,水口　大地,2016年 公式戦初出場,FALSE,2016,2008001,https://npb.jp/bis/players/61265137.html
21825132,南川　忠亮,2016年 公式戦初出場,FALSE,2016,2008001,https://npb.jp/bis/players/21825132.html
83385139,Ｅ．メヒア,2014年 公式戦初出場,TRUE,2016,2008001,https://npb.jp/bis/players/83385139.html
91495139,森　友哉,2014年 入団,FALSE,2016,2008001,https://npb.jp/bis/players/91495139.html
21425139,山川　穂高,2014年 入団,FALSE,2016,2008001,https://npb.jp/bis/players/21425139.html
13115130,山田　遥楓,2018年 公式戦初出場,FALSE,2016,2008001,https://npb.jp/bis/players/13115130.html
81885114,渡辺　直人,2007年 公式戦初出場,FALSE,2016,2008001,https://npb.jp/bis/players/81885114.html
51155118,浅村　栄斗,2009年 入団,FALSE,2017,2008001,https://npb.jp/bis/players/51155118.html
31135133,秋山　翔吾,2011年 入団,FALSE,2017,2008001,https://npb.jp/bis/players/31135133.html
31535132,愛斗,2016年 入団,FALSE,2017,2008001,https://npb.jp/bis/players/31535132.html
71375131,岩尾　利弘,2010年 公式戦初出場,FALSE,2017,2008001,https://npb.jp/bis/players/71375131.html
31335134,今井　達也,2018年 公式戦初出場,FALSE,2017,2008001,https://npb.jp/bis/players/31335134.html
71375117,上本　達之,2005年 公式戦初出場,FALSE,2017,2008001,https://npb.jp/bis/players/71375117.html
71675131,Ｂ．ウルフ,2010年 公式戦初出場,TRUE,2017,2008001,https://npb.jp/bis/players/71675131.html
21325132,呉　念庭,2016年 公式戦初出場,FALSE,2017,2008001,https://npb.jp/bis/players/21325132.html
11515114,大﨑　雄太朗,2007年 公式戦初出場,FALSE,2017,2008001,https://npb.jp/bis/players/11515114.html
31535116,鬼﨑　裕司,2008年 公式戦初出場,FALSE,2017,2008001,https://npb.jp/bis/players/31535116.html
31535131,岡本　洋介,2010年 公式戦初出場,FALSE,2017,2008001,https://npb.jp/bis/players/31535131.html
81385133,大石　達也,2012年 公式戦初出場,FALSE,2017,2008001,https://npb.jp/bis/players/81385133.html
31535139,岡田　雅利,2014年 公式戦初出場,FALSE,2017,2008001,https://npb.jp/bis/players/31535139.html
01505137,金子　侑司,2013年 公式戦初出場,FALSE,2017,2008001,https://npb.jp/bis/players/01505137.html
61565139,金子　一輝,2018年 公式戦初出場,FALSE,2017,2008001,https://npb.jp/bis/players/61565139.html
63165130,郭　俊麟,2015年 公式戦初出場,FALSE,2017,2008001,https://npb.jp/bis/players/63165130.html
81585132,川越　誠司,2016年 入団,FALSE,2017,2008001,https://npb.jp/bis/players/81585132.html
33535134,Ｆ．ガルセス,2017年 公式戦初出場,TRUE,2017,2008001,https://npb.jp/bis/players/33535134.html
01705117,木村　昇吾,2003年 公式戦初出場,FALSE,2017,2008001,https://npb.jp/bis/players/01705117.html
41745114,木村　文紀,2007年 公式戦初出場,FALSE,2017,2008001,https://npb.jp/bis/players/41745114.html
51755131,菊池　雄星,2011年 公式戦初出場,FALSE,2017,2008001,https://npb.jp/bis/players/51755131.html
53555134,Ａ．キャンデラリオ,2017年 公式戦初出場,TRUE,2017,2008001,https://npb.jp/bis/players/53555134.html
51755115,栗山　巧,2002年 入団,FALSE,2017,2008001,https://npb.jp/bis/players/51755115.html
21725133,熊代　聖人,2011年 公式戦初出場,FALSE,2017,2008001,https://npb.jp/bis/players/21725133.html
71775134,源田　壮亮,2017年 入団,FALSE,2017,2008001,https://npb.jp/bis/players/71775134.html
71775135,小石　博孝,2012年 公式戦初出場,FALSE,2017,2008001,https://npb.jp/bis/players/71775135.html
01705135,駒月　仁人,2019年 公式戦初出場,FALSE,2017,2008001,https://npb.jp/bis/players/01705135.html
91795132,國場　翼,2016年 公式戦初出場,FALSE,2017,2008001,https://npb.jp/bis/players/91795132.html
21725116,斉藤　彰吾,2010年 公式戦初出場,FALSE,2017,2008001,https://npb.jp/bis/players/21725116.html
01705118,坂田　遼,2009年 公式戦初出場,FALSE,2017,2008001,https://npb.jp/bis/players/01705118.html
31735137,佐藤　勇,2016年 公式戦初出場,FALSE,2017,2008001,https://npb.jp/bis/players/31735137.html
01905130,佐野　泰雄,2015年 公式戦初出場,FALSE,2017,2008001,https://npb.jp/bis/players/01905130.html
13715134,Ｂ．シュリッター,2017年 公式戦初出場,TRUE,2017,2008001,https://npb.jp/bis/players/13715134.html
91995112,炭谷　銀仁朗,2006年 入団,FALSE,2017,2008001,https://npb.jp/bis/players/91995112.html
31035134,鈴木　将平,2019年 公式戦初出場,FALSE,2017,2008001,https://npb.jp/bis/players/31035134.html
41945116,武隈　祥太,2009年 公式戦初出場,FALSE,2017,2008001,https://npb.jp/bis/players/41945116.html
41045135,田代　将太郎,2012年 公式戦初出場,FALSE,2017,2008001,https://npb.jp/bis/players/41045135.html
31935137,髙橋　朋己,2013年 公式戦初出場,FALSE,2017,2008001,https://npb.jp/bis/players/31935137.html
71075130,髙橋　光成,2015年 入団,FALSE,2017,2008001,https://npb.jp/bis/players/71075130.html
51255132,多和田　真三郎,2016年 公式戦初出場,FALSE,2017,2008001,https://npb.jp/bis/players/51255132.html
01205134,田村　伊知郎,2017年 公式戦初出場,FALSE,2017,2008001,https://npb.jp/bis/players/01205134.html
91295135,十亀　剣,2012年 公式戦初出場,FALSE,2017,2008001,https://npb.jp/bis/players/91295135.html
31035139,豊田　拓矢,2014年 公式戦初出場,FALSE,2017,2008001,https://npb.jp/bis/players/31035139.html
01205130,戸川　大輔,2019年 公式戦初出場,FALSE,2017,2008001,https://npb.jp/bis/players/01205130.html
41245130,外崎　修汰,2015年 入団,FALSE,2017,2008001,https://npb.jp/bis/players/41245130.html
81085115,中村　剛也,2002年 入団,FALSE,2017,2008001,https://npb.jp/bis/players/81085115.html
81085116,中田　祥多,2012年 公式戦初出場,FALSE,2017,2008001,https://npb.jp/bis/players/81085116.html
11415135,永江　恭平,2012年 公式戦初出場,FALSE,2017,2008001,https://npb.jp/bis/players/11415135.html
01405134,中塚　駿太,2017年 公式戦初出場,FALSE,2017,2008001,https://npb.jp/bis/players/01405134.html
81285118,野上　亮磨,2009年 公式戦初出場,FALSE,2017,2008001,https://npb.jp/bis/players/81285118.html
41445132,野田　昇吾,2016年 公式戦初出場,FALSE,2017,2008001,https://npb.jp/bis/players/41445132.html
91695134,平井　克典,2017年 公式戦初出場,FALSE,2017,2008001,https://npb.jp/bis/players/91695134.html
51455116,藤原　良平,2011年 公式戦初出場,FALSE,2017,2008001,https://npb.jp/bis/players/51455116.html
71275139,福倉　健太郎,2015年 公式戦初出場,FALSE,2017,2008001,https://npb.jp/bis/players/71275139.html
73075134,Ｓ．ファイフ,2017年 公式戦初出場,TRUE,2017,2008001,https://npb.jp/bis/players/73075134.html
31835132,本田　圭佑,2016年 公式戦初出場,FALSE,2017,2008001,https://npb.jp/bis/players/31835132.html
41445133,牧田　和久,2011年 公式戦初出場,FALSE,2017,2008001,https://npb.jp/bis/players/41445133.html
71275137,増田　達至,2013年 公式戦初出場,FALSE,2017,2008001,https://npb.jp/bis/players/71275137.html
43145137,誠,2014年 公式戦初出場,FALSE,2017,2008001,https://npb.jp/bis/players/43145137.html
91895132,松本　直晃,2016年 公式戦初出場,FALSE,2017,2008001,https://npb.jp/bis/players/91895132.html
61265137,水口　大地,2016年 公式戦初出場,FALSE,2017,2008001,https://npb.jp/bis/players/61265137.html
21825132,南川　忠亮,2016年 公式戦初出場,FALSE,2017,2008001,https://npb.jp/bis/players/21825132.html
83385139,Ｅ．メヒア,2014年 公式戦初出場,TRUE,2017,2008001,https://npb.jp/bis/players/83385139.html
91495139,森　友哉,2014年 入団,FALSE,2017,2008001,https://npb.jp/bis/players/91495139.html
21425139,山川　穂高,2014年 入団,FALSE,2017,2008001,https://npb.jp/bis/players/21425139.html
13115130,山田　遥楓,2018年 公式戦初出場,FALSE,2017,2008001,https://npb.jp/bis/players/13115130.html
81885114,渡辺　直人,2007年 公式戦初出場,FALSE,2017,2008001,https://npb.jp/bis/players/81885114.html
51155118,浅村　栄斗,2009年 入団,FALSE,2018,2008001,https://npb.jp/bis/players/51155118.html
31135133,秋山　翔吾,2011年 入団,FALSE,2018,2008001,https://npb.jp/bis/players/31135133.html
43145137,相内　誠,2014年 公式戦初出場,FALSE,2018,2008001,https://npb.jp/bis/players/43145137.html
31535132,愛斗,2016年 入団,FALSE,2018,2008001,https://npb.jp/bis/players/31535132.html
31335134,今井　達也,2018年 公式戦初出場,FALSE,2018,2008001,https://npb.jp/bis/players/31335134.html
11315136,伊藤　翔,2018年 公式戦初出場,FALSE,2018,2008001,https://npb.jp/bis/players/11315136.html
71675131,Ｂ．ウルフ,2010年 公式戦初出場,TRUE,2018,2008001,https://npb.jp/bis/players/71675131.html
21325132,呉　念庭,2016年 公式戦初出場,FALSE,2018,2008001,https://npb.jp/bis/players/21325132.html
01305133,榎田　大樹,2011年 公式戦初出場,FALSE,2018,2008001,https://npb.jp/bis/players/01305133.html
31535131,岡本　洋介,2010年 公式戦初出場,FALSE,2018,2008001,https://npb.jp/bis/players/31535131.html
51555131,小川　龍也,2011年 公式戦初出場,FALSE,2018,2008001,https://npb.jp/bis/players/51555131.html
81385133,大石　達也,2012年 公式戦初出場,FALSE,2018,2008001,https://npb.jp/bis/players/81385133.html
31535139,岡田　雅利,2014年 公式戦初出場,FALSE,2018,2008001,https://npb.jp/bis/players/31535139.html
01505137,金子　侑司,2013年 公式戦初出場,FALSE,2018,2008001,https://npb.jp/bis/players/01505137.html
61565139,金子　一輝,2018年 公式戦初出場,FALSE,2018,2008001,https://npb.jp/bis/players/61565139.html
81585132,川越　誠司,2016年 入団,FALSE,2018,2008001,https://npb.jp/bis/players/81585132.html
83385136,Ｆ．カスティーヨ,2018年 公式戦初出場,TRUE,2018,2008001,https://npb.jp/bis/players/83385136.html
41745114,木村　文紀,2007年 公式戦初出場,FALSE,2018,2008001,https://npb.jp/bis/players/41745114.html
51755131,菊池　雄星,2011年 公式戦初出場,FALSE,2018,2008001,https://npb.jp/bis/players/51755131.html
51755115,栗山　巧,2002年 入団,FALSE,2018,2008001,https://npb.jp/bis/players/51755115.html
21725133,熊代　聖人,2011年 公式戦初出場,FALSE,2018,2008001,https://npb.jp/bis/players/21725133.html
63165130,郭　俊麟,2015年 公式戦初出場,FALSE,2018,2008001,https://npb.jp/bis/players/63165130.html
71775134,源田　壮亮,2017年 入団,FALSE,2018,2008001,https://npb.jp/bis/players/71775134.html
71775135,小石　博孝,2012年 公式戦初出場,FALSE,2018,2008001,https://npb.jp/bis/players/71775135.html
01705135,駒月　仁人,2019年 公式戦初出場,FALSE,2018,2008001,https://npb.jp/bis/players/01705135.html
91795132,國場　翼,2016年 公式戦初出場,FALSE,2018,2008001,https://npb.jp/bis/players/91795132.html
21725116,斉藤　彰吾,2010年 公式戦初出場,FALSE,2018,2008001,https://npb.jp/bis/players/21725116.html
01705118,坂田　遼,2009年 公式戦初出場,FALSE,2018,2008001,https://npb.jp/bis/players/01705118.html
01905130,佐野　泰雄,2015年 公式戦初出場,FALSE,2018,2008001,https://npb.jp/bis/players/01905130.html
41745136,齊藤　大将,2018年 公式戦初出場,FALSE,2018,2008001,https://npb.jp/bis/players/41745136.html
61765136,齊藤　誠人,2021年 公式戦初出場,FALSE,2018,2008001,https://npb.jp/bis/players/61765136.html
91995112,炭谷　銀仁朗,2006年 入団,FALSE,2018,2008001,https://npb.jp/bis/players/91995112.html
31035134,鈴木　将平,2019年 公式戦初出場,FALSE,2018,2008001,https://npb.jp/bis/players/31035134.html
41945116,武隈　祥太,2009年 公式戦初出場,FALSE,2018,2008001,https://npb.jp/bis/players/41945116.html
31935137,髙橋　朋己,2013年 公式戦初出場,FALSE,2018,2008001,https://npb.jp/bis/players/31935137.html
31035130,高木　勇人,2015年 公式戦初出場,FALSE,2018,2008001,https://npb.jp/bis/players/31035130.html
71075130,髙橋　光成,2015年 入団,FALSE,2018,2008001,https://npb.jp/bis/players/71075130.html
51255132,多和田　真三郎,2016年 公式戦初出場,FALSE,2018,2008001,https://npb.jp/bis/players/51255132.html
01205134,田村　伊知郎,2017年 公式戦初出場,FALSE,2018,2008001,https://npb.jp/bis/players/01205134.html
31035136,平良　海馬,2018年 入団,FALSE,2018,2008001,https://npb.jp/bis/players/31035136.html
71075136,高木　渉,2019年 公式戦初出場,FALSE,2018,2008001,https://npb.jp/bis/players/71075136.html
51255136,綱島　龍生,2021年 公式戦初出場,FALSE,2018,2008001,https://npb.jp/bis/players/51255136.html
91295135,十亀　剣,2012年 公式戦初出場,FALSE,2018,2008001,https://npb.jp/bis/players/91295135.html
31035139,豊田　拓矢,2014年 公式戦初出場,FALSE,2018,2008001,https://npb.jp/bis/players/31035139.html
01205130,戸川　大輔,2019年 公式戦初出場,FALSE,2018,2008001,https://npb.jp/bis/players/01205130.html
41245130,外崎　修汰,2015年 入団,FALSE,2018,2008001,https://npb.jp/bis/players/41245130.html
81085115,中村　剛也,2002年 入団,FALSE,2018,2008001,https://npb.jp/bis/players/81085115.html
81085116,中田　祥多,2012年 公式戦初出場,FALSE,2018,2008001,https://npb.jp/bis/players/81085116.html
11415135,永江　恭平,2012年 公式戦初出場,FALSE,2018,2008001,https://npb.jp/bis/players/11415135.html
01405134,中塚　駿太,2017年 公式戦初出場,FALSE,2018,2008001,https://npb.jp/bis/players/01405134.html
51455136,西川　愛也,2018年 入団,FALSE,2018,2008001,https://npb.jp/bis/players/51455136.html
41445132,野田　昇吾,2016年 公式戦初出場,FALSE,2018,2008001,https://npb.jp/bis/players/41445132.html
23525139,Ｄ．ヒース,2014年 公式戦初出場,TRUE,2018,2008001,https://npb.jp/bis/players/23525139.html
91695134,平井　克典,2017年 公式戦初出場,FALSE,2018,2008001,https://npb.jp/bis/players/91695134.html
51455116,藤原　良平,2011年 公式戦初出場,FALSE,2018,2008001,https://npb.jp/bis/players/51455116.html
71275139,福倉　健太郎,2015年 公式戦初出場,FALSE,2018,2008001,https://npb.jp/bis/players/71275139.html
31835132,本田　圭佑,2016年 公式戦初出場,FALSE,2018,2008001,https://npb.jp/bis/players/31835132.html
81983889,松井　稼頭央,1995年 公式戦初出場,FALSE,2018,2008001,https://npb.jp/bis/players/81983889.html
71275137,増田　達至,2013年 公式戦初出場,FALSE,2018,2008001,https://npb.jp/bis/players/71275137.html
91895132,松本　直晃,2016年 公式戦初出場,FALSE,2018,2008001,https://npb.jp/bis/players/91895132.html
13015136,Ｋ．マーティン,2018年 公式戦初出場,TRUE,2018,2008001,https://npb.jp/bis/players/13015136.html
61265137,水口　大地,2016年 公式戦初出場,FALSE,2018,2008001,https://npb.jp/bis/players/61265137.html
21825132,南川　忠亮,2016年 公式戦初出場,FALSE,2018,2008001,https://npb.jp/bis/players/21825132.html
83385139,Ｅ．メヒア,2014年 公式戦初出場,TRUE,2018,2008001,https://npb.jp/bis/players/83385139.html
91495139,森　友哉,2014年 入団,FALSE,2018,2008001,https://npb.jp/bis/players/91495139.html
21425139,山川　穂高,2014年 入団,FALSE,2018,2008001,https://npb.jp/bis/players/21425139.html
13115130,山田　遥楓,2018年 公式戦初出場,FALSE,2018,2008001,https://npb.jp/bis/players/13115130.html
63165136,與座　海人,2018年 入団,FALSE,2018,2008001,https://npb.jp/bis/players/63165136.html
63765136,Ｎ．ワグナー,2018年 公式戦初出場,TRUE,2018,2008001,https://npb.jp/bis/players/63765136.html
31135133,秋山　翔吾,2011年 入団,FALSE,2019,2008001,https://npb.jp/bis/players/31135133.html
43145137,相内　誠,2014年 公式戦初出場,FALSE,2019,2008001,https://npb.jp/bis/players/43145137.html
31535132,愛斗,2016年 入団,FALSE,2019,2008001,https://npb.jp/bis/players/31535132.html
71175138,粟津　凱士,2019年 公式戦初出場,FALSE,2019,2008001,https://npb.jp/bis/players/71175138.html
31335134,今井　達也,2018年 公式戦初出場,FALSE,2019,2008001,https://npb.jp/bis/players/31335134.html
11315136,伊藤　翔,2018年 公式戦初出場,FALSE,2019,2008001,https://npb.jp/bis/players/11315136.html
81185119,内海　哲也,2004年 公式戦初出場,FALSE,2019,2008001,https://npb.jp/bis/players/81185119.html
21325132,呉　念庭,2016年 公式戦初出場,FALSE,2019,2008001,https://npb.jp/bis/players/21325132.html
01305133,榎田　大樹,2011年 公式戦初出場,FALSE,2019,2008001,https://npb.jp/bis/players/01305133.html
51555131,小川　龍也,2011年 公式戦初出場,FALSE,2019,2008001,https://npb.jp/bis/players/51555131.html
81385133,大石　達也,2012年 公式戦初出場,FALSE,2019,2008001,https://npb.jp/bis/players/81385133.html
31535139,岡田　雅利,2014年 公式戦初出場,FALSE,2019,2008001,https://npb.jp/bis/players/31535139.html
01505137,金子　侑司,2013年 公式戦初出場,FALSE,2019,2008001,https://npb.jp/bis/players/01505137.html
61565139,金子　一輝,2018年 公式戦初出場,FALSE,2019,2008001,https://npb.jp/bis/players/61565139.html
81585132,川越　誠司,2016年 入団,FALSE,2019,2008001,https://npb.jp/bis/players/81585132.html
83385136,Ｆ．カスティーヨ,2018年 公式戦初出場,TRUE,2019,2008001,https://npb.jp/bis/players/83385136.html
41745114,木村　文紀,2007年 公式戦初出場,FALSE,2019,2008001,https://npb.jp/bis/players/41745114.html
51755115,栗山　巧,2002年 入団,FALSE,2019,2008001,https://npb.jp/bis/players/51755115.html
21725133,熊代　聖人,2011年 公式戦初出場,FALSE,2019,2008001,https://npb.jp/bis/players/21725133.html
63165130,郭　俊麟,2015年 公式戦初出場,FALSE,2019,2008001,https://npb.jp/bis/players/63165130.html
71775134,源田　壮亮,2017年 入団,FALSE,2019,2008001,https://npb.jp/bis/players/71775134.html
71775135,小石　博孝,2012年 公式戦初出場,FALSE,2019,2008001,https://npb.jp/bis/players/71775135.html
01705135,駒月　仁人,2019年 公式戦初出場,FALSE,2019,2008001,https://npb.jp/bis/players/01705135.html
91795132,國場　翼,2016年 公式戦初出場,FALSE,2019,2008001,https://npb.jp/bis/players/91795132.html
21725116,斉藤　彰吾,2010年 公式戦初出場,FALSE,2019,2008001,https://npb.jp/bis/players/21725116.html
01905130,佐野　泰雄,2015年 公式戦初出場,FALSE,2019,2008001,https://npb.jp/bis/players/01905130.html
41745136,齊藤　大将,2018年 公式戦初出場,FALSE,2019,2008001,https://npb.jp/bis/players/41745136.html
61765136,齊藤　誠人,2021年 公式戦初出場,FALSE,2019,2008001,https://npb.jp/bis/players/61765136.html
81785138,佐藤　龍世,2019年 公式戦初出場,FALSE,2019,2008001,https://npb.jp/bis/players/81785138.html
31035134,鈴木　将平,2019年 公式戦初出場,FALSE,2019,2008001,https://npb.jp/bis/players/31035134.html
41945116,武隈　祥太,2009年 公式戦初出場,FALSE,2019,2008001,https://npb.jp/bis/players/41945116.html
31935137,髙橋　朋己,2013年 公式戦初出場,FALSE,2019,2008001,https://npb.jp/bis/players/31935137.html
31035130,高木　勇人,2015年 公式戦初出場,FALSE,2019,2008001,https://npb.jp/bis/players/31035130.html
71075130,髙橋　光成,2015年 入団,FALSE,2019,2008001,https://npb.jp/bis/players/71075130.html
51255132,多和田　真三郎,2016年 公式戦初出場,FALSE,2019,2008001,https://npb.jp/bis/players/51255132.html
01205134,田村　伊知郎,2017年 公式戦初出場,FALSE,2019,2008001,https://npb.jp/bis/players/01205134.html
31035136,平良　海馬,2018年 入団,FALSE,2019,2008001,https://npb.jp/bis/players/31035136.html
71075136,高木　渉,2019年 公式戦初出場,FALSE,2019,2008001,https://npb.jp/bis/players/71075136.html
51255136,綱島　龍生,2021年 公式戦初出場,FALSE,2019,2008001,https://npb.jp/bis/players/51255136.html
91295135,十亀　剣,2012年 公式戦初出場,FALSE,2019,2008001,https://npb.jp/bis/players/91295135.html
01205130,戸川　大輔,2019年 公式戦初出場,FALSE,2019,2008001,https://npb.jp/bis/players/01205130.html
41245130,外崎　修汰,2015年 入団,FALSE,2019,2008001,https://npb.jp/bis/players/41245130.html
81085115,中村　剛也,2002年 入団,FALSE,2019,2008001,https://npb.jp/bis/players/81085115.html
81085116,中田　祥多,2012年 公式戦初出場,FALSE,2019,2008001,https://npb.jp/bis/players/81085116.html
11415135,永江　恭平,2012年 公式戦初出場,FALSE,2019,2008001,https://npb.jp/bis/players/11415135.html
01405134,中塚　駿太,2017年 公式戦初出場,FALSE,2019,2008001,https://npb.jp/bis/players/01405134.html
71275138,中熊　大智,2022年 公式戦初出場,FALSE,2019,2008001,https://npb.jp/bis/players/71275138.html
51455136,西川　愛也,2018年 入団,FALSE,2019,2008001,https://npb.jp/bis/players/51455136.html
13315138,Ｚ．ニール,2019年 公式戦初出場,TRUE,2019,2008001,https://npb.jp/bis/players/13315138.html
41445132,野田　昇吾,2016年 公式戦初出場,FALSE,2019,2008001,https://npb.jp/bis/players/41445132.html
23525139,Ｄ．ヒース,2014年 公式戦初出場,TRUE,2019,2008001,https://npb.jp/bis/players/23525139.html
91695134,平井　克典,2017年 公式戦初出場,FALSE,2019,2008001,https://npb.jp/bis/players/91695134.html
61265110,星　孝典,2005年 公式戦初出場,FALSE,2019,2008001,https://npb.jp/bis/players/61265110.html
31835132,本田　圭佑,2016年 公式戦初出場,FALSE,2019,2008001,https://npb.jp/bis/players/31835132.html
71275137,増田　達至,2013年 公式戦初出場,FALSE,2019,2008001,https://npb.jp/bis/players/71275137.html
91895132,松本　直晃,2016年 公式戦初出場,FALSE,2019,2008001,https://npb.jp/bis/players/91895132.html
13015136,Ｋ．マーティン,2018年 公式戦初出場,TRUE,2019,2008001,https://npb.jp/bis/players/13015136.html
71675138,牧野　翔矢,2019年 入団,FALSE,2019,2008001,https://npb.jp/bis/players/71675138.html
81685138,松本　航,2019年 入団,FALSE,2019,2008001,https://npb.jp/bis/players/81685138.html
61265137,水口　大地,2016年 公式戦初出場,FALSE,2019,2008001,https://npb.jp/bis/players/61265137.html
21825132,南川　忠亮,2016年 公式戦初出場,FALSE,2019,2008001,https://npb.jp/bis/players/21825132.html
83385139,Ｅ．メヒア,2014年 公式戦初出場,TRUE,2019,2008001,https://npb.jp/bis/players/83385139.html
91495139,森　友哉,2014年 入団,FALSE,2019,2008001,https://npb.jp/bis/players/91495139.html
71875138,森脇　亮介,2019年 入団,FALSE,2019,2008001,https://npb.jp/bis/players/71875138.html
21425139,山川　穂高,2014年 入団,FALSE,2019,2008001,https://npb.jp/bis/players/21425139.html
13115130,山田　遥楓,2018年 公式戦初出場,FALSE,2019,2008001,https://npb.jp/bis/players/13115130.html
21825138,山野辺　翔,2019年 入団,FALSE,2019,2008001,https://npb.jp/bis/players/21825138.html
63165136,與座　海人,2018年 入団,FALSE,2019,2008001,https://npb.jp/bis/players/63165136.html
93395134,廖　任磊,2019年 公式戦初出場,FALSE,2019,2008001,https://npb.jp/bis/players/93395134.html
53155138,渡邉　勇太朗,2019年 入団,FALSE,2019,2008001,https://npb.jp/bis/players/53155138.html
43145137,相内　誠,2014年 公式戦初出場,FALSE,2020,2008001,https://npb.jp/bis/players/43145137.html
31535132,愛斗,2016年 入団,FALSE,2020,2008001,https://npb.jp/bis/players/31535132.html
71175138,粟津　凱士,2019年 公式戦初出場,FALSE,2020,2008001,https://npb.jp/bis/players/71175138.html
31335134,今井　達也,2018年 公式戦初出場,FALSE,2020,2008001,https://npb.jp/bis/players/31335134.html
11315136,伊藤　翔,2018年 公式戦初出場,FALSE,2020,2008001,https://npb.jp/bis/players/11315136.html
71375151,井上　広輝,2021年 公式戦初出場,FALSE,2020,2008001,https://npb.jp/bis/players/71375151.html
81185119,内海　哲也,2004年 公式戦初出場,FALSE,2020,2008001,https://npb.jp/bis/players/81185119.html
21325132,呉　念庭,2016年 公式戦初出場,FALSE,2020,2008001,https://npb.jp/bis/players/21325132.html
21325151,上間　永遠,2020年 入団,FALSE,2020,2008001,https://npb.jp/bis/players/21325151.html
01305133,榎田　大樹,2011年 公式戦初出場,FALSE,2020,2008001,https://npb.jp/bis/players/01305133.html
51555131,小川　龍也,2011年 公式戦初出場,FALSE,2020,2008001,https://npb.jp/bis/players/51555131.html
31535139,岡田　雅利,2014年 公式戦初出場,FALSE,2020,2008001,https://npb.jp/bis/players/31535139.html
01505137,金子　侑司,2013年 公式戦初出場,FALSE,2020,2008001,https://npb.jp/bis/players/01505137.html
81585132,川越　誠司,2016年 入団,FALSE,2020,2008001,https://npb.jp/bis/players/81585132.html
11915151,川野　涼多,2022年 公式戦初出場,FALSE,2020,2008001,https://npb.jp/bis/players/11915151.html
41745114,木村　文紀,2007年 公式戦初出場,FALSE,2020,2008001,https://npb.jp/bis/players/41745114.html
51955151,岸　潤一郎,2020年 入団,FALSE,2020,2008001,https://npb.jp/bis/players/51955151.html
03305151,Ｒ．ギャレット,2020年 公式戦初出場,TRUE,2020,2008001,https://npb.jp/bis/players/03305151.html
51755115,栗山　巧,2002年 入団,FALSE,2020,2008001,https://npb.jp/bis/players/51755115.html
21725133,熊代　聖人,2011年 公式戦初出場,FALSE,2020,2008001,https://npb.jp/bis/players/21725133.html
71775134,源田　壮亮,2017年 入団,FALSE,2020,2008001,https://npb.jp/bis/players/71775134.html
01705135,駒月　仁人,2019年 公式戦初出場,FALSE,2020,2008001,https://npb.jp/bis/players/01705135.html
91795132,國場　翼,2016年 公式戦初出場,FALSE,2020,2008001,https://npb.jp/bis/players/91795132.html
01905130,佐野　泰雄,2015年 公式戦初出場,FALSE,2020,2008001,https://npb.jp/bis/players/01905130.html
41745136,齊藤　大将,2018年 公式戦初出場,FALSE,2020,2008001,https://npb.jp/bis/players/41745136.html
61765136,齊藤　誠人,2021年 公式戦初出場,FALSE,2020,2008001,https://npb.jp/bis/players/61765136.html
81785138,佐藤　龍世,2019年 公式戦初出場,FALSE,2020,2008001,https://npb.jp/bis/players/81785138.html
31035134,鈴木　将平,2019年 公式戦初出場,FALSE,2020,2008001,https://npb.jp/bis/players/31035134.html
23525151,Ｃ．スパンジェンバーグ,2020年 公式戦初出場,TRUE,2020,2008001,https://npb.jp/bis/players/23525151.html
41945116,武隈　祥太,2009年 公式戦初出場,FALSE,2020,2008001,https://npb.jp/bis/players/41945116.html
31935137,髙橋　朋己,2013年 公式戦初出場,FALSE,2020,2008001,https://npb.jp/bis/players/31935137.html
71075130,髙橋　光成,2015年 入団,FALSE,2020,2008001,https://npb.jp/bis/players/71075130.html
51255132,多和田　真三郎,2016年 公式戦初出場,FALSE,2020,2008001,https://npb.jp/bis/players/51255132.html
01205134,田村　伊知郎,2017年 公式戦初出場,FALSE,2020,2008001,https://npb.jp/bis/players/01205134.html
31035136,平良　海馬,2018年 入団,FALSE,2020,2008001,https://npb.jp/bis/players/31035136.html
71075136,高木　渉,2019年 公式戦初出場,FALSE,2020,2008001,https://npb.jp/bis/players/71075136.html
51255136,綱島　龍生,2021年 公式戦初出場,FALSE,2020,2008001,https://npb.jp/bis/players/51255136.html
61265151,柘植　世那,2020年 入団,FALSE,2020,2008001,https://npb.jp/bis/players/61265151.html
91295135,十亀　剣,2012年 公式戦初出場,FALSE,2020,2008001,https://npb.jp/bis/players/91295135.html
01205130,戸川　大輔,2019年 公式戦初出場,FALSE,2020,2008001,https://npb.jp/bis/players/01205130.html
41245130,外崎　修汰,2015年 入団,FALSE,2020,2008001,https://npb.jp/bis/players/41245130.html
81085115,中村　剛也,2002年 入団,FALSE,2020,2008001,https://npb.jp/bis/players/81085115.html
11415135,永江　恭平,2012年 公式戦初出場,FALSE,2020,2008001,https://npb.jp/bis/players/11415135.html
01405134,中塚　駿太,2017年 公式戦初出場,FALSE,2020,2008001,https://npb.jp/bis/players/01405134.html
71275138,中熊　大智,2022年 公式戦初出場,FALSE,2020,2008001,https://npb.jp/bis/players/71275138.html
51455136,西川　愛也,2018年 入団,FALSE,2020,2008001,https://npb.jp/bis/players/51455136.html
13315138,Ｚ．ニール,2019年 公式戦初出場,TRUE,2020,2008001,https://npb.jp/bis/players/13315138.html
41445132,野田　昇吾,2016年 公式戦初出場,FALSE,2020,2008001,https://npb.jp/bis/players/41445132.html
13715151,Ｓ．ノリン,2020年 公式戦初出場,TRUE,2020,2008001,https://npb.jp/bis/players/13715151.html
61465151,浜屋　将太,2020年 入団,FALSE,2020,2008001,https://npb.jp/bis/players/61465151.html
91695134,平井　克典,2017年 公式戦初出場,FALSE,2020,2008001,https://npb.jp/bis/players/91695134.html
31835132,本田　圭佑,2016年 公式戦初出場,FALSE,2020,2008001,https://npb.jp/bis/players/31835132.html
31233888,松坂　大輔,1999年 公式戦初出場,FALSE,2020,2008001,https://npb.jp/bis/players/31233888.html
71275137,増田　達至,2013年 公式戦初出場,FALSE,2020,2008001,https://npb.jp/bis/players/71275137.html
71675138,牧野　翔矢,2019年 入団,FALSE,2020,2008001,https://npb.jp/bis/players/71675138.html
81685138,松本　航,2019年 入団,FALSE,2020,2008001,https://npb.jp/bis/players/81685138.html
61665151,松岡　洸希,2020年 入団,FALSE,2020,2008001,https://npb.jp/bis/players/61665151.html
61265137,水口　大地,2016年 公式戦初出場,FALSE,2020,2008001,https://npb.jp/bis/players/61265137.html
51855151,宮川　哲,2020年 公式戦初出場,FALSE,2020,2008001,https://npb.jp/bis/players/51855151.html
83385139,Ｅ．メヒア,2014年 公式戦初出場,TRUE,2020,2008001,https://npb.jp/bis/players/83385139.html
81685133,森越　祐人,2013年 公式戦初出場,FALSE,2020,2008001,https://npb.jp/bis/players/81685133.html
91495139,森　友哉,2014年 入団,FALSE,2020,2008001,https://npb.jp/bis/players/91495139.html
71875138,森脇　亮介,2019年 入団,FALSE,2020,2008001,https://npb.jp/bis/players/71875138.html
21425139,山川　穂高,2014年 入団,FALSE,2020,2008001,https://npb.jp/bis/players/21425139.html
13115130,山田　遥楓,2018年 公式戦初出場,FALSE,2020,2008001,https://npb.jp/bis/players/13115130.html
21825138,山野辺　翔,2019年 入団,FALSE,2020,2008001,https://npb.jp/bis/players/21825138.html
63165136,與座　海人,2018年 入団,FALSE,2020,2008001,https://npb.jp/bis/players/63165136.html
53155138,渡邉　勇太朗,2019年 入団,FALSE,2020,2008001,https://npb.jp/bis/players/53155138.html
01305116,阿斗里,2008年 公式戦初出場,FALSE,2010,1993001,https://npb.jp/bis/players/01305116.html
91395115,井手　正太郎,2004年 公式戦初出場,FALSE,2010,1993001,https://npb.jp/bis/players/91395115.html
01105119,稲田　直人,2006年 公式戦初出場,FALSE,2010,1993001,https://npb.jp/bis/players/01105119.html
71175110,石井　裕也,2005年 公式戦初出場,FALSE,2010,1993001,https://npb.jp/bis/players/71175110.html
91195110,石川　雄洋,2006年 公式戦初出場,FALSE,2010,1993001,https://npb.jp/bis/players/91195110.html
21325113,内川　聖一,2001年 公式戦初出場,FALSE,2010,1993001,https://npb.jp/bis/players/21325113.html
41145119,牛田　成樹,2004年 公式戦初出場,FALSE,2010,1993001,https://npb.jp/bis/players/41145119.html
41345115,江尻　慎太郎,2002年 公式戦初出場,FALSE,2010,1993001,https://npb.jp/bis/players/41345115.html
81183889,大家　友和,1994年 公式戦初出場,FALSE,2010,1993001,https://npb.jp/bis/players/81183889.html
91393888,小山田　保裕,1999年 公式戦初出場,FALSE,2010,1993001,https://npb.jp/bis/players/91393888.html
41345117,大西　宏明,2003年 公式戦初出場,FALSE,2010,1993001,https://npb.jp/bis/players/41345117.html
21525113,加藤　康介,2001年 公式戦初出場,FALSE,2010,1993001,https://npb.jp/bis/players/21525113.html
61565114,梶谷　隆幸,2009年 公式戦初出場,FALSE,2010,1993001,https://npb.jp/bis/players/61565114.html
21525131,加賀　繁,2010年 公式戦初出場,FALSE,2010,1993001,https://npb.jp/bis/players/21525131.html
01605131,Ｊ．カスティーヨ,2010年 公式戦初出場,TRUE,2010,1993001,https://npb.jp/bis/players/01605131.html
91593888,金城　龍彦,1999年 公式戦初出場,FALSE,2010,1993001,https://npb.jp/bis/players/91593888.html
61365111,木塚　敦志,2000年 公式戦初出場,FALSE,2010,1993001,https://npb.jp/bis/players/61365111.html
91795117,北川　隼行,2003年 公式戦初出場,FALSE,2010,1993001,https://npb.jp/bis/players/91795117.html
01705114,北　篤,2010年 公式戦初出場,FALSE,2010,1993001,https://npb.jp/bis/players/01705114.html
81585110,桑原　義行,2006年 公式戦初出場,FALSE,2010,1993001,https://npb.jp/bis/players/81585110.html
21725112,黒羽根　利規,2008年 公式戦初出場,FALSE,2010,1993001,https://npb.jp/bis/players/21725112.html
31735116,桑原　謙太朗,2008年 公式戦初出場,FALSE,2010,1993001,https://npb.jp/bis/players/31735116.html
01705131,国吉　佑樹,2011年 公式戦初出場,FALSE,2010,1993001,https://npb.jp/bis/players/01705131.html
01705116,小林　太志,2008年 公式戦初出場,FALSE,2010,1993001,https://npb.jp/bis/players/01705116.html
11715118,小杉　陽太,2009年 公式戦初出場,FALSE,2010,1993001,https://npb.jp/bis/players/11715118.html
21523887,佐伯　貴弘,1993年 公式戦初出場,FALSE,2010,1993001,https://npb.jp/bis/players/21523887.html
61765115,真田　裕貴,2002年 公式戦初出場,FALSE,2010,1993001,https://npb.jp/bis/players/61765115.html
61765116,佐藤　祥万,2008年 公式戦初出場,FALSE,2010,1993001,https://npb.jp/bis/players/61765116.html
21523886,篠原　貴行,1998年 公式戦初出場,FALSE,2010,1993001,https://npb.jp/bis/players/21523886.html
41545111,清水　直行,2000年 公式戦初出場,FALSE,2010,1993001,https://npb.jp/bis/players/41545111.html
61965114,下窪　陽介,2007年 公式戦初出場,FALSE,2010,1993001,https://npb.jp/bis/players/61965114.html
81985114,下園　辰哉,2007年 公式戦初出場,FALSE,2010,1993001,https://npb.jp/bis/players/81985114.html
81785119,杉原　洋,2010年 公式戦初出場,FALSE,2010,1993001,https://npb.jp/bis/players/81785119.html
63165116,Ｔ．スレッジ,2008年 公式戦初出場,TRUE,2010,1993001,https://npb.jp/bis/players/63165116.html
61065117,武山　真吾,2008年 公式戦初出場,FALSE,2010,1993001,https://npb.jp/bis/players/61065117.html
11015112,高宮　和也,2006年 公式戦初出場,FALSE,2010,1993001,https://npb.jp/bis/players/11015112.html
01005114,高崎　健太郎,2007年 公式戦初出場,FALSE,2010,1993001,https://npb.jp/bis/players/01005114.html
21025114,高森　勇気,2009年 公式戦初出場,FALSE,2010,1993001,https://npb.jp/bis/players/21025114.html
11015116,田中　健二朗,2010年 公式戦初出場,FALSE,2010,1993001,https://npb.jp/bis/players/11015116.html
41945131,筒香　嘉智,2010年 入団,FALSE,2010,1993001,https://npb.jp/bis/players/41945131.html
91095115,寺原　早人,2002年 公式戦初出場,FALSE,2010,1993001,https://npb.jp/bis/players/91095115.html
81085112,内藤　雄太,2006年 公式戦初出場,FALSE,2010,1993001,https://npb.jp/bis/players/81085112.html
41043886,新沼　慎二,2003年 公式戦初出場,FALSE,2010,1993001,https://npb.jp/bis/players/41043886.html
91293881,野口　寿浩,1991年 公式戦初出場,FALSE,2010,1993001,https://npb.jp/bis/players/91293881.html
11215115,野中　信吾,2002年 公式戦初出場,FALSE,2010,1993001,https://npb.jp/bis/players/11215115.html
91993880,橋本　将,1995年 公式戦初出場,FALSE,2010,1993001,https://npb.jp/bis/players/91993880.html
71275115,秦　裕二,2002年 公式戦初出場,FALSE,2010,1993001,https://npb.jp/bis/players/71275115.html
91295115,早川　大輔,2002年 公式戦初出場,FALSE,2010,1993001,https://npb.jp/bis/players/91295115.html
93395131,Ｂ．ハーパー,2010年 公式戦初出場,TRUE,2010,1993001,https://npb.jp/bis/players/93395131.html
21225110,藤田　一也,2005年 公式戦初出場,FALSE,2010,1993001,https://npb.jp/bis/players/21225110.html
61465118,藤江　均,2009年 公式戦初出場,FALSE,2010,1993001,https://npb.jp/bis/players/61465118.html
31235131,福田　岳洋,2010年 公式戦初出場,FALSE,2010,1993001,https://npb.jp/bis/players/31235131.html
41845131,Ｃ．ブーチェック,2010年 公式戦初出場,TRUE,2010,1993001,https://npb.jp/bis/players/41845131.html
11615118,細山田　武史,2009年 公式戦初出場,FALSE,2010,1993001,https://npb.jp/bis/players/11615118.html
91495116,松山　傑,2010年 公式戦初出場,FALSE,2010,1993001,https://npb.jp/bis/players/91495116.html
51655118,松本　啓二朗,2009年 公式戦初出場,FALSE,2010,1993001,https://npb.jp/bis/players/51655118.html
91495131,眞下　貴之,2010年 公式戦初出場,FALSE,2010,1993001,https://npb.jp/bis/players/91495131.html
41443885,三浦　大輔,1992年 公式戦初出場,FALSE,2010,1993001,https://npb.jp/bis/players/41443885.html
81485117,村田　修一,2003年 公式戦初出場,FALSE,2010,1993001,https://npb.jp/bis/players/81485117.html
21223888,森笠　繁,1999年 公式戦初出場,FALSE,2010,1993001,https://npb.jp/bis/players/21223888.html
41745113,弥太郎,2002年 公式戦初出場,FALSE,2010,1993001,https://npb.jp/bis/players/41745113.html
51855112,山口　俊,2006年 公式戦初出場,FALSE,2010,1993001,https://npb.jp/bis/players/51855112.html
81685118,山崎　憲晴,2009年 公式戦初出場,FALSE,2010,1993001,https://npb.jp/bis/players/81685118.html
31635113,吉見　祐治,2001年 公式戦初出場,FALSE,2010,1993001,https://npb.jp/bis/players/31635113.html
61665117,吉村　裕基,2003年 公式戦初出場,FALSE,2010,1993001,https://npb.jp/bis/players/61665117.html
61265119,吉川　輝昭,2004年 公式戦初出場,FALSE,2010,1993001,https://npb.jp/bis/players/61265119.html
61865114,吉原　道臣,2007年 公式戦初出場,FALSE,2010,1993001,https://npb.jp/bis/players/61865114.html
23525118,Ｓ．ランドルフ,2009年 公式戦初出場,TRUE,2010,1993001,https://npb.jp/bis/players/23525118.html
43145131,王　溢正,2012年 公式戦初出場,FALSE,2010,1993001,https://npb.jp/bis/players/43145131.html
01305116,阿斗里,2008年 公式戦初出場,FALSE,2011,1993001,https://npb.jp/bis/players/01305116.html
01105133,荒波　翔,2011年 公式戦初出場,FALSE,2011,1993001,https://npb.jp/bis/players/01105133.html
91395115,井手　正太郎,2004年 公式戦初出場,FALSE,2011,1993001,https://npb.jp/bis/players/91395115.html
01105119,稲田　直人,2006年 公式戦初出場,FALSE,2011,1993001,https://npb.jp/bis/players/01105119.html
01705119,一輝,2004年 公式戦初出場,FALSE,2011,1993001,https://npb.jp/bis/players/01705119.html
91195110,石川　雄洋,2006年 公式戦初出場,FALSE,2011,1993001,https://npb.jp/bis/players/91195110.html
41145119,牛田　成樹,2004年 公式戦初出場,FALSE,2011,1993001,https://npb.jp/bis/players/41145119.html
41345115,江尻　慎太郎,2002年 公式戦初出場,FALSE,2011,1993001,https://npb.jp/bis/players/41345115.html
81183889,大家　友和,1994年 公式戦初出場,FALSE,2011,1993001,https://npb.jp/bis/players/81183889.html
61365113,大沼　幸二,2001年 公式戦初出場,FALSE,2011,1993001,https://npb.jp/bis/players/61365113.html
31535133,大原　淳也,2012年 公式戦初出場,FALSE,2011,1993001,https://npb.jp/bis/players/31535133.html
51555133,大原　慎司,2011年 公式戦初出場,FALSE,2011,1993001,https://npb.jp/bis/players/51555133.html
61565114,梶谷　隆幸,2009年 公式戦初出場,FALSE,2011,1993001,https://npb.jp/bis/players/61565114.html
21525131,加賀　繁,2010年 公式戦初出場,FALSE,2011,1993001,https://npb.jp/bis/players/21525131.html
01505133,加賀美　希昇,2011年 公式戦初出場,FALSE,2011,1993001,https://npb.jp/bis/players/01505133.html
91593888,金城　龍彦,1999年 公式戦初出場,FALSE,2011,1993001,https://npb.jp/bis/players/91593888.html
61565115,喜田　剛,2003年 公式戦初出場,FALSE,2011,1993001,https://npb.jp/bis/players/61565115.html
01705114,北　篤,2010年 公式戦初出場,FALSE,2011,1993001,https://npb.jp/bis/players/01705114.html
81585110,桑原　義行,2006年 公式戦初出場,FALSE,2011,1993001,https://npb.jp/bis/players/81585110.html
21725112,黒羽根　利規,2008年 公式戦初出場,FALSE,2011,1993001,https://npb.jp/bis/players/21725112.html
01705131,国吉　佑樹,2011年 公式戦初出場,FALSE,2011,1993001,https://npb.jp/bis/players/01705131.html
01705116,小林　太志,2008年 公式戦初出場,FALSE,2011,1993001,https://npb.jp/bis/players/01705116.html
11715118,小杉　陽太,2009年 公式戦初出場,FALSE,2011,1993001,https://npb.jp/bis/players/11715118.html
31935133,小林　寛,2011年 公式戦初出場,FALSE,2011,1993001,https://npb.jp/bis/players/31935133.html
53755133,Ｌ．ゴンザレス,2011年 公式戦初出場,TRUE,2011,1993001,https://npb.jp/bis/players/53755133.html
61765115,真田　裕貴,2002年 公式戦初出場,FALSE,2011,1993001,https://npb.jp/bis/players/61765115.html
61765116,佐藤　祥万,2008年 公式戦初出場,FALSE,2011,1993001,https://npb.jp/bis/players/61765116.html
21523886,篠原　貴行,1998年 公式戦初出場,FALSE,2011,1993001,https://npb.jp/bis/players/21523886.html
41545111,清水　直行,2000年 公式戦初出場,FALSE,2011,1993001,https://npb.jp/bis/players/41545111.html
81985114,下園　辰哉,2007年 公式戦初出場,FALSE,2011,1993001,https://npb.jp/bis/players/81985114.html
81785119,杉原　洋,2010年 公式戦初出場,FALSE,2011,1993001,https://npb.jp/bis/players/81785119.html
63165116,Ｔ．スレッジ,2008年 公式戦初出場,TRUE,2011,1993001,https://npb.jp/bis/players/63165116.html
71075133,須田　幸太,2011年 公式戦初出場,FALSE,2011,1993001,https://npb.jp/bis/players/71075133.html
61065117,武山　真吾,2008年 公式戦初出場,FALSE,2011,1993001,https://npb.jp/bis/players/61065117.html
01005114,高崎　健太郎,2007年 公式戦初出場,FALSE,2011,1993001,https://npb.jp/bis/players/01005114.html
21025114,高森　勇気,2009年 公式戦初出場,FALSE,2011,1993001,https://npb.jp/bis/players/21025114.html
11015116,田中　健二朗,2010年 公式戦初出場,FALSE,2011,1993001,https://npb.jp/bis/players/11015116.html
23525133,陳　冠宇,2014年 公式戦初出場,FALSE,2011,1993001,https://npb.jp/bis/players/23525133.html
41945131,筒香　嘉智,2010年 入団,FALSE,2011,1993001,https://npb.jp/bis/players/41945131.html
81085133,靍岡　賢二郎,2014年 公式戦初出場,FALSE,2011,1993001,https://npb.jp/bis/players/81085133.html
21023885,中村　紀洋,1992年 公式戦初出場,FALSE,2011,1993001,https://npb.jp/bis/players/21023885.html
81085112,内藤　雄太,2006年 公式戦初出場,FALSE,2011,1993001,https://npb.jp/bis/players/81085112.html
41043886,新沼　慎二,2003年 公式戦初出場,FALSE,2011,1993001,https://npb.jp/bis/players/41043886.html
91993880,橋本　将,1995年 公式戦初出場,FALSE,2011,1993001,https://npb.jp/bis/players/91993880.html
71275115,秦　裕二,2002年 公式戦初出場,FALSE,2011,1993001,https://npb.jp/bis/players/71275115.html
91295115,早川　大輔,2002年 公式戦初出場,FALSE,2011,1993001,https://npb.jp/bis/players/91295115.html
93395131,Ｂ．ハーパー,2010年 公式戦初出場,TRUE,2011,1993001,https://npb.jp/bis/players/93395131.html
63165133,Ｃ．ハミルトン,2011年 公式戦初出場,TRUE,2011,1993001,https://npb.jp/bis/players/63165133.html
21225110,藤田　一也,2005年 公式戦初出場,FALSE,2011,1993001,https://npb.jp/bis/players/21225110.html
61465118,藤江　均,2009年 公式戦初出場,FALSE,2011,1993001,https://npb.jp/bis/players/61465118.html
31235131,福田　岳洋,2010年 公式戦初出場,FALSE,2011,1993001,https://npb.jp/bis/players/31235131.html
71475133,福山　博之,2011年 公式戦初出場,FALSE,2011,1993001,https://npb.jp/bis/players/71475133.html
03305133,ブランドン,2011年 公式戦初出場,FALSE,2011,1993001,https://npb.jp/bis/players/03305133.html
11615118,細山田　武史,2009年 公式戦初出場,FALSE,2011,1993001,https://npb.jp/bis/players/11615118.html
91495116,松山　傑,2010年 公式戦初出場,FALSE,2011,1993001,https://npb.jp/bis/players/91495116.html
51655118,松本　啓二朗,2009年 公式戦初出場,FALSE,2011,1993001,https://npb.jp/bis/players/51655118.html
91495131,眞下　貴之,2010年 公式戦初出場,FALSE,2011,1993001,https://npb.jp/bis/players/91495131.html
41443885,三浦　大輔,1992年 公式戦初出場,FALSE,2011,1993001,https://npb.jp/bis/players/41443885.html
81485117,村田　修一,2003年 公式戦初出場,FALSE,2011,1993001,https://npb.jp/bis/players/81485117.html
41243888,森本　稀哲,2000年 公式戦初出場,FALSE,2011,1993001,https://npb.jp/bis/players/41243888.html
81485113,山本　省吾,2001年 公式戦初出場,FALSE,2011,1993001,https://npb.jp/bis/players/81485113.html
51855112,山口　俊,2006年 公式戦初出場,FALSE,2011,1993001,https://npb.jp/bis/players/51855112.html
81685118,山崎　憲晴,2009年 公式戦初出場,FALSE,2011,1993001,https://npb.jp/bis/players/81685118.html
61665117,吉村　裕基,2003年 公式戦初出場,FALSE,2011,1993001,https://npb.jp/bis/players/61665117.html
23525118,Ｓ．ランドルフ,2009年 公式戦初出場,TRUE,2011,1993001,https://npb.jp/bis/players/23525118.html
33535133,Ｂ．リーチ,2011年 公式戦初出場,TRUE,2011,1993001,https://npb.jp/bis/players/33535133.html
81885114,渡辺　直人,2007年 公式戦初出場,FALSE,2011,1993001,https://npb.jp/bis/players/81885114.html
43145131,王　溢正,2012年 公式戦初出場,FALSE,2011,1993001,https://npb.jp/bis/players/43145131.html
01305116,阿斗里,2008年 公式戦初出場,FALSE,2012,2012001,https://npb.jp/bis/players/01305116.html
01105133,荒波　翔,2011年 公式戦初出場,FALSE,2012,2012001,https://npb.jp/bis/players/01105133.html
91395115,井手　正太郎,2004年 公式戦初出場,FALSE,2012,2012001,https://npb.jp/bis/players/91395115.html
01705119,一輝,2004年 公式戦初出場,FALSE,2012,2012001,https://npb.jp/bis/players/01705119.html
91195110,石川　雄洋,2006年 公式戦初出場,FALSE,2012,2012001,https://npb.jp/bis/players/91195110.html
61165135,伊藤　拓郎,2012年 公式戦初出場,FALSE,2012,2012001,https://npb.jp/bis/players/61165135.html
41145119,牛田　成樹,2004年 公式戦初出場,FALSE,2012,2012001,https://npb.jp/bis/players/41145119.html
71375116,内村　賢介,2008年 公式戦初出場,FALSE,2012,2012001,https://npb.jp/bis/players/71375116.html
41345115,江尻　慎太郎,2002年 公式戦初出場,FALSE,2012,2012001,https://npb.jp/bis/players/41345115.html
61365113,大沼　幸二,2001年 公式戦初出場,FALSE,2012,2012001,https://npb.jp/bis/players/61365113.html
31535133,大原　淳也,2012年 公式戦初出場,FALSE,2012,2012001,https://npb.jp/bis/players/31535133.html
51555133,大原　慎司,2011年 公式戦初出場,FALSE,2012,2012001,https://npb.jp/bis/players/51555133.html
41345135,乙坂　智,2014年 公式戦初出場,FALSE,2012,2012001,https://npb.jp/bis/players/41345135.html
61565114,梶谷　隆幸,2009年 公式戦初出場,FALSE,2012,2012001,https://npb.jp/bis/players/61565114.html
21525131,加賀　繁,2010年 公式戦初出場,FALSE,2012,2012001,https://npb.jp/bis/players/21525131.html
01505133,加賀美　希昇,2011年 公式戦初出場,FALSE,2012,2012001,https://npb.jp/bis/players/01505133.html
91593888,金城　龍彦,1999年 公式戦初出場,FALSE,2012,2012001,https://npb.jp/bis/players/91593888.html
51555110,菊地　和正,2005年 公式戦初出場,FALSE,2012,2012001,https://npb.jp/bis/players/51555110.html
01705114,北　篤,2010年 公式戦初出場,FALSE,2012,2012001,https://npb.jp/bis/players/01705114.html
21725112,黒羽根　利規,2008年 公式戦初出場,FALSE,2012,2012001,https://npb.jp/bis/players/21725112.html
01705131,国吉　佑樹,2011年 公式戦初出場,FALSE,2012,2012001,https://npb.jp/bis/players/01705131.html
51755135,桑原　将志,2012年 入団,FALSE,2012,2012001,https://npb.jp/bis/players/51755135.html
53555135,Ｂ．クレイマー,2012年 公式戦初出場,TRUE,2012,2012001,https://npb.jp/bis/players/53555135.html
51655118,啓二朗,2009年 公式戦初出場,FALSE,2012,2012001,https://npb.jp/bis/players/51655118.html
21523888,小池　正晃,2001年 公式戦初出場,FALSE,2012,2012001,https://npb.jp/bis/players/21523888.html
11915117,後藤　武敏,2003年 公式戦初出場,FALSE,2012,2012001,https://npb.jp/bis/players/11915117.html
01705116,小林　太志,2008年 公式戦初出場,FALSE,2012,2012001,https://npb.jp/bis/players/01705116.html
11715118,小杉　陽太,2009年 公式戦初出場,FALSE,2012,2012001,https://npb.jp/bis/players/11715118.html
31935133,小林　寛,2011年 公式戦初出場,FALSE,2012,2012001,https://npb.jp/bis/players/31935133.html
61765116,佐藤　祥万,2008年 公式戦初出場,FALSE,2012,2012001,https://npb.jp/bis/players/61765116.html
43345135,Ｏ．サラサー,2012年 公式戦初出場,TRUE,2012,2012001,https://npb.jp/bis/players/43345135.html
21523886,篠原　貴行,1998年 公式戦初出場,FALSE,2012,2012001,https://npb.jp/bis/players/21523886.html
41545111,清水　直行,2000年 公式戦初出場,FALSE,2012,2012001,https://npb.jp/bis/players/41545111.html
81985114,下園　辰哉,2007年 公式戦初出場,FALSE,2012,2012001,https://npb.jp/bis/players/81985114.html
11815131,ジオ・アルバラード,2010年 公式戦初出場,FALSE,2012,2012001,https://npb.jp/bis/players/11815131.html
71075133,須田　幸太,2011年 公式戦初出場,FALSE,2012,2012001,https://npb.jp/bis/players/71075133.html
01005114,高崎　健太郎,2007年 公式戦初出場,FALSE,2012,2012001,https://npb.jp/bis/players/01005114.html
21025114,高森　勇旗,2009年 公式戦初出場,FALSE,2012,2012001,https://npb.jp/bis/players/21025114.html
11015116,田中　健二朗,2010年 公式戦初出場,FALSE,2012,2012001,https://npb.jp/bis/players/11015116.html
51055135,髙城　俊人,2012年 公式戦初出場,FALSE,2012,2012001,https://npb.jp/bis/players/51055135.html
23525133,陳　冠宇,2014年 公式戦初出場,FALSE,2012,2012001,https://npb.jp/bis/players/23525133.html
21723882,鶴岡　一成,2000年 公式戦初出場,FALSE,2012,2012001,https://npb.jp/bis/players/21723882.html
41945131,筒香　嘉智,2010年 入団,FALSE,2012,2012001,https://npb.jp/bis/players/41945131.html
81085133,靍岡　賢二郎,2014年 公式戦初出場,FALSE,2012,2012001,https://npb.jp/bis/players/81085133.html
41245135,冨田　康祐,2013年 公式戦初出場,FALSE,2012,2012001,https://npb.jp/bis/players/41245135.html
21023885,中村　紀洋,1992年 公式戦初出場,FALSE,2012,2012001,https://npb.jp/bis/players/21023885.html
81085112,内藤　雄太,2006年 公式戦初出場,FALSE,2012,2012001,https://npb.jp/bis/players/81085112.html
41043886,新沼　慎二,2003年 公式戦初出場,FALSE,2012,2012001,https://npb.jp/bis/players/41043886.html
01405135,西森　将司,2013年 公式戦初出場,FALSE,2012,2012001,https://npb.jp/bis/players/01405135.html
01205115,林　昌範,2003年 公式戦初出場,FALSE,2012,2012001,https://npb.jp/bis/players/01205115.html
63165133,Ｃ．ハミルトン,2011年 公式戦初出場,TRUE,2012,2012001,https://npb.jp/bis/players/63165133.html
91695135,飛雄馬,2014年 公式戦初出場,FALSE,2012,2012001,https://npb.jp/bis/players/91695135.html
91095111,藤井　秀悟,2000年 公式戦初出場,FALSE,2012,2012001,https://npb.jp/bis/players/91095111.html
21225110,藤田　一也,2005年 公式戦初出場,FALSE,2012,2012001,https://npb.jp/bis/players/21225110.html
61465118,藤江　均,2009年 公式戦初出場,FALSE,2012,2012001,https://npb.jp/bis/players/61465118.html
31235131,福田　岳洋,2010年 公式戦初出場,FALSE,2012,2012001,https://npb.jp/bis/players/31235131.html
71475133,福山　博之,2011年 公式戦初出場,FALSE,2012,2012001,https://npb.jp/bis/players/71475133.html
03305133,ブランドン,2011年 公式戦初出場,FALSE,2012,2012001,https://npb.jp/bis/players/03305133.html
11615118,細山田　武史,2009年 公式戦初出場,FALSE,2012,2012001,https://npb.jp/bis/players/11615118.html
91495131,眞下　貴之,2010年 公式戦初出場,FALSE,2012,2012001,https://npb.jp/bis/players/91495131.html
41443885,三浦　大輔,1992年 公式戦初出場,FALSE,2012,2012001,https://npb.jp/bis/players/41443885.html
41243888,森本　稀哲,2000年 公式戦初出場,FALSE,2012,2012001,https://npb.jp/bis/players/41243888.html
81485113,山本　省吾,2001年 公式戦初出場,FALSE,2012,2012001,https://npb.jp/bis/players/81485113.html
51855112,山口　俊,2006年 公式戦初出場,FALSE,2012,2012001,https://npb.jp/bis/players/51855112.html
81685118,山崎　憲晴,2009年 公式戦初出場,FALSE,2012,2012001,https://npb.jp/bis/players/81685118.html
61665117,吉村　裕基,2003年 公式戦初出場,FALSE,2012,2012001,https://npb.jp/bis/players/61665117.html
63165113,Ａ．ラミレス,2001年 公式戦初出場,TRUE,2012,2012001,https://npb.jp/bis/players/63165113.html
33335131,Ｒ．ルイーズ,2010年 公式戦初出場,TRUE,2012,2012001,https://npb.jp/bis/players/33335131.html
81885114,渡辺　直人,2007年 公式戦初出場,FALSE,2012,2012001,https://npb.jp/bis/players/81885114.html
43145131,王　溢正,2012年 公式戦初出場,FALSE,2012,2012001,https://npb.jp/bis/players/43145131.html
01105133,荒波　翔,2011年 公式戦初出場,FALSE,2013,2012001,https://npb.jp/bis/players/01105133.html
31135137,赤堀　大智,2013年 公式戦初出場,FALSE,2013,2012001,https://npb.jp/bis/players/31135137.html
71175137,安部　建輝,2013年 公式戦初出場,FALSE,2013,2012001,https://npb.jp/bis/players/71175137.html
91395115,井手　正太郎,2004年 公式戦初出場,FALSE,2013,2012001,https://npb.jp/bis/players/91395115.html
91195110,石川　雄洋,2006年 公式戦初出場,FALSE,2013,2012001,https://npb.jp/bis/players/91195110.html
61165135,伊藤　拓郎,2012年 公式戦初出場,FALSE,2013,2012001,https://npb.jp/bis/players/61165135.html
61165137,井納　翔一,2013年 公式戦初出場,FALSE,2013,2012001,https://npb.jp/bis/players/61165137.html
41145119,牛田　成樹,2004年 公式戦初出場,FALSE,2013,2012001,https://npb.jp/bis/players/41145119.html
71375116,内村　賢介,2008年 公式戦初出場,FALSE,2013,2012001,https://npb.jp/bis/players/71375116.html
31535117,長田　秀一郎,2003年 公式戦初出場,FALSE,2013,2012001,https://npb.jp/bis/players/31535117.html
01305116,大田　阿斗里,2008年 公式戦初出場,FALSE,2013,2012001,https://npb.jp/bis/players/01305116.html
51555133,大原　慎司,2011年 公式戦初出場,FALSE,2013,2012001,https://npb.jp/bis/players/51555133.html
41345135,乙坂　智,2014年 公式戦初出場,FALSE,2013,2012001,https://npb.jp/bis/players/41345135.html
21525115,神内　靖,2004年 公式戦初出場,FALSE,2013,2012001,https://npb.jp/bis/players/21525115.html
61565114,梶谷　隆幸,2009年 公式戦初出場,FALSE,2013,2012001,https://npb.jp/bis/players/61565114.html
21525131,加賀　繁,2010年 公式戦初出場,FALSE,2013,2012001,https://npb.jp/bis/players/21525131.html
01505133,加賀美　希昇,2011年 公式戦初出場,FALSE,2013,2012001,https://npb.jp/bis/players/01505133.html
91593888,金城　龍彦,1999年 公式戦初出場,FALSE,2013,2012001,https://npb.jp/bis/players/91593888.html
51555110,菊地　和正,2005年 公式戦初出場,FALSE,2013,2012001,https://npb.jp/bis/players/51555110.html
21725112,黒羽根　利規,2008年 公式戦初出場,FALSE,2013,2012001,https://npb.jp/bis/players/21725112.html
01705131,国吉　佑樹,2011年 公式戦初出場,FALSE,2013,2012001,https://npb.jp/bis/players/01705131.html
51755135,桑原　将志,2012年 入団,FALSE,2013,2012001,https://npb.jp/bis/players/51755135.html
21523888,小池　正晃,2001年 公式戦初出場,FALSE,2013,2012001,https://npb.jp/bis/players/21523888.html
11915117,後藤　武敏,2003年 公式戦初出場,FALSE,2013,2012001,https://npb.jp/bis/players/11915117.html
01705116,小林　太志,2008年 公式戦初出場,FALSE,2013,2012001,https://npb.jp/bis/players/01705116.html
11715118,小杉　陽太,2009年 公式戦初出場,FALSE,2013,2012001,https://npb.jp/bis/players/11715118.html
31935133,小林　寛,2011年 公式戦初出場,FALSE,2013,2012001,https://npb.jp/bis/players/31935133.html
53355137,Ｔ．コーコラン,2013年 公式戦初出場,TRUE,2013,2012001,https://npb.jp/bis/players/53355137.html
61765116,佐藤　祥万,2008年 公式戦初出場,FALSE,2013,2012001,https://npb.jp/bis/players/61765116.html
21523886,篠原　貴行,1998年 公式戦初出場,FALSE,2013,2012001,https://npb.jp/bis/players/21523886.html
01705119,嶋村　一輝,2004年 公式戦初出場,FALSE,2013,2012001,https://npb.jp/bis/players/01705119.html
81985114,下園　辰哉,2007年 公式戦初出場,FALSE,2013,2012001,https://npb.jp/bis/players/81985114.html
21725137,白崎　浩之,2013年 公式戦初出場,FALSE,2013,2012001,https://npb.jp/bis/players/21725137.html
71075133,須田　幸太,2011年 公式戦初出場,FALSE,2013,2012001,https://npb.jp/bis/players/71075133.html
13515118,鄭　凱文,2009年 公式戦初出場,FALSE,2013,2012001,https://npb.jp/bis/players/13515118.html
03505133,Ｅ．ソト,2011年 公式戦初出場,TRUE,2013,2012001,https://npb.jp/bis/players/03505133.html
93395135,Ｊ．ソーサ,2012年 公式戦初出場,TRUE,2013,2012001,https://npb.jp/bis/players/93395135.html
41743880,多村　仁志,1997年 公式戦初出場,FALSE,2013,2012001,https://npb.jp/bis/players/41743880.html
01005114,高崎　健太郎,2007年 公式戦初出場,FALSE,2013,2012001,https://npb.jp/bis/players/01005114.html
11015116,田中　健二朗,2010年 公式戦初出場,FALSE,2013,2012001,https://npb.jp/bis/players/11015116.html
51055135,髙城　俊人,2012年 公式戦初出場,FALSE,2013,2012001,https://npb.jp/bis/players/51055135.html
23525133,陳　冠宇,2014年 公式戦初出場,FALSE,2013,2012001,https://npb.jp/bis/players/23525133.html
21723882,鶴岡　一成,2000年 公式戦初出場,FALSE,2013,2012001,https://npb.jp/bis/players/21723882.html
91095118,土屋　健二,2010年 公式戦初出場,FALSE,2013,2012001,https://npb.jp/bis/players/91095118.html
41945131,筒香　嘉智,2010年 入団,FALSE,2013,2012001,https://npb.jp/bis/players/41945131.html
81085133,靍岡　賢二郎,2014年 公式戦初出場,FALSE,2013,2012001,https://npb.jp/bis/players/81085133.html
41245135,冨田　康祐,2013年 公式戦初出場,FALSE,2013,2012001,https://npb.jp/bis/players/41245135.html
21023885,中村　紀洋,1992年 公式戦初出場,FALSE,2013,2012001,https://npb.jp/bis/players/21023885.html
81085112,内藤　雄太,2006年 公式戦初出場,FALSE,2013,2012001,https://npb.jp/bis/players/81085112.html
01405135,西森　将司,2013年 公式戦初出場,FALSE,2013,2012001,https://npb.jp/bis/players/01405135.html
01205115,林　昌範,2003年 公式戦初出場,FALSE,2013,2012001,https://npb.jp/bis/players/01205115.html
91695135,飛雄馬,2014年 公式戦初出場,FALSE,2013,2012001,https://npb.jp/bis/players/91695135.html
91095111,藤井　秀悟,2000年 公式戦初出場,FALSE,2013,2012001,https://npb.jp/bis/players/91095111.html
61465118,藤江　均,2009年 公式戦初出場,FALSE,2013,2012001,https://npb.jp/bis/players/61465118.html
23125118,Ｔ．ブランコ,2009年 公式戦初出場,TRUE,2013,2012001,https://npb.jp/bis/players/23125118.html
31235131,福田　岳洋,2010年 公式戦初出場,FALSE,2013,2012001,https://npb.jp/bis/players/31235131.html
11615118,細山田　武史,2009年 公式戦初出場,FALSE,2013,2012001,https://npb.jp/bis/players/11615118.html
51655118,松本　啓二朗,2009年 公式戦初出場,FALSE,2013,2012001,https://npb.jp/bis/players/51655118.html
91495131,眞下　貴之,2010年 公式戦初出場,FALSE,2013,2012001,https://npb.jp/bis/players/91495131.html
41443885,三浦　大輔,1992年 公式戦初出場,FALSE,2013,2012001,https://npb.jp/bis/players/41443885.html
41245137,三嶋　一輝,2013年 公式戦初出場,FALSE,2013,2012001,https://npb.jp/bis/players/41245137.html
51455137,宮﨑　敏郎,2013年 入団,FALSE,2013,2012001,https://npb.jp/bis/players/51455137.html
41243888,森本　稀哲,2000年 公式戦初出場,FALSE,2013,2012001,https://npb.jp/bis/players/41243888.html
61865137,Ｎ．モーガン,2013年 公式戦初出場,TRUE,2013,2012001,https://npb.jp/bis/players/61865137.html
51855112,山口　俊,2006年 公式戦初出場,FALSE,2013,2012001,https://npb.jp/bis/players/51855112.html
81685118,山崎　憲晴,2009年 公式戦初出場,FALSE,2013,2012001,https://npb.jp/bis/players/81685118.html
61265119,吉川　輝昭,2004年 公式戦初出場,FALSE,2013,2012001,https://npb.jp/bis/players/61265119.html
63165113,Ａ．ラミレス,2001年 公式戦初出場,TRUE,2013,2012001,https://npb.jp/bis/players/63165113.html
81885114,渡辺　直人,2007年 公式戦初出場,FALSE,2013,2012001,https://npb.jp/bis/players/81885114.html
43145131,王　溢正,2012年 公式戦初出場,FALSE,2013,2012001,https://npb.jp/bis/players/43145131.html
01105133,荒波　翔,2011年 公式戦初出場,FALSE,2014,2012001,https://npb.jp/bis/players/01105133.html
31135137,赤堀　大智,2013年 公式戦初出場,FALSE,2014,2012001,https://npb.jp/bis/players/31135137.html
71175137,安部　建輝,2013年 公式戦初出場,FALSE,2014,2012001,https://npb.jp/bis/players/71175137.html
91395115,井手　正太郎,2004年 公式戦初出場,FALSE,2014,2012001,https://npb.jp/bis/players/91395115.html
91195110,石川　雄洋,2006年 公式戦初出場,FALSE,2014,2012001,https://npb.jp/bis/players/91195110.html
61165135,伊藤　拓郎,2012年 公式戦初出場,FALSE,2014,2012001,https://npb.jp/bis/players/61165135.html
61165137,井納　翔一,2013年 公式戦初出場,FALSE,2014,2012001,https://npb.jp/bis/players/61165137.html
71375116,内村　賢介,2008年 公式戦初出場,FALSE,2014,2012001,https://npb.jp/bis/players/71375116.html
31535117,長田　秀一郎,2003年 公式戦初出場,FALSE,2014,2012001,https://npb.jp/bis/players/31535117.html
01305116,大田　阿斗里,2008年 公式戦初出場,FALSE,2014,2012001,https://npb.jp/bis/players/01305116.html
51555133,大原　慎司,2011年 公式戦初出場,FALSE,2014,2012001,https://npb.jp/bis/players/51555133.html
41345135,乙坂　智,2014年 公式戦初出場,FALSE,2014,2012001,https://npb.jp/bis/players/41345135.html
21525115,神内　靖,2004年 公式戦初出場,FALSE,2014,2012001,https://npb.jp/bis/players/21525115.html
61565114,梶谷　隆幸,2009年 公式戦初出場,FALSE,2014,2012001,https://npb.jp/bis/players/61565114.html
21525131,加賀　繁,2010年 公式戦初出場,FALSE,2014,2012001,https://npb.jp/bis/players/21525131.html
41545131,加藤　政義,2010年 公式戦初出場,FALSE,2014,2012001,https://npb.jp/bis/players/41545131.html
01505133,加賀美　希昇,2011年 公式戦初出場,FALSE,2014,2012001,https://npb.jp/bis/players/01505133.html
91593888,金城　龍彦,1999年 公式戦初出場,FALSE,2014,2012001,https://npb.jp/bis/players/91593888.html
51555110,菊地　和正,2005年 公式戦初出場,FALSE,2014,2012001,https://npb.jp/bis/players/51555110.html
61565110,久保　康友,2005年 公式戦初出場,FALSE,2014,2012001,https://npb.jp/bis/players/61565110.html
21725112,黒羽根　利規,2008年 公式戦初出場,FALSE,2014,2012001,https://npb.jp/bis/players/21725112.html
01705131,国吉　佑樹,2011年 公式戦初出場,FALSE,2014,2012001,https://npb.jp/bis/players/01705131.html
51755135,桑原　将志,2012年 入団,FALSE,2014,2012001,https://npb.jp/bis/players/51755135.html
13515139,Ｙ．グリエル,2014年 公式戦初出場,TRUE,2014,2012001,https://npb.jp/bis/players/13515139.html
11915117,後藤　武敏,2003年 公式戦初出場,FALSE,2014,2012001,https://npb.jp/bis/players/11915117.html
01705116,小林　太志,2008年 公式戦初出場,FALSE,2014,2012001,https://npb.jp/bis/players/01705116.html
11715118,小杉　陽太,2009年 公式戦初出場,FALSE,2014,2012001,https://npb.jp/bis/players/11715118.html
31935133,小林　寛,2011年 公式戦初出場,FALSE,2014,2012001,https://npb.jp/bis/players/31935133.html
81985114,下園　辰哉,2007年 公式戦初出場,FALSE,2014,2012001,https://npb.jp/bis/players/81985114.html
21725137,白崎　浩之,2013年 公式戦初出場,FALSE,2014,2012001,https://npb.jp/bis/players/21725137.html
71075133,須田　幸太,2011年 公式戦初出場,FALSE,2014,2012001,https://npb.jp/bis/players/71075133.html
11915139,砂田　毅樹,2015年 公式戦初出場,FALSE,2014,2012001,https://npb.jp/bis/players/11915139.html
31935139,関根　大気,2014年 入団,FALSE,2014,2012001,https://npb.jp/bis/players/31935139.html
03505133,Ｅ．ソト,2011年 公式戦初出場,TRUE,2014,2012001,https://npb.jp/bis/players/03505133.html
93395135,Ｊ．ソーサ,2012年 公式戦初出場,TRUE,2014,2012001,https://npb.jp/bis/players/93395135.html
41743880,多村　仁志,1997年 公式戦初出場,FALSE,2014,2012001,https://npb.jp/bis/players/41743880.html
01005114,高崎　健太郎,2007年 公式戦初出場,FALSE,2014,2012001,https://npb.jp/bis/players/01005114.html
11015116,田中　健二朗,2010年 公式戦初出場,FALSE,2014,2012001,https://npb.jp/bis/players/11015116.html
51055135,髙城　俊人,2012年 公式戦初出場,FALSE,2014,2012001,https://npb.jp/bis/players/51055135.html
23525133,陳　冠宇,2014年 公式戦初出場,FALSE,2014,2012001,https://npb.jp/bis/players/23525133.html
91095118,土屋　健二,2010年 公式戦初出場,FALSE,2014,2012001,https://npb.jp/bis/players/91095118.html
41945131,筒香　嘉智,2010年 入団,FALSE,2014,2012001,https://npb.jp/bis/players/41945131.html
81085133,靍岡　賢二郎,2014年 公式戦初出場,FALSE,2014,2012001,https://npb.jp/bis/players/81085133.html
41245135,冨田　康祐,2013年 公式戦初出場,FALSE,2014,2012001,https://npb.jp/bis/players/41245135.html
21023885,中村　紀洋,1992年 公式戦初出場,FALSE,2014,2012001,https://npb.jp/bis/players/21023885.html
01405135,西森　将司,2013年 公式戦初出場,FALSE,2014,2012001,https://npb.jp/bis/players/01405135.html
01205115,林　昌範,2003年 公式戦初出場,FALSE,2014,2012001,https://npb.jp/bis/players/01205115.html
73375116,Ａ．バルディリス,2008年 公式戦初出場,TRUE,2014,2012001,https://npb.jp/bis/players/73375116.html
21725111,尚成,2000年 公式戦初出場,FALSE,2014,2012001,https://npb.jp/bis/players/21725111.html
91695135,飛雄馬,2014年 公式戦初出場,FALSE,2014,2012001,https://npb.jp/bis/players/91695135.html
51255139,平田　真吾,2014年 公式戦初出場,FALSE,2014,2012001,https://npb.jp/bis/players/51255139.html
91095111,藤井　秀悟,2000年 公式戦初出場,FALSE,2014,2012001,https://npb.jp/bis/players/91095111.html
61465118,藤江　均,2009年 公式戦初出場,FALSE,2014,2012001,https://npb.jp/bis/players/61465118.html
23125118,Ｔ．ブランコ,2009年 公式戦初出場,TRUE,2014,2012001,https://npb.jp/bis/players/23125118.html
51655118,松本　啓二朗,2009年 公式戦初出場,FALSE,2014,2012001,https://npb.jp/bis/players/51655118.html
91495131,眞下　貴之,2010年 公式戦初出場,FALSE,2014,2012001,https://npb.jp/bis/players/91495131.html
11415139,萬谷　康平,2014年 公式戦初出場,FALSE,2014,2012001,https://npb.jp/bis/players/11415139.html
41443885,三浦　大輔,1992年 公式戦初出場,FALSE,2014,2012001,https://npb.jp/bis/players/41443885.html
41245137,三嶋　一輝,2013年 公式戦初出場,FALSE,2014,2012001,https://npb.jp/bis/players/41245137.html
51455137,宮﨑　敏郎,2013年 入団,FALSE,2014,2012001,https://npb.jp/bis/players/51455137.html
31435139,三上　朋也,2014年 公式戦初出場,FALSE,2014,2012001,https://npb.jp/bis/players/31435139.html
71475139,嶺井　博希,2014年 入団,FALSE,2014,2012001,https://npb.jp/bis/players/71475139.html
63165139,Ｇ．モスコーソ,2014年 公式戦初出場,TRUE,2014,2012001,https://npb.jp/bis/players/63165139.html
81685112,柳田　殖生,2007年 公式戦初出場,FALSE,2014,2012001,https://npb.jp/bis/players/81685112.html
51855112,山口　俊,2006年 公式戦初出場,FALSE,2014,2012001,https://npb.jp/bis/players/51855112.html
81685118,山崎　憲晴,2009年 公式戦初出場,FALSE,2014,2012001,https://npb.jp/bis/players/81685118.html
01105133,荒波　翔,2011年 公式戦初出場,FALSE,2015,2012001,https://npb.jp/bis/players/01105133.html
31135137,赤堀　大智,2013年 公式戦初出場,FALSE,2015,2012001,https://npb.jp/bis/players/31135137.html
71175137,安部　建輝,2013年 公式戦初出場,FALSE,2015,2012001,https://npb.jp/bis/players/71175137.html
91395115,井手　正太郎,2004年 公式戦初出場,FALSE,2015,2012001,https://npb.jp/bis/players/91395115.html
91195110,石川　雄洋,2006年 公式戦初出場,FALSE,2015,2012001,https://npb.jp/bis/players/91195110.html
61165137,井納　翔一,2013年 公式戦初出場,FALSE,2015,2012001,https://npb.jp/bis/players/61165137.html
01105130,飯塚　悟史,2017年 公式戦初出場,FALSE,2015,2012001,https://npb.jp/bis/players/01105130.html
11315130,石田　健大,2015年 入団,FALSE,2015,2012001,https://npb.jp/bis/players/11315130.html
71375116,内村　賢介,2008年 公式戦初出場,FALSE,2015,2012001,https://npb.jp/bis/players/71375116.html
43545130,Ｙ．エレラ,2015年 公式戦初出場,TRUE,2015,2012001,https://npb.jp/bis/players/43545130.html
51353889,岡島　秀樹,1995年 公式戦初出場,FALSE,2015,2012001,https://npb.jp/bis/players/51353889.html
31535117,長田　秀一郎,2003年 公式戦初出場,FALSE,2015,2012001,https://npb.jp/bis/players/31535117.html
01305116,大田　阿斗里,2008年 公式戦初出場,FALSE,2015,2012001,https://npb.jp/bis/players/01305116.html
51555133,大原　慎司,2011年 公式戦初出場,FALSE,2015,2012001,https://npb.jp/bis/players/51555133.html
41345135,乙坂　智,2014年 公式戦初出場,FALSE,2015,2012001,https://npb.jp/bis/players/41345135.html
61565114,梶谷　隆幸,2009年 公式戦初出場,FALSE,2015,2012001,https://npb.jp/bis/players/61565114.html
21525131,加賀　繁,2010年 公式戦初出場,FALSE,2015,2012001,https://npb.jp/bis/players/21525131.html
41545131,加藤　政義,2010年 公式戦初出場,FALSE,2015,2012001,https://npb.jp/bis/players/41545131.html
01505133,加賀美　希昇,2011年 公式戦初出場,FALSE,2015,2012001,https://npb.jp/bis/players/01505133.html
61565110,久保　康友,2005年 公式戦初出場,FALSE,2015,2012001,https://npb.jp/bis/players/61565110.html
21725112,黒羽根　利規,2008年 公式戦初出場,FALSE,2015,2012001,https://npb.jp/bis/players/21725112.html
01705131,国吉　佑樹,2011年 公式戦初出場,FALSE,2015,2012001,https://npb.jp/bis/players/01705131.html
51755135,桑原　将志,2012年 入団,FALSE,2015,2012001,https://npb.jp/bis/players/51755135.html
13515139,Ｙ．グリエル,2014年 公式戦初出場,TRUE,2015,2012001,https://npb.jp/bis/players/13515139.html
91795130,倉本　寿彦,2015年 公式戦初出場,FALSE,2015,2012001,https://npb.jp/bis/players/91795130.html
11915117,後藤　武敏　Ｇ．,2003年 公式戦初出場,FALSE,2015,2012001,https://npb.jp/bis/players/11915117.html
11715118,小杉　陽太,2009年 公式戦初出場,FALSE,2015,2012001,https://npb.jp/bis/players/11715118.html
31935133,小林　寛,2011年 公式戦初出場,FALSE,2015,2012001,https://npb.jp/bis/players/31935133.html
81985114,下園　辰哉,2007年 公式戦初出場,FALSE,2015,2012001,https://npb.jp/bis/players/81985114.html
21725137,白崎　浩之,2013年 公式戦初出場,FALSE,2015,2012001,https://npb.jp/bis/players/21725137.html
71075133,須田　幸太,2011年 公式戦初出場,FALSE,2015,2012001,https://npb.jp/bis/players/71075133.html
11915139,砂田　毅樹,2015年 公式戦初出場,FALSE,2015,2012001,https://npb.jp/bis/players/11915139.html
31935139,関根　大気,2014年 入団,FALSE,2015,2012001,https://npb.jp/bis/players/31935139.html
41743880,多村　仁志,1997年 公式戦初出場,FALSE,2015,2012001,https://npb.jp/bis/players/41743880.html
21725111,髙橋　尚成,2000年 公式戦初出場,FALSE,2015,2012001,https://npb.jp/bis/players/21725111.html
01005114,高崎　健太郎,2007年 公式戦初出場,FALSE,2015,2012001,https://npb.jp/bis/players/01005114.html
11015116,田中　健二朗,2010年 公式戦初出場,FALSE,2015,2012001,https://npb.jp/bis/players/11015116.html
51055135,髙城　俊人,2012年 公式戦初出場,FALSE,2015,2012001,https://npb.jp/bis/players/51055135.html
91095118,土屋　健二,2010年 公式戦初出場,FALSE,2015,2012001,https://npb.jp/bis/players/91095118.html
41945131,筒香　嘉智,2010年 入団,FALSE,2015,2012001,https://npb.jp/bis/players/41945131.html
81085133,靍岡　賢二郎,2014年 公式戦初出場,FALSE,2015,2012001,https://npb.jp/bis/players/81085133.html
31035110,東野　峻,2007年 公式戦初出場,FALSE,2015,2012001,https://npb.jp/bis/players/31035110.html
01405135,西森　将司,2013年 公式戦初出場,FALSE,2015,2012001,https://npb.jp/bis/players/01405135.html
01205115,林　昌範,2003年 公式戦初出場,FALSE,2015,2012001,https://npb.jp/bis/players/01205115.html
73375116,Ａ．バルディリス,2008年 公式戦初出場,TRUE,2015,2012001,https://npb.jp/bis/players/73375116.html
91695135,飛雄馬,2014年 公式戦初出場,FALSE,2015,2012001,https://npb.jp/bis/players/91695135.html
51255139,平田　真吾,2014年 公式戦初出場,FALSE,2015,2012001,https://npb.jp/bis/players/51255139.html
23725130,Ｄ．ビロウ,2015年 公式戦初出場,TRUE,2015,2012001,https://npb.jp/bis/players/23725130.html
31635130,福地　元春,2015年 公式戦初出場,FALSE,2015,2012001,https://npb.jp/bis/players/31635130.html
51655118,松本　啓二朗,2009年 公式戦初出場,FALSE,2015,2012001,https://npb.jp/bis/players/51655118.html
11415139,萬谷　康平,2014年 公式戦初出場,FALSE,2015,2012001,https://npb.jp/bis/players/11415139.html
41443885,三浦　大輔,1992年 公式戦初出場,FALSE,2015,2012001,https://npb.jp/bis/players/41443885.html
41245137,三嶋　一輝,2013年 公式戦初出場,FALSE,2015,2012001,https://npb.jp/bis/players/41245137.html
51455137,宮﨑　敏郎,2013年 入団,FALSE,2015,2012001,https://npb.jp/bis/players/51455137.html
31435139,三上　朋也,2014年 公式戦初出場,FALSE,2015,2012001,https://npb.jp/bis/players/31435139.html
71475139,嶺井　博希,2014年 入団,FALSE,2015,2012001,https://npb.jp/bis/players/71475139.html
63165139,Ｇ．モスコーソ,2014年 公式戦初出場,TRUE,2015,2012001,https://npb.jp/bis/players/63165139.html
31835130,百瀬　大騎,2019年 公式戦初出場,FALSE,2015,2012001,https://npb.jp/bis/players/31835130.html
81685112,柳田　殖生,2007年 公式戦初出場,FALSE,2015,2012001,https://npb.jp/bis/players/81685112.html
51855112,山口　俊,2006年 公式戦初出場,FALSE,2015,2012001,https://npb.jp/bis/players/51855112.html
81685118,山崎　憲晴,2009年 公式戦初出場,FALSE,2015,2012001,https://npb.jp/bis/players/81685118.html
41845130,山﨑　康晃,2015年 入団,FALSE,2015,2012001,https://npb.jp/bis/players/41845130.html
81885130,山下　幸輝,2015年 公式戦初出場,FALSE,2015,2012001,https://npb.jp/bis/players/81885130.html
93195137,Ｊ．ロペス,2013年 公式戦初出場,TRUE,2015,2012001,https://npb.jp/bis/players/93195137.html
01105133,荒波　翔,2011年 公式戦初出場,FALSE,2016,2012001,https://npb.jp/bis/players/01105133.html
71175137,安部　建輝,2013年 公式戦初出場,FALSE,2016,2012001,https://npb.jp/bis/players/71175137.html
11315132,綾部　翔,2017年 公式戦初出場,FALSE,2016,2012001,https://npb.jp/bis/players/11315132.html
91395115,井手　正太郎,2004年 公式戦初出場,FALSE,2016,2012001,https://npb.jp/bis/players/91395115.html
91195110,石川　雄洋,2006年 公式戦初出場,FALSE,2016,2012001,https://npb.jp/bis/players/91195110.html
61165137,井納　翔一,2013年 公式戦初出場,FALSE,2016,2012001,https://npb.jp/bis/players/61165137.html
01105130,飯塚　悟史,2017年 公式戦初出場,FALSE,2016,2012001,https://npb.jp/bis/players/01105130.html
11315130,石田　健大,2015年 入団,FALSE,2016,2012001,https://npb.jp/bis/players/11315130.html
01305132,今永　昇太,2016年 公式戦初出場,FALSE,2016,2012001,https://npb.jp/bis/players/01305132.html
71375116,内村　賢介,2008年 公式戦初出場,FALSE,2016,2012001,https://npb.jp/bis/players/71375116.html
43545130,Ｙ．エレラ,2015年 公式戦初出場,TRUE,2016,2012001,https://npb.jp/bis/players/43545130.html
13015132,エリアン,2016年 公式戦初出場,FALSE,2016,2012001,https://npb.jp/bis/players/13015132.html
31535117,長田　秀一郎,2003年 公式戦初出場,FALSE,2016,2012001,https://npb.jp/bis/players/31535117.html
51555133,大原　慎司,2011年 公式戦初出場,FALSE,2016,2012001,https://npb.jp/bis/players/51555133.html
41345135,乙坂　智,2014年 公式戦初出場,FALSE,2016,2012001,https://npb.jp/bis/players/41345135.html
61565114,梶谷　隆幸,2009年 公式戦初出場,FALSE,2016,2012001,https://npb.jp/bis/players/61565114.html
21525131,加賀　繁,2010年 公式戦初出場,FALSE,2016,2012001,https://npb.jp/bis/players/21525131.html
21725117,久保　裕也,2003年 公式戦初出場,FALSE,2016,2012001,https://npb.jp/bis/players/21725117.html
61565110,久保　康友,2005年 公式戦初出場,FALSE,2016,2012001,https://npb.jp/bis/players/61565110.html
21725112,黒羽根　利規,2008年 公式戦初出場,FALSE,2016,2012001,https://npb.jp/bis/players/21725112.html
01705131,国吉　佑樹,2011年 公式戦初出場,FALSE,2016,2012001,https://npb.jp/bis/players/01705131.html
51755135,桑原　将志,2012年 入団,FALSE,2016,2012001,https://npb.jp/bis/players/51755135.html
91795130,倉本　寿彦,2015年 公式戦初出場,FALSE,2016,2012001,https://npb.jp/bis/players/91795130.html
51755132,熊原　健人,2016年 公式戦初出場,FALSE,2016,2012001,https://npb.jp/bis/players/51755132.html
11915117,後藤Ｇ武敏,2003年 公式戦初出場,FALSE,2016,2012001,https://npb.jp/bis/players/11915117.html
11715118,小杉　陽太,2009年 公式戦初出場,FALSE,2016,2012001,https://npb.jp/bis/players/11715118.html
31935133,小林　寛,2011年 公式戦初出場,FALSE,2016,2012001,https://npb.jp/bis/players/31935133.html
13315130,Ｍ．ザガースキー,2015年 公式戦初出場,TRUE,2016,2012001,https://npb.jp/bis/players/13315130.html
81985114,下園　辰哉,2007年 公式戦初出場,FALSE,2016,2012001,https://npb.jp/bis/players/81985114.html
41945135,白根　尚貴,2016年 公式戦初出場,FALSE,2016,2012001,https://npb.jp/bis/players/41945135.html
21725137,白崎　浩之,2013年 公式戦初出場,FALSE,2016,2012001,https://npb.jp/bis/players/21725137.html
41945132,柴田　竜拓,2016年 入団,FALSE,2016,2012001,https://npb.jp/bis/players/41945132.html
71075133,須田　幸太,2011年 公式戦初出場,FALSE,2016,2012001,https://npb.jp/bis/players/71075133.html
11915139,砂田　毅樹,2015年 公式戦初出場,FALSE,2016,2012001,https://npb.jp/bis/players/11915139.html
31935139,関根　大気,2014年 入団,FALSE,2016,2012001,https://npb.jp/bis/players/31935139.html
01005114,高崎　健太郎,2007年 公式戦初出場,FALSE,2016,2012001,https://npb.jp/bis/players/01005114.html
11015116,田中　健二朗,2010年 公式戦初出場,FALSE,2016,2012001,https://npb.jp/bis/players/11015116.html
51055135,髙城　俊人,2012年 公式戦初出場,FALSE,2016,2012001,https://npb.jp/bis/players/51055135.html
31235132,田村　丈,2018年 公式戦初出場,FALSE,2016,2012001,https://npb.jp/bis/players/31235132.html
41945131,筒香　嘉智,2010年 入団,FALSE,2016,2012001,https://npb.jp/bis/players/41945131.html
41245132,戸柱　恭孝,2016年 入団,FALSE,2016,2012001,https://npb.jp/bis/players/41245132.html
01405135,西森　将司,2013年 公式戦初出場,FALSE,2016,2012001,https://npb.jp/bis/players/01405135.html
01405132,野川　拓斗,2016年 公式戦初出場,FALSE,2016,2012001,https://npb.jp/bis/players/01405132.html
01205115,林　昌範,2003年 公式戦初出場,FALSE,2016,2012001,https://npb.jp/bis/players/01205115.html
91695135,飛雄馬,2014年 公式戦初出場,FALSE,2016,2012001,https://npb.jp/bis/players/91695135.html
51255139,平田　真吾,2014年 公式戦初出場,FALSE,2016,2012001,https://npb.jp/bis/players/51255139.html
71475112,藤岡　好明,2006年 公式戦初出場,FALSE,2016,2012001,https://npb.jp/bis/players/71475112.html
31635130,福地　元春,2015年 公式戦初出場,FALSE,2016,2012001,https://npb.jp/bis/players/31635130.html
13215132,Ｍ．ブロードウェイ,2016年 公式戦初出場,TRUE,2016,2012001,https://npb.jp/bis/players/13215132.html
03705132,Ｚ．ペトリック,2016年 公式戦初出場,TRUE,2016,2012001,https://npb.jp/bis/players/03705132.html
51655118,松本　啓二朗,2009年 公式戦初出場,FALSE,2016,2012001,https://npb.jp/bis/players/51655118.html
11415139,萬谷　康平,2014年 公式戦初出場,FALSE,2016,2012001,https://npb.jp/bis/players/11415139.html
41443885,三浦　大輔,1992年 公式戦初出場,FALSE,2016,2012001,https://npb.jp/bis/players/41443885.html
41245137,三嶋　一輝,2013年 公式戦初出場,FALSE,2016,2012001,https://npb.jp/bis/players/41245137.html
51455137,宮﨑　敏郎,2013年 入団,FALSE,2016,2012001,https://npb.jp/bis/players/51455137.html
31435139,三上　朋也,2014年 公式戦初出場,FALSE,2016,2012001,https://npb.jp/bis/players/31435139.html
71475139,嶺井　博希,2014年 入団,FALSE,2016,2012001,https://npb.jp/bis/players/71475139.html
63165139,Ｇ．モスコーソ,2014年 公式戦初出場,TRUE,2016,2012001,https://npb.jp/bis/players/63165139.html
31835130,百瀬　大騎,2019年 公式戦初出場,FALSE,2016,2012001,https://npb.jp/bis/players/31835130.html
81685112,柳田　殖生,2007年 公式戦初出場,FALSE,2016,2012001,https://npb.jp/bis/players/81685112.html
51855112,山口　俊,2006年 公式戦初出場,FALSE,2016,2012001,https://npb.jp/bis/players/51855112.html
81685118,山崎　憲晴,2009年 公式戦初出場,FALSE,2016,2012001,https://npb.jp/bis/players/81685118.html
41845130,山﨑　康晃,2015年 入団,FALSE,2016,2012001,https://npb.jp/bis/players/41845130.html
81885130,山下　幸輝,2015年 公式戦初出場,FALSE,2016,2012001,https://npb.jp/bis/players/81885130.html
93195137,Ｊ．ロペス,2013年 公式戦初出場,TRUE,2016,2012001,https://npb.jp/bis/players/93195137.html
73975132,Ｊ．ロマック,2016年 公式戦初出場,TRUE,2016,2012001,https://npb.jp/bis/players/73975132.html
01105133,荒波　翔,2011年 公式戦初出場,FALSE,2017,2012001,https://npb.jp/bis/players/01105133.html
11315132,綾部　翔,2017年 公式戦初出場,FALSE,2017,2012001,https://npb.jp/bis/players/11315132.html
91195110,石川　雄洋,2006年 公式戦初出場,FALSE,2017,2012001,https://npb.jp/bis/players/91195110.html
61165137,井納　翔一,2013年 公式戦初出場,FALSE,2017,2012001,https://npb.jp/bis/players/61165137.html
01105130,飯塚　悟史,2017年 公式戦初出場,FALSE,2017,2012001,https://npb.jp/bis/players/01105130.html
11315130,石田　健大,2015年 入団,FALSE,2017,2012001,https://npb.jp/bis/players/11315130.html
01305132,今永　昇太,2016年 公式戦初出場,FALSE,2017,2012001,https://npb.jp/bis/players/01305132.html
23325134,Ｊ．ウィーランド,2017年 公式戦初出場,TRUE,2017,2012001,https://npb.jp/bis/players/23325134.html
13015132,エリアン,2016年 公式戦初出場,FALSE,2017,2012001,https://npb.jp/bis/players/13015132.html
63365134,Ｅ．エスコバー,2017年 公式戦初出場,TRUE,2017,2012001,https://npb.jp/bis/players/63365134.html
51555133,大原　慎司,2011年 公式戦初出場,FALSE,2017,2012001,https://npb.jp/bis/players/51555133.html
41345135,乙坂　智,2014年 公式戦初出場,FALSE,2017,2012001,https://npb.jp/bis/players/41345135.html
61365134,尾仲　祐哉,2017年 公式戦初出場,FALSE,2017,2012001,https://npb.jp/bis/players/61365134.html
61565114,梶谷　隆幸,2009年 公式戦初出場,FALSE,2017,2012001,https://npb.jp/bis/players/61565114.html
21525131,加賀　繁,2010年 公式戦初出場,FALSE,2017,2012001,https://npb.jp/bis/players/21525131.html
11515134,笠井　崇正,2018年 公式戦初出場,FALSE,2017,2012001,https://npb.jp/bis/players/11515134.html
11715134,京山　将弥,2018年 公式戦初出場,FALSE,2017,2012001,https://npb.jp/bis/players/11715134.html
61565110,久保　康友,2005年 公式戦初出場,FALSE,2017,2012001,https://npb.jp/bis/players/61565110.html
21725112,黒羽根　利規,2008年 公式戦初出場,FALSE,2017,2012001,https://npb.jp/bis/players/21725112.html
01705131,国吉　佑樹,2011年 公式戦初出場,FALSE,2017,2012001,https://npb.jp/bis/players/01705131.html
51755135,桑原　将志,2012年 入団,FALSE,2017,2012001,https://npb.jp/bis/players/51755135.html
91795130,倉本　寿彦,2015年 公式戦初出場,FALSE,2017,2012001,https://npb.jp/bis/players/91795130.html
51755132,熊原　健人,2016年 公式戦初出場,FALSE,2017,2012001,https://npb.jp/bis/players/51755132.html
03505134,Ｐ．クライン,2017年 公式戦初出場,TRUE,2017,2012001,https://npb.jp/bis/players/03505134.html
11915117,Ｇ．後藤　武敏,2003年 公式戦初出場,TRUE,2017,2012001,https://npb.jp/bis/players/11915117.html
11715118,小杉　陽太,2009年 公式戦初出場,FALSE,2017,2012001,https://npb.jp/bis/players/11715118.html
31935133,小林　寛,2011年 公式戦初出場,FALSE,2017,2012001,https://npb.jp/bis/players/31935133.html
91995134,佐野　恵太,2017年 入団,FALSE,2017,2012001,https://npb.jp/bis/players/91995134.html
81985114,下園　辰哉,2007年 公式戦初出場,FALSE,2017,2012001,https://npb.jp/bis/players/81985114.html
41945135,白根　尚貴,2016年 公式戦初出場,FALSE,2017,2012001,https://npb.jp/bis/players/41945135.html
21725137,白崎　浩之,2013年 公式戦初出場,FALSE,2017,2012001,https://npb.jp/bis/players/21725137.html
41945132,柴田　竜拓,2016年 入団,FALSE,2017,2012001,https://npb.jp/bis/players/41945132.html
61965134,進藤　拓也,2017年 公式戦初出場,FALSE,2017,2012001,https://npb.jp/bis/players/61965134.html
53755134,Ａ．シリアコ,2017年 公式戦初出場,TRUE,2017,2012001,https://npb.jp/bis/players/53755134.html
71075133,須田　幸太,2011年 公式戦初出場,FALSE,2017,2012001,https://npb.jp/bis/players/71075133.html
11915139,砂田　毅樹,2015年 公式戦初出場,FALSE,2017,2012001,https://npb.jp/bis/players/11915139.html
31935139,関根　大気,2014年 入団,FALSE,2017,2012001,https://npb.jp/bis/players/31935139.html
21925110,田中　浩康,2005年 公式戦初出場,FALSE,2017,2012001,https://npb.jp/bis/players/21925110.html
01005114,高崎　健太郎,2007年 公式戦初出場,FALSE,2017,2012001,https://npb.jp/bis/players/01005114.html
11015116,田中　健二朗,2010年 公式戦初出場,FALSE,2017,2012001,https://npb.jp/bis/players/11015116.html
51055135,髙城　俊人,2012年 公式戦初出場,FALSE,2017,2012001,https://npb.jp/bis/players/51055135.html
01905139,平良　拳太郎,2014年 入団,FALSE,2017,2012001,https://npb.jp/bis/players/01905139.html
31235132,田村　丈,2018年 公式戦初出場,FALSE,2017,2012001,https://npb.jp/bis/players/31235132.html
41945131,筒香　嘉智,2010年 入団,FALSE,2017,2012001,https://npb.jp/bis/players/41945131.html
41245132,戸柱　恭孝,2016年 入団,FALSE,2017,2012001,https://npb.jp/bis/players/41245132.html
01405135,西森　将司,2013年 公式戦初出場,FALSE,2017,2012001,https://npb.jp/bis/players/01405135.html
01405132,野川　拓斗,2016年 公式戦初出場,FALSE,2017,2012001,https://npb.jp/bis/players/01405132.html
01205115,林　昌範,2003年 公式戦初出場,FALSE,2017,2012001,https://npb.jp/bis/players/01205115.html
51655134,濵口　遥大,2017年 公式戦初出場,FALSE,2017,2012001,https://npb.jp/bis/players/51655134.html
03705134,Ｓ．パットン,2017年 公式戦初出場,TRUE,2017,2012001,https://npb.jp/bis/players/03705134.html
91695135,飛雄馬,2014年 公式戦初出場,FALSE,2017,2012001,https://npb.jp/bis/players/91695135.html
51255139,平田　真吾,2014年 公式戦初出場,FALSE,2017,2012001,https://npb.jp/bis/players/51255139.html
71475112,藤岡　好明,2006年 公式戦初出場,FALSE,2017,2012001,https://npb.jp/bis/players/71475112.html
31635130,福地　元春,2015年 公式戦初出場,FALSE,2017,2012001,https://npb.jp/bis/players/31635130.html
31835134,細川　成也,2017年 入団,FALSE,2017,2012001,https://npb.jp/bis/players/31835134.html
51655118,松本　啓二朗,2009年 公式戦初出場,FALSE,2017,2012001,https://npb.jp/bis/players/51655118.html
41245137,三嶋　一輝,2013年 公式戦初出場,FALSE,2017,2012001,https://npb.jp/bis/players/41245137.html
51455137,宮﨑　敏郎,2013年 入団,FALSE,2017,2012001,https://npb.jp/bis/players/51455137.html
31435139,三上　朋也,2014年 公式戦初出場,FALSE,2017,2012001,https://npb.jp/bis/players/31435139.html
71475139,嶺井　博希,2014年 入団,FALSE,2017,2012001,https://npb.jp/bis/players/71475139.html
81885134,水野　滉也,2017年 公式戦初出場,FALSE,2017,2012001,https://npb.jp/bis/players/81885134.html
31835130,百瀬　大騎,2019年 公式戦初出場,FALSE,2017,2012001,https://npb.jp/bis/players/31835130.html
81685118,山崎　憲晴,2009年 公式戦初出場,FALSE,2017,2012001,https://npb.jp/bis/players/81685118.html
41845130,山﨑　康晃,2015年 入団,FALSE,2017,2012001,https://npb.jp/bis/players/41845130.html
81885130,山下　幸輝,2015年 公式戦初出場,FALSE,2017,2012001,https://npb.jp/bis/players/81885130.html
93195137,Ｊ．ロペス,2013年 公式戦初出場,TRUE,2017,2012001,https://npb.jp/bis/players/93195137.html
01105133,荒波　翔,2011年 公式戦初出場,FALSE,2018,2012001,https://npb.jp/bis/players/01105133.html
01105132,赤間　謙,2016年 公式戦初出場,FALSE,2018,2012001,https://npb.jp/bis/players/01105132.html
11315132,綾部　翔,2017年 公式戦初出場,FALSE,2018,2012001,https://npb.jp/bis/players/11315132.html
51155136,東　克樹,2018年 入団,FALSE,2018,2012001,https://npb.jp/bis/players/51155136.html
91195110,石川　雄洋,2006年 公式戦初出場,FALSE,2018,2012001,https://npb.jp/bis/players/91195110.html
81185116,伊藤　光,2008年 入団,FALSE,2018,2012001,https://npb.jp/bis/players/81185116.html
61165137,井納　翔一,2013年 公式戦初出場,FALSE,2018,2012001,https://npb.jp/bis/players/61165137.html
01105130,飯塚　悟史,2017年 公式戦初出場,FALSE,2018,2012001,https://npb.jp/bis/players/01105130.html
11315130,石田　健大,2015年 入団,FALSE,2018,2012001,https://npb.jp/bis/players/11315130.html
01305132,今永　昇太,2016年 公式戦初出場,FALSE,2018,2012001,https://npb.jp/bis/players/01305132.html
23325134,Ｊ．ウィーランド,2017年 公式戦初出場,TRUE,2018,2012001,https://npb.jp/bis/players/23325134.html
63365134,Ｅ．エスコバー,2017年 公式戦初出場,TRUE,2018,2012001,https://npb.jp/bis/players/63365134.html
41345135,乙坂　智,2014年 公式戦初出場,FALSE,2018,2012001,https://npb.jp/bis/players/41345135.html
61565114,梶谷　隆幸,2009年 公式戦初出場,FALSE,2018,2012001,https://npb.jp/bis/players/61565114.html
21525131,加賀　繁,2010年 公式戦初出場,FALSE,2018,2012001,https://npb.jp/bis/players/21525131.html
11515134,笠井　崇正,2018年 公式戦初出場,FALSE,2018,2012001,https://npb.jp/bis/players/11515134.html
71575136,神里　和毅,2018年 入団,FALSE,2018,2012001,https://npb.jp/bis/players/71575136.html
11715134,京山　将弥,2018年 公式戦初出場,FALSE,2018,2012001,https://npb.jp/bis/players/11715134.html
01705131,国吉　佑樹,2011年 公式戦初出場,FALSE,2018,2012001,https://npb.jp/bis/players/01705131.html
51755135,桑原　将志,2012年 入団,FALSE,2018,2012001,https://npb.jp/bis/players/51755135.html
91795130,倉本　寿彦,2015年 公式戦初出場,FALSE,2018,2012001,https://npb.jp/bis/players/91795130.html
51755132,熊原　健人,2016年 公式戦初出場,FALSE,2018,2012001,https://npb.jp/bis/players/51755132.html
61565136,楠本　泰史,2018年 公式戦初出場,FALSE,2018,2012001,https://npb.jp/bis/players/61565136.html
11915117,Ｇ　後藤　武敏,2003年 公式戦初出場,FALSE,2018,2012001,https://npb.jp/bis/players/11915117.html
91995134,佐野　恵太,2017年 入団,FALSE,2018,2012001,https://npb.jp/bis/players/91995134.html
21725136,齋藤　俊介,2019年 公式戦初出場,FALSE,2018,2012001,https://npb.jp/bis/players/21725136.html
81785136,阪口　皓亮,2018年 入団,FALSE,2018,2012001,https://npb.jp/bis/players/81785136.html
11915136,櫻井　周斗,2019年 公式戦初出場,FALSE,2018,2012001,https://npb.jp/bis/players/11915136.html
41945135,白根　尚貴,2016年 公式戦初出場,FALSE,2018,2012001,https://npb.jp/bis/players/41945135.html
21725137,白崎　浩之,2013年 公式戦初出場,FALSE,2018,2012001,https://npb.jp/bis/players/21725137.html
41945132,柴田　竜拓,2016年 入団,FALSE,2018,2012001,https://npb.jp/bis/players/41945132.html
61965134,進藤　拓也,2017年 公式戦初出場,FALSE,2018,2012001,https://npb.jp/bis/players/61965134.html
71075133,須田　幸太,2011年 公式戦初出場,FALSE,2018,2012001,https://npb.jp/bis/players/71075133.html
11915139,砂田　毅樹,2015年 公式戦初出場,FALSE,2018,2012001,https://npb.jp/bis/players/11915139.html
31935139,関根　大気,2014年 入団,FALSE,2018,2012001,https://npb.jp/bis/players/31935139.html
03505136,Ｎ．ソト,2018年 入団,TRUE,2018,2012001,https://npb.jp/bis/players/03505136.html
21925110,田中　浩康,2005年 公式戦初出場,FALSE,2018,2012001,https://npb.jp/bis/players/21925110.html
11015116,田中　健二朗,2010年 公式戦初出場,FALSE,2018,2012001,https://npb.jp/bis/players/11015116.html
51055135,髙城　俊人,2012年 公式戦初出場,FALSE,2018,2012001,https://npb.jp/bis/players/51055135.html
01905139,平良　拳太郎,2014年 入団,FALSE,2018,2012001,https://npb.jp/bis/players/01905139.html
31235132,田村　丈,2018年 公式戦初出場,FALSE,2018,2012001,https://npb.jp/bis/players/31235132.html
41945131,筒香　嘉智,2010年 入団,FALSE,2018,2012001,https://npb.jp/bis/players/41945131.html
41245132,戸柱　恭孝,2016年 入団,FALSE,2018,2012001,https://npb.jp/bis/players/41245132.html
41045118,中川　大志,2010年 公式戦初出場,FALSE,2018,2012001,https://npb.jp/bis/players/41045118.html
81285135,中後　悠平,2012年 公式戦初出場,FALSE,2018,2012001,https://npb.jp/bis/players/81285135.html
21225136,中川　虎大,2018年 入団,FALSE,2018,2012001,https://npb.jp/bis/players/21225136.html
01405135,西森　将司,2013年 公式戦初出場,FALSE,2018,2012001,https://npb.jp/bis/players/01405135.html
01405132,野川　拓斗,2016年 公式戦初出場,FALSE,2018,2012001,https://npb.jp/bis/players/01405132.html
83785133,Ｅ．バリオス,2013年 公式戦初出場,TRUE,2018,2012001,https://npb.jp/bis/players/83785133.html
51655134,濵口　遥大,2017年 公式戦初出場,FALSE,2018,2012001,https://npb.jp/bis/players/51655134.html
03705134,Ｓ．パットン,2017年 公式戦初出場,TRUE,2018,2012001,https://npb.jp/bis/players/03705134.html
91695135,飛雄馬,2014年 公式戦初出場,FALSE,2018,2012001,https://npb.jp/bis/players/91695135.html
51255139,平田　真吾,2014年 公式戦初出場,FALSE,2018,2012001,https://npb.jp/bis/players/51255139.html
71475112,藤岡　好明,2006年 公式戦初出場,FALSE,2018,2012001,https://npb.jp/bis/players/71475112.html
31635130,福地　元春,2015年 公式戦初出場,FALSE,2018,2012001,https://npb.jp/bis/players/31635130.html
31835134,細川　成也,2017年 入団,FALSE,2018,2012001,https://npb.jp/bis/players/31835134.html
41245137,三嶋　一輝,2013年 公式戦初出場,FALSE,2018,2012001,https://npb.jp/bis/players/41245137.html
51455137,宮﨑　敏郎,2013年 入団,FALSE,2018,2012001,https://npb.jp/bis/players/51455137.html
31435139,三上　朋也,2014年 公式戦初出場,FALSE,2018,2012001,https://npb.jp/bis/players/31435139.html
71475139,嶺井　博希,2014年 入団,FALSE,2018,2012001,https://npb.jp/bis/players/71475139.html
81885134,水野　滉也,2017年 公式戦初出場,FALSE,2018,2012001,https://npb.jp/bis/players/81885134.html
91895136,宮本　秀明,2018年 公式戦初出場,FALSE,2018,2012001,https://npb.jp/bis/players/91895136.html
61665133,武藤　祐太,2011年 公式戦初出場,FALSE,2018,2012001,https://npb.jp/bis/players/61665133.html
31835130,百瀬　大騎,2019年 公式戦初出場,FALSE,2018,2012001,https://npb.jp/bis/players/31835130.html
61465112,大和,2009年 公式戦初出場,FALSE,2018,2012001,https://npb.jp/bis/players/61465112.html
41845130,山﨑　康晃,2015年 入団,FALSE,2018,2012001,https://npb.jp/bis/players/41845130.html
81885130,山下　幸輝,2015年 公式戦初出場,FALSE,2018,2012001,https://npb.jp/bis/players/81885130.html
23125136,山本　祐大,2018年 入団,FALSE,2018,2012001,https://npb.jp/bis/players/23125136.html
93195137,Ｊ．ロペス,2013年 公式戦初出場,TRUE,2018,2012001,https://npb.jp/bis/players/93195137.html
01105132,赤間　謙,2016年 公式戦初出場,FALSE,2019,2012001,https://npb.jp/bis/players/01105132.html
11315132,綾部　翔,2017年 公式戦初出場,FALSE,2019,2012001,https://npb.jp/bis/players/11315132.html
51155136,東　克樹,2018年 入団,FALSE,2019,2012001,https://npb.jp/bis/players/51155136.html
91195110,石川　雄洋,2006年 公式戦初出場,FALSE,2019,2012001,https://npb.jp/bis/players/91195110.html
81185116,伊藤　光,2008年 入団,FALSE,2019,2012001,https://npb.jp/bis/players/81185116.html
61165137,井納　翔一,2013年 公式戦初出場,FALSE,2019,2012001,https://npb.jp/bis/players/61165137.html
01105130,飯塚　悟史,2017年 公式戦初出場,FALSE,2019,2012001,https://npb.jp/bis/players/01105130.html
11315130,石田　健大,2015年 入団,FALSE,2019,2012001,https://npb.jp/bis/players/11315130.html
01305132,今永　昇太,2016年 公式戦初出場,FALSE,2019,2012001,https://npb.jp/bis/players/01305132.html
41145138,伊藤　裕季也,2019年 入団,FALSE,2019,2012001,https://npb.jp/bis/players/41145138.html
63365134,Ｅ．エスコバー,2017年 公式戦初出場,TRUE,2019,2012001,https://npb.jp/bis/players/63365134.html
41345135,乙坂　智,2014年 公式戦初出場,FALSE,2019,2012001,https://npb.jp/bis/players/41345135.html
01305138,大貫　晋一,2019年 入団,FALSE,2019,2012001,https://npb.jp/bis/players/01305138.html
61565114,梶谷　隆幸,2009年 公式戦初出場,FALSE,2019,2012001,https://npb.jp/bis/players/61565114.html
11515134,笠井　崇正,2018年 公式戦初出場,FALSE,2019,2012001,https://npb.jp/bis/players/11515134.html
71575136,神里　和毅,2018年 入団,FALSE,2019,2012001,https://npb.jp/bis/players/71575136.html
41545138,勝又　温史,2019年 入団,FALSE,2019,2012001,https://npb.jp/bis/players/41545138.html
81585138,上茶谷　大河,2019年 入団,FALSE,2019,2012001,https://npb.jp/bis/players/81585138.html
11715134,京山　将弥,2018年 公式戦初出場,FALSE,2019,2012001,https://npb.jp/bis/players/11715134.html
01705131,国吉　佑樹,2011年 公式戦初出場,FALSE,2019,2012001,https://npb.jp/bis/players/01705131.html
51755135,桑原　将志,2012年 入団,FALSE,2019,2012001,https://npb.jp/bis/players/51755135.html
91795130,倉本　寿彦,2015年 公式戦初出場,FALSE,2019,2012001,https://npb.jp/bis/players/91795130.html
51755132,熊原　健人,2016年 公式戦初出場,FALSE,2019,2012001,https://npb.jp/bis/players/51755132.html
61565136,楠本　泰史,2018年 公式戦初出場,FALSE,2019,2012001,https://npb.jp/bis/players/61565136.html
91995134,佐野　恵太,2017年 入団,FALSE,2019,2012001,https://npb.jp/bis/players/91995134.html
21725136,齋藤　俊介,2019年 公式戦初出場,FALSE,2019,2012001,https://npb.jp/bis/players/21725136.html
81785136,阪口　皓亮,2018年 入団,FALSE,2019,2012001,https://npb.jp/bis/players/81785136.html
11915136,櫻井　周斗,2019年 公式戦初出場,FALSE,2019,2012001,https://npb.jp/bis/players/11915136.html
41945132,柴田　竜拓,2016年 入団,FALSE,2019,2012001,https://npb.jp/bis/players/41945132.html
61965134,進藤　拓也,2017年 公式戦初出場,FALSE,2019,2012001,https://npb.jp/bis/players/61965134.html
11915139,砂田　毅樹,2015年 公式戦初出場,FALSE,2019,2012001,https://npb.jp/bis/players/11915139.html
31935139,関根　大気,2014年 入団,FALSE,2019,2012001,https://npb.jp/bis/players/31935139.html
03505136,Ｎ．ソト,2018年 入団,TRUE,2019,2012001,https://npb.jp/bis/players/03505136.html
73775138,Ｓ．ソリス,2019年 公式戦初出場,TRUE,2019,2012001,https://npb.jp/bis/players/73775138.html
11015116,田中　健二朗,2010年 公式戦初出場,FALSE,2019,2012001,https://npb.jp/bis/players/11015116.html
01905139,平良　拳太郎,2014年 入団,FALSE,2019,2012001,https://npb.jp/bis/players/01905139.html
31235132,田村　丈,2018年 公式戦初出場,FALSE,2019,2012001,https://npb.jp/bis/players/31235132.html
91095138,知野　直人,2019年 入団,FALSE,2019,2012001,https://npb.jp/bis/players/91095138.html
41945131,筒香　嘉智,2010年 入団,FALSE,2019,2012001,https://npb.jp/bis/players/41945131.html
81085133,靍岡　賢二郎,2014年 公式戦初出場,FALSE,2019,2012001,https://npb.jp/bis/players/81085133.html
41245132,戸柱　恭孝,2016年 入団,FALSE,2019,2012001,https://npb.jp/bis/players/41245132.html
21025116,中井　大介,2009年 公式戦初出場,FALSE,2019,2012001,https://npb.jp/bis/players/21025116.html
41045118,中川　大志,2010年 公式戦初出場,FALSE,2019,2012001,https://npb.jp/bis/players/41045118.html
81285135,中後　悠平,2012年 公式戦初出場,FALSE,2019,2012001,https://npb.jp/bis/players/81285135.html
21225136,中川　虎大,2018年 入団,FALSE,2019,2012001,https://npb.jp/bis/players/21225136.html
01405135,西森　将司,2013年 公式戦初出場,FALSE,2019,2012001,https://npb.jp/bis/players/01405135.html
83785133,Ｅ．バリオス,2013年 公式戦初出場,TRUE,2019,2012001,https://npb.jp/bis/players/83785133.html
81085139,濱矢　廣大,2014年 公式戦初出場,FALSE,2019,2012001,https://npb.jp/bis/players/81085139.html
51655134,濵口　遥大,2017年 公式戦初出場,FALSE,2019,2012001,https://npb.jp/bis/players/51655134.html
03705134,Ｓ．パットン,2017年 公式戦初出場,TRUE,2019,2012001,https://npb.jp/bis/players/03705134.html
91695135,飛雄馬,2014年 公式戦初出場,FALSE,2019,2012001,https://npb.jp/bis/players/91695135.html
51255139,平田　真吾,2014年 公式戦初出場,FALSE,2019,2012001,https://npb.jp/bis/players/51255139.html
71475112,藤岡　好明,2006年 公式戦初出場,FALSE,2019,2012001,https://npb.jp/bis/players/71475112.html
31835134,細川　成也,2017年 入団,FALSE,2019,2012001,https://npb.jp/bis/players/31835134.html
91695138,益子　京右,2019年 入団,FALSE,2019,2012001,https://npb.jp/bis/players/91695138.html
41245137,三嶋　一輝,2013年 公式戦初出場,FALSE,2019,2012001,https://npb.jp/bis/players/41245137.html
51455137,宮﨑　敏郎,2013年 入団,FALSE,2019,2012001,https://npb.jp/bis/players/51455137.html
31435139,三上　朋也,2014年 公式戦初出場,FALSE,2019,2012001,https://npb.jp/bis/players/31435139.html
71475139,嶺井　博希,2014年 入団,FALSE,2019,2012001,https://npb.jp/bis/players/71475139.html
81885134,水野　滉也,2017年 公式戦初出場,FALSE,2019,2012001,https://npb.jp/bis/players/81885134.html
91895136,宮本　秀明,2018年 公式戦初出場,FALSE,2019,2012001,https://npb.jp/bis/players/91895136.html
51855138,宮城　滝太,2019年 入団,FALSE,2019,2012001,https://npb.jp/bis/players/51855138.html
61665133,武藤　祐太,2011年 公式戦初出場,FALSE,2019,2012001,https://npb.jp/bis/players/61665133.html
31835130,百瀬　大騎,2019年 公式戦初出場,FALSE,2019,2012001,https://npb.jp/bis/players/31835130.html
61465112,大和,2009年 公式戦初出場,FALSE,2019,2012001,https://npb.jp/bis/players/61465112.html
41845130,山﨑　康晃,2015年 入団,FALSE,2019,2012001,https://npb.jp/bis/players/41845130.html
81885130,山下　幸輝,2015年 公式戦初出場,FALSE,2019,2012001,https://npb.jp/bis/players/81885130.html
23125136,山本　祐大,2018年 入団,FALSE,2019,2012001,https://npb.jp/bis/players/23125136.html
93195137,Ｊ．ロペス,2013年 公式戦初出場,TRUE,2019,2012001,https://npb.jp/bis/players/93195137.html
01105132,赤間　謙,2016年 公式戦初出場,FALSE,2020,2012001,https://npb.jp/bis/players/01105132.html
51155136,東　克樹,2018年 入団,FALSE,2020,2012001,https://npb.jp/bis/players/51155136.html
51155151,東妻　純平,2020年 入団,FALSE,2020,2012001,https://npb.jp/bis/players/51155151.html
91195110,石川　雄洋,2006年 公式戦初出場,FALSE,2020,2012001,https://npb.jp/bis/players/91195110.html
81185116,伊藤　光,2008年 入団,FALSE,2020,2012001,https://npb.jp/bis/players/81185116.html
61165137,井納　翔一,2013年 公式戦初出場,FALSE,2020,2012001,https://npb.jp/bis/players/61165137.html
01105130,飯塚　悟史,2017年 公式戦初出場,FALSE,2020,2012001,https://npb.jp/bis/players/01105130.html
11315130,石田　健大,2015年 入団,FALSE,2020,2012001,https://npb.jp/bis/players/11315130.html
01305132,今永　昇太,2016年 公式戦初出場,FALSE,2020,2012001,https://npb.jp/bis/players/01305132.html
41145138,伊藤　裕季也,2019年 入団,FALSE,2020,2012001,https://npb.jp/bis/players/41145138.html
41145151,伊勢　大夢,2020年 入団,FALSE,2020,2012001,https://npb.jp/bis/players/41145151.html
63365134,Ｅ．エスコバー,2017年 公式戦初出場,TRUE,2020,2012001,https://npb.jp/bis/players/63365134.html
51555151,蝦名　達夫,2020年 入団,FALSE,2020,2012001,https://npb.jp/bis/players/51555151.html
41345135,乙坂　智,2014年 公式戦初出場,FALSE,2020,2012001,https://npb.jp/bis/players/41345135.html
01305138,大貫　晋一,2019年 入団,FALSE,2020,2012001,https://npb.jp/bis/players/01305138.html
73375151,Ｔ．オースティン,2020年 公式戦初出場,TRUE,2020,2012001,https://npb.jp/bis/players/73375151.html
61565114,梶谷　隆幸,2009年 公式戦初出場,FALSE,2020,2012001,https://npb.jp/bis/players/61565114.html
11515134,笠井　崇正,2018年 公式戦初出場,FALSE,2020,2012001,https://npb.jp/bis/players/11515134.html
71575136,神里　和毅,2018年 入団,FALSE,2020,2012001,https://npb.jp/bis/players/71575136.html
41545138,勝又　温史,2019年 入団,FALSE,2020,2012001,https://npb.jp/bis/players/41545138.html
81585138,上茶谷　大河,2019年 入団,FALSE,2020,2012001,https://npb.jp/bis/players/81585138.html
11715134,京山　将弥,2018年 公式戦初出場,FALSE,2020,2012001,https://npb.jp/bis/players/11715134.html
01705131,国吉　佑樹,2011年 公式戦初出場,FALSE,2020,2012001,https://npb.jp/bis/players/01705131.html
51755135,桑原　将志,2012年 入団,FALSE,2020,2012001,https://npb.jp/bis/players/51755135.html
91795130,倉本　寿彦,2015年 公式戦初出場,FALSE,2020,2012001,https://npb.jp/bis/players/91795130.html
61565136,楠本　泰史,2018年 公式戦初出場,FALSE,2020,2012001,https://npb.jp/bis/players/61565136.html
91995134,佐野　恵太,2017年 入団,FALSE,2020,2012001,https://npb.jp/bis/players/91995134.html
21725136,齋藤　俊介,2019年 公式戦初出場,FALSE,2020,2012001,https://npb.jp/bis/players/21725136.html
81785136,阪口　皓亮,2018年 入団,FALSE,2020,2012001,https://npb.jp/bis/players/81785136.html
11915136,櫻井　周斗,2019年 公式戦初出場,FALSE,2020,2012001,https://npb.jp/bis/players/11915136.html
11015151,坂本　裕哉,2020年 入団,FALSE,2020,2012001,https://npb.jp/bis/players/11015151.html
41945132,柴田　竜拓,2016年 入団,FALSE,2020,2012001,https://npb.jp/bis/players/41945132.html
61965134,進藤　拓也,2017年 公式戦初出場,FALSE,2020,2012001,https://npb.jp/bis/players/61965134.html
11915139,砂田　毅樹,2015年 公式戦初出場,FALSE,2020,2012001,https://npb.jp/bis/players/11915139.html
31935139,関根　大気,2014年 入団,FALSE,2020,2012001,https://npb.jp/bis/players/31935139.html
03505136,Ｎ．ソト,2018年 入団,TRUE,2020,2012001,https://npb.jp/bis/players/03505136.html
11015116,田中　健二朗,2010年 公式戦初出場,FALSE,2020,2012001,https://npb.jp/bis/players/11015116.html
51055135,髙城　俊人,2012年 公式戦初出場,FALSE,2020,2012001,https://npb.jp/bis/players/51055135.html
01905139,平良　拳太郎,2014年 入団,FALSE,2020,2012001,https://npb.jp/bis/players/01905139.html
01205151,田部　隼人,2022年 公式戦初出場,FALSE,2020,2012001,https://npb.jp/bis/players/01205151.html
91095138,知野　直人,2019年 入団,FALSE,2020,2012001,https://npb.jp/bis/players/91095138.html
43545151,Ｙ．ディアス,2024年 公式戦初出場,TRUE,2020,2012001,https://npb.jp/bis/players/43545151.html
41245132,戸柱　恭孝,2016年 入団,FALSE,2020,2012001,https://npb.jp/bis/players/41245132.html
21025116,中井　大介,2009年 公式戦初出場,FALSE,2020,2012001,https://npb.jp/bis/players/21025116.html
21225136,中川　虎大,2018年 入団,FALSE,2020,2012001,https://npb.jp/bis/players/21225136.html
81085139,濱矢　廣大,2014年 公式戦初出場,FALSE,2020,2012001,https://npb.jp/bis/players/81085139.html
51655134,濵口　遥大,2017年 公式戦初出場,FALSE,2020,2012001,https://npb.jp/bis/players/51655134.html
03705134,Ｓ．パットン,2017年 公式戦初出場,TRUE,2020,2012001,https://npb.jp/bis/players/03705134.html
91695135,飛雄馬,2014年 公式戦初出場,FALSE,2020,2012001,https://npb.jp/bis/players/91695135.html
51255139,平田　真吾,2014年 公式戦初出場,FALSE,2020,2012001,https://npb.jp/bis/players/51255139.html
73775151,Ｍ．ピープルズ,2020年 公式戦初出場,TRUE,2020,2012001,https://npb.jp/bis/players/73775151.html
71475112,藤岡　好明,2006年 公式戦初出場,FALSE,2020,2012001,https://npb.jp/bis/players/71475112.html
31835134,細川　成也,2017年 入団,FALSE,2020,2012001,https://npb.jp/bis/players/31835134.html
91695138,益子　京右,2019年 入団,FALSE,2020,2012001,https://npb.jp/bis/players/91695138.html
41245137,三嶋　一輝,2013年 公式戦初出場,FALSE,2020,2012001,https://npb.jp/bis/players/41245137.html
51455137,宮﨑　敏郎,2013年 入団,FALSE,2020,2012001,https://npb.jp/bis/players/51455137.html
31435139,三上　朋也,2014年 公式戦初出場,FALSE,2020,2012001,https://npb.jp/bis/players/31435139.html
71475139,嶺井　博希,2014年 入団,FALSE,2020,2012001,https://npb.jp/bis/players/71475139.html
91895136,宮本　秀明,2018年 公式戦初出場,FALSE,2020,2012001,https://npb.jp/bis/players/91895136.html
51855138,宮城　滝太,2019年 入団,FALSE,2020,2012001,https://npb.jp/bis/players/51855138.html
61665133,武藤　祐太,2011年 公式戦初出場,FALSE,2020,2012001,https://npb.jp/bis/players/61665133.html
31835130,百瀬　大騎,2019年 公式戦初出場,FALSE,2020,2012001,https://npb.jp/bis/players/31835130.html
33135151,森　敬斗,2020年 入団,FALSE,2020,2012001,https://npb.jp/bis/players/33135151.html
61465112,大和,2009年 公式戦初出場,FALSE,2020,2012001,https://npb.jp/bis/players/61465112.html
41845130,山﨑　康晃,2015年 入団,FALSE,2020,2012001,https://npb.jp/bis/players/41845130.html
81885130,山下　幸輝,2015年 公式戦初出場,FALSE,2020,2012001,https://npb.jp/bis/players/81885130.html
23125136,山本　祐大,2018年 入団,FALSE,2020,2012001,https://npb.jp/bis/players/23125136.html
93195137,Ｊ．ロペス,2013年 公式戦初出場,TRUE,2020,2012001,https://npb.jp/bis/players/93195137.html
