player_id,name,name_kana,last_team,投打,生年月日,経歴,ドラフト,ポジション
21125113,阿部　慎之助,あべ・しんのすけ,読売ジャイアンツ,右投左打,1979年3月20日,安田学園高 - 中央大,2000年ドラフト1位,NA
31135115,朝井　秀樹,あさい・ひでき,読売ジャイアンツ,右投右打,1984年1月1日,PL学園高,2001年ドラフト1巡目,NA
51455119,李　承燁,い・すんよぷ,オリックス・バファローズ,左投左打,1976年8月18日,慶北高 - 韓国・三星,,NA
31335114,隠善　智也,いんぜん・ともや,読売ジャイアンツ,左投左打,1984年6月5日,広島国際学院高 - 広島国際学院大,2006年育成選手ドラフト4巡目,NA
81185131,市川　友也,いちかわ・ともや,福岡ソフトバンクホークス,右投右打,1985年5月9日,東海大相模高 - 東海大 - 鷺宮製作所,2009年ドラフト4位,NA
81185119,内海　哲也,うつみ・てつや,埼玉西武ライオンズ,左投左打,1982年4月29日,敦賀気比高 - 東京ガス,2003年ドラフト自由枠,NA
91395114,上野　貴久,うえの・たかひさ,読売ジャイアンツ,左投左打,1982年12月9日,帝京高 - 東洋大 - NTT東日本,2006年大学生・社会人ドラフト3巡目,NA
91695131,エドガー,エドガー・ゴンザレス　(EDGAR GONZALEZ),読売ジャイアンツ,右投右打,1978年6月14日,サンディエゴ州大 - パドレス,,NA
93993868,大道　典嘉,おおみち・のりよし,読売ジャイアンツ,右投右打,1969年10月28日,明野高,1987年ドラフト4位,NA
21323884,小笠原　道大,おがさわら・みちひろ,中日ドラゴンズ,右投左打,1973年10月25日,暁星国際高 - NTT関東,1996年ドラフト3位,NA
71575115,小田嶋　正邦,おだじま・まさくに,読売ジャイアンツ,右投右打,1979年4月12日,東海大山形高 - 東海大,2001年ドラフト3巡目,NA
81385112,越智　大祐,おち・だいすけ,読売ジャイアンツ,右投右打,1983年6月30日,新田高 - 早稲田大,2005年大学生・社会人ドラフト4巡目,NA
23525114,Ｗ．オビスポ,ウィルフィン・オビスポ　(WIRFIN OBISPO),北海道日本ハムファイターズ,右投右打,1984年9月26日,フラジャントンデモンテシーノ高 - 米マイナー,,NA
41345118,大田　泰示,おおた・たいし,横浜DeNAベイスターズ,右投右打,1990年6月9日,東海大相模高,2008年ドラフト1位,NA
91595131,小野　淳平,おの・じゅんぺい,広島東洋カープ,右投右打,1987年4月5日,大分商 - 日本文理大,2009年ドラフト5位,NA
21323888,加藤　健,かとう・けん,読売ジャイアンツ,右投右打,1981年3月23日,新発田農,1998年ドラフト3位,NA
81385110,亀井　善行,かめい・よしゆき,読売ジャイアンツ,右投左打,1982年7月28日,上宮太子高 - 中央大,2004年ドラフト4巡目,NA
31735114,金刃　憲人,かねと・のりひと,東北楽天ゴールデンイーグルス,左投左打,1984年4月10日,市立尼崎高 - 立命館大,2006年大学生・社会人ドラフト希望枠,NA
71575116,加治前　竜一,かじまえ・りゅういち,読売ジャイアンツ,右投右打,1985年4月6日,智弁学園高 - 東海大,2007年大学生・社会人ドラフト4巡目,NA
51555118,笠原　将生,かさはら・しょうき,読売ジャイアンツ,右投右打,1991年1月9日,福岡工大城東高,2008年ドラフト5位,NA
81585131,河野　元貴,かわの・げんき,読売ジャイアンツ,右投左打,1991年6月14日,九州国際大付高,2009年育成選手ドラフト2位,NA
01505110,木村　正太,きむら・しょうた,読売ジャイアンツ,右投右打,1986年5月24日,一関一高,2004年ドラフト5巡目,NA
71775131,鬼屋敷　正人,きやしき・まさと,読売ジャイアンツ,右投右打,1991年6月19日,近大工高専,2009年ドラフト2位,NA
21725117,久保　裕也,くぼ・ゆうや,東北楽天ゴールデンイーグルス,右投右打,1980年5月23日,沖学園高 - 東海大,2002年ドラフト自由枠,NA
41545110,工藤　隆人,くどう・たかひと,中日ドラゴンズ,左投左打,1981年3月30日,弘前実 - 青森大 - JR東日本,2004年ドラフト9巡目,NA
21625110,Ｍ．クルーン,マーク・クルーン　(MARC KROON),読売ジャイアンツ,右投右打,1973年4月2日,シャドーマウンテン高 - パドレス - レッズ - ロッキーズ,,NA
03105114,Ｓ．グライシンガー,セス・グライシンガー　(SETH GREISINGER),千葉ロッテマリーンズ,右投右打,1975年7月29日,バージニア大 - タイガース - ツインズ - ブレーブス - 韓国・起亜,,NA
61563888,小林　雅英,こばやし・まさひで,オリックス・バファローズ,右投右打,1974年5月24日,都留高 - 日本体育大 - 東京ガス,1998年ドラフト1位,NA
71875119,Ｄ．ゴンザレス,ディッキー・ゴンザレス　(DICKY GONZALEZ),千葉ロッテマリーンズ,右投右打,1978年12月21日,アドルフィナイリサリー高 - メッツ - デビルレイズ,,NA
51753888,實松　一成,さねまつ・かずなり,北海道日本ハムファイターズ,右投右打,1981年1月18日,佐賀学園高,1998年ドラフト1位,NA
51955114,坂本　勇人,さかもと・はやと,読売ジャイアンツ,右投右打,1988年12月14日,光星学院高,2006年高校生ドラフト1巡目,内野手
61763884,鈴木　尚広,すずき・たかひろ,読売ジャイアンツ,右投両打,1978年4月27日,相馬高,1996年ドラフト4位,NA
91993884,谷　佳知,たに・よしとも,オリックス・バファローズ,右投右打,1973年2月9日,尽誠学園高 - 大阪商業大 - 三菱自動車岡崎,1996年ドラフト2位,NA
51953886,高橋　由伸,たかはし・よしのぶ,読売ジャイアンツ,右投左打,1975年4月3日,桐蔭学園高 - 慶応大,1997年ドラフト1位,NA
71775111,高木　康成,たかぎ・やすなり,読売ジャイアンツ,左投左打,1982年3月30日,静岡高,1999年ドラフト2位,NA
61065114,田中　大二郎,たなか・だいじろう,読売ジャイアンツ,左投左打,1988年4月29日,東海大相模高,2006年高校生ドラフト3巡目,NA
91995131,長野　久義,ちょうの・ひさよし,読売ジャイアンツ,右投右打,1984年12月6日,筑陽学園高 - 日本大 - ホンダ,2009年ドラフト1位,NA
21723882,鶴岡　一成,つるおか・かずなり,阪神タイガース,右投右打,1977年5月30日,神港学園高,1995年ドラフト5位,NA
31235114,円谷　英俊,つぶらや・ひでとし,読売ジャイアンツ,右投左打,1984年9月17日,横浜高 - 青山学院大,2006年大学生・社会人ドラフト4巡目,NA
01905131,土本　恭平,つちもと・きょうへい,読売ジャイアンツ,右投右打,1985年10月13日,土岐商 - 専修大 - JR東海,2009年ドラフト3位,NA
51255114,寺内　崇幸,てらうち・たかゆき,読売ジャイアンツ,右投右打,1983年5月27日,栃木工 - JR東日本,2006年大学生・社会人ドラフト6巡目,NA
61963887,豊田　清,とよだ・きよし,広島東洋カープ,右投右打,1971年2月2日,鈴鹿高 - 同朋大,1992年ドラフト3位,NA
31035110,東野　峻,とうの・しゅん,横浜DeNAベイスターズ,右投右打,1986年7月11日,鉾田一高,2004年ドラフト7巡目,NA
61065112,栂野　雅史,とがの・まさふみ,東北楽天ゴールデンイーグルス,右投右打,1984年10月19日,桐蔭学園高 - 新日本石油ENEOS,2005年大学生・社会人ドラフト3巡目,NA
71075113,中里　篤史,なかざと・あつし,読売ジャイアンツ,右投左打,1982年9月12日,春日部共栄高,2000年ドラフト1位,NA
21025116,中井　大介,なかい・だいすけ,横浜DeNAベイスターズ,右投右打,1989年11月27日,宇治山田商,2007年高校生ドラフト3巡目,NA
81085118,仲澤　広基,なかざわ・ひろき,東北楽天ゴールデンイーグルス,右投右打,1987年1月22日,東海大甲府高 - 国際武道大,2008年ドラフト6位,NA
31035119,西村　健太朗,にしむら・けんたろう,読売ジャイアンツ,右投右打,1985年5月10日,広陵高,2003年ドラフト2巡目,NA
81085110,野間口　貴彦,のまぐち・たかひこ,読売ジャイアンツ,右投右打,1983年5月31日,関西創価高 - 創価大中退 - シダックス,2004年ドラフト自由枠,NA
51455118,橋本　到,はしもと・いたる,東北楽天ゴールデンイーグルス,右投左打,1990年4月28日,仙台育英高,2008年ドラフト4位,NA
01203886,藤田　宗一,ふじた・そういち,福岡ソフトバンクホークス,左投左打,1972年10月17日,島原中央高 - 西濃運輸,1997年ドラフト3位,NA
21223886,古城　茂幸,ふるき・しげゆき,読売ジャイアンツ,右投左打,1976年1月12日,中央学院高 - 国士舘大,1997年ドラフト5位,NA
91095111,藤井　秀悟,ふじい・しゅうご,横浜DeNAベイスターズ,左投左打,1977年5月12日,今治西高 - 早稲田大,1999年ドラフト2位,NA
11415112,深田　拓也,ふかた・たくや,読売ジャイアンツ,左投左打,1983年4月23日,静岡高 - 中京大,2005年大学生・社会人ドラフト6巡目,NA
31435112,福田　聡志,ふくだ・さとし,読売ジャイアンツ,右投右打,1983年9月12日,伊都高 - 東北福祉大,2005年大学生・社会人ドラフト希望枠,NA
31435116,藤村　大介,ふじむら・だいすけ,読売ジャイアンツ,右投左打,1989年7月25日,熊本工,2007年高校生ドラフト1巡目,NA
71475116,古川　祐樹,ふるかわ・ゆうき,読売ジャイアンツ,左投左打,1985年4月5日,春日部共栄高 - 明治大,2007年大学生・社会人ドラフト3巡目,NA
21425118,福元　淳史,ふくもと・あつし,福岡ソフトバンクホークス,右投左打,1983年8月24日,市立船橋高 - 中央大 - NOMOベースボールクラブ,2008年育成選手ドラフト4位,NA
13115131,黄　志龍,ふぁん・つーろん,読売ジャイアンツ,右投右打,1989年2月22日,台湾・国立体育大,,NA
61265110,星　孝典,ほし・たかのり,埼玉西武ライオンズ,右投右打,1982年5月4日,仙台育英高 - 東北学院大,2004年ドラフト6巡目,NA
21225131,星野　真澄,ほしの・ますみ,読売ジャイアンツ,左投左打,1984年4月4日,埼玉栄高 - 愛知工業大 - バイタルネット - BC・信濃,2009年育成選手ドラフト1位,NA
11415110,ＭＩＣＨＥＡＬ,まいける（なかむら・まいける）,埼玉西武ライオンズ,右投右打,1976年9月6日,サウスアラバマ大 - ツインズ - ブルージェイズ,2004年ドラフト4巡目,NA
01605114,松本　哲也,まつもと・てつや,読売ジャイアンツ,左投左打,1984年7月3日,山梨学院大付高 - 専修大,2006年育成選手ドラフト3巡目,NA
31635116,村田　透,むらた・とおる,北海道日本ハムファイターズ,右投左打,1985年5月20日,大体大浪商高 - 大阪体育大,2007年大学生・社会人ドラフト1巡目,NA
51655117,矢野　謙次,やの・けんじ,北海道日本ハムファイターズ,右投右打,1980年9月21日,国学院久我山高 - 国学院大,2002年ドラフト6巡目,NA
71875112,山口　鉄也,やまぐち・てつや,読売ジャイアンツ,左投左打,1983年11月11日,横浜商 - 米マイナー,2005年育成選手ドラフト1巡目,NA
11815118,山本　和作,やまもと・かずなお,オリックス・バファローズ,右投右打,1986年9月21日,尼崎工 - 大阪経済大,2008年育成選手ドラフト3位,NA
63165113,Ａ．ラミレス,アレックス・ラミレス　(ALEX RAMIREZ),横浜DeNAベイスターズ,右投右打,1974年10月3日,サンアントニオデパウラ高 - インディアンス - パイレーツ,,NA
43545112,林　羿豪,りん・いーはう,読売ジャイアンツ,右投右打,1991年1月2日,台中市西苑高級中,,NA
43345118,Ｌ．ロメロ,レビ・ロメロ　(LEVI ROMERO),福岡ソフトバンクホークス,右投右打,1984年4月12日,シモンボリバール高 - 米マイナー,,NA
13115112,脇谷　亮太,わきや・りょうた,読売ジャイアンツ,右投左打,1981年11月4日,柳ヶ浦高 - 日本文理大 - NTT西日本,2005年大学生・社会人ドラフト5巡目,NA
61865133,Ｊ．アルバラデホ,ジョナサン・アルバラデホ　(JONATHAN ALBALADEJO),読売ジャイアンツ,右投右打,1982年10月30日,マイアミデードコミュニティー大 - ナショナルズ - ヤンキース,,NA
41143880,サブロー,さぶろー（おおむら・さぶろう）,千葉ロッテマリーンズ,右投右打,1976年6月1日,PL学園高,1994年ドラフト1位,NA
91995117,紺田　敏正,こんた・としまさ,北海道日本ハムファイターズ,右投左打,1980年8月12日,高岡商 - 国士舘大,2002年ドラフト6巡目,NA
51955133,小山　雄輝,こやま・ゆうき,東北楽天ゴールデンイーグルス,右投右打,1988年12月5日,大府高 - 天理大,2010年ドラフト4位,NA
81985133,澤村　拓一,さわむら・ひろかず,千葉ロッテマリーンズ,右投右打,1988年4月3日,佐野日大高 - 中央大,2010年ドラフト1位,NA
31935119,須永　英輝,すなが・ひでき,北海道日本ハムファイターズ,左投左打,1985年10月28日,浦和学院高,2003年ドラフト2巡目,NA
31933884,髙橋　信二,たかはし・しんじ,オリックス・バファローズ,右投右打,1978年8月7日,津山工,1996年ドラフト7位,NA
03105133,Ｃ．トーレス,カルロス・トーレス　(CARLOS TORRES),読売ジャイアンツ,右投右打,1982年10月22日,カンザス州大 - ホワイトソックス,,NA
23725133,Ｊ．フィールズ,ジョシュ・フィールズ　(JOSH FIELDS),読売ジャイアンツ,右投右打,1982年12月14日,オクラホマ州大 - ホワイトソックス - ロイヤルズ,,NA
31635133,丸毛　謙一,まるも・けんいち,オリックス・バファローズ,右投右打,1988年8月2日,大阪桐蔭高 - 大阪経済大,2010年育成選手ドラフト8位,NA
21625133,宮國　椋丞,みやぐに・りょうすけ,横浜DeNAベイスターズ,右投右打,1992年4月17日,糸満高,2010年ドラフト2位,NA
13515133,Ｒ．ライアル,ラスティ・ライアル　(RUSTY RYAL),読売ジャイアンツ,右投右打,1983年3月16日,オクラホマ州大 - ダイヤモンドバックス,,NA
91193884,石井　義人,いしい・よしひと,読売ジャイアンツ,右投左打,1978年7月12日,浦和学院高,1996年ドラフト4位,NA
21125135,一岡　竜司,いちおか・りゅうじ,広島東洋カープ,右投右打,1991年1月11日,藤蔭高 - 沖データコンピュータ教育学院,2011年ドラフト3位,NA
31335135,今村　信貴,いまむら・のぶたか,読売ジャイアンツ,左投左打,1994年3月15日,太成学院大高,2011年ドラフト2位,NA
71375135,江柄子　裕樹,えがらし・ゆうき,読売ジャイアンツ,右投右打,1986年11月14日,つくば秀英高 - 明治大 - 東芝,2011年ドラフト6位,NA
81585116,久米　勇紀,くめ・ゆうき,読売ジャイアンツ,右投右打,1985年9月10日,桐生第一高 - 明治大,2007年大学生・社会人ドラフト3巡目,NA
61765115,真田　裕貴,さなだ・ひろき,東京ヤクルトスワローズ,右投右打,1984年2月7日,姫路工,2001年ドラフト1巡目,NA
31935115,杉内　俊哉,すぎうち・としや,読売ジャイアンツ,左投左打,1980年10月30日,鹿児島実 - 三菱重工長崎,2001年ドラフト3巡目,NA
81985112,高口　隆行,たかぐち・たかゆき,読売ジャイアンツ,右投右打,1983年8月23日,創価高 - 創価大,2005年大学生・社会人ドラフト6巡目,NA
81985118,立岡　宗一郎,たておか・そういちろう,読売ジャイアンツ,右投左打,1990年5月18日,熊本・鎮西高,2008年ドラフト2位,NA
31035135,高木　京介,たかぎ・きょうすけ,読売ジャイアンツ,左投左打,1989年9月5日,星稜高 - 国学院大,2011年ドラフト4位,NA
61065135,田原　誠次,たはら・せいじ,読売ジャイアンツ,右投左打,1989年9月2日,聖心ウルスラ学園高 - 三菱自動車倉敷オーシャンズ,2011年ドラフト7位,NA
51255135,土田　瑞起,つちだ・みずき,読売ジャイアンツ,右投右打,1990年1月1日,長崎・鎮西学院高 - 四国・長崎 - 四国・愛媛,2011年育成選手ドラフト2位,NA
01003886,中谷　仁,なかたに・じん,読売ジャイアンツ,右投右打,1979年5月5日,智弁和歌山高,1997年ドラフト1位,NA
43145116,Ｄ．ホールトン,デニス・ホールトン　(DENNIS HOULTON),読売ジャイアンツ,右投右打,1979年8月12日,パシフィック大 - ドジャース,,NA
43145135,Ｊ．ボウカー,ジョン・ボウカー　(JOHN BOWKER),東北楽天ゴールデンイーグルス,左投左打,1983年7月8日,カリフォルニア州大ロングビーチ校 - ジャイアンツ - パイレーツ - フィリーズ,,NA
63165135,Ｓ．マシソン,スコット・マシソン　(SCOTT MATHIESON),読売ジャイアンツ,右投右打,1984年2月27日,アルダーグローブコミュニティー高 - フィリーズ,,NA
81485117,村田　修一,むらた・しゅういち,読売ジャイアンツ,右投右打,1980年12月28日,東福岡高 - 日本大,2002年ドラフト自由枠,NA
51155114,青木　高広,あおき・たかひろ,読売ジャイアンツ,左投左打,1981年11月26日,県立岐阜商 - 愛知大 - 日産自動車,2006年大学生・社会人ドラフト4巡目,NA
91195131,阿南　徹,あなん・とおる,読売ジャイアンツ,左投左打,1984年7月28日,大阪・柏原高 - 城西大 - 日本通運,2009年ドラフト5位,NA
71675137,Ｍ．アコスタ,マニー・アコスタ　(MANNY ACOSTA),読売ジャイアンツ,右投右打,1981年5月1日,ハコバウリオラソリス高 - ブレーブス - メッツ,,NA
81185112,井野　卓,いの・すぐる,東京ヤクルトスワローズ,右投右打,1983年11月23日,前橋工 - 東北福祉大,2005年大学生・社会人ドラフト7巡目,NA
61365137,大累　進,おおるい・すすむ,北海道日本ハムファイターズ,右投右打,1990年8月31日,駒大苫小牧高 - 道都大,2012年ドラフト2位,NA
01305119,香月　良太,かつき・りょうた,読売ジャイアンツ,右投右打,1982年7月27日,柳川高 - 東芝,2003年ドラフト自由枠,NA
81585137,公文　克彦,くもん・かつひこ,埼玉西武ライオンズ,左投左打,1992年3月4日,高知高 - 大阪ガス,2012年ドラフト4位,NA
11715137,坂口　真規,さかぐち・まさき,読売ジャイアンツ,右投右打,1990年9月29日,智弁和歌山高 - 東海大,2012年ドラフト5位,NA
41745137,菅野　智之,すがの・ともゆき,読売ジャイアンツ,右投右打,1989年10月11日,東海大相模高 - 東海大,2012年ドラフト1位,NA
81985137,辻　東倫,つじ・はるとも,読売ジャイアンツ,右投左打,1994年8月11日,菰野高,2012年ドラフト3位,NA
01805114,横川　史学,よこがわ・ふみのり,読売ジャイアンツ,右投左打,1984年12月3日,常総学院高 - 青山学院大,2006年大学生・社会人ドラフト4巡目,NA
93195137,Ｊ．ロペス,ホセ・ロペス　(JOSE LOPEZ),横浜DeNAベイスターズ,右投右打,1983年11月24日,ヘススラファエルアルボルノス高 - マリナーズ - ロッキーズ - マーリンズ - インディアンス - ホワイトソックス,,NA
11815139,Ｌ．アンダーソン,レスリー・アンダーソン　(LESLIE ANDERSON),読売ジャイアンツ,左投左打,1982年3月30日,マヌエルファハルド大 - 米マイナー,,NA
41143886,井端　弘和,いばた・ひろかず,読売ジャイアンツ,右投右打,1975年5月12日,堀越高 - 亜細亜大,1997年ドラフト5位,NA
11515115,大竹　寛,おおたけ・かん,読売ジャイアンツ,右投右打,1983年5月21日,浦和学院高,2001年ドラフト1巡目,NA
91595139,奥村　展征,おくむら・のぶゆき,東京ヤクルトスワローズ,右投左打,1995年5月26日,日大山形高,2013年ドラフト4位,NA
01305110,片岡　治大,かたおか・やすゆき,読売ジャイアンツ,右投右打,1983年2月17日,宇都宮学園高 - 東京ガス,2004年ドラフト3巡目,NA
91795139,小林　誠司,こばやし・せいじ,読売ジャイアンツ,右投右打,1989年6月7日,広陵高 - 同志社大 - 日本生命,2013年ドラフト1位,捕手
81885139,Ｃ．セドン,クリス・セドン　(CHRIS SEDDON),読売ジャイアンツ,左投左打,1983年10月13日,キャニオン高 - マーリンズ - マリナーズ - インディアンス - 韓国・SK,,NA
43345139,Ｆ．セペダ,フレデリク・セペダ　(FREDERICH CEPEDA),読売ジャイアンツ,右投両打,1980年4月8日,エイドリノサラバリア高 - キューバ・サンクティスピリトゥス,,NA
01905139,平良　拳太郎,たいら・けんたろう,横浜DeNAベイスターズ,右投右打,1995年7月12日,北山高,2013年ドラフト5位,投手
41945139,田口　麗斗,たぐち・かずと,東京ヤクルトスワローズ,左投左打,1995年9月14日,広島新庄高,2013年ドラフト3位,投手
93595139,Ｈ．メンドーサ,エクトル・メンドーサ　(HECTOR MENDOZA),読売ジャイアンツ,右投右打,1994年3月5日,フラディオアルバレスガラン高 - キューバ・イスラデラフベントゥ,,NA
61665139,和田　恋,わだ・れん,東北楽天ゴールデンイーグルス,右投右打,1995年9月26日,高知高,2013年ドラフト2位,NA
41443880,相川　亮二,あいかわ・りょうじ,読売ジャイアンツ,右投右打,1976年7月11日,東京学館高,1994年ドラフト5位,NA
11515130,岡本　和真,おかもと・かずま,読売ジャイアンツ,右投右打,1996年6月30日,智弁学園高,2014年ドラフト1位,NA
83785130,Ａ．カステヤーノス,アレックス・カステヤーノス　(ALEX CASTELLANOS),読売ジャイアンツ,右投右打,1986年8月4日,ベルモントアビー大 - ドジャース,,NA
91593888,金城　龍彦,きんじょう・たつひこ,読売ジャイアンツ,右投両打,1976年7月27日,近大付高 - 住友金属,1998年ドラフト5位,NA
01705114,北　篤,きた・あつし,読売ジャイアンツ,右投左打,1988年11月26日,小松工,2006年高校生ドラフト1巡目,NA
21925130,篠原　慎平,しのはら・しんぺい,読売ジャイアンツ,右投左打,1990年6月13日,今治精華高 - 四国・愛媛 - 四国・香川,2014年育成選手ドラフト1位,NA
31035130,高木　勇人,たかぎ・はやと,埼玉西武ライオンズ,右投右打,1989年7月13日,三重・海星高 - 三菱重工名古屋,2014年ドラフト3位,NA
31235130,田中　貴也,たなか・たかや,東北楽天ゴールデンイーグルス,右投左打,1992年8月27日,八重山商工 - 山梨学院大,2014年育成選手ドラフト3位,捕手
01905119,堂上　剛裕,どのうえ・たけひろ,読売ジャイアンツ,右投左打,1985年5月27日,愛工大名電高,2003年ドラフト6巡目,NA
21225130,戸根　千明,とね・ちあき,広島東洋カープ,左投左打,1992年10月17日,石見智翠館高 - 日本大,2014年ドラフト2位,NA
33735130,Ｊ．フランシスコ,ホアン・フランシスコ　(JUAN FRANCISCO),読売ジャイアンツ,右投左打,1987年6月24日,レッズ - ブレーブス - ブルワーズ - ブルージェイズ,,NA
33535130,Ａ．ポレダ,アーロン・ポレダ　(AARON POREDA),読売ジャイアンツ,左投左打,1986年10月1日,サンフランシスコ大 - ホワイトソックス - パドレス - レンジャーズ,,NA
53555130,Ｍ．マイコラス,マイルズ・マイコラス　(MILES MIKOLAS),読売ジャイアンツ,右投右打,1988年8月23日,ノバサウスイースタン大 - パドレス - レンジャーズ,,NA
61665118,矢貫　俊之,やぬき・としゆき,読売ジャイアンツ,右投右打,1983年12月15日,仙台育英高 - 常磐大 - 三菱ふそう川崎,2008年ドラフト3位,NA
21825133,吉川　大幾,よしかわ・だいき,読売ジャイアンツ,右投右打,1992年8月21日,PL学園高,2010年ドラフト2位,NA
91695137,Ａ．アブレイユ,アブナー・アブレイユ　(ABNER ABREU),読売ジャイアンツ,右投右打,1989年10月24日,セントラルデエステ大 - 米マイナー,,NA
83985132,Ｓ．アダメス,サムエル・アダメス　(SAMUEL ADAMES),読売ジャイアンツ,右投右打,1994年9月27日,コバデナ高 - 米マイナー,,NA
31335133,乾　真大,いぬい・まさひろ,読売ジャイアンツ,左投左打,1988年12月8日,東洋大姫路高 - 東洋大,2010年ドラフト3位,NA
11515135,ウーゴ,うーご（かなぶし・うーご）,読売ジャイアンツ,左投左打,1989年5月22日,佐野日大高 - 白鴎大,2011年育成選手ドラフト2位,NA
61365132,宇佐見　真吾,うさみ・しんご,中日ドラゴンズ,右投左打,1993年6月4日,市立柏高 - 城西国際大,2015年ドラフト4位,捕手
33035132,Ｊ．Ａ．ガルシア,ホセ・アドリス・ガルシア　(JOSE ADOLIS GARCIA),読売ジャイアンツ,右投右打,1993年3月2日,マリナサムエルノブレスポーツ学校 - キューバ・シエゴデアビラ,,NA
43345132,ギャレット,ギャレット・ジョーンズ　(GARRETT JONES),読売ジャイアンツ,左投左打,1981年6月21日,アンドリュー高 - ツインズ - パイレーツ - マーリンズ - ヤンキース,,NA
01805139,Ｌ．クルーズ,ルイス・クルーズ　(LUIS CRUZ),東北楽天ゴールデンイーグルス,右投右打,1984年2月10日,エスクエラセクンダリアテクニカヌメロ5高 - パイレーツ - ブルワーズ - ドジャース - ヤンキース,,NA
31935132,桜井　俊貴,さくらい・としき,読売ジャイアンツ,右投右打,1993年10月21日,北須磨高 - 立命館大,2015年ドラフト1位,NA
21925132,重信　慎之介,しげのぶ・しんのすけ,読売ジャイアンツ,右投左打,1993年4月17日,早稲田実 - 早稲田大,2015年ドラフト2位,NA
81285132,中川　皓太,なかがわ・こうた,読売ジャイアンツ,左投左打,1994年2月24日,広島・山陽高 - 東海大,2015年ドラフト7位,投手
81485132,長谷川　潤,はせがわ・じゅん,読売ジャイアンツ,右投右打,1991年6月15日,成立学園高 - 金沢学院大 - BC・石川,2015年育成選手ドラフト8位,NA
51855132,増田　大輝,ますだ・だいき,読売ジャイアンツ,右投右打,1993年7月29日,小松島高 - 四国・徳島,2015年育成選手ドラフト1位,内野手
93195132,山本　泰寛,やまもと・やすひろ,中日ドラゴンズ,右投右打,1993年10月10日,慶応高 - 慶応大,2015年ドラフト5位,内野手
01105135,石川　慎吾,いしかわ・しんご,千葉ロッテマリーンズ,右投右打,1993年4月27日,東大阪大柏原高,2011年ドラフト3位,外野手
91195134,池田　駿,いけだ・しゅん,東北楽天ゴールデンイーグルス,左投左打,1992年11月29日,新潟明訓高 - 専修大 - ヤマハ,2016年ドラフト4位,NA
71375134,大江　竜聖,おおえ・りゅうせい,福岡ソフトバンクホークス,左投左打,1999年1月15日,二松学舎大付高,2016年ドラフト6位,投手
51555134,加藤　脩平,かとう・しゅうへい,読売ジャイアンツ,右投左打,1999年3月28日,磐田東高,2016年育成選手ドラフト2位,NA
13515134,Ａ．カミネロ,アルキメデス・カミネロ　(ARQUIMEDES CAMINERO),読売ジャイアンツ,右投右打,1987年6月16日,ブエンパストール大 - マーリンズ - パイレーツ - マリナーズ,,NA
51955134,坂本　工宜,さかもと・こうき,読売ジャイアンツ,右投右打,1994年8月19日,関西学院高 - 関西学院大,2016年育成選手ドラフト4位,NA
71075134,髙田　萌生,たかた・ほうせい,東北楽天ゴールデンイーグルス,右投右打,1998年7月4日,創志学園高,2016年ドラフト5位,NA
51255134,谷岡　竜平,たにおか・たっぺい,読売ジャイアンツ,右投右打,1996年3月21日,成立学園高 - 東芝,2016年ドラフト3位,NA
31635134,畠　世周,はたけ・せいしゅう,阪神タイガース,右投左打,1994年5月31日,近大福山高 - 近畿大,2016年ドラフト2位,投手
71875134,堀岡　隼人,ほりおか・はやと,横浜DeNAベイスターズ,右投右打,1998年9月11日,青森山田高,2016年育成選手ドラフト7位,投手
21825137,Ｃ．マギー,ケーシー・マギー　(CASEY McGEHEE),読売ジャイアンツ,右投右打,1982年10月12日,カリフォルニア州大フレズノ校 - カブス - ブルワーズ - パイレーツ - ヤンキース,,NA
21825134,松原　聖弥,まつばら・せいや,埼玉西武ライオンズ,右投左打,1995年1月26日,仙台育英高 - 明星大,2016年育成選手ドラフト5位,NA
13915134,マルティネス,ホルヘ・マルティネス　(JORGE MARTINEZ),読売ジャイアンツ,右投両打,1993年3月29日,ディビナプロビデンシア高 - 米マイナー,,NA
33935134,Ｃ．Ｃ．メルセデス,クリストファー・クリソストモ・メルセデス　(CRISTOPHER CRISOSTOMO MERCEDES),千葉ロッテマリーンズ,左投両打,1994年3月8日,ヌエバエスペランサ高 - 米マイナー,,NA
61665114,森福　允彦,もりふく・まさひこ,読売ジャイアンツ,左投左打,1986年7月29日,豊川高 - シダックス,2006年大学生・社会人ドラフト4巡目,NA
51855112,山口　俊,やまぐち・しゅん,読売ジャイアンツ,右投右打,1987年7月11日,柳ヶ浦高,2005年高校生ドラフト1巡目,NA
21825112,陽　岱鋼,よう・だいかん,読売ジャイアンツ,右投右打,1987年1月17日,福岡第一高,2005年高校生ドラフト1巡目,NA
41845114,吉川　光夫,よしかわ・みつお,埼玉西武ライオンズ,左投左打,1988年4月6日,広陵高,2006年高校生ドラフト1巡目,NA
73375134,吉川　尚輝,よしかわ・なおき,読売ジャイアンツ,右投左打,1995年2月8日,岐阜・中京高 - 中京学院大,2016年ドラフト1位,内野手
93395134,廖　任磊,りゃお・れんれい,埼玉西武ライオンズ,右投右打,1993年8月30日,岡山県共生高 - 米マイナー - 開南大,2016年ドラフト7位,NA
11313888,上原　浩治,うえはら・こうじ,読売ジャイアンツ,右投右打,1975年4月3日,東海大仰星高 - 大阪体育大,1998年ドラフト1位,NA
21325136,大城　卓三,おおしろ・たくみ,読売ジャイアンツ,右投左打,1993年2月11日,東海大相模高 - 東海大 - NTT西日本,2017年ドラフト3位,捕手
91595136,岸田　行倫,きしだ・ゆきのり,読売ジャイアンツ,右投右打,1996年10月10日,報徳学園高 - 大阪ガス,2017年ドラフト2位,捕手
21525136,北村　拓己,きたむら・たくみ,東京ヤクルトスワローズ,右投右打,1995年8月29日,星稜高 - 亜細亜大,2017年ドラフト4位,NA
31735136,鍬原　拓也,くわはら・たくや,福岡ソフトバンクホークス,右投右打,1996年3月26日,北陸高 - 中央大,2017年ドラフト1位,NA
43545134,Ａ．ゲレーロ,アレックス・ゲレーロ　(ALEX GUERRERO),読売ジャイアンツ,右投右打,1986年11月20日,エスクエラデポルテエイデ高 - ドジャース,,NA
81085136,田中　俊太,たなか・しゅんた,横浜DeNAベイスターズ,右投左打,1993年8月18日,東海大相模高 - 東海大 - 日立製作所,2017年ドラフト5位,NA
81285118,野上　亮磨,のがみ・りょうま,読売ジャイアンツ,右投右打,1987年6月15日,神村学園高 - 日産自動車,2008年ドラフト2位,NA
93795136,Ｔ．ヤングマン,テイラー・ヤングマン　(TAYLOR JUNGMANN),読売ジャイアンツ,右投右打,1989年12月18日,テキサス大 - ブルワーズ,,NA
43145136,湯浅　大,ゆあさ・だい,読売ジャイアンツ,右投右打,2000年1月24日,高崎健康福祉大高崎高,2017年ドラフト8位,内野手
13315136,若林　晃弘,わかばやし・あきひろ,北海道日本ハムファイターズ,右投両打,1993年8月26日,桐蔭学園高 - 法政大 - JX-ENEOS,2017年ドラフト6位,NA
01105111,岩隈　久志,いわくま・ひさし,読売ジャイアンツ,右投右打,1981年4月12日,堀越高,1999年ドラフト5位,NA
51555137,鍵谷　陽平,かぎや・ようへい,北海道日本ハムファイターズ,右投右打,1990年9月23日,北海高 - 中央大,2012年ドラフト3位,NA
23125138,Ｒ．クック,ライアン・クック　(RYAN COOK),読売ジャイアンツ,右投右打,1987年6月30日,サザンカリフォルニア大 - ダイヤモンドバックス - アスレチックス - レッドソックス - マリナーズ,,NA
91995112,炭谷　銀仁朗,すみたに・ぎんじろう,埼玉西武ライオンズ,右投右打,1987年7月19日,平安高,2005年高校生ドラフト1巡目,捕手
61965138,髙橋　優貴,たかはし・ゆうき,読売ジャイアンツ,左投左打,1997年2月1日,東海大菅生高 - 八戸学院大,2018年ドラフト1位,NA
93795138,Ｒ．デラロサ,ルビー・デラロサ　(RUBBY DE LA ROSA),読売ジャイアンツ,右投右打,1989年3月4日,エルボニートデサンイシドロ高 - ドジャース - レッドソックス - ダイヤモンドバックス,,NA
41045138,戸郷　翔征,とごう・しょうせい,読売ジャイアンツ,右投右打,2000年4月4日,聖心ウルスラ学園高,2018年ドラフト6位,投手
01005113,中島　宏之,なかじま・ひろゆき,中日ドラゴンズ,右投右打,1982年7月31日,伊丹北高,2000年ドラフト5位,NA
11215138,直江　大輔,なおえ・だいすけ,読売ジャイアンツ,右投右打,2000年6月20日,松商学園高,2018年ドラフト3位,NA
61265138,沼田　翔平,ぬまた・しょうへい,東京ヤクルトスワローズ,右投右打,2000年6月24日,旭川大高,2018年育成選手ドラフト3位,投手
93395138,Ｃ．ビヤヌエバ,クリスチャン・ビヤヌエバ　(CHRISTIAN VILLANUEVA),北海道日本ハムファイターズ,右投右打,1991年6月19日,ハリスコ州第25共学高 - パドレス,,NA
11615135,藤岡　貴裕,ふじおか・たかひろ,読売ジャイアンツ,左投左打,1989年7月17日,桐生第一高 - 東洋大,2011年ドラフト1位,NA
41245139,古川　侑利,ふるかわ・ゆうり,福岡ソフトバンクホークス,右投右打,1995年9月8日,有田工,2013年ドラフト4位,NA
21425116,丸　佳浩,まる・よしひろ,読売ジャイアンツ,右投左打,1989年4月11日,千葉経大付高,2007年高校生ドラフト3巡目,外野手
01605138,増田　陸,ますだ・りく,読売ジャイアンツ,右投右打,2000年6月17日,明秀学園日立高,2018年ドラフト2位,内野手
13515138,Ｉ．モタ,イスラエル・モタ　(ISRAEL MOTA),読売ジャイアンツ,右投右打,1996年1月3日,ベセル高 - 米マイナー,,NA
01805138,山下　航汰,やました・こうた,読売ジャイアンツ,右投左打,2000年11月15日,高崎健康福祉大高崎高,2018年育成選手ドラフト1位,NA
81885138,横川　凱,よこがわ・かい,読売ジャイアンツ,左投左打,2000年8月30日,大阪桐蔭高,2018年ドラフト4位,投手
51355151,井上　温大,いのうえ・はると,読売ジャイアンツ,左投左打,2001年5月13日,前橋商,2019年ドラフト4位,投手
03105130,Ｚ．ウィーラー,ゼラス・ウィーラー　(ZELOUS WHEELER),読売ジャイアンツ,右投右打,1987年1月16日,ウォーレス州コミュニティ大 - ヤンキース,,NA
13315151,Ｅ．ウレーニャ,エスタミー・ウレーニャ　(ESTAMY URENA),読売ジャイアンツ,右投右打,1999年5月27日,クロスオーバー高 - 米マイナー,,NA
21525130,香月　一也,かつき・かずや,オリックス・バファローズ,右投左打,1996年4月16日,大阪桐蔭高,2014年ドラフト5位,内野手
31935151,菊田　拡和,きくた・ひろかず,読売ジャイアンツ,右投右打,2001年7月23日,常総学院高,2019年ドラフト3位,NA
83385151,Ａ．サンチェス,エンジェル・サンチェス　(ANGEL SANCHEZ),読売ジャイアンツ,右投両打,1989年11月28日,サントドミンゴ自治大 - パイレーツ - 韓国・SK,,NA
81085132,田中　豊樹,たなか・とよき,読売ジャイアンツ,右投右打,1993年12月1日,佐賀商 - 日本文理大,2015年ドラフト5位,NA
91095134,高梨　雄平,たかなし・ゆうへい,読売ジャイアンツ,左投左打,1992年7月13日,川越東高 - 早稲田大 - JX-ENEOS,2016年ドラフト9位,投手
63565151,Ｎ．ディプラン,ナティーノ・ディプラン　(NATTINO DIPLAN),読売ジャイアンツ,右投右打,1993年12月30日,ベリーズ高 - 米マイナー,,NA
53755151,Ｇ．パーラ,ヘラルド・パーラ　(GERARDO PARRA),読売ジャイアンツ,左投左打,1987年5月6日,フランシスコプルガル高 - ダイヤモンドバックス - ブルワーズ - オリオールズ - ロッキーズ - ジャイアンツ - ナショナルズ,,NA
31635151,平間　隼人,ひらま・はやと,読売ジャイアンツ,右投左打,1996年12月16日,鳴門渦潮高 - 四国・徳島,2019年育成選手ドラフト1位,NA
93795151,Ｔ．ビエイラ,チアゴ・ビエイラ　(THYAGO VIEIRA),読売ジャイアンツ,右投右打,1993年1月7日,カントリーキッズ高 - マリナーズ - ホワイトソックス,,NA
21625151,堀田　賢慎,ほった・けんしん,読売ジャイアンツ,右投右打,2001年5月21日,青森山田高,2019年ドラフト1位,投手
71875130,八百板　卓丸,やおいた・たくまる,読売ジャイアンツ,右投左打,1997年1月17日,聖光学院高,2014年育成選手ドラフト1位,NA
03105151,山瀬　慎之助,やませ・しんのすけ,読売ジャイアンツ,右投右打,2001年5月4日,星稜高,2019年ドラフト5位,捕手
71173882,荒木　雅博,あらき・まさひろ,中日ドラゴンズ,右投右打,1977年9月13日,熊本工,1995年ドラフト1位,NA
51155111,朝倉　健太,あさくら・けんた,中日ドラゴンズ,右投右打,1981年6月11日,東邦高,1999年ドラフト1位,NA
01105112,新井　良太,あらい・りょうた,阪神タイガース,右投右打,1983年8月16日,広陵高 - 駒沢大,2005年大学生・社会人ドラフト4巡目,NA
71175114,浅尾　拓也,あさお・たくや,中日ドラゴンズ,右投右打,1984年10月22日,常滑北高 - 日本福祉大,2006年大学生・社会人ドラフト3巡目,NA
31135116,赤坂　和幸,あかさか・かずゆき,中日ドラゴンズ,右投右打,1989年9月4日,浦和学院高,2007年高校生ドラフト1巡目,NA
31135131,赤田　龍一郎,あかだ・りゅういちろう,中日ドラゴンズ,右投左打,1988年1月7日,静岡学園高 - 愛知大,2009年育成選手ドラフト2位,NA
81183888,岩瀬　仁紀,いわせ・ひとき,中日ドラゴンズ,左投左打,1974年11月10日,西尾東高 - 愛知大 - NTT東海,1998年ドラフト2位,NA
81185114,岩﨑　達郎,いわさき・たつろう,中日ドラゴンズ,右投右打,1984年12月28日,横浜商大高 - 新日本石油ENEOS,2006年大学生・社会人ドラフト5巡目,NA
21125118,伊藤　準規,いとう・じゅんき,中日ドラゴンズ,右投左打,1991年1月7日,岐阜城北高,2008年ドラフト2位,NA
41145118,井藤　真吾,いとう・しんご,中日ドラゴンズ,右投左打,1990年5月27日,中京大中京高,2008年ドラフト7位,NA
31335118,岩﨑　恭平,いわさき・きょうへい,オリックス・バファローズ,右投左打,1986年4月4日,東海大相模高 - 東海大,2008年ドラフト3位,NA
51355118,岩田　慎司,いわた・しんじ,中日ドラゴンズ,右投左打,1987年1月27日,東邦高 - 明治大,2008年ドラフト5位,NA
91393886,小田　幸平,おだ・こうへい,中日ドラゴンズ,右投右打,1977年3月15日,兵庫・市川高 - 三菱重工神戸,1997年ドラフト4位,NA
51353888,小笠原　孝,おがさわら・たかし,中日ドラゴンズ,左投左打,1976年11月29日,市立船橋高 - 明治大,1998年ドラフト3位,NA
11515112,小山　桂司,おやま・けいじ,東北楽天ゴールデンイーグルス,右投右打,1980年11月19日,秋田経法大付高 - 秋田経法大中退 - シダックス,2005年大学生・社会人ドラフト5巡目,NA
11515118,小熊　凌祐,おぐま・りょうすけ,中日ドラゴンズ,右投右打,1990年8月11日,近江高,2008年ドラフト6位,NA
01305131,大島　洋平,おおしま・ようへい,中日ドラゴンズ,左投左打,1985年11月9日,享栄高 - 駒沢大 - 日本生命,2009年ドラフト5位,外野手
11515131,岡田　俊哉,おかだ・としや,中日ドラゴンズ,左投左打,1991年12月5日,智弁和歌山高,2009年ドラフト1位,NA
51555131,小川　龍也,おがわ・りゅうや,埼玉西武ライオンズ,左投左打,1991年9月3日,千葉英和高,2009年ドラフト2位,NA
21323880,河原　純一,かわはら・じゅんいち,中日ドラゴンズ,右投右打,1973年1月22日,川崎北高 - 駒沢大,1994年ドラフト1位,NA
11515110,雄太,ゆうだい（かわい・ゆうだい）,中日ドラゴンズ,左投左打,1980年6月17日,上田西高 - 大東文化大 - 日本通運,2004年ドラフト4巡目,NA
21523888,小池　正晃,こいけ・まさあき,横浜DeNAベイスターズ,右投右打,1980年5月15日,横浜高,1998年ドラフト6位,NA
31935117,小林　正人,こばやし・まさと,中日ドラゴンズ,左投左打,1980年8月21日,桐生第一高 - 東海大,2002年ドラフト6巡目,NA
51755110,金剛　弘樹,こんごう・ひろき,中日ドラゴンズ,右投右打,1979年2月12日,帝京高 - 立正大 - 朝日生命 - 日本通運,2004年ドラフト9巡目,NA
71775119,佐藤　充,さとう・みつる,東北楽天ゴールデンイーグルス,右投右打,1978年4月29日,坂戸西高 - 日本体育大 - 日本生命,2003年ドラフト4巡目,NA
21725110,澤井　道久,さわい・みちひさ,中日ドラゴンズ,右投両打,1979年6月25日,豊川高 - 東海理化,2004年ドラフト11巡目,NA
61765112,齊藤　信介,さいとう・しんすけ,中日ドラゴンズ,右投右打,1982年2月12日,高松一高 - 龍谷大 - NTT西日本,2005年大学生・社会人ドラフト6巡目,NA
01703884,清水　将海,しみず・まさうみ,福岡ソフトバンクホークス,右投右打,1975年1月9日,東京農大二高 - 青山学院大,1996年ドラフト1位,NA
21925114,清水　昭信,しみず・あきのぶ,中日ドラゴンズ,右投右打,1983年10月26日,三重高 - 名城大,2006年大学生・社会人ドラフト6巡目,NA
61765110,鈴木　義広,すずき・よしひろ,中日ドラゴンズ,右投右打,1983年1月5日,多度津工 - 中部大,2004年ドラフト5巡目,NA
31835131,セサル,ディオニス・セサル　(DIONYS CESAR),中日ドラゴンズ,右投両打,1976年9月27日,ドンフォアン高 - 米マイナー,,NA
21123866,立浪　和義,たつなみ・かずよし,中日ドラゴンズ,右投左打,1969年8月19日,PL学園高,1987年ドラフト1位,NA
85583868,谷繁　元信,たにしげ・もとのぶ,中日ドラゴンズ,右投右打,1970年12月21日,江の川高,1988年ドラフト1位,NA
71975115,髙橋　聡文,たかはし・あきふみ,阪神タイガース,左投左打,1983年5月29日,高岡第一高,2001年ドラフト8巡目,NA
81085114,田中　大輔,たなか・だいすけ,オリックス・バファローズ,右投右打,1984年12月18日,如水館高 - 東洋大,2006年大学生・社会人ドラフト希望枠,NA
51055116,谷　哲也,たに・てつや,中日ドラゴンズ,右投右打,1985年7月9日,鳴門工 - 日立製作所,2007年大学生・社会人ドラフト3巡目,NA
01905118,髙島　祥平,たかしま・しょうへい,中日ドラゴンズ,右投右打,1990年8月4日,帝京高,2008年ドラフト4位,NA
21625119,チェン・ウェイン,（ちぇん・うぇいん）,阪神タイガース,左投右打,1985年7月21日,台湾・国立体育大,,NA
01205114,堂上　直倫,どのうえ・なおみち,中日ドラゴンズ,右投右打,1988年9月23日,愛工大名電高,2006年高校生ドラフト1巡目,NA
81285117,長峰　昌司,ながみね・しょうじ,オリックス・バファローズ,左投左打,1984年8月8日,水戸商,2002年ドラフト5巡目,NA
41945119,中川　裕貴,なかがわ・ひろき,中日ドラゴンズ,右投右打,1985年4月26日,岐阜・中京高,2003年ドラフト1巡目,NA
51055110,中田　賢一,なかた・けんいち,阪神タイガース,右投右打,1982年5月11日,福岡・八幡高 - 北九州市立大,2004年ドラフト2巡目,NA
91095110,中村　一生,なかむら・いっせい,オリックス・バファローズ,右投右打,1982年4月2日,東海大浦安高 - 国際武道大,2004年ドラフト7巡目,NA
71075131,中田　亮二,なかた・りょうじ,中日ドラゴンズ,右投左打,1987年11月3日,明徳義塾高 - 亜細亜大,2009年ドラフト3位,NA
11415114,西川　明,にしかわ・あきら,中日ドラゴンズ,右投左打,1984年4月2日,三重高 - 法政大,2006年大学生・社会人ドラフト7巡目,NA
33335116,Ｍ．ネルソン,マキシモ・ネルソン　(MAXIMO NELSON),中日ドラゴンズ,右投右打,1982年4月21日,セルヒオアウグストベラス高 - 米マイナー - イスラエル・モディン,,NA
31435118,野本　圭,のもと・けい,中日ドラゴンズ,左投左打,1984年7月7日,岡山南高 - 駒沢大 - 日本通運,2008年ドラフト1位,NA
91895131,バルデス,エドワード・バルデス　(EDWARD VALDEZ),中日ドラゴンズ,右投右打,1980年2月8日,アリロパウリノ高 - 米マイナー,,NA
71973889,平井　正史,ひらい・まさふみ,オリックス・バファローズ,右投右打,1975年4月21日,宇和島東高,1993年ドラフト1位,NA
01503888,英智,ひでのり（くらもと・ひでのり）,中日ドラゴンズ,右投右打,1976年5月9日,県立岐阜商 - 名城大,1998年ドラフト4位,NA
21225115,久本　祐一,ひさもと・ゆういち,広島東洋カープ,左投左打,1979年3月14日,大阪・柏原高 - 亜細亜大 - 河合楽器,2001年ドラフト4巡目,NA
61265112,平田　良介,ひらた・りょうすけ,中日ドラゴンズ,右投右打,1988年3月23日,大阪桐蔭高,2005年高校生ドラフト1巡目,NA
51455112,藤井　淳志,ふじい・あつし,中日ドラゴンズ,右投両打,1981年5月20日,豊橋東高 - 筑波大 - NTT西日本,2005年大学生・社会人ドラフト3巡目,NA
31635114,福田　永将,ふくだ・のぶまさ,中日ドラゴンズ,右投右打,1988年7月23日,横浜高,2006年高校生ドラフト3巡目,NA
23125118,Ｔ．ブランコ,トニ・ブランコ　(TONY BLANCO),オリックス・バファローズ,右投右打,1980年11月10日,サンアグスティン高 - ナショナルズ,,NA
91495115,前田　章宏,まえだ・あきひろ,中日ドラゴンズ,右投右打,1983年6月19日,中京大中京高,2001年ドラフト1巡目,NA
51455131,松井　雅人,まつい・まさと,オリックス・バファローズ,右投左打,1987年11月19日,桐生第一高 - 上武大,2009年ドラフト7位,NA
71475131,松井　佑介,まつい・ゆうすけ,オリックス・バファローズ,右投右打,1987年7月10日,大商大堺高 - 東京農業大,2009年ドラフト4位,NA
51255119,三瀬　幸司,みせ・こうじ,中日ドラゴンズ,左投左打,1976年3月11日,観音寺一高 - 岡山理科大 - NTT西日本中国野球クラブ,2003年ドラフト7巡目,NA
21223884,森野　将彦,もりの・まさひこ,中日ドラゴンズ,右投左打,1978年7月28日,東海大相模高,1996年ドラフト2位,NA
01403862,山本昌,やまもとまさ（やまもと・まさひろ）,中日ドラゴンズ,左投左打,1965年8月11日,日大藤沢高,1983年ドラフト5位,NA
31635115,山井　大介,やまい・だいすけ,中日ドラゴンズ,右投右打,1978年5月10日,神戸弘陵高 - 奈良産業大 - 河合楽器,2001年ドラフト6巡目,NA
81685112,柳田　殖生,やなぎだ・しげお,横浜DeNAベイスターズ,右投右打,1982年3月31日,福知山商 - デュプロ - NOMOベースボールクラブ,2005年大学生・社会人ドラフト5巡目,NA
21625116,山内　壮馬,やまうち・そうま,東北楽天ゴールデンイーグルス,右投右打,1985年7月1日,杜若高 - 名城大,2007年大学生・社会人ドラフト1巡目,NA
41445131,矢地　健人,やち・けんと,千葉ロッテマリーンズ,右投右打,1988年1月15日,高岡第一高 - 高岡法科大,2009年育成選手ドラフト1位,NA
41845112,吉見　一起,よしみ・かずき,中日ドラゴンズ,右投右打,1984年9月19日,金光大阪高 - トヨタ自動車,2005年大学生・社会人ドラフト希望枠,NA
31433884,和田　一浩,わだ・かずひろ,中日ドラゴンズ,右投右打,1972年6月19日,県立岐阜商 - 東北福祉大 - 神戸製鋼,1996年ドラフト4位,NA
11515133,大野　雄大,おおの・ゆうだい,中日ドラゴンズ,左投左打,1988年9月26日,京都外大西高 - 佛教大,2010年ドラフト1位,投手
81885133,カラスコ,フェリックス・カラスコ　(FELIX CARRASCO),中日ドラゴンズ,右投両打,1987年2月14日,フランシスコグレゴリオビジニ高 - 米マイナー - ドミニカ・メトロ,,NA
91795112,木下　達生,きのした・たつお,東京ヤクルトスワローズ,右投右打,1987年11月28日,東邦高,2005年高校生ドラフト3巡目,NA
13115133,グスマン,ジョエル・グスマン　(JOEL GUZMAN),中日ドラゴンズ,右投右打,1984年11月24日,リセオエウヘニオマリアデホスト高 - ドジャース - デビルレイズ,,NA
21523887,佐伯　貴弘,さえき・たかひろ,中日ドラゴンズ,左投左打,1970年4月18日,尽誠学園高 - 大阪商業大,1992年ドラフト2位,NA
03505133,Ｅ．ソト,エンジェルベルト・ソト　(ENYELBERT SOTO),横浜DeNAベイスターズ,左投左打,1982年8月20日,ラファエルマリアバウル高 - 米マイナー - イタリア・コドーニョ,,NA
31435113,水田　圭介,みずた・けいすけ,東京ヤクルトスワローズ,右投右打,1980年11月4日,大阪桐蔭高 - プリンスホテル,2000年ドラフト7位,NA
61665133,武藤　祐太,むとう・ゆうた,横浜DeNAベイスターズ,右投右打,1989年6月14日,飯能南高 - ホンダ,2010年ドラフト3位,NA
81685133,森越　祐人,もりこし・ゆうと,埼玉西武ライオンズ,右投右打,1988年8月11日,愛知啓成高 - 名城大,2010年ドラフト4位,NA
41343886,川上　憲伸,かわかみ・けんしん,中日ドラゴンズ,右投右打,1975年6月22日,徳島商 - 明治大,1997年ドラフト1位,NA
21525135,川崎　貴弘,かわさき・たかひろ,中日ドラゴンズ,右投右打,1993年8月2日,津東高,2011年ドラフト5位,NA
93395135,Ｊ．ソーサ,ホルヘ・ソーサ　(JORGE SOSA),横浜DeNAベイスターズ,右投右打,1977年4月28日,サンホセデメンドーサ高 - デビルレイズ - ブレーブス - カージナルス - メッツ - ナショナルズ - マーリンズ,,NA
91095135,高橋　周平,たかはし・しゅうへい,中日ドラゴンズ,右投左打,1994年1月18日,東海大甲府高,2011年ドラフト1位,内野手
21025135,田島　慎二,たじま・しんじ,中日ドラゴンズ,右投右打,1989年12月21日,中部大一高 - 東海学園大,2011年ドラフト3位,NA
31235135,辻　孟彦,つじ・たけひこ,中日ドラゴンズ,右投右打,1989年7月27日,京都外大西高 - 日本体育大,2011年ドラフト4位,NA
03305135,Ｖ．ディアス,ビクトル・ディアス　(VICTOR DIAZ),中日ドラゴンズ,右投右打,1981年12月10日,グレイソンカウンティー大 - メッツ - レンジャーズ - 韓国・ハンファ,,NA
71475135,西川　健太郎,にしかわ・けんたろう,中日ドラゴンズ,右投右打,1993年4月18日,星稜高,2011年ドラフト2位,NA
01303868,山﨑　武司,やまさき・たけし,中日ドラゴンズ,右投右打,1968年11月7日,愛工大名電高,1986年ドラフト2位,NA
81185137,井上　公志,いのうえ・こうし,中日ドラゴンズ,右投右打,1988年8月21日,育英高 - 岐阜聖徳学園大 - シティライト岡山,2012年ドラフト6位,NA
01605137,Ｄ．カブレラ,ダニエル・カブレラ　(DANIEL CABRERA),中日ドラゴンズ,右投右打,1981年5月28日,ガストンフェルナンドデリネス高 - オリオールズ - ナショナルズ - ダイヤモンドバックス,,NA
21625137,Ｍ．クラーク,マット・クラーク　(MATT CLARK),オリックス・バファローズ,右投左打,1986年12月10日,ルイジアナ州大 - 米マイナー,,NA
61765137,杉山　翔大,すぎやま・しょうた,中日ドラゴンズ,右投右打,1991年2月10日,東総工 - 早稲田大,2012年ドラフト4位,NA
71075137,濱田　達郎,はまだ・たつろう,中日ドラゴンズ,左投左打,1994年8月4日,愛工大名電高,2012年ドラフト2位,NA
21025137,福谷　浩司,ふくたに・こうじ,北海道日本ハムファイターズ,右投右打,1991年1月9日,愛知・横須賀高 - 慶応大,2012年ドラフト1位,投手
81085137,古本　武尊,ふるもと・たける,中日ドラゴンズ,右投左打,1990年12月4日,福岡大大濠高 - 龍谷大,2012年ドラフト3位,NA
91895137,Ｂ．ブラッドリー,ブラッドリー・バーゲセン　(BRADLEY BERGESEN),中日ドラゴンズ,右投左打,1985年9月25日,フットヒル高 - オリオールズ - ダイヤモンドバックス,,NA
33335137,Ｗ．マドリガル,ワーナー・マドリガル　(WARNER MADRIGAL),中日ドラゴンズ,右投右打,1984年3月21日,エバンヘリナロドリゲス高 - レンジャーズ,,NA
81285137,溝脇　隼人,みぞわき・はやと,中日ドラゴンズ,右投左打,1994年5月17日,九州学院高,2012年ドラフト5位,NA
53155137,Ｈ．ルナ,エクトル・ルナ　(HECTOR LUNA),広島東洋カープ,右投右打,1980年2月1日,リセオホセマルティン高 - カージナルス - インディアンス - ブルージェイズ - マーリンズ - フィリーズ,,NA
51655137,若松　駿太,わかまつ・しゅんた,中日ドラゴンズ,右投右打,1995年2月28日,祐誠高,2012年ドラフト7位,NA
21125139,阿知羅　拓馬,あちら・たくま,中日ドラゴンズ,右投右打,1992年11月20日,大垣日大高 - JR東日本,2013年ドラフト4位,NA
31835139,Ａ．エルナンデス,アンダーソン・エルナンデス　(ANDERSON HERNANDEZ),中日ドラゴンズ,右投両打,1982年10月30日,サンホセフェアレグリア高 - メッツ - ナショナルズ - メッツ - インディアンス - アストロズ,,NA
41545139,桂　依央利,かつら・いおり,中日ドラゴンズ,右投右打,1991年7月9日,太成学院大高 - 大阪商業大,2013年ドラフト3位,NA
61865139,Ａ．ゴメス,アレクシス・ゴメス　(ALEXIS GOMEZ),中日ドラゴンズ,左投左打,1978年8月8日,リセオヘネラルホセカブレラ高 - ロイヤルズ - タイガース,,NA
81785139,鈴木　翔太,すずき・しょうた,阪神タイガース,右投右打,1995年6月16日,聖隷クリストファー高,2013年ドラフト1位,NA
91995139,祖父江　大輔,そぶえ・だいすけ,中日ドラゴンズ,右投左打,1987年8月11日,愛知高 - 愛知大 - トヨタ自動車,2013年ドラフト5位,NA
61065117,武山　真吾,たけやま・しんご,中日ドラゴンズ,右投右打,1984年6月22日,享栄高,2002年ドラフト10巡目,NA
73175118,Ｎ．パヤノ,ネルソン・パヤノ　(NELSON PAYANO),中日ドラゴンズ,左投左打,1982年11月13日,エスクエラベセスダ高 - 米マイナー,,NA
61265139,又吉　克樹,またよし・かつき,福岡ソフトバンクホークス,右投右打,1990年11月4日,西原高 - 環太平洋大 - 四国・香川,2013年ドラフト2位,NA
51655133,三ツ俣　大樹,みつまた・たいき,東京ヤクルトスワローズ,右投右打,1992年5月11日,修徳高,2010年ドラフト2位,NA
41145130,石川　駿,いしかわ・しゅん,中日ドラゴンズ,右投右打,1990年5月26日,北大津高 - 明治大 - JX-ENEOS,2014年ドラフト4位,NA
71375130,井領　雅貴,いりょう・まさたか,中日ドラゴンズ,右投左打,1989年11月4日,桐蔭学園高 - JX-ENEOS,2014年ドラフト6位,NA
41345130,遠藤　一星,えんどう・いっせい,中日ドラゴンズ,右投左打,1989年3月23日,駒場学園高 - 中央大 - 東京ガス,2014年ドラフト7位,NA
71575135,亀澤　恭平,かめざわ・きょうへい,中日ドラゴンズ,右投左打,1988年10月15日,作陽高 - 環太平洋大 - 四国・香川,2011年育成選手ドラフト2位,NA
41545130,加藤　匠馬,かとう・たくま,中日ドラゴンズ,右投右打,1992年4月29日,三重高 - 青山学院大,2014年ドラフト5位,捕手
11715130,金子　丈,かねこ・たけし,中日ドラゴンズ,右投右打,1993年2月25日,大阪学院大高 - 大阪商業大,2014年ドラフト9位,NA
81785130,近藤　弘基,こんどう・ひろき,中日ドラゴンズ,右投右打,1993年2月12日,享栄高 - 名城大,2014年育成選手ドラフト4位,NA
81285130,友永　翔太,ともなが・しょうた,中日ドラゴンズ,右投左打,1991年4月1日,東海大相模高 - 国際武道大 - 日本通運,2014年ドラフト3位,NA
23325130,Ｒ．ナニータ,リカルド・ナニータ　(RICARDO NANITA),中日ドラゴンズ,左投左打,1981年6月12日,フロリダインターナショナル大 - 米マイナー,,NA
63765130,Ｄ．ネイラー,ドリュー・ネイラー　(DREW NAYLOR),中日ドラゴンズ,右投右打,1986年5月31日,アングリカンチャーチグラマー高 - 米マイナー - 四国・香川,,NA
21425130,野村　亮介,のむら・りょうすけ,中日ドラゴンズ,右投右打,1993年7月9日,静清高 - 三菱日立パワーシステムズ横浜,2014年ドラフト1位,NA
41445130,浜田　智博,はまだ・ともひろ,中日ドラゴンズ,左投左打,1992年10月1日,宮崎工 - 九州産業大,2014年ドラフト2位,NA
83385130,Ｒ．バルデス,ラウル・バルデス　(RAUL VALDES),中日ドラゴンズ,左投左打,1977年11月27日,マルコアントニアラフェ高 - メッツ - カージナルス - ヤンキース - フィリーズ - アストロズ,,NA
61665112,八木　智哉,やぎ・ともや,中日ドラゴンズ,左投左打,1983年11月7日,日本航空高 - 創価大,2005年大学生・社会人ドラフト希望枠,NA
33135130,山本　雅士,やまもと・まさし,中日ドラゴンズ,右投左打,1994年11月3日,安芸南高 - 四国・徳島,2014年ドラフト8位,NA
61165132,阿部　寿樹,あべ・としき,中日ドラゴンズ,右投右打,1989年12月3日,一関一高 - 明治大 - ホンダ,2015年ドラフト5位,内野手
51355132,石岡　諒太,いしおか・りょうた,オリックス・バファローズ,左投左打,1992年5月25日,神戸国際大付高 - JR東日本,2015年ドラフト6位,NA
41345116,大場　翔太,おおば・しょうた,中日ドラゴンズ,右投右打,1985年6月27日,八千代松陰高 - 東洋大,2007年大学生・社会人ドラフト1巡目,NA
71575132,小笠原　慎之介,おがさわら・しんのすけ,読売ジャイアンツ,左投左打,1997年10月8日,東海大相模高,2015年ドラフト1位,投手
31735132,木下　拓哉,きのした・たくや,中日ドラゴンズ,右投右打,1991年12月18日,高知高 - 法政大 - トヨタ自動車,2015年ドラフト3位,捕手
71975132,佐藤　優,さとう・ゆう,中日ドラゴンズ,右投左打,1993年6月29日,古川学園高 - 東北福祉大,2015年ドラフト2位,NA
33535132,Ｊ．アルメンゴ,ジョーダン・アルメンゴ　(JORDAN ARMENGOT),東京ヤクルトスワローズ,左投左打,1986年12月8日,エドビルヘブラボカスティージョ高 - ダイヤモンドバックス - アスレチックス,,NA
93095132,Ｌ．セプティモ,レイソン・セプティモ　(LEYSON SEPTIMO),中日ドラゴンズ,左投左打,1985年7月7日,ラモンマティアスメジャ高 - ホワイトソックス,,NA
41743880,多村　仁志,たむら・ひとし,中日ドラゴンズ,右投右打,1977年3月28日,横浜高,1994年ドラフト4位,NA
13715132,Ｄ．ビシエド,ダヤン・ビシエド　(DAYAN VICIEDO),横浜DeNAベイスターズ,右投右打,1989年3月10日,エスクエラデポルテエスパ高 - ホワイトソックス,,内野手
41645132,福　敬登,ふく・ひろと,中日ドラゴンズ,左投左打,1992年6月16日,神戸西高 - JR九州,2015年ドラフト4位,投手
01805132,三ツ間　卓也,みつま・たくや,中日ドラゴンズ,右投右打,1992年7月22日,高崎健康福祉大高崎高 - 高千穂大 - BC・武蔵,2015年育成選手ドラフト3位,NA
03305132,渡辺　勝,わたなべ・まさる,中日ドラゴンズ,右投左打,1993年10月14日,東海大相模高 - 東海大,2015年育成選手ドラフト6位,NA
03305134,Ｅ．アラウホ,エルビス・アラウホ　(ELVIS ARAUJO),中日ドラゴンズ,左投左打,1991年7月15日,バタジャナバルデルラゴ高 - フィリーズ,,NA
41145134,石垣　勝海,いしがき・まさみ,千葉ロッテマリーンズ,右投右打,1998年9月21日,酒田南高,2016年ドラフト3位,内野手
31535134,笠原　祥太郎,かさはら・しょうたろう,横浜DeNAベイスターズ,左投左打,1995年3月17日,新津高 - 新潟医療福祉大,2016年ドラフト4位,NA
41545134,木下　雄介,きのした・ゆうすけ,中日ドラゴンズ,右投右打,1993年10月10日,生光学園高 - 四国・徳島,2016年育成選手ドラフト1位,NA
81585134,京田　陽太,きょうだ・ようた,横浜DeNAベイスターズ,右投左打,1994年4月20日,青森山田高 - 日本大,2016年ドラフト2位,内野手
31035118,谷元　圭介,たにもと・けいすけ,中日ドラゴンズ,右投右打,1985年1月28日,稲生高 - 中部大 - バイタルネット,2008年ドラフト7位,NA
21625134,藤嶋　健人,ふじしま・けんと,中日ドラゴンズ,右投右打,1998年5月8日,東邦高,2016年ドラフト5位,投手
61865134,丸山　泰資,まるやま・たいすけ,中日ドラゴンズ,右投右打,1995年2月5日,東邦高 - 東海大,2016年ドラフト6位,NA
23925134,Ｒ．マルティネス,ライデル・マルティネス　(RAIDEL MARTINEZ),読売ジャイアンツ,右投左打,1996年10月11日,エイデデピナルデルリオ高 - キューバ・ピナルデルリオ,,投手
63165134,柳　裕也,やなぎ・ゆうや,中日ドラゴンズ,右投右打,1994年4月22日,横浜高 - 明治大,2016年ドラフト1位,投手
93995134,Ｊ．ロンドン,ホルヘ・ロンドン　(JORGE RONDON),中日ドラゴンズ,右投右打,1988年2月16日,リセオアレハンドロウンボルト高 - カージナルス - ロッキーズ - オリオールズ - パイレーツ,,NA
43345136,Ｚ．アルモンテ,ソイロ・アルモンテ　(ZOILO ALMONTE),中日ドラゴンズ,右投両打,1989年6月10日,セナペック高 - ヤンキース,,NA
21125136,石川　翔,いしかわ・しょう,中日ドラゴンズ,右投左打,1999年12月14日,青藍泰斗高,2017年ドラフト2位,NA
41145136,マルク,まるく（いしだ・けんとまるく）,中日ドラゴンズ,右投右打,1995年7月18日,東邦高 - 龍谷大,2017年育成選手ドラフト2位,NA
81185136,伊藤　康祐,いとう・こうすけ,中日ドラゴンズ,右投右打,2000年2月3日,中京大中京高,2017年ドラフト5位,NA
61365118,大野　奨太,おおの・しょうた,中日ドラゴンズ,右投右打,1987年1月13日,岐阜総合学園高 - 東洋大,2008年ドラフト1位,NA
33535136,Ｏ．ガルシア,オネルキ・ガルシア　(ONELKI GARCIA),阪神タイガース,左投左打,1989年8月2日,エスクエラエスパ高 - ドジャース - ロイヤルズ,,NA
01905136,清水　達也,しみず・たつや,中日ドラゴンズ,右投右打,1999年11月3日,花咲徳栄高,2017年ドラフト4位,投手
73575136,Ｄ．ジー,ディロン・ジー　(DILLON GEE),中日ドラゴンズ,右投右打,1986年4月28日,テキサス大アーリントン校 - メッツ - ロイヤルズ - レンジャーズ - ツインズ,,NA
61965136,博志,ひろし（すずき・ひろし）,オリックス・バファローズ,右投右打,1997年3月22日,磐田東高 - ヤマハ,2017年ドラフト1位,投手
21025136,髙松　渡,たかまつ・わたる,埼玉西武ライオンズ,右投左打,1999年7月2日,滝川二高,2017年ドラフト3位,内野手
31233888,松坂　大輔,まつざか・だいすけ,埼玉西武ライオンズ,右投右打,1980年9月13日,横浜高,1998年ドラフト1位,NA
73975136,Ａ．マルティネス,アリエル・マルティネス　(ARIEL MARTINEZ),北海道日本ハムファイターズ,右投右打,1996年5月28日,コマンダンテマヌエルピティファハルド体育大 - キューバ・マタンサス,,捕手
53755136,Ｓ．モヤ,スティーブン・モヤ　(STEVEN MOYA),オリックス・バファローズ,右投左打,1991年8月9日,セナペック高 - タイガース,,NA
03105136,山本　拓実,やまもと・たくみ,北海道日本ハムファイターズ,右投右打,2000年1月31日,市立西宮高,2017年ドラフト6位,投手
83985136,Ｊ．ロドリゲス,ジョエリー・ロドリゲス　(JOELY RODRIGUEZ),中日ドラゴンズ,左投左打,1991年11月14日,マテルナルリリ高 - フィリーズ,,NA
91195138,石橋　康太,いしばし・こうた,中日ドラゴンズ,右投右打,2000年12月7日,関東第一高,2018年ドラフト4位,捕手
81185138,梅津　晃大,うめつ・こうだい,中日ドラゴンズ,右投右打,1996年10月24日,仙台育英高 - 東洋大,2018年ドラフト2位,投手
21525138,勝野　昌慶,かつの・あきよし,中日ドラゴンズ,右投右打,1997年6月12日,土岐商 - 三菱重工名古屋,2018年ドラフト3位,投手
91995137,武田　健吾,たけだ・けんご,中日ドラゴンズ,右投右打,1994年4月18日,自由ケ丘高,2012年ドラフト4位,NA
81985138,滝野　要,たきの・かなめ,中日ドラゴンズ,右投左打,1996年7月8日,大垣日大高 - 大阪商業大,2018年ドラフト6位,NA
81285138,根尾　昂,ねお・あきら,中日ドラゴンズ,右投左打,2000年4月19日,大阪桐蔭高,2018年ドラフト1位,投手
21225137,松葉　貴大,まつば・たかひろ,中日ドラゴンズ,左投左打,1990年8月14日,東洋大姫路高 - 大阪体育大,2012年ドラフト1位,投手
03505138,Ｅ．ロメロ,エンニー・ロメロ　(ENNY ROMERO),千葉ロッテマリーンズ,左投右打,1991年1月24日,ラモンエミリオヒメネス高 - レイズ - ナショナルズ - パイレーツ - ロイヤルズ,,NA
91195151,石川　昂弥,いしかわ・たかや,中日ドラゴンズ,右投右打,2001年6月22日,東邦高,2019年ドラフト1位,内野手
61565151,岡野　祐一郎,おかの・ゆういちろう,中日ドラゴンズ,右投右打,1994年4月16日,聖光学院高 - 青山学院大 - 東芝,2019年ドラフト3位,NA
81585151,岡林　勇希,おかばやし・ゆうき,中日ドラゴンズ,右投左打,2002年2月22日,菰野高,2019年ドラフト5位,外野手
21925151,郡司　裕也,ぐんじ・ゆうや,北海道日本ハムファイターズ,右投右打,1997年12月27日,仙台育英高 - 慶応大,2019年ドラフト4位,捕手
43345151,Ｌ．ゴンサレス,ルイス・ゴンサレス　(LUIS GONZALEZ),中日ドラゴンズ,左投右打,1992年1月17日,リセオマリアパスクワル高 - 米マイナー,,NA
33535151,Ｍ．シエラ,モイセ・シエラ　(MOISES SIERRA),中日ドラゴンズ,右投右打,1988年9月24日,イバングスマンクラン高 - ブルージェイズ - ホワイトソックス - ナショナルズ,,NA
21425151,橋本　侑樹,はしもと・ゆうき,中日ドラゴンズ,左投左打,1998年1月8日,大垣日大高 - 大阪商業大,2019年ドラフト2位,投手
33935151,Ｙ．ロドリゲス,ジャリエル・ロドリゲス　(YARIEL RODRIGUEZ),中日ドラゴンズ,右投右打,1997年3月10日,エスクエラアルマンドメストレ高 - キューバ・カマグエイ,,NA
01103888,新井　貴浩,あらい・たかひろ,広島東洋カープ,右投右打,1977年1月30日,広島工 - 駒沢大,1998年ドラフト6位,NA
51155115,浅井　良,あさい・りょう,阪神タイガース,右投右打,1979年7月19日,桐蔭学園高 - 法政大,2001年ドラフト自由枠,NA
41145115,安藤　優也,あんどう・ゆうや,阪神タイガース,右投右打,1977年12月27日,大分雄城台高 - 法政大 - トヨタ自動車,2001年ドラフト自由枠,NA
51155117,阿部　健太,あべ・けんた,東京ヤクルトスワローズ,右投左打,1984年9月8日,松山商,2002年ドラフト4巡目,NA
51155131,秋山　拓巳,あきやま・たくみ,阪神タイガース,右投左打,1991年4月26日,西条高,2009年ドラフト4位,NA
51355112,岩田　稔,いわた・みのる,阪神タイガース,左投左打,1983年10月31日,大阪桐蔭高 - 関西大,2005年大学生・社会人ドラフト希望枠,NA
21125116,石川　俊介,いしかわ・しゅんすけ,阪神タイガース,右投右打,1985年8月12日,葛生高 - 上武大,2007年大学生・社会人ドラフト3巡目,NA
51355114,上園　啓史,うえぞの・けいじ,東北楽天ゴールデンイーグルス,右投右打,1984年6月30日,東福岡高 - 武蔵大,2006年大学生・社会人ドラフト3巡目,NA
01305118,上本　博紀,うえもと・ひろき,阪神タイガース,右投右打,1986年7月4日,広陵高 - 早稲田大,2008年ドラフト3位,NA
01305117,江草　仁貴,えぐさ・ひろたか,広島東洋カープ,左投左打,1980年9月3日,盈進高 - 専修大,2002年ドラフト自由枠,NA
91395110,岡﨑　太一,おかざき・たいち,阪神タイガース,右投右打,1983年6月20日,智弁学園高 - 松下電器,2004年ドラフト自由枠,NA
41343885,金本　知憲,かねもと・ともあき,阪神タイガース,右投左打,1968年4月3日,広陵高 - 東北福祉大,1991年ドラフト4位,NA
71373880,金村　曉,かねむら・さとる,阪神タイガース,右投右打,1976年4月19日,仙台育英高,1994年ドラフト1位,NA
71375111,葛城　育郎,かつらぎ・いくろう,阪神タイガース,左投左打,1977年9月28日,倉敷商 - 立命館大,1999年ドラフト2位,NA
11715113,狩野　恵輔,かのう・けいすけ,阪神タイガース,右投右打,1982年12月17日,前橋工,2000年ドラフト3位,NA
01505112,金村　大裕,かねむら・だいゆう,阪神タイガース,右投右打,1983年6月13日,上宮高 - 大阪商業大,2005年大学生・社会人ドラフト3巡目,NA
61565112,川﨑　雄介,かわさき・ゆうすけ,埼玉西武ライオンズ,左投左打,1982年2月17日,宮崎南高 - 九州東海大 - ホンダ熊本,2005年大学生・社会人ドラフト4巡目,NA
61565116,清原　大貴,きよはら・だいき,阪神タイガース,右投右打,1989年6月11日,常総学院高,2007年高校生ドラフト4巡目,NA
61765117,久保田　智之,くぼた・ともゆき,阪神タイガース,右投右打,1981年1月30日,埼玉・滑川高 - 常磐大,2002年ドラフト5巡目,NA
61565110,久保　康友,くぼ・やすとも,横浜DeNAベイスターズ,右投右打,1980年8月6日,関大一高 - 松下電器,2004年ドラフト自由枠,NA
41545119,小宮山　慎二,こみやま・しんじ,阪神タイガース,右投右打,1985年11月26日,横浜隼人高,2003年ドラフト5巡目,NA
11915114,小嶋　達也,こじま・たつや,阪神タイガース,左投左打,1985年10月7日,遊学館高 - 大阪ガス,2006年大学生・社会人ドラフト希望枠,NA
01705115,桜井　広大,さくらい・こうだい,阪神タイガース,右投右打,1983年7月1日,PL学園高,2001年ドラフト4巡目,NA
61565119,坂　克彦,さか・かつひこ,阪神タイガース,右投左打,1985年9月6日,常総学院高,2003年ドラフト4巡目,NA
81585119,桟原　将司,さじきはら・まさし,埼玉西武ライオンズ,右投右打,1982年8月21日,大阪桐蔭高 - 新日鉄広畑,2003年ドラフト4巡目,NA
81283883,下柳　剛,しもやなぎ・つよし,東北楽天ゴールデンイーグルス,左投左打,1968年5月16日,瓊浦高 - 八幡大中退 - 新日鉄君津,1990年ドラフト4位,NA
31733880,城島　健司,じょうじま・けんじ,阪神タイガース,右投右打,1976年6月8日,別府大付高,1994年ドラフト1位,NA
21725119,庄田　隆弘,しょうだ・たかひろ,阪神タイガース,左投左打,1979年11月9日,智弁学園高 - 明治大 - シダックス,2003年ドラフト6巡目,NA
41945114,清水　誉,しみず・たかし,阪神タイガース,右投右打,1984年4月23日,小野高 - 関西学院大,2006年大学生・社会人ドラフト4巡目,NA
71975116,白仁田　寛和,しらにた・ひろかず,オリックス・バファローズ,右投右打,1985年10月2日,糸島高 - 福岡大,2007年大学生・社会人ドラフト1巡目,NA
21725118,柴田　講平,しばた・こうへい,千葉ロッテマリーンズ,左投左打,1986年7月17日,福岡工大城東高 - 国際武道大,2008年ドラフト2位,NA
41745118,蕭　一傑,しょう・いっけつ,福岡ソフトバンクホークス,右投右打,1986年1月2日,日南学園高 - 奈良産業大,2008年ドラフト1位,NA
13515118,鄭　凱文,ぜん・かいうん,横浜DeNAベイスターズ,右投右打,1988年7月26日,中国文化大,,NA
51055117,杉山　直久,すぎやま・なおひさ,阪神タイガース,右投右打,1980年12月25日,東舞鶴高 - 龍谷大,2002年ドラフト自由枠,NA
83585114,Ｊ．スタンリッジ,ジェイソン・スタンリッジ　(JASON STANDRIDGE),千葉ロッテマリーンズ,右投右打,1978年11月9日,ヒューイットトラスビル高 - デビルレイズ - レンジャーズ - レッズ - ロイヤルズ,,NA
81783884,関本　賢太郎,せきもと・けんたろう,阪神タイガース,右投右打,1978年8月26日,天理高,1996年ドラフト2位,NA
31933886,高橋　光信,たかはし・みつのぶ,阪神タイガース,右投右打,1975年7月7日,横浜高 - 国際武道大,1997年ドラフト6位,NA
41945110,玉置　隆,たまき・ゆたか,阪神タイガース,右投右打,1986年9月11日,市立和歌山商,2004年ドラフト9巡目,NA
21925116,髙濱　卓也,たかはま・たくや,千葉ロッテマリーンズ,右投左打,1989年7月6日,横浜高,2007年高校生ドラフト1巡目,NA
51955131,田上　健一,たがみ・けんいち,阪神タイガース,右投左打,1987年12月12日,創価高 - 創価大,2009年育成選手ドラフト2位,NA
91995119,筒井　和也,つつい・かずや,阪神タイガース,左投右打,1981年10月5日,松山北高 - 愛知学院大,2003年ドラフト自由枠,NA
41045112,鶴　直人,つる・なおと,阪神タイガース,右投左打,1987年4月25日,近大付高,2005年高校生ドラフト1巡目,NA
21925119,鳥谷　敬,とりたに・たかし,千葉ロッテマリーンズ,右投左打,1981年6月26日,聖望学園高 - 早稲田大,2003年ドラフト自由枠,NA
41045110,西谷　尚徳,にしたに・ひさのり,阪神タイガース,右投左打,1982年5月6日,鷲宮高 - 明治大,2004年ドラフト4巡目,NA
21225118,西村　憲,にしむら・けん,阪神タイガース,右投右打,1986年12月4日,福岡工大城東高 - 九州産業大,2008年ドラフト4位,NA
61065110,能見　篤史,のうみ・あつし,オリックス・バファローズ,左投左打,1979年5月28日,鳥取城北高 - 大阪ガス,2004年ドラフト自由枠,NA
71475114,野原　将志,のはら・まさし,阪神タイガース,右投右打,1988年4月4日,長崎日大高,2006年高校生ドラフト1巡目,NA
11415118,野原　祐也,のはら・ゆうや,阪神タイガース,右投左打,1985年1月7日,大宮東高 - 国士舘大 - BC・富山,2008年育成選手ドラフト1位,NA
61065131,原口　文仁,はらぐち・ふみひと,阪神タイガース,右投右打,1992年3月3日,帝京高,2009年ドラフト6位,NA
31433885,桧山　進次郎,ひやま・しんじろう,阪神タイガース,右投左打,1969年7月1日,平安高 - 東洋大,1991年ドラフト4位,NA
61265115,平野　恵一,ひらの・けいいち,オリックス・バファローズ,右投左打,1979年4月7日,桐蔭学園高 - 東海大,2001年ドラフト自由枠,NA
81983888,福原　忍,ふくはら・しのぶ,阪神タイガース,右投右打,1976年12月28日,広陵高 - 東洋大,1998年ドラフト3位,NA
71073888,藤川　球児,ふじかわ・きゅうじ,阪神タイガース,右投左打,1980年7月21日,高知商,1998年ドラフト1位,NA
53155116,Ｃ．ブラゼル,クレイグ・ブラゼル　(CRAIG BRAZELL),千葉ロッテマリーンズ,右投左打,1980年5月10日,ジェファーソンデービス高 - メッツ - ロイヤルズ,,NA
51255131,俊介,しゅんすけ（ふじかわ・しゅんすけ）,阪神タイガース,右投右打,1987年8月17日,広陵高 - 近畿大,2009年ドラフト5位,NA
71275131,藤原　正典,ふじはら・まさのり,阪神タイガース,左投左打,1988年1月14日,県立岐阜商 - 立命館大,2009年ドラフト2位,NA
91295131,二神　一人,ふたがみ・かずひと,阪神タイガース,右投右打,1987年6月3日,高知高 - 法政大,2009年ドラフト1位,NA
61865131,Ｃ．フォッサム,ケーシー・フォッサム　(CASEY FOSSUM),阪神タイガース,左投左打,1978年1月6日,テキサスA&M大 - レッドソックス - ダイヤモンドバックス - デビルレイズ - タイガース - メッツ,,NA
53155131,Ｍ．マートン,マット・マートン　(MATT MURTON),阪神タイガース,右投右打,1981年10月3日,ジョージア工大 - カブス - アスレチックス - ロッキーズ,,NA
93195131,Ｒ．メッセンジャー,ランディ・メッセンジャー　(RANDY MESSENGER),阪神タイガース,右投右打,1981年8月13日,スパークス高 - マーリンズ - ジャイアンツ - マリナーズ,,NA
71675116,森田　一成,もりた・いっせい,阪神タイガース,右投左打,1989年8月4日,関西高,2007年高校生ドラフト3巡目,NA
41343883,矢野　燿大,やの・あきひろ,阪神タイガース,右投右打,1968年12月6日,桜宮高 - 東北福祉大,1990年ドラフト2位,NA
61465112,大和,やまと（まえだ・やまと）,横浜DeNAベイスターズ,右投右打,1987年11月5日,樟南高,2005年高校生ドラフト4巡目,NA
21825114,横山　龍之介,よこやま・りゅうのすけ,阪神タイガース,右投右打,1988年9月29日,日本文理高,2006年高校生ドラフト4巡目,NA
81685117,林　威助,りん・うぇいつぅ,阪神タイガース,左投左打,1979年1月22日,柳川高 - 近畿大,2002年ドラフト7巡目,NA
81885112,若竹　竜士,わかたけ・りゅうじ,北海道日本ハムファイターズ,右投右打,1987年10月10日,育英高,2005年高校生ドラフト3巡目,NA
33135112,渡辺　亮,わたなべ・りょう,阪神タイガース,右投右打,1982年2月10日,鳴門工 - 同志社大 - 日本生命,2005年大学生・社会人ドラフト4巡目,NA
91195133,荒木　郁也,あらき・ふみや,阪神タイガース,右投左打,1988年4月25日,日大三高 - 明治大,2010年ドラフト5位,NA
71375133,岩本　輝,いわもと・あきら,オリックス・バファローズ,右投左打,1992年10月21日,南陽工,2010年ドラフト4位,NA
01305133,榎田　大樹,えのきだ・だいき,埼玉西武ライオンズ,左投左打,1986年8月7日,小林西高 - 福岡大 - 東京ガス,2010年ドラフト1位,NA
21525113,加藤　康介,かとう・こうすけ,阪神タイガース,左投左打,1978年7月2日,清水商 - 日本大,2000年ドラフト2位,NA
01505119,黒瀬　春樹,くろせ・はるき,阪神タイガース,右投右打,1985年4月15日,県立岐阜商,2003年ドラフト2巡目,NA
61563884,小林宏,こばやしひろ（こばやし・ひろゆき）,埼玉西武ライオンズ,右投右打,1978年6月4日,春日部共栄高,1996年ドラフト4位,NA
53155133,Ｒ．ザラテ,ロバート・ザラテ　(ROBERT ZARATE),阪神タイガース,左投左打,1987年2月1日,ウデセーザースメタ高 - 米マイナー - BC・群馬,,NA
51055133,島本　浩也,しまもと・ひろや,北海道日本ハムファイターズ,左投左打,1993年2月14日,福知山成美高,2010年育成選手ドラフト2位,投手
51255133,中谷　将大,なかたに・まさひろ,福岡ソフトバンクホークス,右投右打,1993年1月5日,福岡工大城東高,2010年ドラフト3位,NA
51053888,藤井　彰人,ふじい・あきひと,阪神タイガース,右投右打,1976年6月18日,近大付高 - 近畿大,1998年ドラフト2位,NA
31335112,今成　亮太,いまなり・りょうた,阪神タイガース,右投左打,1987年10月6日,浦和学院高,2005年高校生ドラフト4巡目,NA
41145135,伊藤　和雄,いとう・かずお,阪神タイガース,右投右打,1989年12月13日,坂戸西高 - 東京国際大,2011年ドラフト4位,NA
81185135,伊藤　隼太,いとう・はやた,阪神タイガース,右投左打,1989年5月8日,中京大中京高 - 慶応大,2011年ドラフト1位,NA
61765135,歳内　宏明,さいうち・ひろあき,東京ヤクルトスワローズ,右投右打,1993年7月19日,聖光学院高,2011年ドラフト2位,NA
91495135,西田　直斗,にしだ・なおと,阪神タイガース,右投左打,1993年4月26日,大阪桐蔭高,2011年ドラフト3位,NA
31635112,松崎　伸吾,まつざき・しんご,阪神タイガース,左投左打,1983年9月17日,光星学院高 - 東北福祉大,2005年大学生・社会人ドラフト1巡目,NA
01605135,松田　遼馬,まつだ・りょうま,福岡ソフトバンクホークス,右投右打,1994年2月8日,波佐見高,2011年ドラフト5位,NA
81385137,緒方　凌介,おがた・りょうすけ,阪神タイガース,右投左打,1990年8月25日,PL学園高 - 東洋大,2012年ドラフト6位,NA
21525137,金田　和之,かねだ・かずゆき,オリックス・バファローズ,右投右打,1990年9月18日,都城商 - 大阪学院大,2012年ドラフト5位,NA
41645137,Ｂ．コンラッド,ブルックス・コンラッド　(BROOKS CONRAD),阪神タイガース,右投両打,1980年1月16日,アリゾナ州大 - アスレチックス - ブレーブス - ブルワーズ - レイズ,,NA
61765111,高山　久,たかやま・ひさし,阪神タイガース,右投右打,1981年11月16日,九州学院高,1999年ドラフト1位,NA
11015112,高宮　和也,たかみや・かずや,阪神タイガース,左投左打,1981年12月4日,大体大浪商高 - 徳山大 - ホンダ鈴鹿,2005年大学生・社会人ドラフト希望枠,NA
01905137,田面　巧二郎,たなぼ・こうじろう,阪神タイガース,右投右打,1990年12月9日,桐生商 - 日産自動車 - JFE東日本,2012年ドラフト3位,NA
31435117,西岡　剛,にしおか・つよし,阪神タイガース,右投両打,1984年7月27日,大阪桐蔭高,2002年ドラフト1巡目,NA
81983882,日高　剛,ひだか・たけし,阪神タイガース,右投左打,1977年8月15日,九州国際大付高,1995年ドラフト3位,NA
61963888,福留　孝介,ふくどめ・こうすけ,中日ドラゴンズ,右投左打,1977年4月26日,PL学園高 - 日本生命,1998年ドラフト1位,NA
41045137,藤浪　晋太郎,ふじなみ・しんたろう,横浜DeNAベイスターズ,右投右打,1994年4月12日,大阪桐蔭高,2012年ドラフト1位,投手
11215137,北條　史也,ほうじょう・ふみや,阪神タイガース,右投右打,1994年7月29日,光星学院高,2012年ドラフト2位,NA
83185137,Ｂ．ボイヤー,ブレイン・ボイヤー　(BLAINE BOYER),阪神タイガース,右投右打,1981年7月11日,ウォルトン高 - ブレーブス - カージナルス - ダイヤモンドバックス - メッツ,,NA
31335139,岩崎　優,いわざき・すぐる,阪神タイガース,左投左打,1991年6月19日,清水東高 - 国士舘大,2013年ドラフト6位,投手
51355139,岩貞　祐太,いわさだ・ゆうた,阪神タイガース,左投左打,1991年9月5日,必由館高 - 横浜商科大,2013年ドラフト1位,投手
21325139,梅野　隆太郎,うめの・りゅうたろう,阪神タイガース,右投右打,1991年6月17日,福岡工大城東高 - 福岡大,2013年ドラフト4位,捕手
51855139,呉　昇桓,お・すんふぁん,阪神タイガース,右投右打,1982年7月15日,檀国大 - 韓国・三星,,NA
41845139,Ｍ．ゴメス,マウロ・ゴメス　(MAURO GOMEZ),阪神タイガース,右投右打,1984年9月7日,ペドロホセ高 - レッドソックス,,NA
61763888,建山　義紀,たてやま・よしのり,阪神タイガース,右投右打,1975年12月26日,東海大仰星高 - 甲賀総合科学専門学校 - 松下電器,1998年ドラフト2位,NA
81485139,山本　翔也,やまもと・しょうや,阪神タイガース,左投左打,1988年10月12日,福井工大福井高 - 法政大 - 王子,2013年ドラフト5位,NA
31635113,吉見　祐治,よしみ・ゆうじ,阪神タイガース,左投左打,1978年5月21日,星林高 - 東北福祉大,2000年ドラフト2位,NA
11615139,陽川　尚将,ようかわ・なおまさ,埼玉西武ライオンズ,右投右打,1991年7月17日,金光大阪高 - 東京農業大,2013年ドラフト3位,NA
31635139,横田　慎太郎,よこた・しんたろう,阪神タイガース,左投左打,1995年6月9日,鹿児島実,2013年ドラフト2位,NA
81185130,石崎　剛,いしざき・つよし,千葉ロッテマリーンズ,右投右打,1990年9月9日,三和高 - 新日鉄住金鹿島,2014年ドラフト2位,NA
01305130,植田　海,うえだ・かい,阪神タイガース,右投両打,1996年4月19日,近江高,2014年ドラフト5位,内野手
21325130,江越　大賀,えごし・たいが,北海道日本ハムファイターズ,右投右打,1993年3月12日,長崎・海星高 - 駒沢大,2014年ドラフト3位,NA
31735116,桑原　謙太朗,くわはら・けんたろう,阪神タイガース,右投右打,1985年10月29日,津田学園高 - 奈良産業大,2007年大学生・社会人ドラフト3巡目,NA
83585130,Ｍ．サンティアゴ,マリオ・サンティアゴ　(MARIO SANTIAGO),阪神タイガース,右投右打,1984年12月16日,バトンルージュコミュニティー大 - 米マイナー - 韓国・SK,,NA
93795130,Ｎ．ペレス,ネルソン・ペレス　(NELSON PEREZ),阪神タイガース,右投左打,1987年11月16日,ラモンマティアメヤ高 - 米マイナー - BC・石川,,NA
51855130,守屋　功輝,もりや・こうき,阪神タイガース,右投右打,1993年11月25日,倉敷工 - ホンダ鈴鹿,2014年ドラフト4位,NA
53155130,横山　雄哉,よこやま・ゆうや,阪神タイガース,左投左打,1994年2月21日,山形中央高 - 新日鉄住金鹿島,2014年ドラフト1位,NA
71175132,青柳　晃洋,あおやぎ・こうよう,東京ヤクルトスワローズ,右投右打,1993年12月11日,川崎工科高 - 帝京大,2015年ドラフト5位,投手
91395132,板山　祐太郎,いたやま・ゆうたろう,中日ドラゴンズ,右投左打,1994年3月27日,成立学園高 - 亜細亜大,2015年ドラフト6位,内野手
11915132,坂本　誠志郎,さかもと・せいしろう,阪神タイガース,右投右打,1993年11月10日,履正社高 - 明治大,2015年ドラフト2位,捕手
23025132,Ｃ．サターホワイト,コーディ・サターホワイト　(CODY SATTERWHITE),阪神タイガース,右投右打,1987年1月27日,ミシシッピ大 - 米マイナー,,NA
01005132,髙山　俊,たかやま・しゅん,阪神タイガース,右投左打,1993年4月18日,日大三高 - 明治大,2015年ドラフト1位,NA
21025132,竹安　大知,たけやす・だいち,オリックス・バファローズ,右投右打,1994年9月27日,伊東商 - 熊本ゴールデンラークス,2015年ドラフト3位,NA
03505132,Ｒ．ドリス,ラファエル・ドリス　(RAFAEL DOLIS),阪神タイガース,右投右打,1988年1月10日,ディビナプロビデンシア校 - カブス,,投手
73775132,Ｍ．ヘイグ,マット・ヘイグ　(MATT HAGUE),阪神タイガース,右投右打,1985年8月20日,オクラホマ州大 - パイレーツ - ブルージェイズ,,NA
83785132,Ｍ．マテオ,マルコス・マテオ　(MARCOS MATEO),阪神タイガース,右投右打,1984年4月18日,サンタアナ高 - カブス - パドレス,,NA
81885132,望月　惇志,もちづき・あつし,阪神タイガース,右投右打,1997年8月2日,横浜創学館高,2015年ドラフト4位,NA
91195119,糸井　嘉男,いとい・よしお,阪神タイガース,右投左打,1981年7月31日,宮津高 - 近畿大,2003年ドラフト自由枠,NA
81185134,糸原　健斗,いとはら・けんと,阪神タイガース,右投左打,1992年11月11日,開星高 - 明治大 - JX-ENEOS,2016年ドラフト5位,内野手
21325134,大山　悠輔,おおやま・ゆうすけ,阪神タイガース,右投右打,1994年12月19日,つくば秀英高 - 白鴎大,2016年ドラフト1位,内野手
81385134,小野　泰己,おの・たいき,オリックス・バファローズ,右投右打,1994年5月30日,折尾愛真高 - 富士大,2016年ドラフト2位,NA
73575134,Ｅ．キャンベル,エリック・キャンベル　(ERIC CAMPBELL),阪神タイガース,右投右打,1987年4月9日,ボストンカレッジ - メッツ,,NA
41745134,才木　浩人,さいき・ひろと,阪神タイガース,右投右打,1998年11月7日,須磨翔風高,2016年ドラフト3位,投手
91495134,長坂　拳弥,ながさか・けんや,阪神タイガース,右投右打,1994年4月28日,高崎健康福祉大高崎高 - 東北福祉大,2016年ドラフト7位,捕手
71675134,浜地　真澄,はまち・ますみ,横浜DeNAベイスターズ,右投右打,1998年5月25日,福岡大大濠高,2016年ドラフト4位,投手
01605134,福永　春吾,ふくなが・しゅんご,阪神タイガース,右投左打,1994年5月14日,クラーク記念国際高 - 関西・06 - 四国・徳島,2016年ドラフト6位,NA
43145139,Ｌ．メンドーサ,ルイス・メンドーサ　(LUIS MENDOZA),阪神タイガース,右投右打,1983年10月31日,フストシエラ高 - レンジャーズ - ロイヤルズ,,NA
53955134,Ｒ．メンデス,ロマン・メンデス　(ROMAN MENDEZ),阪神タイガース,右投右打,1990年7月25日,リックガストンフェルナンデス高 - レンジャーズ - レッドソックス,,NA
31835112,柳瀬　明宏,やなせ・あきひろ,阪神タイガース,右投右打,1983年7月8日,如水館高 - 龍谷大,2005年大学生・社会人ドラフト6巡目,NA
23025134,Ｊ．ロジャース,ジェイソン・ロジャース　(JASON ROGERS),阪神タイガース,右投右打,1988年3月13日,コロンバス州大 - ブルワーズ - パイレーツ,,NA
01105137,飯田　優也,いいだ・ゆうや,オリックス・バファローズ,左投左打,1990年11月27日,神戸弘陵高 - 東京農業大生産学部,2012年育成選手ドラフト3位,NA
01105136,石井　将希,いしい・まさき,阪神タイガース,左投左打,1995年7月12日,桐生第一高 - 上武大,2017年育成選手ドラフト1位,NA
31535131,岡本　洋介,おかもと・ようすけ,阪神タイガース,右投右打,1985年9月27日,南部高 - 国士舘大 - ヤマハ,2009年ドラフト6位,NA
61365134,尾仲　祐哉,おなか・ゆうや,東京ヤクルトスワローズ,右投左打,1995年1月31日,高稜高 - 広島経済大,2016年ドラフト6位,NA
81585136,熊谷　敬宥,くまがい・たかひろ,阪神タイガース,右投右打,1995年11月10日,仙台育英高 - 立教大,2017年ドラフト3位,内野手
91995136,島田　海吏,しまだ・かいり,阪神タイガース,右投左打,1996年2月6日,九州学院高 - 上武大,2017年ドラフト4位,外野手
91095136,髙橋　遥人,たかはし・はると,阪神タイガース,左投左打,1995年11月7日,常葉橘高 - 亜細亜大,2017年ドラフト2位,投手
31235136,谷川　昌希,たにがわ・まさき,北海道日本ハムファイターズ,右投右打,1992年10月6日,筑陽学園高 - 東京農業大 - 九州三菱自動車,2017年ドラフト5位,NA
93995136,Ｅ．ナバーロ,エフレン・ナバーロ　(EFREN NAVARRO),阪神タイガース,左投左打,1986年5月14日,ネバダ大ラスベガス校 - エンゼルス - タイガース - カブス,,NA
41445136,馬場　皐輔,ばば・こうすけ,横浜DeNAベイスターズ,右投右打,1995年5月18日,仙台育英高 - 仙台大,2017年ドラフト1位,投手
73775136,Ｄ．モレノ,ディエゴ・モレノ　(DIEGO MORENO),阪神タイガース,右投右打,1987年7月21日,イゲローテ高 - ヤンキース - レイズ,,NA
81685118,山崎　憲晴,やまざき・のりはる,阪神タイガース,右投右打,1986年12月13日,埼玉栄高 - 横浜商科大,2008年ドラフト3位,NA
23725136,Ｗ．ロサリオ,ウィリン・ロサリオ　(WILIN ROSARIO),阪神タイガース,右投右打,1989年2月23日,イライアスロドリゲス高 - ロッキーズ - 韓国・ハンファ,,NA
31535138,小幡　竜平,おばた・りゅうへい,阪神タイガース,右投左打,2000年9月21日,延岡学園高,2018年ドラフト2位,内野手
01505138,片山　雄哉,かたやま・ゆうや,阪神タイガース,右投左打,1994年6月18日,刈谷工 - 至学館短大 - BC・福井,2018年育成選手ドラフト1位,NA
11715138,川原　陸,かわはら・りく,阪神タイガース,左投左打,2000年12月12日,創成館高,2018年ドラフト5位,NA
31735138,木浪　聖也,きなみ・せいや,阪神タイガース,右投左打,1994年6月15日,青森山田高 - 亜細亜大 - ホンダ,2018年ドラフト3位,内野手
21725138,齋藤　友貴哉,さいとう・ゆきや,北海道日本ハムファイターズ,右投左打,1995年1月5日,山形中央高 - 桐蔭横浜大 - ホンダ,2018年ドラフト4位,投手
63165138,Ｐ．ジョンソン,ピアース・ジョンソン　(PIERCE JOHNSON),阪神タイガース,右投右打,1991年5月10日,ミズーリ州大 - カブス - ジャイアンツ,,NA
03705138,Ｙ．ソラーテ,ヤンハービス・ソラーテ　(YANGERVIS SOLARTE),阪神タイガース,右投両打,1987年7月3日,トーマスアルバエディソン高 - ヤンキース - パドレス - ブルージェイズ - ジャイアンツ,,NA
31035132,高野　圭佑,たかの・けいすけ,阪神タイガース,右投右打,1991年12月28日,呉工 - 四国学院大 - JR西日本,2015年ドラフト7位,NA
71075138,近本　光司,ちかもと・こうじ,阪神タイガース,左投左打,1994年11月9日,社高 - 関西学院大 - 大阪ガス,2018年ドラフト1位,外野手
71275118,西　勇輝,にし・ゆうき,阪神タイガース,右投右打,1990年11月10日,菰野高,2008年ドラフト3位,投手
63365138,Ｊ．マルテ,ジェフリー・マルテ　(JEFRY MARTE),阪神タイガース,右投右打,1991年6月21日,セナペックラロマーナ高 - タイガース - エンゼルス,,NA
41845138,湯浅　京己,ゆあさ・あつき,阪神タイガース,右投右打,1999年7月17日,聖光学院高 - BC・富山,2018年ドラフト6位,投手
31335151,井上　広大,いのうえ・こうた,千葉ロッテマリーンズ,右投右打,2001年8月12日,履正社高,2019年ドラフト2位,外野手
71575151,遠藤　成,えんどう・じょう,東京ヤクルトスワローズ,右投左打,2001年9月19日,東海大相模高,2019年ドラフト4位,内野手
53355151,Ｊ．エドワーズ,ジョン・エドワーズ　(JON EDWARDS),阪神タイガース,右投右打,1988年1月8日,ケラー高 - レンジャーズ - パドレス - インディアンス,,NA
11715151,小川　一平,おがわ・いっぺい,阪神タイガース,右投右打,1997年6月3日,県立横須賀工 - 東海大九州キャンパス,2019年ドラフト6位,投手
71775151,小野寺　暖,おのでら・だん,阪神タイガース,右投右打,1998年3月17日,京都翔英高 - 大阪商業大,2019年育成選手ドラフト1位,外野手
91795151,及川　雅貴,およかわ・まさき,阪神タイガース,左投左打,2001年4月18日,横浜高,2019年ドラフト3位,投手
93395151,Ｊ．ガンケル,ジョー・ガンケル　(JOE GUNKEL),福岡ソフトバンクホークス,右投右打,1991年12月30日,ウエストチェスター大 - 米マイナー,,NA
21725134,小林　慶祐,こばやし・けいすけ,阪神タイガース,右投右打,1992年11月2日,八千代松陰高 - 東京情報大 - 日本生命,2016年ドラフト5位,NA
63365151,Ｊ．サンズ,ジェリー・サンズ　(JERRY SANDS),阪神タイガース,右投右打,1987年9月28日,カトーバ大 - ドジャース - レイズ - インディアンス - ホワイトソックス - 韓国・ネクセン - 韓国・キウム,,NA
53555132,Ｒ．スアレス,ロベルト・スアレス　(ROBERT SUAREZ),阪神タイガース,右投右打,1991年3月1日,セシリオアコスタ高 - メキシカンリーグ,,NA
91495151,西　純矢,にし・じゅんや,阪神タイガース,右投右打,2001年9月13日,創志学園高,2019年ドラフト1位,外野手
91695151,藤田　健斗,ふじた・けんと,阪神タイガース,右投右打,2001年10月18日,中京学院大中京高,2019年ドラフト5位,捕手
63765151,Ｊ．ボーア,ジャスティン・ボーア　(JUSTIN BOUR),阪神タイガース,右投左打,1988年5月28日,ジョージメイソン大 - マーリンズ - フィリーズ - エンゼルス,,NA
31135111,青木　勇人,あおき・はやと,広島東洋カープ,右投右打,1977年5月6日,修徳高 - 同志社大,1999年ドラフト6位,NA
01105115,天谷　宗一郎,あまや・そういちろう,広島東洋カープ,左投左打,1983年11月8日,福井商,2001年ドラフト9巡目,NA
51155110,赤松　真人,あかまつ・まさと,広島東洋カープ,右投右打,1982年9月6日,平安高 - 立命館大,2004年ドラフト6巡目,NA
31135112,相澤　寿聡,あいざわ・としあき,広島東洋カープ,左投左打,1987年12月14日,太田市立商,2005年高校生ドラフト4巡目,NA
31135114,會澤　翼,あいざわ・つばさ,広島東洋カープ,右投右打,1988年4月13日,水戸短大付高,2006年高校生ドラフト3巡目,捕手
91195116,安部　友裕,あべ・ともひろ,広島東洋カープ,右投左打,1989年6月24日,福岡工大城東高,2007年高校生ドラフト1巡目,NA
65563868,石井　琢朗,いしい・たくろう,広島東洋カープ,右投左打,1970年8月25日,足利工,1988年ドラフト外,NA
21123888,井生　崇光,いおう・たかみつ,広島東洋カープ,右投右打,1981年3月12日,東筑高,1998年ドラフト2位,NA
51355115,石原　慶幸,いしはら・よしゆき,広島東洋カープ,右投右打,1979年9月7日,県立岐阜商 - 東北福祉大,2001年ドラフト4巡目,NA
11315112,今井　啓介,いまい・けいすけ,広島東洋カープ,右投右打,1987年5月24日,中越高,2005年高校生ドラフト2巡目,NA
71375118,岩本　貴裕,いわもと・たかひろ,広島東洋カープ,左投左打,1986年4月18日,広島商 - 亜細亜大,2008年ドラフト1位,NA
11315131,伊東　昂大,いとう・こうた,広島東洋カープ,左投左打,1991年7月25日,盛岡大付高,2009年ドラフト5位,NA
51355131,今村　猛,いまむら・たける,広島東洋カープ,右投右打,1991年4月17日,清峰高,2009年ドラフト1位,NA
01305113,上村　和裕,うえむら・かずひろ,広島東洋カープ,右投右打,1983年2月20日,北照高,2000年ドラフト3位,NA
81185110,梅津　智弘,うめつ・ともひろ,東北楽天ゴールデンイーグルス,右投右打,1983年3月3日,上山明新館高 - 国学院大,2004年ドラフト6巡目,NA
01305114,上野　弘文,うえの・ひろふみ,広島東洋カープ,右投右打,1981年4月10日,樟南高 - トヨタ自動車,2006年大学生・社会人ドラフト3巡目,NA
61365115,大島　崇行,おおしま・たかゆき,広島東洋カープ,左投左打,1983年12月20日,山梨学院大付高,2001年ドラフト3巡目,NA
21325111,河内　貴哉,かわうち・たかや,広島東洋カープ,左投左打,1982年1月6日,国学院久我山高,1999年ドラフト1位,NA
61565115,喜田　剛,きだ・ごう,横浜ベイスターズ,右投左打,1979年10月25日,沖学園高 - 福岡大,2001年ドラフト7巡目,NA
01705117,木村　昇吾,きむら・しょうご,埼玉西武ライオンズ,右投左打,1980年4月16日,尽誠学園高 - 愛知学院大,2002年ドラフト11巡目,NA
91595110,岸本　秀樹,きしもと・ひでき,広島東洋カープ,右投右打,1982年10月18日,平安高 - 近畿大,2004年ドラフト5巡目,NA
31533886,倉　義和,くら・よしかず,広島東洋カープ,右投右打,1975年7月27日,京都成章高 - 京都産業大,1997年ドラフト5位,NA
31535111,栗原　健太,くりはら・けんた,東北楽天ゴールデンイーグルス,右投右打,1982年1月8日,日大山形高,1999年ドラフト3位,NA
11715110,小島　心二郎,こじま・しんじろう,オリックス・バファローズ,左投左打,1982年6月11日,国士舘高 - 国士舘大,2004年ドラフト5巡目,NA
51755116,小窪　哲也,こくぼ・てつや,千葉ロッテマリーンズ,右投右打,1985年4月12日,PL学園高 - 青山学院大,2007年大学生・社会人ドラフト3巡目,NA
51755118,小松　剛,こまつ・たけし,広島東洋カープ,右投右打,1986年9月26日,室戸高 - 法政大,2008年ドラフト3位,NA
61965117,鞘師　智也,さやし・ともや,広島東洋カープ,右投右打,1980年5月6日,報徳学園高 - 東海大,2002年ドラフト4巡目,NA
01705110,佐藤　剛士,さとう・つよし,広島東洋カープ,右投右打,1986年5月16日,秋田商,2004年ドラフト1巡目,NA
81785112,齊藤　悠葵,さいとう・ゆうき,広島東洋カープ,左投左打,1987年6月20日,福井商,2005年高校生ドラフト3巡目,NA
61563880,嶋　重宣,しま・しげのぶ,埼玉西武ライオンズ,左投左打,1976年6月16日,東北高,1994年ドラフト2位,NA
41745119,白濱　裕太,しらはま・ゆうた,広島東洋カープ,右投右打,1985年10月31日,広陵高,2003年ドラフト1巡目,NA
11915116,篠田　純平,しのだ・じゅんぺい,広島東洋カープ,左投左打,1985年4月20日,前橋商 - 日本大,2007年大学生・社会人ドラフト1巡目,NA
21825116,Ｍ．シュルツ,マイク・シュルツ　(MIKE SCHULTZ),オリックス・バファローズ,右投右打,1979年11月28日,ロヨラメリーマウント大 - ダイヤモンドバックス,,NA
81785131,庄司　隼人,しょうじ・はやと,広島東洋カープ,右投左打,1991年6月21日,常葉橘高,2009年ドラフト4位,NA
11815131,ジオ・アルバラード,ジオ・アルバラード　(GIANCARLO ALVARADO),横浜DeNAベイスターズ,右投右打,1978年1月24日,ホセパブロアビラ高 - 台湾・誠泰 - 米マイナー - 台湾・統一,,NA
11715111,末永　真史,すえなが・まさふみ,広島東洋カープ,左投左打,1981年6月8日,佐賀東高,1999年ドラフト4位,NA
71975112,鈴木　将光,すずき・まさみつ,広島東洋カープ,右投右打,1987年4月8日,遊学館高,2005年高校生ドラフト1巡目,NA
83185131,Ｅ．スタルツ,エリック・スタルツ　(ERIC STULTS),広島東洋カープ,左投左打,1979年12月9日,ベセル大 - ドジャース,,NA
21925112,梵　英心,そよぎ・えいしん,広島東洋カープ,右投右打,1980年10月11日,三次高 - 駒沢大 - 日産自動車,2005年大学生・社会人ドラフト3巡目,NA
03505118,Ｄ．ソリアーノ,ディオーニ・ソリアーノ　(DIONI SORIANO),広島東洋カープ,左投右打,1982年12月30日,セントラルデルエステ大 - 中国・広東 - 四国・高知 - 四国・長崎 - 四国・徳島,,NA
71773880,高橋　建,たかはし・けん,広島東洋カープ,左投左打,1969年4月16日,横浜高 - 拓殖大 - トヨタ自動車,1994年ドラフト4位,NA
91995110,田中　彰,たなか・あきら,広島東洋カープ,右投右打,1982年10月23日,創価高 - 法政大,2004年ドラフト5巡目,NA
71975131,武内　久士,たけうち・ひさし,広島東洋カープ,右投右打,1987年11月29日,徳島・城東高 - 法政大,2009年ドラフト3位,NA
43345131,Ｖ．チューク,ヴィニー・チューク　(VINNIE CHULK),広島東洋カープ,右投右打,1978年12月19日,セントトーマス大 - ブルージェイズ - ジャイアンツ - インディアンス,,NA
61965131,堂林　翔太,どうばやし・しょうた,広島東洋カープ,右投右打,1991年8月17日,中京大中京高,2009年ドラフト2位,内野手
01205117,永川　勝浩,ながかわ・かつひろ,広島東洋カープ,右投右打,1980年12月14日,新庄高 - 亜細亜大,2002年ドラフト自由枠,NA
11215112,中谷　翼,なかたに・つばさ,広島東洋カープ,右投左打,1984年9月30日,仙台育英高 - 立命館大中退 - 四国・愛媛,2005年育成選手ドラフト1巡目,NA
61265114,中東　直己,なかひがし・なおき,広島東洋カープ,右投左打,1981年10月5日,広島工 - 東亜大 - JR西日本 - ホンダ鈴鹿,2006年大学生・社会人ドラフト5巡目,NA
31235118,中田　廉,なかた・れん,広島東洋カープ,右投右打,1990年7月21日,広陵高,2008年ドラフト2位,NA
71973882,長谷川　昌幸,はせがわ・まさゆき,オリックス・バファローズ,右投右打,1977年7月16日,市立銚子高,1995年ドラフト1位,NA
11213886,林　昌樹,はやし・まさき,広島東洋カープ,右投右打,1979年11月28日,興誠高,1997年ドラフト3位,NA
21923888,東出　輝裕,ひがしで・あきひろ,広島東洋カープ,右投左打,1980年8月21日,敦賀気比高,1998年ドラフト1位,NA
41943888,広池　浩司,ひろいけ・こうじ,広島東洋カープ,左投左打,1973年8月29日,立教高 - 立教大 - 全日空,1998年ドラフト8位,NA
71275113,廣瀬　純,ひろせ・じゅん,広島東洋カープ,右投右打,1979年3月29日,佐伯鶴城高 - 法政大,2000年ドラフト2位,NA
01805131,Ｊ．ヒューバー,ジャスティン・ヒューバー　(JUSTIN HUBER),広島東洋カープ,右投右打,1982年7月1日,ビーコンヒルカレッジ高 - ロイヤルズ - パドレス - ツインズ,,NA
21825131,Ｊ．フィオレンティーノ,ジェフ・フィオレンティーノ　(JEFF FIORENTINO),広島東洋カープ,右投左打,1983年4月14日,フロリダアトランティック大 - オリオールズ - アスレチックス - オリオールズ,,NA
41445119,Ｊ．ベイル,ジョン・ベイル　(JOHN BALE),広島東洋カープ,左投左打,1974年5月22日,サザンミシシッピ大 - ブルージェイズ - オリオールズ - レッズ,,NA
31633881,前田　智徳,まえだ・とものり,広島東洋カープ,右投左打,1971年6月14日,熊本工,1989年ドラフト4位,NA
21425117,松本　高明,まつもと・たかあき,広島東洋カープ,右投左打,1984年4月12日,帝京高,2002年ドラフト5巡目,NA
51655114,前田　健太,まえだ・けんた,東北楽天ゴールデンイーグルス,右投右打,1988年4月11日,PL学園高,2006年高校生ドラフト1巡目,投手
01405116,松山　竜平,まつやま・りゅうへい,広島東洋カープ,右投左打,1985年9月18日,鹿屋中央高 - 九州国際大,2007年大学生・社会人ドラフト4巡目,NA
21625114,宮﨑　充登,みやざき・みちと,広島東洋カープ,右投右打,1978年9月6日,智弁和歌山高 - ホンダ鈴鹿,2006年大学生・社会人ドラフト希望枠,NA
61265111,迎　祐一郎,むかえ・ゆういちろう,広島東洋カープ,右投右打,1981年12月22日,伊万里商,1999年ドラフト3位,NA
81485110,森　跳二,もり・ちょうじ,広島東洋カープ,右投右打,1982年4月15日,生駒高 - 関西外国語大,2004年ドラフト3巡目,NA
21625115,山本　芳彦,やまもと・よしひこ,広島東洋カープ,右投右打,1983年11月6日,和歌山工,2001年ドラフト7巡目,NA
11213880,横山　竜士,よこやま・りゅうじ,広島東洋カープ,右投右打,1976年6月11日,福井商,1994年ドラフト5位,NA
21125133,池ノ内　亮介,いけのうち・りょうすけ,広島東洋カープ,右投右打,1988年11月22日,岐阜・中京高 - 中京学院大,2010年育成選手ドラフト2位,NA
81185133,磯村　嘉孝,いそむら・よしたか,広島東洋カープ,右投右打,1992年11月1日,中京大中京高,2010年ドラフト5位,NA
51355133,岩見　優輝,いわみ・ゆうき,広島東洋カープ,左投左打,1987年1月25日,熊本工 - 亜細亜大 - 大阪ガス,2010年ドラフト3位,NA
21323887,菊地原　毅,きくちはら・つよし,広島東洋カープ,左投左打,1975年3月7日,相武台高,1992年ドラフト2位,NA
33135133,Ｄ．サファテ,デニス・サファテ　(DENNIS SARFATE),福岡ソフトバンクホークス,右投右打,1981年4月9日,アリゾナ州大 - ブルワーズ - アストロズ - オリオールズ,,NA
11215133,弦本　悠希,つるもと・ゆうき,広島東洋カープ,右投右打,1989年6月16日,生光学園高 - 大阪商業大中退 - 四国・徳島,2010年ドラフト7位,NA
23125133,Ｃ．トレーシー,チャッド・トレーシー　(CHAD TRACY),広島東洋カープ,右投左打,1980年5月22日,イーストカロライナ大 - ダイヤモンドバックス - カブス - マーリンズ,,NA
31235133,中﨑　翔太,なかざき・しょうた,広島東洋カープ,右投右打,1992年8月10日,日南学園高,2010年ドラフト6位,投手
91295133,中村　恭平,なかむら・きょうへい,広島東洋カープ,左投左打,1989年3月22日,立正大淞南高 - 富士大,2010年ドラフト2位,NA
83185133,Ｂ．バリントン,ブライアン・バリントン　(BRYAN BULLINGTON),オリックス・バファローズ,右投右打,1980年9月30日,ボール州大 - パイレーツ - インディアンス - ブルージェイズ - ロイヤルズ,,NA
63765133,Ｂ．バーデン,ブライアン・バーデン　(BRIAN BARDEN),広島東洋カープ,右投右打,1981年4月2日,オレゴン州大 - ダイヤモンドバックス - カージナルス - マーリンズ,,NA
31435133,福井　優也,ふくい・ゆうや,東北楽天ゴールデンイーグルス,右投右打,1988年2月8日,済美高 - 早稲田大,2010年ドラフト1位,NA
13515135,Ｂ．エルドレッド,ブラッド・エルドレッド　(BRAD ELDRED),広島東洋カープ,右投右打,1980年7月12日,フロリダインターナショナル大 - パイレーツ - ロッキーズ - タイガース,,NA
61565135,菊池　涼介,きくち・りょうすけ,広島東洋カープ,右投右打,1990年3月11日,武蔵工大二高 - 中京学院大,2011年ドラフト2位,内野手
21225135,戸田　隆矢,とだ・たかや,広島東洋カープ,左投左打,1993年6月10日,樟南高,2011年ドラフト3位,NA
73175135,ニック,ニック・スタビノア　(NICK STAVINOHA),広島東洋カープ,右投右打,1982年5月3日,ルイジアナ州大 - カージナルス,,NA
21425135,野村　祐輔,のむら・ゆうすけ,広島東洋カープ,右投右打,1989年6月24日,広陵高 - 明治大,2011年ドラフト1位,NA
41445135,土生　翔平,はぶ・しょうへい,広島東洋カープ,右投左打,1989年8月16日,広陵高 - 早稲田大,2011年ドラフト4位,NA
81685135,三家　和真,みけ・かずま,千葉ロッテマリーンズ,右投両打,1993年8月13日,市立和歌山高,2011年育成選手ドラフト4位,NA
83185135,Ｋ．ミコライオ,キャム・ミコライオ　(KAM MICKOLIO),東北楽天ゴールデンイーグルス,右投右打,1984年5月10日,ユタバレー州大 - オリオールズ - ダイヤモンドバックス,,NA
31335137,上本　崇司,うえもと・たかし,広島東洋カープ,右投右打,1990年8月22日,広陵高 - 明治大,2012年ドラフト3位,NA
13315137,キラ・カアイフエ,キラ・カアイフエ　(KILA KA'AIHUE),広島東洋カープ,右投左打,1984年3月29日,イオラニ高 - ロイヤルズ - アスレチックス,,NA
91795137,下水流　昂,しもずる・こう,東北楽天ゴールデンイーグルス,右投右打,1988年4月23日,横浜高 - 青山学院大 - ホンダ,2012年ドラフト4位,NA
81785137,鈴木　誠也,すずき・せいや,広島東洋カープ,右投右打,1994年8月18日,二松学舎大付高,2012年ドラフト2位,NA
31835137,Ｍ．ソコロビッチ,ミゲル・ソコロビッチ　(MIGUEL SOCOLOVICH),広島東洋カープ,右投右打,1986年7月24日,ファンヘルマンロスシーオ高 - オリオールズ - カブス,,NA
51955137,髙橋　大樹,たかはし・ひろき,広島東洋カープ,右投右打,1994年5月11日,龍谷大平安高,2012年ドラフト1位,NA
11415137,美間　優槻,みま・ゆうき,福岡ソフトバンクホークス,右投右打,1994年5月26日,鳴門渦潮高,2012年ドラフト5位,NA
33135137,Ｆ．ルイス,フレッド・ルイス　(FRED LEWIS),広島東洋カープ,右投左打,1980年12月9日,サザン大 - ジャイアンツ - ブルージェイズ - レッズ - メッツ,,NA
61365139,大瀬良　大地,おおせら・だいち,広島東洋カープ,右投右打,1991年6月17日,長崎日大高 - 九州共立大,2013年ドラフト1位,投手
71775139,九里　亜蓮,くり・あれん,オリックス・バファローズ,右投右打,1991年9月1日,岡山理大付高 - 亜細亜大,2013年ドラフト2位,投手
61965139,田中　広輔,たなか・こうすけ,広島東洋カープ,右投左打,1989年7月3日,東海大相模高 - 東海大 - JR東日本,2013年ドラフト3位,NA
71075139,中村　祐太,なかむら・ゆうた,埼玉西武ライオンズ,右投右打,1995年8月31日,関東第一高,2013年ドラフト5位,投手
01005139,西原　圭大,にしはら・けいた,広島東洋カープ,右投右打,1988年9月29日,今治北高 - 関西外国語大 - ニチダイ,2013年ドラフト4位,NA
23525139,Ｄ．ヒース,デュアンテ・ヒース　(DEUNTE HEATH),埼玉西武ライオンズ,右投右打,1985年8月28日,テネシー大 - ホワイトソックス,,NA
53155139,Ｚ．フィリップス,ザック・フィリップス　(ZACH PHILLIPS),広島東洋カープ,左投左打,1986年9月21日,サクラメント市大 - オリオールズ - マーリンズ,,NA
53355139,Ｒ．ロサリオ,ライネル・ロサリオ　(RAINEL ROSARIO),広島東洋カープ,右投右打,1989年3月29日,ペダゴヒコ中高 - 米マイナー,,NA
91195130,飯田　哲矢,いいだ・てつや,広島東洋カープ,左投左打,1991年3月28日,藤沢翔陵高 - 亜細亜大 - JR東日本,2014年ドラフト6位,NA
21523884,黒田　博樹,くろだ・ひろき,広島東洋カープ,右投右打,1975年2月10日,上宮高 - 専修大,1996年ドラフト2位,NA
21725130,桒原　樹,くわはら・たつき,広島東洋カープ,右投左打,1996年7月4日,常葉菊川高,2014年ドラフト5位,NA
83185130,Ｊ．グスマン,ヘスス・グスマン　(JESUS GUZMAN),広島東洋カープ,右投右打,1984年6月14日,ベルトランサナブリア大 - ジャイアンツ - パドレス - アストロズ,,NA
61765116,佐藤　祥万,さとう・しょうま,広島東洋カープ,左投左打,1989年8月18日,文星芸大付高,2007年高校生ドラフト4巡目,NA
13315130,Ｍ．ザガースキー,マイク・ザガースキー　(MIKE ZAGURSKI),横浜DeNAベイスターズ,左投左打,1983年1月27日,カンザス大 - フィリーズ - ダイヤモンドバックス - パイレーツ - ヤンキース,,NA
53355130,Ｋ．ジョンソン,クリス・ジョンソン　(KRIS JOHNSON),広島東洋カープ,左投左打,1984年10月14日,ウィチタ州大 - パイレーツ - ツインズ,,NA
13715130,Ｎ．シアーホルツ,ネイト・シアーホルツ　(NATE SCHIERHOLTZ),広島東洋カープ,右投左打,1984年2月15日,シャボー大 - ジャイアンツ - フィリーズ - カブス - ナショナルズ,,NA
01405130,野間　峻祥,のま・たかよし,広島東洋カープ,右投左打,1993年1月28日,村野工 - 中部学院大,2014年ドラフト1位,外野手
51655130,藤井　皓哉,ふじい・こうや,福岡ソフトバンクホークス,右投左打,1996年7月29日,おかやま山陽高,2014年ドラフト4位,投手
21625130,塹江　敦哉,ほりえ・あつや,広島東洋カープ,左投左打,1997年2月21日,高松北高,2014年ドラフト3位,投手
91895130,薮田　和樹,やぶた・かずき,広島東洋カープ,右投右打,1992年8月7日,岡山理大付高 - 亜細亜大,2014年ドラフト2位,NA
91595132,岡田　明丈,おかだ・あきたけ,広島東洋カープ,右投左打,1993年10月18日,大商大高 - 大阪商業大,2015年ドラフト1位,NA
61265132,オスカル,おすかる（なかおし・おすかる）,広島東洋カープ,左投左打,1991年3月28日,カントリーキッズ高 - 白鴎大 - ホンダ,2015年ドラフト6位,NA
13515132,Ｊ．ジャクソン,ジェイ・ジャクソン　(JAY JACKSON),千葉ロッテマリーンズ,右投右打,1987年10月27日,ファーマン大 - パドレス,,NA
91095132,高橋　樹也,たかはし・みきや,広島東洋カープ,左投左打,1997年6月21日,花巻東高,2015年ドラフト3位,NA
43045132,Ｓ．デラバー,スティーブ・デラバー　(STEVE DELABAR),広島東洋カープ,右投右打,1983年7月17日,ボランティア州コミュニティー大 - マリナーズ - ブルージェイズ - レッズ,,NA
71475132,西川　龍馬,にしかわ・りょうま,オリックス・バファローズ,右投左打,1994年12月10日,敦賀気比高 - 王子,2015年ドラフト5位,外野手
23925132,Ｘ．バティスタ,サビエル・バティスタ　(XAVIER BATISTA),広島東洋カープ,右投右打,1992年1月18日,サンタルシア中高 - 米マイナー,,NA
81685132,船越　涼太,ふなこし・りょうた,広島東洋カープ,右投右打,1993年11月26日,市立柏高 - 王子,2015年ドラフト4位,NA
93795132,Ｂ．ヘーゲンズ,ブレイディン・ヘーゲンズ　(BRADIN HAGENS),広島東洋カープ,右投右打,1989年5月12日,マーセド大 - ダイヤモンドバックス,,NA
43945132,Ａ．メヒア,アレハンドロ・メヒア　(ALEJANDRO MEJIA),広島東洋カープ,右投右打,1993年3月10日,サンファンバウティスタデラサジェ中高 - 米マイナー,,NA
23125132,横山　弘樹,よこやま・ひろき,広島東洋カープ,右投左打,1992年3月12日,宮崎日大高 - 桐蔭横浜大 - NTT東日本,2015年ドラフト2位,NA
31135134,アドゥワ　誠,あどぅわ・まこと,広島東洋カープ,右投右打,1998年10月2日,松山聖陵高,2016年ドラフト5位,投手
71575134,拓也,たくや（やさき・たくや）,東京ヤクルトスワローズ,右投右打,1994年12月31日,慶応高 - 慶応大,2016年ドラフト1位,投手
11915134,坂倉　将吾,さかくら・しょうご,広島東洋カープ,右投左打,1998年5月29日,日大三高,2016年ドラフト4位,捕手
01005134,高橋　昂也,たかはし・こうや,広島東洋カープ,左投左打,1998年9月27日,花咲徳栄高,2016年ドラフト2位,投手
11415134,床田　寛樹,とこだ・ひろき,広島東洋カープ,左投左打,1995年3月1日,箕面学園高 - 中部学院大,2016年ドラフト3位,投手
51455134,長井　良太,ながい・りょうた,広島東洋カープ,右投右打,1999年1月15日,つくば秀英高,2016年ドラフト6位,NA
63765134,Ｒ．ブレイシア,ライアン・ブレイシア　(RYAN BRASIER),広島東洋カープ,右投左打,1987年8月26日,ウェザーフォード大 - エンゼルス,,NA
03905134,Ｒ．ペーニャ,ラミロ・ペーニャ　(RAMIRO PENA),広島東洋カープ,右投両打,1985年7月18日,プエンテス高 - ヤンキース - ブレーブス - ジャイアンツ,,NA
71375136,遠藤　淳志,えんどう・あつし,広島東洋カープ,右投右打,1999年4月8日,霞ヶ浦高,2017年ドラフト5位,投手
53555136,Ｌ．カンポス,レオネル・カンポス　(LEONEL CAMPOS),広島東洋カープ,右投右打,1987年7月17日,バジェデルモンボイ大 - パドレス - ブルージェイズ,,NA
71775136,ケムナ　誠,けむな・まこと,広島東洋カープ,右投右打,1995年6月5日,日南高 - 日本文理大,2017年ドラフト3位,投手
51955139,曽根　海成,そね・かいせい,広島東洋カープ,右投左打,1995年4月24日,京都国際高,2013年育成選手ドラフト3位,NA
33935136,Ｙ．タバーレス,ジョアン・タバーレス　(YOHAN TAVAREZ),中日ドラゴンズ,右投右打,1994年11月8日,コレヒオサンタナ高 - 米マイナー,,NA
81285136,中村　奨成,なかむら・しょうせい,広島東洋カープ,右投右打,1999年6月6日,広陵高,2017年ドラフト1位,外野手
21625136,藤井　黎來,ふじい・れいら,広島東洋カープ,右投右打,1999年9月17日,大曲工,2017年育成選手ドラフト2位,NA
53955136,Ｇ．フランスア,ヘロニモ・フランスア　(GERONIMO FRANZUA),広島東洋カープ,左投左打,1993年9月25日,セナペック高 - 米マイナー,,NA
23925136,Ｊ．ヘルウェグ,ジョニー・ヘルウェグ　(JOHNNY HELLWEG),広島東洋カープ,右投右打,1988年10月29日,フロリダコミュニティーカレッジ - ブルワーズ,,NA
53155136,山口　翔,やまぐち・しょう,広島東洋カープ,右投右打,1999年4月28日,熊本工,2017年ドラフト2位,NA
21325138,大盛　穂,おおもり・みのる,広島東洋カープ,右投左打,1996年8月31日,飛龍高 - 静岡産業大,2018年育成選手ドラフト1位,外野手
41545116,菊池　保則,きくち・やすのり,広島東洋カープ,右投左打,1989年9月18日,常磐大高,2007年高校生ドラフト4巡目,NA
01705138,小園　海斗,こぞの・かいと,広島東洋カープ,右投左打,2000年6月7日,報徳学園高,2018年ドラフト1位,内野手
83585138,Ｊ．サンタナ,フアン・サンタナ　(JUAN SANTANA),広島東洋カープ,右投右打,1994年8月16日,パドレボルボン中 - 米マイナー,,NA
31935138,島内　颯太郎,しまうち・そうたろう,広島東洋カープ,右投右打,1996年10月14日,光陵高 - 九州共立大,2018年ドラフト2位,投手
71975138,正隨　優弥,しょうずい・ゆうや,東北楽天ゴールデンイーグルス,右投右打,1996年4月2日,大阪桐蔭高 - 亜細亜大,2018年ドラフト6位,NA
31035138,田中　法彦,たなか・のりひこ,広島東洋カープ,右投右打,2000年10月19日,菰野高,2018年ドラフト5位,NA
71475138,羽月　隆太郎,はつき・りゅうたろう,広島東洋カープ,右投左打,2000年4月19日,神村学園高,2018年ドラフト7位,内野手
01405138,林　晃汰,はやし・こうた,広島東洋カープ,右投左打,2000年11月16日,智弁和歌山高,2018年ドラフト3位,内野手
11815135,三好　匠,みよし・たくみ,広島東洋カープ,右投右打,1993年6月7日,九州国際大付高,2011年ドラフト3位,NA
13715138,Ｅ．モンティージャ,エマイリン・モンティージャ　(EMAILIN MONTILLA),広島東洋カープ,左投左打,1995年10月2日,ウルピーナゴンザレス高,,NA
73575138,Ｋ．レグナルト,カイル・レグナルト　(KYLE REGNAULT),広島東洋カープ,左投左打,1988年12月13日,ロードアイランド大 - 米マイナー,,NA
93595138,Ｃ．ローレンス,ケーシー・ローレンス　(CASEY LAWRENCE),広島東洋カープ,右投右打,1987年10月28日,オルブライト大 - ブルージェイズ - マリナーズ,,NA
21125151,石原　貴規,いしはら・ともき,広島東洋カープ,右投右打,1998年2月3日,創志学園高 - 天理大,2019年ドラフト5位,捕手
41345151,宇草　孔基,うぐさ・こうき,広島東洋カープ,右投左打,1997年4月17日,常総学院高 - 法政大,2019年ドラフト2位,NA
53955151,Ｒ．コルニエル,ロベルト・コルニエル　(ROBERT CORNIEL),広島東洋カープ,右投右打,1995年6月23日,ファウストヒメネスサンティアゴ高 - 米マイナー,,NA
93595151,Ｄ．Ｊ．ジョンソン,ディージェイ・ジョンソン　(DJ JOHNSON),東北楽天ゴールデンイーグルス,右投左打,1989年8月30日,ウエスタンオレゴン大 - ロッキーズ,,NA
03505151,Ｔ．スコット,テイラー・スコット　(TAYLER SCOTT),広島東洋カープ,右投右打,1992年6月1日,ノーターデイム高 - マリナーズ - オリオールズ,,NA
41245151,玉村　昇悟,たまむら・しょうご,広島東洋カープ,左投左打,2001年4月16日,丹生高,2019年ドラフト6位,投手
01405151,韮澤　雄也,にらさわ・ゆうや,広島東洋カープ,右投左打,2001年5月20日,花咲徳栄高,2019年ドラフト4位,NA
23725151,Ｊ．ピレラ,ホセ・ピレラ　(JOSE PIRELA),広島東洋カープ,右投右打,1989年11月21日,マヌエルセグンドサンチェスマノ高 - ヤンキース - パドレス - フィリーズ,,NA
81885151,持丸　泰輝,もちまる・たいき,広島東洋カープ,右投左打,2001年10月26日,旭川大高,2019年育成選手ドラフト1位,捕手
53155151,森下　暢仁,もりした・まさと,広島東洋カープ,右投右打,1997年8月25日,大分商 - 明治大,2019年ドラフト1位,投手
71175113,青野　毅,あおの・たけし,千葉ロッテマリーンズ,右投右打,1983年1月12日,樟南高,2000年ドラフト5位,NA
41445113,秋親,あきちか（やまだ・あきちか）,千葉ロッテマリーンズ,右投右打,1978年9月19日,北嵯峨高 - 立命館大,2000年ドラフト2位,NA
31135110,青松　慶侑,あおまつ・けいよう,千葉ロッテマリーンズ,右投右打,1986年12月7日,上宮太子高,2004年ドラフト7巡目,NA
71175112,相原　勝幸,あいはら・かつゆき,千葉ロッテマリーンズ,右投右打,1983年7月24日,沖縄水産高 - 富士大,2005年大学生・社会人ドラフト6巡目,NA
71175116,阿部　和成,あべ・かずなり,千葉ロッテマリーンズ,右投右打,1989年5月19日,大牟田高,2007年高校生ドラフト4巡目,NA
51153884,井口　資仁,いぐち・ただひと,千葉ロッテマリーンズ,右投右打,1974年12月4日,国学院久我山高 - 青山学院大,1996年ドラフト1位,NA
61163884,今岡　誠,いまおか・まこと,千葉ロッテマリーンズ,右投右打,1974年9月11日,PL学園高 - 東洋大,1996年ドラフト1位,NA
01305115,今江　年晶,いまえ・としあき,東北楽天ゴールデンイーグルス,右投右打,1983年8月26日,PL学園高,2001年ドラフト3巡目,NA
11315116,伊藤　義弘,いとう・よしひろ,千葉ロッテマリーンズ,右投右打,1982年6月2日,東福岡高 - 国学院大 - JR東海,2007年大学生・社会人ドラフト4巡目,NA
61165119,内　竜也,うち・たつや,千葉ロッテマリーンズ,右投右打,1985年7月13日,川崎工,2003年ドラフト1巡目,NA
51355116,植松　優友,うえまつ・まさとも,千葉ロッテマリーンズ,左投左打,1989年11月27日,金光大阪高,2007年高校生ドラフト3巡目,NA
91395118,上野　大樹,うえの・ひろき,千葉ロッテマリーンズ,右投右打,1986年10月13日,帝京高 - 東洋大,2008年ドラフト3位,NA
61163889,大塚　明,おおつか・あきら,千葉ロッテマリーンズ,右投右打,1975年4月28日,別府羽室台高,1993年ドラフト3位,NA
71373889,小野　晋吾,おの・しんご,千葉ロッテマリーンズ,右投右打,1975年4月7日,御殿場西高,1993年ドラフト6位,NA
71375110,大松　尚逸,おおまつ・しょういつ,東京ヤクルトスワローズ,左投左打,1982年6月16日,石川・金沢高 - 東海大,2004年ドラフト5巡目,NA
01505114,大嶺　祐太,おおみね・ゆうた,中日ドラゴンズ,右投左打,1988年6月16日,八重山商工,2006年高校生ドラフト1巡目,NA
21525114,荻野　忠寛,おぎの・ただひろ,千葉ロッテマリーンズ,右投右打,1982年4月26日,桜美林高 - 神奈川大 - 日立製作所,2006年大学生・社会人ドラフト4巡目,NA
81385118,岡田　幸文,おかだ・よしふみ,千葉ロッテマリーンズ,左投左打,1984年7月6日,作新学院高 - 全足利クラブ,2008年育成選手ドラフト6位,NA
41345131,大谷　智久,おおたに・ともひさ,千葉ロッテマリーンズ,右投右打,1985年2月14日,報徳学園高 - 早稲田大 - トヨタ自動車,2009年ドラフト2位,NA
71575131,荻野　貴司,おぎの・たかし,千葉ロッテマリーンズ,右投右打,1985年10月21日,奈良・郡山高 - 関西学院大 - トヨタ自動車,2009年ドラフト1位,NA
11513888,川越　英隆,かわごえ・ひでたか,千葉ロッテマリーンズ,右投右打,1973年6月8日,学法石川高 - 青山学院大 - 日産自動車,1998年ドラフト2位,NA
61565117,金澤　岳,かなざわ・たけし,千葉ロッテマリーンズ,右投左打,1984年5月5日,矢板中央高,2002年ドラフト6巡目,NA
41545114,角中　勝也,かくなか・かつや,千葉ロッテマリーンズ,右投左打,1987年5月25日,日本航空二高 - 四国・高知,2006年大学生・社会人ドラフト7巡目,外野手
21525116,唐川　侑己,からかわ・ゆうき,千葉ロッテマリーンズ,右投右打,1989年7月5日,成田高,2007年高校生ドラフト1巡目,投手
71575118,香月　良仁,かつき・りょうじ,千葉ロッテマリーンズ,右投右打,1984年1月22日,柳川高 - 第一経済大 - 熊本ゴールデンラークス,2008年ドラフト6位,NA
41545118,木村　優太,きむら・ゆうた,千葉ロッテマリーンズ,左投左打,1985年5月21日,秋田経法大付高 - 東京ガス,2008年ドラフト1位,NA
91795131,清田　育宏,きよた・いくひろ,千葉ロッテマリーンズ,右投右打,1986年2月11日,市立柏高 - 東洋大 - NTT東日本,2009年ドラフト4位,NA
21625131,金　泰均,きむ・てぎゅん,千葉ロッテマリーンズ,右投右打,1982年5月29日,天安北一高 - 韓国・ハンファ,,NA
51855119,Ｂ．コーリー,ブライアン・コーリー　(BRYAN COREY),千葉ロッテマリーンズ,右投右打,1973年10月21日,ピアース短大 - ダイヤモンドバックス - ドジャース,,NA
81785114,神戸　拓光,こうべ・たくみ,千葉ロッテマリーンズ,右投左打,1985年2月23日,土浦日大高 - 流通経済大,2006年大学生・社会人ドラフト3巡目,NA
31733888,里崎　智也,さとざき・ともや,千葉ロッテマリーンズ,右投右打,1976年5月20日,鳴門工 - 帝京大,1998年ドラフト2位,NA
71775110,齋藤　俊雄,さいとう・としお,オリックス・バファローズ,右投右打,1983年12月23日,豊田大谷高 - 三菱自動車岡崎,2004年ドラフト10巡目,NA
91795110,定岡　卓摩,さだおか・たくま,東北楽天ゴールデンイーグルス,右投右打,1986年10月17日,福岡工大城東高,2004年ドラフト7巡目,NA
91995114,佐藤　賢治,さとう・けんじ,北海道日本ハムファイターズ,右投左打,1988年8月26日,横浜高,2006年高校生ドラフト2巡目,NA
81385131,大嶺　翔太,おおみね・しょうた,千葉ロッテマリーンズ,右投右打,1991年9月17日,八重山商工,2009年ドラフト3位,NA
71975119,田中　雅彦,たなか・まさひこ,東京ヤクルトスワローズ,右投右打,1982年1月9日,PL学園高 - 近畿大,2003年ドラフト4巡目,NA
71975110,竹原　直隆,たけはら・なおたか,埼玉西武ライオンズ,左投右打,1980年4月21日,関西高 - 城西大 - 三菱自動車岡崎,2004年ドラフト4巡目,NA
11015119,成瀬　善久,なるせ・よしひさ,オリックス・バファローズ,左投左打,1985年10月13日,横浜高,2003年ドラフト6巡目,NA
21025110,那須野　巧,なすの・たくみ,千葉ロッテマリーンズ,左投左打,1982年10月4日,駒場学園高 - 日本大,2004年ドラフト自由枠,NA
41245114,中郷　大樹,なかごう・たいき,埼玉西武ライオンズ,右投右打,1984年9月21日,那賀高 - JR四国,2006年大学生・社会人ドラフト6巡目,NA
01205118,西野　勇士,にしの・ゆうじ,千葉ロッテマリーンズ,右投右打,1991年3月6日,新湊高,2008年育成選手ドラフト5位,投手
01205112,根元　俊一,ねもと・しゅんいち,千葉ロッテマリーンズ,右投左打,1983年7月8日,花咲徳栄高 - 東北福祉大,2005年大学生・社会人ドラフト3巡目,NA
91295116,根本　朋久,ねもと・ともひさ,北海道日本ハムファイターズ,左投左打,1986年3月21日,帝京安積高 - 横浜商科大,2007年大学生・社会人ドラフト3巡目,NA
51455117,早坂　圭介,はやさか・けいすけ,千葉ロッテマリーンズ,右投両打,1984年6月19日,横浜商工,2002年ドラフト8巡目,NA
11215110,橋本　健太郎,はしもと・けんたろう,千葉ロッテマリーンズ,右投右打,1980年4月28日,久御山高 - 東北福祉大 - 日本新薬,2004年ドラフト4巡目,NA
21225116,服部　泰卓,はっとり・やすたか,千葉ロッテマリーンズ,左投左打,1982年9月10日,川島高 - 駒沢大 - トヨタ自動車,2007年大学生・社会人ドラフト1巡目,NA
21923889,福浦　和也,ふくうら・かずや,千葉ロッテマリーンズ,左投左打,1975年12月14日,習志野高,1993年ドラフト7位,NA
91495112,古谷　拓哉,ふるや・たくや,千葉ロッテマリーンズ,左投左打,1981年7月14日,駒大岩見沢高 - 駒沢大 - 日本通運,2005年大学生・社会人ドラフト5巡目,NA
21025111,塀内　久雄,へいうち・ひさお,千葉ロッテマリーンズ,右投左打,1981年7月7日,三瓶高,1999年ドラフト4位,NA
23325131,Ｈ．ペン,ヘイデン・ペン　(HAYDEN PENN),千葉ロッテマリーンズ,右投右打,1984年10月13日,サンタナ高 - オリオールズ - マーリンズ - パイレーツ,,NA
73873868,堀　幸一,ほり・こういち,千葉ロッテマリーンズ,右投右打,1969年4月2日,長崎・海星高,1987年ドラフト3位,NA
21425112,細谷　圭,ほそや・けい,千葉ロッテマリーンズ,右投右打,1988年1月17日,太田市立商,2005年高校生ドラフト4巡目,NA
71275111,的場　直樹,まとば・なおき,千葉ロッテマリーンズ,右投右打,1977年5月9日,上宮高 - 明治大,1999年ドラフト3位,NA
91695114,松本　幸大,まつもと・こうだい,オリックス・バファローズ,左投左打,1980年12月23日,育英高 - デュプロ,2006年大学生・社会人ドラフト8巡目,NA
73175131,Ｂ．マーフィー,ビル・マーフィー　(BILL MURPHY),千葉ロッテマリーンズ,左投左打,1981年5月9日,カリフォルニア州大ノースリッジ校 - ダイヤモンドバックス - ブルージェイズ,,NA
01205111,南　竜介,みなみ・りゅうすけ,千葉ロッテマリーンズ,右投右打,1981年7月9日,報徳学園高,1999年ドラフト5位,NA
83385118,Ｊ．ムニス,フアン・ムニス　(JUAN MUNIZ),千葉ロッテマリーンズ,右投右打,1976年1月28日,ESPAマノエルパームイ高 - 米マイナー,,NA
71273882,薮田　安彦,やぶた・やすひこ,千葉ロッテマリーンズ,右投右打,1973年6月19日,上宮高 - 新日鉄広畑,1995年ドラフト2位,NA
31835118,山本　徹矢,やまもと・てつや,千葉ロッテマリーンズ,右投右打,1990年6月6日,神戸国際大付高,2008年ドラフト5位,NA
81485131,山室　公志郎,やまむろ・こうしろう,千葉ロッテマリーンズ,右投左打,1987年7月14日,桐光学園高 - 青山学院大,2009年育成選手ドラフト1位,NA
81483886,渡辺　正人,わたなべ・まさと,千葉ロッテマリーンズ,右投右打,1979年4月3日,上宮高,1997年ドラフト1位,NA
71675113,渡辺　俊介,わたなべ・しゅんすけ,千葉ロッテマリーンズ,右投右打,1976年8月27日,国学院栃木高 - 国学院大 - 新日鉄君津,2000年ドラフト4位,NA
61165133,伊志嶺　翔大,いしみね・しょうた,千葉ロッテマリーンズ,右投右打,1988年5月12日,沖縄尚学高 - 東海大,2010年ドラフト1位,NA
61365133,江村　直也,えむら・なおや,千葉ロッテマリーンズ,右投右打,1992年5月6日,大阪桐蔭高,2010年ドラフト5位,NA
01605131,Ｊ．カスティーヨ,ホセ・カスティーヨ　(JOSE CASTILLO),千葉ロッテマリーンズ,右投右打,1981年3月19日,ラスメルセデス高 - パイレーツ - ジャイアンツ - アストロズ - 台湾・統一,,NA
63565133,カルロス・ロサ,カルロス・ロサ　(CARLOS ROSA),千葉ロッテマリーンズ,右投右打,1984年9月21日,ロイヤルズ - ダイヤモンドバックス,,NA
41745133,黒沢　翔太,くろさわ・しょうた,千葉ロッテマリーンズ,右投右打,1988年8月5日,秩父高 - 城西国際大,2010年育成選手ドラフト1位,NA
61765133,小池　翔大,こいけ・しょうた,千葉ロッテマリーンズ,右投右打,1988年6月24日,常総学院高 - 青山学院大,2010年ドラフト4位,NA
11915133,小林　敦,こばやし・あつし,千葉ロッテマリーンズ,右投右打,1986年2月24日,東海大相模高 - 東海大 - 七十七銀行,2010年ドラフト3位,NA
61465110,光原　逸裕,みつはら・あつひろ,千葉ロッテマリーンズ,右投右打,1980年10月11日,報徳学園高 - 京都産業大 - JR東海,2004年ドラフト2巡目,NA
91695133,南　昌輝,みなみ・まさき,千葉ロッテマリーンズ,右投右打,1989年1月18日,県立和歌山商 - 立正大,2010年ドラフト2位,NA
51855114,山本　一徳,やまもと・かずのり,千葉ロッテマリーンズ,左投左打,1983年6月13日,安来高 - 早稲田大,2006年大学生・社会人ドラフト5巡目,NA
81985135,鈴木　大地,すずき・だいち,東北楽天ゴールデンイーグルス,右投左打,1989年8月18日,桐蔭学園高 - 東洋大,2011年ドラフト3位,内野手
81285135,中後　悠平,なかうしろ・ゆうへい,横浜DeNAベイスターズ,左投左打,1989年9月17日,近大新宮高 - 近畿大,2011年ドラフト2位,NA
73375131,Ｊ．ホワイトセル,ジョシュ・ホワイトセル　(JOSH WHITESELL),千葉ロッテマリーンズ,左投左打,1982年4月14日,ロヨラメリーマウント大 - ダイヤモンドバックス,,NA
71675135,益田　直也,ますだ・なおや,千葉ロッテマリーンズ,右投右打,1989年10月25日,市立和歌山商 - 関西国際大,2011年ドラフト4位,投手
93595135,Ｄ．マシス,ダグ・マシス　(DOUG MATHIS),千葉ロッテマリーンズ,右投右打,1983年6月7日,ミズーリ大 - レンジャーズ - 韓国・三星,,NA
03505135,Ｗ．レデズマ,ウィル・レデズマ　(WIL LEDEZMA),千葉ロッテマリーンズ,左投左打,1981年1月21日,ハルディン高 - タイガース - ブレーブス - パドレス - ダイヤモンドバックス - ナショナルズ - パイレーツ - ブルージェイズ,,NA
31535110,川本　良平,かわもと・りょうへい,東北楽天ゴールデンイーグルス,右投右打,1982年4月28日,崇徳高 - 亜細亜大,2004年ドラフト4巡目,NA
91595137,加藤　翔平,かとう・しょうへい,中日ドラゴンズ,右投両打,1991年3月28日,春日部東高 - 上武大,2012年ドラフト4位,NA
31735119,Ｇ．Ｇ．佐藤,じーじーさとう（さとう・たかひこ）,千葉ロッテマリーンズ,右投右打,1978年8月9日,桐蔭学園高 - 法政大 - 米マイナー,2003年ドラフト7巡目,NA
41945137,田村　龍弘,たむら・たつひろ,千葉ロッテマリーンズ,右投右打,1994年5月13日,光星学院高,2012年ドラフト3位,捕手
01205137,松永　昂大,まつなが・たかひろ,千葉ロッテマリーンズ,左投左打,1988年4月16日,高松商 - 関西国際大 - 大阪ガス,2012年ドラフト1位,NA
41145139,石川　歩,いしかわ・あゆむ,千葉ロッテマリーンズ,右投右打,1988年4月11日,富山・滑川高 - 中部大 - 東京ガス,2013年ドラフト1位,NA
11315139,井上　晴哉,いのうえ・せいや,千葉ロッテマリーンズ,右投右打,1989年7月3日,崇徳高 - 中央大 - 日本生命,2013年ドラフト5位,NA
41345119,金森　敬之,かなもり・たかゆき,千葉ロッテマリーンズ,右投右打,1985年7月24日,東海大菅生高,2003年ドラフト6巡目,NA
03505139,Ａ．デスパイネ,アルフレド・デスパイネ　(ALFREDO DESPAIGNE),福岡ソフトバンクホークス,右投右打,1986年6月17日,マニュエルファハルドキューバ国立体育大 - キューバ・グランマ,,NA
33135139,Ｃ．ハフマン,チャッド・ハフマン　(CHAD HUFFMAN),千葉ロッテマリーンズ,右投右打,1985年4月29日,テキサスクリスチャン大 - ヤンキース,,NA
31235139,肘井　竜蔵,ひじい・りゅうぞう,千葉ロッテマリーンズ,右投左打,1995年11月13日,北条高,2013年育成選手ドラフト1位,NA
21225139,二木　康太,ふたき・こうた,千葉ロッテマリーンズ,右投右打,1995年8月1日,鹿児島情報高,2013年ドラフト6位,NA
51455139,三木　亮,みき・りょう,千葉ロッテマリーンズ,右投右打,1991年10月25日,遊学館高 - 上武大,2013年ドラフト3位,NA
91695139,吉田　裕太,よしだ・ゆうた,千葉ロッテマリーンズ,右投右打,1991年7月21日,日大三高 - 立正大,2013年ドラフト2位,NA
21625139,吉原　正平,よしはら・しょうへい,千葉ロッテマリーンズ,右投右打,1989年9月14日,東筑紫学園高 - 東京農業大 - 日本生命,2013年ドラフト4位,NA
31635110,涌井　秀章,わくい・ひであき,中日ドラゴンズ,右投右打,1986年6月21日,横浜高,2004年ドラフト1巡目,投手
91395130,岩下　大輝,いわした・だいき,千葉ロッテマリーンズ,右投右打,1996年10月2日,星稜高,2014年ドラフト3位,NA
93195130,イ・デウン,（い・でうん）,千葉ロッテマリーンズ,右投左打,1989年3月23日,信一高 - 米マイナー,,NA
81085130,田中　英祐,たなか・えいすけ,千葉ロッテマリーンズ,右投右打,1992年4月2日,白陵高 - 京都大,2014年ドラフト2位,NA
23525133,チェン・グァンユウ,（ちぇん・ぐぁんゆう）,千葉ロッテマリーンズ,左投左打,1990年10月29日,台湾・国立体育大,,NA
51455130,中村　奨吾,なかむら・しょうご,千葉ロッテマリーンズ,右投右打,1992年5月28日,天理高 - 早稲田大,2014年ドラフト1位,内野手
81685130,宮﨑　敦次,みやざき・あつし,千葉ロッテマリーンズ,左投左打,1992年12月8日,下関国際高 - 広島国際学院大,2014年ドラフト6位,NA
81385132,大木　貴将,おおき・たかまさ,千葉ロッテマリーンズ,右投左打,1991年11月22日,拓大紅陵高 - 四国・香川,2015年育成選手ドラフト1位,NA
21525132,柿沼　友哉,かきぬま・ともや,東京ヤクルトスワローズ,右投右打,1993年5月12日,誠恵高 - 日本大国際関係学部,2015年育成選手ドラフト2位,捕手
11015132,関谷　亮太,せきや・りょうた,千葉ロッテマリーンズ,右投右打,1991年5月10日,日大三高 - 明治大 - JR東日本,2015年ドラフト2位,NA
01005112,田中　靖洋,たなか・やすひろ,千葉ロッテマリーンズ,右投右打,1987年6月21日,加賀高,2005年高校生ドラフト4巡目,NA
21225132,東條　大樹,とうじょう・たいき,千葉ロッテマリーンズ,右投右打,1991年8月15日,桐光学園高 - 青山学院大 - JR東日本,2015年ドラフト4位,NA
51455132,成田　翔,なりた・かける,東京ヤクルトスワローズ,左投左打,1998年2月3日,秋田商,2015年ドラフト3位,NA
23525132,Ｙ．ナバーロ,ヤマイコ・ナバーロ　(YAMAICO NAVARRO),千葉ロッテマリーンズ,右投右打,1987年10月31日,カリダデルコブレ高 - レッドソックス - ロイヤルズ - パイレーツ - オリオールズ - 韓国・三星,,NA
91695132,平沢　大河,ひらさわ・たいが,埼玉西武ライオンズ,右投左打,1997年12月24日,仙台育英高,2015年ドラフト1位,内野手
51155134,有吉　優樹,ありよし・ゆうき,横浜DeNAベイスターズ,右投右打,1991年3月12日,東金高 - 東京情報大 - 九州三菱自動車,2016年ドラフト5位,NA
81185118,猪本　健太郎,いのもと・けんたろう,千葉ロッテマリーンズ,右投右打,1990年12月23日,熊本・鎮西高,2008年育成選手ドラフト4位,NA
61765134,酒居　知史,さかい・ともひと,東北楽天ゴールデンイーグルス,右投右打,1993年1月2日,龍谷大平安高 - 大阪体育大 - 大阪ガス,2016年ドラフト2位,投手
71975134,佐々木　千隼,ささき・ちはや,横浜DeNAベイスターズ,右投右打,1994年6月8日,日野高 - 桜美林大,2016年ドラフト1位,投手
13015134,Ｒ．サントス,ロエル・サントス　(ROEL SANTOS),千葉ロッテマリーンズ,左投左打,1987年9月15日,マニュエルファハルドキューバ国立体育大 - キューバ・グランマ,,NA
71275134,種市　篤暉,たねいち・あつき,千葉ロッテマリーンズ,右投右打,1998年9月7日,八戸工大一高,2016年ドラフト6位,投手
73775134,Ｍ．ダフィー,マット・ダフィー　(MATT DUFFY),千葉ロッテマリーンズ,右投右打,1989年2月6日,テネシー大 - アストロズ,,NA
31435134,土肥　星也,どひ・せいや,千葉ロッテマリーンズ,左投左打,1995年7月7日,尽誠学園高 - 大阪ガス,2016年ドラフト4位,NA
23725134,Ｊ．パラデス,ジミー・パラデス　(JIMMY PAREDES),千葉ロッテマリーンズ,右投両打,1988年11月25日,エドガーメルセデスベースボールアカデミー - アストロズ - ロイヤルズ - オリオールズ - ブルージェイズ - フィリーズ,,NA
93195135,Ｗ．ペーニャ,ウィリー・モー・ペーニャ　(WILY MO PENA),千葉ロッテマリーンズ,右投右打,1982年1月23日,ラグナサラダ高 - レッズ - レッドソックス - ナショナルズ - ダイヤモンドバックス - マリナーズ,,NA
73175134,宗接　唯人,むねつぐ・ゆいと,千葉ロッテマリーンズ,右投右打,1994年7月6日,神戸国際大付高 - 亜細亜大,2016年ドラフト7位,NA
51555114,大隣　憲司,おおとなり・けんじ,千葉ロッテマリーンズ,左投左打,1984年11月19日,京都学園高 - 近畿大,2006年大学生・社会人ドラフト希望枠,NA
11515139,岡　大海,おか・ひろみ,千葉ロッテマリーンズ,右投右打,1991年7月15日,倉敷商 - 明治大,2013年ドラフト3位,外野手
63365136,Ｅ．オルモス,エドガー・オルモス　(EDGAR OLMOS),千葉ロッテマリーンズ,左投左打,1990年4月12日,バーミングハム高 - マーリンズ - マリナーズ,,NA
93595136,Ｔ．シェッパーズ,タナー・シェッパーズ　(TANNER SCHEPPERS),千葉ロッテマリーンズ,右投右打,1987年1月17日,カリフォルニア州大フレズノ校 - レンジャーズ,,NA
41945136,菅野　剛士,すがの・つよし,千葉ロッテマリーンズ,右投左打,1993年5月6日,東海大相模高 - 明治大 - 日立製作所,2017年ドラフト4位,NA
43545136,Ｍ．ドミンゲス,マット・ドミンゲス　(MATT DOMINGUEZ),千葉ロッテマリーンズ,右投右打,1989年8月28日,チャッツワース高 - マーリンズ - アストロズ,,NA
41245136,永野　将司,ながの・しょうじ,千葉ロッテマリーンズ,左投左打,1993年3月2日,日出暘谷高 - 九州国際大 - ホンダ,2017年ドラフト6位,NA
41645136,藤岡　裕大,ふじおか・ゆうだい,千葉ロッテマリーンズ,右投左打,1993年8月8日,岡山理大付高 - 亜細亜大 - トヨタ自動車,2017年ドラフト2位,内野手
13715136,Ｍ．ボルシンガー,マイク・ボルシンガー　(MIKE BOLSINGER),千葉ロッテマリーンズ,右投右打,1988年1月29日,アーカンソー大 - ダイヤモンドバックス - ドジャース - ブルージェイズ,,NA
61865136,森　遼大朗,もり・りょうたろう,千葉ロッテマリーンズ,右投左打,1999年4月22日,都城商,2017年育成選手ドラフト2位,投手
81885136,安田　尚憲,やすだ・ひさのり,千葉ロッテマリーンズ,右投左打,1999年4月15日,履正社高,2017年ドラフト1位,内野手
93195136,山本　大貴,やまもと・だいき,東京ヤクルトスワローズ,左投左打,1995年11月10日,北星学園大付高 - 三菱自動車岡崎,2017年ドラフト3位,NA
91295114,李　杜軒,りー・とぅーしぇん,千葉ロッテマリーンズ,右投右打,1988年4月21日,岡山県共生高,2006年高校生ドラフト4巡目,NA
33335136,和田　康士朗,わだ・こうしろう,千葉ロッテマリーンズ,左投左打,1999年1月14日,小川高 - BC・富山,2017年育成選手ドラフト1位,外野手
53355136,渡邉　啓太,わたなべ・けいた,千葉ロッテマリーンズ,右投右打,1993年9月13日,いわき光洋高 - 神奈川工科大 - NTT東日本,2017年ドラフト5位,NA
31135138,東妻　勇輔,あづま・ゆうすけ,千葉ロッテマリーンズ,右投右打,1996年4月4日,智弁和歌山高 - 日本体育大,2018年ドラフト2位,投手
11515138,小島　和哉,おじま・かずや,千葉ロッテマリーンズ,左投左打,1996年7月7日,浦和学院高 - 早稲田大,2018年ドラフト3位,投手
71275132,茶谷　健太,ちゃたに・けんた,千葉ロッテマリーンズ,右投右打,1998年1月16日,帝京三高,2015年ドラフト4位,内野手
01005138,土居　豪人,どい・ひでと,千葉ロッテマリーンズ,右投右打,2000年4月2日,松山聖陵高,2018年ドラフト8位,NA
01205138,中村　稔弥,なかむら・としや,福岡ソフトバンクホークス,左投左打,1996年7月8日,清峰高 - 亜細亜大,2018年ドラフト5位,投手
53355138,Ｋ．バルガス,ケニス・バルガス　(KENNYS VARGAS),千葉ロッテマリーンズ,右投両打,1990年8月1日,ルイスエルナイズベローネ高 - ツインズ,,NA
03305133,ブランドン,ブランドン・マン　(BRANDON MANN),千葉ロッテマリーンズ,左投左打,1984年5月16日,マウントレーニア高 - 米マイナー,,NA
31635138,藤原　恭大,ふじわら・きょうた,千葉ロッテマリーンズ,左投左打,2000年5月6日,大阪桐蔭高,2018年ドラフト1位,外野手
51655138,古谷　拓郎,ふるや・たくろう,千葉ロッテマリーンズ,右投右打,2000年4月21日,習志野高,2018年ドラフト6位,NA
71475115,細川　亨,ほそかわ・とおる,千葉ロッテマリーンズ,右投右打,1980年1月4日,青森北高 - 青森大,2001年ドラフト自由枠,NA
41645138,松田　進,まつだ・しん,千葉ロッテマリーンズ,右投右打,1994年8月29日,国学院久我山高 - 中央大 - ホンダ,2018年ドラフト7位,NA
23725138,Ｌ．マーティン,レオネス・マーティン　(LEONYS MARTIN),千葉ロッテマリーンズ,右投左打,1988年3月6日,マニュエルファハルドキューバ国立体育大 - レンジャーズ - マリナーズ - カブス - タイガース - インディアンス,,NA
91895138,山口　航輝,やまぐち・こうき,千葉ロッテマリーンズ,右投右打,2000年8月18日,明桜高,2018年ドラフト4位,外野手
23525130,Ｂ．レアード,ブランドン・レアード　(BRANDON LAIRD),千葉ロッテマリーンズ,右投右打,1987年9月11日,サイプレス大 - ヤンキース - アストロズ,,NA
53555138,Ｊ．レイビン,ジョシュ・レイビン　(JOSH RAVIN),千葉ロッテマリーンズ,右投右打,1988年1月21日,チャッツワース高 - ドジャース - ブレーブス,,NA
91395151,植田　将太,うえだ・しょうた,千葉ロッテマリーンズ,右投右打,1997年12月18日,慶応高 - 慶応大,2019年育成選手ドラフト2位,捕手
51555130,小野　郁,おの・ふみや,千葉ロッテマリーンズ,右投右打,1996年10月23日,西日本短大付高,2014年ドラフト2位,投手
31035151,佐々木　朗希,ささき・ろうき,千葉ロッテマリーンズ,右投右打,2001年11月3日,大船渡高,2019年ドラフト1位,NA
71075151,佐藤　都志也,さとう・としや,千葉ロッテマリーンズ,右投左打,1998年1月27日,聖光学院高 - 東洋大,2019年ドラフト2位,捕手
11215151,髙部　瑛斗,たかべ・あきと,千葉ロッテマリーンズ,右投左打,1997年12月11日,東海大甲府高 - 国士舘大,2019年ドラフト3位,外野手
71475136,西巻　賢二,にしまき・けんじ,横浜DeNAベイスターズ,右投右打,1999年4月22日,仙台育英高,2017年ドラフト6位,内野手
93795134,Ｆ．ハーマン,フランク・ハーマン　(FRANK HERRMANN),千葉ロッテマリーンズ,右投左打,1984年5月30日,ハーバード大 - インディアンス - フィリーズ,,NA
11615114,福田　秀平,ふくだ・しゅうへい,千葉ロッテマリーンズ,右投左打,1989年2月10日,多摩大聖ヶ丘高,2006年高校生ドラフト1巡目,NA
51655151,福田　光輝,ふくだ・こうき,北海道日本ハムファイターズ,右投左打,1997年11月16日,大阪桐蔭高 - 法政大,2019年ドラフト5位,NA
43745151,Ｊ．フローレス,ホセ・フローレス　(JOSE FLORES),千葉ロッテマリーンズ,右投右打,1989年6月4日,UEマリアモンテソーリ高 - 米マイナー - BC・富山,,NA
01605133,美馬　学,みま・まなぶ,千葉ロッテマリーンズ,右投左打,1986年9月19日,藤代高 - 中央大 - 東京ガス,2010年ドラフト2位,NA
13115151,本前　郁也,もとまえ・ふみや,千葉ロッテマリーンズ,左投左打,1997年10月2日,札幌光星高 - 北翔大,2019年育成選手ドラフト1位,投手
23125151,横山　陸人,よこやま・りくと,千葉ロッテマリーンズ,右投右打,2001年8月5日,専大松戸高,2019年ドラフト4位,投手
51155116,浅沼　寿紀,あさぬま・としのり,北海道日本ハムファイターズ,左投左打,1989年7月21日,旭川南高,2007年高校生ドラフト7巡目,NA
91193880,稲葉　篤紀,いなば・あつのり,北海道日本ハムファイターズ,左投左打,1972年8月3日,中京高 - 法政大,1994年ドラフト3位,NA
71173886,飯山　裕志,いいやま・ゆうじ,北海道日本ハムファイターズ,右投右打,1979年7月13日,れいめい高,1997年ドラフト4位,NA
21125119,岩舘　学,いわだて・まなぶ,北海道日本ハムファイターズ,右投右打,1981年4月14日,成田高 - 東洋大,2003年ドラフト5巡目,NA
71175110,石井　裕也,いしい・ゆうや,北海道日本ハムファイターズ,左投左打,1981年7月4日,横浜商工 - 三菱重工横浜硬式野球クラブ,2004年ドラフト6巡目,NA
01105110,市川　卓,いちかわ・すぐる,北海道日本ハムファイターズ,右投左打,1986年6月7日,菰野高,2004年ドラフト5巡目,NA
21125114,糸数　敬作,いとかず・けいさく,北海道日本ハムファイターズ,右投右打,1984年11月7日,中部商 - 亜細亜大,2006年大学生・社会人ドラフト3巡目,NA
61165114,今浪　隆博,いまなみ・たかひろ,東京ヤクルトスワローズ,右投左打,1984年7月6日,平安高 - 明治大,2006年大学生・社会人ドラフト7巡目,NA
61165110,鵜久森　淳志,うぐもり・あつし,東京ヤクルトスワローズ,右投右打,1987年2月1日,済美高,2004年ドラフト8巡目,NA
21325114,植村　祐介,うえむら・ゆうすけ,北海道日本ハムファイターズ,右投右打,1988年7月5日,北照高,2006年高校生ドラフト3巡目,NA
91395131,運天　ジョン・クレイトン,うんてん・じょんくれいとん,北海道日本ハムファイターズ,右投右打,1992年3月27日,浦添工,2009年ドラフト4位,NA
71675131,Ｂ．ウルフ,ブライアン・ウルフ　(BRIAN WOLFE),埼玉西武ライオンズ,右投右打,1980年11月29日,サーバイト高 - ブルージェイズ,,NA
41345115,江尻　慎太郎,えじり・しんたろう,福岡ソフトバンクホークス,右投右打,1977年4月30日,仙台二高 - 早稲田大,2001年ドラフト自由枠,NA
11515117,尾崎　匡哉,おざき・まさや,北海道日本ハムファイターズ,右投右打,1984年6月2日,報徳学園高,2002年ドラフト1巡目,NA
61365131,大塚　豊,おおつか・ゆたか,北海道日本ハムファイターズ,右投右打,1987年12月20日,創価高 - 創価大,2009年ドラフト2位,NA
21323889,金子　誠,かねこ・まこと,北海道日本ハムファイターズ,右投右打,1975年11月8日,常総学院高,1993年ドラフト3位,NA
21625113,Ｂ．カーライル,バディ・カーライル　(BUDDY CARLYLE),北海道日本ハムファイターズ,右投左打,1977年12月21日,ベルビューイースト高 - パドレス,,NA
41545117,加藤　武治,かとう・たけはる,北海道日本ハムファイターズ,右投右打,1978年3月24日,山形南高 - 東京学芸大 - 三菱ふそう川崎,2002年ドラフト4巡目,NA
41545131,加藤　政義,かとう・まさよし,横浜DeNAベイスターズ,右投左打,1987年4月28日,東北高 - 九州国際大,2009年ドラフト3位,NA
31433868,木田　優夫,きだ・まさお,北海道日本ハムファイターズ,右投右打,1968年9月12日,日大明誠高,1986年ドラフト1位,NA
51555110,菊地　和正,きくち・かずまさ,横浜DeNAベイスターズ,右投右打,1982年6月27日,樹徳高 - 上武大,2004年ドラフト6巡目,NA
41645131,Ｂ．ケッペル,ボビー・ケッペル　(BOBBY KEPPEL),北海道日本ハムファイターズ,右投右打,1982年6月11日,デスメットヘスート高 - ロイヤルズ - ロッキーズ - ツインズ,,NA
71975117,小谷野　栄一,こやの・えいいち,オリックス・バファローズ,右投右打,1980年10月10日,創価高 - 創価大,2002年ドラフト5巡目,NA
91795118,榊原　諒,さかきばら・りょう,オリックス・バファローズ,右投右打,1985年8月4日,岐阜・中京高 - 三菱自動車岡崎 - 関西国際大,2008年ドラフト2位,NA
81785118,杉谷　拳士,すぎや・けんし,北海道日本ハムファイターズ,右投両打,1991年2月4日,帝京高,2008年ドラフト6位,NA
01905116,関口　雄大,せきぐち・ゆうた,北海道日本ハムファイターズ,右投右打,1985年8月26日,宇都宮北高 - 滋賀大,2007年育成選手ドラフト1巡目,NA
11915111,田中　賢介,たなか・けんすけ,北海道日本ハムファイターズ,右投左打,1981年5月20日,東福岡高,1999年ドラフト2位,NA
41045117,武田　久,たけだ・ひさし,北海道日本ハムファイターズ,右投左打,1978年10月14日,生光学園高 - 駒沢大 - 日本通運,2002年ドラフト4巡目,NA
61965110,ダルビッシュ　有,だるびっしゅ・ゆう,北海道日本ハムファイターズ,右投右打,1986年8月16日,東北高,2004年ドラフト1巡目,NA
71075112,武田　勝,たけだ・まさる,北海道日本ハムファイターズ,左投左打,1978年7月10日,関東第一高 - 立正大 - シダックス,2005年大学生・社会人ドラフト4巡目,NA
71075114,ダース　ローマシュ匡,だーす・ろーましゅたすく,北海道日本ハムファイターズ,右投右打,1988年12月15日,関西高,2006年高校生ドラフト4巡目,NA
81985116,多田野　数人,ただの・かずひと,北海道日本ハムファイターズ,右投右打,1980年4月25日,八千代松陰高 - 立教大 - インディアンス,2007年大学生・社会人ドラフト1巡目,NA
81983886,坪井　智哉,つぼい・ともちか,オリックス・バファローズ,左投左打,1974年2月19日,PL学園高 - 青山学院大 - 東芝,1997年ドラフト4位,NA
71275117,鶴岡　慎也,つるおか・しんや,北海道日本ハムファイターズ,右投右打,1981年4月11日,樟南高 - 三菱重工横浜硬式野球クラブ,2002年ドラフト8巡目,NA
91095118,土屋　健二,つちや・けんじ,横浜DeNAベイスターズ,左投左打,1990年10月4日,横浜高,2008年ドラフト4位,NA
01005116,豊島　明好,とよしま・あきよし,北海道日本ハムファイターズ,左投左打,1990年1月16日,北陸大谷高,2007年高校生ドラフト6巡目,NA
91793864,中嶋　聡,なかじま・さとし,北海道日本ハムファイターズ,右投右打,1969年3月27日,鷹巣農林高,1986年ドラフト3位,NA
61065116,中田　翔,なかた・しょう,中日ドラゴンズ,右投右打,1989年4月22日,大阪桐蔭高,2007年高校生ドラフト1巡目,NA
11215118,中島　卓也,なかしま・たくや,北海道日本ハムファイターズ,右投左打,1991年1月11日,福岡工,2008年ドラフト5位,内野手
21025131,中村　勝,なかむら・まさる,オリックス・バファローズ,右投右打,1991年12月11日,春日部共栄高,2009年ドラフト1位,NA
01903888,二岡　智宏,におか・ともひろ,北海道日本ハムファイターズ,右投右打,1976年4月29日,広陵高 - 近畿大,1998年ドラフト2位,NA
01205115,林　昌範,はやし・まさのり,横浜DeNAベイスターズ,左投左打,1983年9月19日,市立船橋高,2001年ドラフト7巡目,NA
71475110,松家　卓弘,まつか・たかひろ,北海道日本ハムファイターズ,右投右打,1982年7月29日,高松高 - 東京大,2004年ドラフト9巡目,NA
81285131,増井　浩俊,ますい・ひろとし,オリックス・バファローズ,右投右打,1984年6月26日,静岡高 - 駒沢大 - 東芝,2009年ドラフト5位,NA
41645114,宮本　賢,みやもと・けん,北海道日本ハムファイターズ,左投左打,1984年7月18日,関西高 - 早稲田大,2006年大学生・社会人ドラフト希望枠,NA
41445116,宮西　尚生,みやにし・なおき,北海道日本ハムファイターズ,左投左打,1985年6月2日,市立尼崎高 - 関西学院大,2007年大学生・社会人ドラフト3巡目,投手
11615116,村田　和哉,むらた・かずや,北海道日本ハムファイターズ,右投左打,1985年7月23日,市立船橋高 - 中央大,2007年大学生・社会人ドラフト4巡目,NA
41243888,森本　稀哲,もりもと・ひちょり,埼玉西武ライオンズ,右投右打,1981年1月31日,帝京高,1998年ドラフト4位,NA
31435119,渡部　龍一,わたなべ・りゅういち,北海道日本ハムファイターズ,右投右打,1985年10月2日,札幌第一高,2003年ドラフト7巡目,NA
21325133,榎下　陽大,えのした・ようだい,北海道日本ハムファイターズ,右投右打,1988年7月21日,鹿児島工 - 九州産業大,2010年ドラフト4位,NA
91995133,齊藤　勝,さいとう・まさる,北海道日本ハムファイターズ,左投左打,1988年1月6日,修徳高 - セガサミー,2010年ドラフト6位,NA
01905133,斎藤　佑樹,さいとう・ゆうき,北海道日本ハムファイターズ,右投右打,1988年6月6日,早稲田実 - 早稲田大,2010年ドラフト1位,NA
03705133,Ｂ．スケールズ,ボビー・スケールズ　(BOBBY SCALES),オリックス・バファローズ,右投両打,1977年10月4日,ミシガン大 - カブス,,NA
41045133,谷口　雄也,たにぐち・ゆうや,北海道日本ハムファイターズ,右投左打,1992年6月1日,愛工大名電高,2010年ドラフト5位,NA
21225133,西川　遥輝,にしかわ・はるき,北海道日本ハムファイターズ,右投左打,1992年4月16日,智弁和歌山高,2010年ドラフト2位,外野手
63365133,Ｍ．ホフパワー,マイカ・ホフパワー　(MICAH HOFFPAUIR),北海道日本ハムファイターズ,左投左打,1980年3月1日,ラマー大 - カブス,,NA
61065119,松坂　健太,まつさか・けんた,北海道日本ハムファイターズ,右投右打,1985年8月16日,東海大仰星高,2003年ドラフト5巡目,NA
51355135,上沢　直之,うわさわ・なおゆき,福岡ソフトバンクホークス,右投右打,1994年2月6日,専大松戸高,2011年ドラフト6位,投手
91395135,大嶋　匠,おおしま・たくみ,北海道日本ハムファイターズ,右投左打,1990年2月14日,新島学園高 - 早稲田大,2011年ドラフト7位,NA
41745135,近藤　健介,こんどう・けんすけ,福岡ソフトバンクホークス,右投左打,1993年8月9日,横浜高,2011年ドラフト4位,外野手
63165116,Ｔ．スレッジ,ターメル・スレッジ　(TERRMEL SLEDGE),北海道日本ハムファイターズ,左投左打,1977年3月18日,カリフォルニア州大ロングビーチ校 - エクスポズ - ナショナルズ - パドレス,,NA
21625135,松本　剛,まつもと・ごう,読売ジャイアンツ,右投右打,1993年8月11日,帝京高,2011年ドラフト2位,外野手
71875135,森内　壽春,もりうち・としはる,北海道日本ハムファイターズ,右投右打,1985年1月2日,八戸工大一高 - 青森大 - JR東日本東北,2011年ドラフト5位,NA
73575135,Ｄ．モルケン,ダスティン・モルケン　(DUSTIN MOLLEKEN),北海道日本ハムファイターズ,右投左打,1984年8月21日,レスブリッジコミュニティー大 - 米マイナー,,NA
51153888,赤田　将吾,あかだ・しょうご,北海道日本ハムファイターズ,右投両打,1980年9月1日,日南学園高,1998年ドラフト2位,NA
91195137,新垣　勇人,あらかき・はやと,北海道日本ハムファイターズ,右投右打,1985年10月21日,国士舘高 - 横浜商科大 - 東芝,2012年ドラフト5位,NA
03105137,Ｍ．アブレイユ,ミチェル・アブレイユ　(MICHEL ABREU),北海道日本ハムファイターズ,右投右打,1979年1月2日,マタンサス大 - 米マイナー,,NA
91595114,大引　啓次,おおびき・けいじ,東京ヤクルトスワローズ,右投右打,1984年6月29日,浪速高 - 法政大,2006年大学生・社会人ドラフト3巡目,NA
01305137,大谷　翔平,おおたに・しょうへい,北海道日本ハムファイターズ,右投左打,1994年7月5日,花巻東高,2012年ドラフト1位,NA
41545137,河野　秀数,かわの・ひでかず,北海道日本ハムファイターズ,右投右打,1987年12月14日,山城高 - 佛教大 - 新日鉄住金広畑,2012年ドラフト7位,NA
71775117,木佐貫　洋,きさぬき・ひろし,北海道日本ハムファイターズ,右投右打,1980年5月17日,川内高 - 亜細亜大,2002年ドラフト自由枠,NA
93395137,Ｊ．トーマス,ジャスティン・トーマス　(JUSTIN THOMAS),北海道日本ハムファイターズ,左投左打,1984年1月18日,ヤングスタウン州大 - マリナーズ - パイレーツ - レッドソックス - ヤンキース,,NA
41445137,森本　龍弥,もりもと・たつや,北海道日本ハムファイターズ,右投右打,1994年6月12日,高岡第一高,2012年ドラフト2位,NA
61465137,屋宜　照悟,やぎ・しょうご,東京ヤクルトスワローズ,右投左打,1989年3月29日,中部商 - 国士舘大 - JX-ENEOS,2012年ドラフト6位,NA
63365139,アンソニー・カーター,アンソニー・カーター　(ANTHONY CARTER),北海道日本ハムファイターズ,右投左打,1986年4月4日,ジョージアペリメター大 - 米マイナー,,NA
81185139,石川　亮,いしかわ・りょう,オリックス・バファローズ,右投右打,1995年7月20日,帝京高,2013年ドラフト8位,捕手
41345139,浦野　博司,うらの・ひろし,北海道日本ハムファイターズ,右投右打,1989年7月22日,浜松工 - 愛知学院大 - セガサミー,2013年ドラフト2位,NA
81585139,金平　将至,かねひら・まさし,北海道日本ハムファイターズ,左投左打,1991年3月24日,高岡第一高 - 東海理化,2013年ドラフト5位,NA
11715139,岸里　亮佑,きしさと・りょうすけ,北海道日本ハムファイターズ,右投左打,1995年4月3日,花巻東高,2013年ドラフト7位,NA
21825139,Ｍ．クロッタ,マイケル・クロッタ　(MICHAEL CROTTA),北海道日本ハムファイターズ,右投右打,1984年9月25日,フロリダアトランティック大 - パイレーツ,,NA
21925139,高梨　裕稔,たかなし・ひろとし,東京ヤクルトスワローズ,右投右打,1991年6月5日,土気高 - 山梨学院大,2013年ドラフト4位,投手
41045139,白村　明弘,はくむら・あきひろ,北海道日本ハムファイターズ,右投左打,1991年12月11日,慶応高 - 慶応大,2013年ドラフト6位,NA
71475112,藤岡　好明,ふじおか・よしあき,横浜DeNAベイスターズ,右投左打,1985年3月12日,宮崎日大高 - JR九州,2005年大学生・社会人ドラフト3巡目,NA
71675114,増渕　竜義,ますぶち・たつよし,北海道日本ハムファイターズ,右投右打,1988年5月3日,鷲宮高,2006年高校生ドラフト1巡目,NA
03105139,Ｊ．ミランダ,ホアン・ミランダ　(JUAN MIRANDA),北海道日本ハムファイターズ,左投左打,1983年4月25日,ナンシーウランガ大 - ヤンキース - ダイヤモンドバックス,,NA
81685139,渡邉　諒,わたなべ・りょう,阪神タイガース,右投右打,1995年4月30日,東海大甲府高,2013年ドラフト1位,NA
31135130,淺間　大基,あさま・だいき,北海道日本ハムファイターズ,右投左打,1996年6月21日,横浜高,2014年ドラフト3位,外野手
51155130,有原　航平,ありはら・こうへい,北海道日本ハムファイターズ,右投右打,1992年8月11日,広陵高 - 早稲田大,2014年ドラフト1位,投手
61165130,石川　直也,いしかわ・なおや,北海道日本ハムファイターズ,右投右打,1996年7月11日,山形中央高,2014年ドラフト4位,NA
81385130,太田　賢吾,おおた・けんご,東京ヤクルトスワローズ,右投左打,1997年1月19日,川越工,2014年ドラフト8位,NA
43145130,Ｖ．ガラテ,ビクター・ガラテ　(VICTOR GARATE),北海道日本ハムファイターズ,左投左打,1984年9月25日,エスケラペドロムゲルサ高 - ナショナルズ - 台湾・義大,,NA
61965130,清水　優心,しみず・ゆうし,北海道日本ハムファイターズ,右投右打,1996年5月22日,九州国際大付高,2014年ドラフト2位,捕手
11015130,瀬川　隼郎,せがわ・はやお,北海道日本ハムファイターズ,左投左打,1986年10月21日,北海高 - 室蘭シャークス,2014年ドラフト5位,NA
01005130,髙濱　祐仁,たかはま・ゆうと,阪神タイガース,右投右打,1996年8月8日,横浜高,2014年ドラフト7位,NA
61065130,立田　将太,たつた・しょうた,北海道日本ハムファイターズ,右投右打,1996年6月4日,大和広陵高,2014年ドラフト6位,NA
43345130,Ｊ．ハーミッダ,ジェレミー・ハーミッダ　(JEREMY HERMIDA),北海道日本ハムファイターズ,右投左打,1984年1月30日,ウィーラー高 - マーリンズ - レッドソックス - アスレチックス - レッズ - パドレス,,NA
73775130,Ｍ．ライブリー,ミッチ・ライブリー　(MITCH LIVELY),北海道日本ハムファイターズ,右投右打,1985年9月7日,カリフォルニア州大サクラメント校 - 米マイナー,,NA
31335132,井口　和朋,いぐち・かずとも,オリックス・バファローズ,右投右打,1994年1月7日,武相高 - 東京農業大北海道オホーツク,2015年ドラフト3位,NA
41345132,上原　健太,うえはら・けんた,北海道日本ハムファイターズ,左投左打,1994年3月29日,広陵高 - 明治大,2015年ドラフト1位,投手
41545132,加藤　貴之,かとう・たかゆき,北海道日本ハムファイターズ,左投左打,1992年6月3日,拓大紅陵高 - 新日鉄住金かずさマジック,2015年ドラフト2位,投手
43545132,Ａ．バース,アンソニー・バース　(ANTHONY BASS),北海道日本ハムファイターズ,右投右打,1987年11月1日,ウェイン州大 - パドレス - アストロズ - レンジャーズ,,NA
71675132,姫野　優也,ひめの・ゆうや,北海道日本ハムファイターズ,右投右打,1997年4月2日,大阪偕星学園高,2015年ドラフト8位,NA
01605132,平沼　翔太,ひらぬま・しょうた,オリックス・バファローズ,右投左打,1997年8月16日,敦賀気比高,2015年ドラフト4位,外野手
63765132,Ｃ．マーティン,クリス・マーティン　(CHRIS MARTIN),北海道日本ハムファイターズ,右投右打,1986年6月2日,マクレナンコミュニティー大 - ロッキーズ - ヤンキース,,NA
21425111,米野　智人,よねの・ともひと,北海道日本ハムファイターズ,右投右打,1982年1月21日,北照高,1999年ドラフト3位,NA
03105132,横尾　俊建,よこお・としたけ,東北楽天ゴールデンイーグルス,右投右打,1993年5月27日,日大三高 - 慶応大,2015年ドラフト6位,NA
83185132,吉田　侑樹,よしだ・ゆうき,北海道日本ハムファイターズ,右投右打,1994年2月16日,東海大仰星高 - 東海大,2015年ドラフト7位,NA
21125134,石井　一成,いしい・かずなり,埼玉西武ライオンズ,右投左打,1994年5月6日,作新学院高 - 早稲田大,2016年ドラフト2位,内野手
11315134,今井　順之助,いまい・じゅんのすけ,北海道日本ハムファイターズ,右投左打,1998年5月25日,岐阜・中京高,2016年ドラフト9位,NA
63365134,Ｅ．エスコバー,エドウィン・エスコバー　(EDWIN ESCOBAR),横浜DeNAベイスターズ,左投左打,1992年4月22日,インスティテゥトディオセサノバルキシメト高 - レッドソックス - ダイヤモンドバックス,,NA
21725112,黒羽根　利規,くろばね・としき,北海道日本ハムファイターズ,右投右打,1987年6月2日,日大藤沢高,2005年高校生ドラフト3巡目,NA
91795134,郡　拓也,こおり・たくや,読売ジャイアンツ,右投右打,1998年4月25日,帝京高,2016年ドラフト7位,捕手
61765139,杉浦　稔大,すぎうら・としひろ,中日ドラゴンズ,右投右打,1992年2月25日,帯広大谷高 - 国学院大,2013年ドラフト1位,投手
91295134,玉井　大翔,たまい・たいしょう,北海道日本ハムファイターズ,右投右打,1992年6月16日,旭川実 - 東京農業大北海道オホーツク - 新日鉄住金かずさマジック,2016年ドラフト8位,投手
93095134,Ｙ．ドレイク,ヤディル・ドレイク　(YADIR DRAKE),北海道日本ハムファイターズ,右投右打,1990年4月12日,アウレリオヤネット高 - 米マイナー,,NA
51855134,堀　瑞輝,ほり・みずき,北海道日本ハムファイターズ,左投左打,1998年5月10日,広島新庄高,2016年ドラフト1位,投手
03105134,森山　恵佑,もりやま・けいすけ,北海道日本ハムファイターズ,左投左打,1994年5月2日,星稜高 - 専修大,2016年ドラフト4位,NA
03305136,Ｏ．アルシア,オズワルド・アルシア　(OSWALDO ARCIA),北海道日本ハムファイターズ,右投左打,1991年5月9日,ホセラモンコルネホ高 - ツインズ - レイズ - マーリンズ - パドレス,,NA
01505136,北浦　竜次,きたうら・りゅうじ,読売ジャイアンツ,左投左打,2000年1月12日,白鴎大足利高,2017年ドラフト5位,投手
41545136,清宮　幸太郎,きよみや・こうたろう,北海道日本ハムファイターズ,右投左打,1999年5月25日,早稲田実,2017年ドラフト1位,内野手
81985136,鈴木　遼太郎,すずき・りょうたろう,北海道日本ハムファイターズ,右投右打,1996年2月18日,石巻西高 - 東北学院大,2017年ドラフト6位,NA
61065136,田中　瑛斗,たなか・えいと,読売ジャイアンツ,右投左打,1999年7月13日,柳ヶ浦高,2017年ドラフト3位,投手
63565136,Ｍ．トンキン,マイケル・トンキン　(MICHAEL TONKIN),北海道日本ハムファイターズ,右投右打,1989年11月19日,パルムデール高 - ツインズ,,NA
91495136,西村　天裕,にしむら・たかひろ,千葉ロッテマリーンズ,右投右打,1993年5月6日,和歌山商 - 帝京大 - NTT東日本,2017年ドラフト2位,NA
33735136,Ｎ．マルティネス,ニック・マルティネス　(NICK MARTINEZ),福岡ソフトバンクホークス,右投左打,1990年8月5日,フォーダム大 - レンジャーズ,,NA
71875136,宮台　康平,みやだい・こうへい,東京ヤクルトスワローズ,左投左打,1995年7月1日,湘南高 - 東京大,2017年ドラフト7位,NA
43745136,Ｂ．ロドリゲス,ブライアン・ロドリゲス　(BRYAN RODRIGUEZ),北海道日本ハムファイターズ,右投右打,1991年7月6日,エヴァンジェリーナロドリゲス高 - 米マイナー,,NA
91195139,秋吉　亮,あきよし・りょう,福岡ソフトバンクホークス,右投右打,1989年3月21日,足立新田高 - 中央学院大 - パナソニック,2013年ドラフト3位,NA
41345110,金子　千尋,かねこ・ちひろ,北海道日本ハムファイターズ,右投左打,1983年11月8日,長野商 - トヨタ自動車,2004年ドラフト自由枠,NA
71575138,柿木　蓮,かきぎ・れん,北海道日本ハムファイターズ,右投右打,2000年6月25日,大阪桐蔭高,2018年ドラフト5位,NA
51055138,田宮　裕涼,たみや・ゆあ,北海道日本ハムファイターズ,右投左打,2000年6月13日,成田高,2018年ドラフト6位,捕手
41245138,生田目　翼,なばため・つばさ,北海道日本ハムファイターズ,右投右打,1995年2月19日,水戸工 - 流通経済大 - 日本通運,2018年ドラフト3位,投手
31435138,野村　佑希,のむら・ゆうき,北海道日本ハムファイターズ,右投右打,2000年6月26日,花咲徳栄高,2018年ドラフト2位,内野手
33335138,Ｊ．バーベイト,ジョニー・バーベイト　(JOHNNY BARBATO),北海道日本ハムファイターズ,右投右打,1992年7月11日,フェリックスバレーラ高 - ヤンキース - パイレーツ - タイガース,,NA
73375138,Ｊ．ハンコック,ジャスティン・ハンコック　(JUSTIN HANCOCK),北海道日本ハムファイターズ,右投右打,1990年10月28日,リンカーントレイル大 - カブス,,NA
11615138,福田　俊,ふくだ・すぐる,北海道日本ハムファイターズ,左投左打,1996年12月14日,横浜創学館高 - 星槎道都大,2018年ドラフト7位,投手
11815138,万波　中正,まんなみ・ちゅうせい,北海道日本ハムファイターズ,右投右打,2000年4月7日,横浜高,2018年ドラフト4位,外野手
11615137,谷内　亮太,やち・りょうた,北海道日本ハムファイターズ,右投右打,1991年2月3日,金沢西高 - 国学院大,2012年ドラフト6位,NA
13115138,吉田　輝星,よしだ・こうせい,オリックス・バファローズ,右投右打,2001年1月12日,金足農,2018年ドラフト1位,投手
23525138,王　柏融,わん・ぼーろん,北海道日本ハムファイターズ,右投左打,1993年9月9日,中国文化大 - 台湾・ラミゴ,,NA
01305151,上野　響平,うえの・きょうへい,オリックス・バファローズ,右投右打,2001年4月26日,京都国際高,2019年ドラフト3位,NA
11515151,梅林　優貴,うめばやし・ゆうき,北海道日本ハムファイターズ,右投右打,1998年3月14日,高陽東高 - 広島文化学園大,2019年ドラフト6位,捕手
01705151,片岡　奨人,かたおか・しょうと,北海道日本ハムファイターズ,右投左打,1997年11月16日,札幌日大高 - 東日本国際大,2019年ドラフト7位,NA
81785151,河野　竜生,かわの・りゅうせい,北海道日本ハムファイターズ,左投左打,1998年5月30日,鳴門高 - JFE西日本,2019年ドラフト1位,投手
61065151,鈴木　健矢,すずき・けんや,広島東洋カープ,右投左打,1997年12月11日,木更津総合高 - JX-ENEOS,2019年ドラフト4位,投手
91295151,立野　和明,たての・かずあき,北海道日本ハムファイターズ,右投右打,1998年4月3日,中部大一高 - 東海理化,2019年ドラフト2位,NA
41445151,長谷川　凌汰,はせがわ・りょうた,北海道日本ハムファイターズ,右投左打,1995年11月8日,福井商 - 龍谷大 - BC・新潟,2019年育成選手ドラフト3位,NA
33735151,Ｄ．バーヘイゲン,ドリュー・バーヘイゲン　(DREW VERHAGEN),北海道日本ハムファイターズ,右投右打,1990年10月22日,バンダービルト大 - タイガース,,NA
81485151,樋口　龍之介,ひぐち・りゅうのすけ,北海道日本ハムファイターズ,右投右打,1994年7月4日,横浜高 - 立正大 - BC・新潟,2019年育成選手ドラフト2位,NA
91895151,宮田　輝星,みやた・ほくと,北海道日本ハムファイターズ,右投両打,1997年12月2日,出水中央高 - 福岡大,2019年育成選手ドラフト1位,NA
61865151,望月　大希,もちづき・だいき,北海道日本ハムファイターズ,右投右打,1998年2月1日,市立船橋高 - 創価大,2019年ドラフト5位,NA
81185113,荒金　久雄,あらかね・ひさお,オリックス・バファローズ,右投右打,1978年8月1日,PL学園高 - 青山学院大,2000年ドラフト5位,NA
91195117,新垣　渚,あらかき・なぎさ,東京ヤクルトスワローズ,右投右打,1980年5月9日,沖縄水産高 - 九州共立大,2002年ドラフト自由枠,NA
51155119,明石　健志,あかし・けんじ,福岡ソフトバンクホークス,右投左打,1986年1月9日,山梨学院大付高,2003年ドラフト4巡目,NA
71175118,有馬　翔,ありま・しょう,東北楽天ゴールデンイーグルス,左投左打,1990年6月5日,日南学園高,2008年ドラフト4位,NA
91395115,井手　正太郎,いで・しょうたろう,横浜DeNAベイスターズ,右投右打,1983年10月10日,日南学園高,2001年ドラフト8巡目,NA
31335116,岩嵜　翔,いわさき・しょう,オリックス・バファローズ,右投右打,1989年10月21日,市立船橋高,2007年高校生ドラフト1巡目,投手
31335131,今宮　健太,いまみや・けんた,福岡ソフトバンクホークス,右投右打,1991年7月15日,明豊高,2009年ドラフト1位,内野手
51655131,李　机浩,い・ぼむほ,福岡ソフトバンクホークス,右投右打,1981年11月25日,大邱高 - 韓国・ハンファ,,NA
11315110,江川　智晃,えがわ・ともあき,福岡ソフトバンクホークス,右投右打,1986年10月31日,宇治山田商,2004年ドラフト1巡目,NA
71373888,小椋　真介,おぐら・しんすけ,福岡ソフトバンクホークス,左投左打,1980年8月1日,福岡工大付高,1998年ドラフト3位,NA
91895117,Ｊ．オーティズ,ホセ・オーティズ　(JOSE ORTIZ),埼玉西武ライオンズ,右投右打,1977年6月13日,コレヒオカポティヨ高 - アスレチックス - ロッキーズ,,NA
41343888,金澤　健人,かなざわ・たけひと,福岡ソフトバンクホークス,右投右打,1979年1月12日,磯原高 - NTT関東,1998年ドラフト2位,NA
41345111,川﨑　宗則,かわさき・むねのり,福岡ソフトバンクホークス,右投左打,1981年6月3日,鹿児島工,1999年ドラフト4位,NA
21525115,神内　靖,かみうち・やすし,横浜DeNAベイスターズ,左投左打,1983年8月12日,延岡学園高,2001年ドラフト4巡目,NA
61365119,金子　圭輔,かねこ・けいすけ,福岡ソフトバンクホークス,右投両打,1985年7月23日,志学館高,2003年ドラフト6巡目,NA
51555112,甲藤　啓介,かっとう・けいすけ,オリックス・バファローズ,右投右打,1983年11月12日,高知高 - 近畿大,2005年大学生・社会人ドラフト4巡目,NA
11715131,川原　弘之,かわはら・ひろゆき,福岡ソフトバンクホークス,左投左打,1991年8月23日,福岡大大濠高,2009年ドラフト2位,NA
31535119,城所　龍磨,きどころ・りゅうま,福岡ソフトバンクホークス,右投左打,1985年9月24日,岐阜・中京高,2003年ドラフト2巡目,NA
21525118,金　無英,きむ・むよん,東北楽天ゴールデンイーグルス,右投右打,1985年11月22日,早鞆高 - 福岡経済大 - 四国・福岡,2008年ドラフト6位,NA
31533889,小久保　裕紀,こくぼ・ひろき,福岡ソフトバンクホークス,右投右打,1971年10月8日,星林高 - 青山学院大,1993年ドラフト2位,NA
41745112,小斉　祐輔,こさい・ゆうすけ,東北楽天ゴールデンイーグルス,右投左打,1983年4月30日,PL学園高 - 東京農業大生産学部,2005年育成選手ドラフト1巡目,NA
41543889,佐藤　誠,さとう・まこと,福岡ソフトバンクホークス,右投右打,1975年6月12日,駒大岩見沢高,1993年ドラフト5位,NA
71373882,斉藤　和巳,さいとう・かずみ,福岡ソフトバンクホークス,右投右打,1977年11月30日,南京都高,1995年ドラフト1位,NA
91793884,柴原　洋,しばはら・ひろし,福岡ソフトバンクホークス,左投左打,1974年5月23日,北九州高 - 九州共立大,1996年ドラフト3位,NA
91995118,攝津　正,せっつ・ただし,福岡ソフトバンクホークス,右投右打,1982年6月1日,秋田経法大付高 - JR東日本東北,2008年ドラフト5位,NA
61965115,田上　秀則,たのうえ・ひでのり,福岡ソフトバンクホークス,右投右打,1980年3月20日,大産大付高 - 九州共立大,2001年ドラフト3巡目,NA
11915110,高橋　徹,たかはし・とおる,福岡ソフトバンクホークス,右投右打,1987年2月23日,横浜創学館高,2004年ドラフト3巡目,NA
31935110,髙橋　秀聡,たかはし・ひであき,オリックス・バファローズ,右投右打,1982年8月26日,盾津高 - 九州共立大,2004年ドラフト5巡目,NA
41045114,髙谷　裕亮,たかや・ひろあき,福岡ソフトバンクホークス,右投左打,1981年11月13日,小山北桜高 - 富士重工 - 白鴎大,2006年大学生・社会人ドラフト3巡目,NA
61965118,巽　真悟,たつみ・しんご,福岡ソフトバンクホークス,右投左打,1987年1月10日,新宮高 - 近畿大,2008年ドラフト1位,NA
13315131,ＪＤダービン,ＪＤダービン　(JOSEPH ADAM DURBIN),福岡ソフトバンクホークス,右投右打,1982年2月24日,コロナド高 - ツインズ - ダイヤモンドバックス - フィリーズ,,NA
61963886,辻　武史,つじ・たけし,福岡ソフトバンクホークス,右投右打,1979年6月12日,星稜高,1997年ドラフト5位,NA
21025118,堂上　隼人,どううえ・はやと,福岡ソフトバンクホークス,右投右打,1982年3月12日,武相高 - 横浜商科大 - 日産自動車 - 四国・香川,2008年育成選手ドラフト5位,NA
91095113,仲澤　忠厚,なかざわ・ただあつ,福岡ソフトバンクホークス,右投右打,1982年9月1日,敦賀気比高,2000年ドラフト7位,NA
71075110,中西　健太,なかにし・けんた,福岡ソフトバンクホークス,右投右打,1986年4月10日,北大津高,2004年ドラフト4巡目,NA
11215116,中村　晃,なかむら・あきら,福岡ソフトバンクホークス,左投左打,1989年11月5日,帝京高,2007年高校生ドラフト3巡目,内野手
61265118,二保　旭,にほ・あきら,千葉ロッテマリーンズ,右投右打,1990年5月18日,九州国際大付高,2008年育成選手ドラフト2位,NA
21425114,長谷川　勇也,はせがわ・ゆうや,福岡ソフトバンクホークス,右投左打,1984年12月22日,酒田南高 - 専修大,2006年大学生・社会人ドラフト5巡目,NA
03105118,Ｂ．ファルケンボーグ,ブライアン・ファルケンボーグ　(BRIAN FALKENBORG),東北楽天ゴールデンイーグルス,右投右打,1978年1月18日,レッドモンド高 - オリオールズ - ドジャース - パドレス - カージナルス - ドジャース - パドレス,,NA
31833888,Ｒ．ペタジーニ,ロベルト・ぺタジーニ　(ROBERTO PETAGINE),福岡ソフトバンクホークス,左投左打,1971年6月2日,アントニオホセ大 - アストロズ - パドレス - メッツ - レッズ,,NA
41445112,本多　雄一,ほんだ・ゆういち,福岡ソフトバンクホークス,右投左打,1984年11月19日,鹿児島実 - 三菱重工名古屋,2005年大学生・社会人ドラフト5巡目,NA
61063884,松中　信彦,まつなか・のぶひこ,福岡ソフトバンクホークス,左投左打,1973年12月26日,八代第一高 - 新日鉄君津,1996年ドラフト2位,NA
11215119,馬原　孝浩,まはら・たかひろ,オリックス・バファローズ,右投右打,1981年12月8日,熊本市立高 - 九州共立大,2003年ドラフト自由枠,NA
51655112,松田　宣浩,まつだ・のぶひろ,読売ジャイアンツ,右投右打,1983年5月17日,岐阜・中京高 - 亜細亜大,2005年大学生・社会人ドラフト希望枠,NA
91293888,水田　章雄,みずた・あきお,福岡ソフトバンクホークス,右投右打,1973年7月11日,清教学園高 - 立命館大 - 大和銀行,1998年ドラフト5位,NA
11613883,村松　有人,むらまつ・ありひと,福岡ソフトバンクホークス,左投左打,1972年12月12日,星稜高,1990年ドラフト6位,NA
31635117,森本　学,もりもと・さとる,福岡ソフトバンクホークス,右投右打,1978年1月6日,大阪桐蔭高 - 福井工業大 - シダックス,2002年ドラフト6巡目,NA
71475113,山崎　勝己,やまざき・かつき,オリックス・バファローズ,右投右打,1982年8月16日,報徳学園高,2000年ドラフト4位,NA
53355112,陽　耀勲,やん・やおしゅん,福岡ソフトバンクホークス,左投左打,1983年1月22日,中国文化大,,NA
11815114,山田　大樹,やまだ・ひろき,東京ヤクルトスワローズ,左投左打,1988年7月30日,つくば秀英高,2006年育成選手ドラフト1巡目,NA
41645118,柳川　洋平,やながわ・ようへい,福岡ソフトバンクホークス,右投右打,1986年2月25日,平塚学園高 - 新日本石油 - 西多摩倶楽部 - BC・福井,2008年育成選手ドラフト3位,NA
41443886,吉川　元浩,よしかわ・もとひろ,福岡ソフトバンクホークス,右投右打,1979年7月29日,東京農大二高,1997年ドラフト4位,NA
61265119,吉川　輝昭,よしかわ・てるあき,横浜DeNAベイスターズ,右投右打,1981年11月13日,厳木高 - 日本文理大,2003年ドラフト自由枠,NA
11815117,和田　毅,わだ・つよし,福岡ソフトバンクホークス,左投左打,1981年2月21日,浜田高 - 早稲田大,2002年ドラフト自由枠,NA
21325113,内川　聖一,うちかわ・せいいち,東京ヤクルトスワローズ,右投右打,1982年8月4日,大分工,2000年ドラフト1位,NA
41345117,大西　宏明,おおにし・ひろあき,福岡ソフトバンクホークス,右投右打,1980年4月28日,PL学園高 - 近畿大,2002年ドラフト7巡目,NA
41645113,Ａ．カブレラ,アレックス・カブレラ　(ALEX CABRERA),福岡ソフトバンクホークス,右投右打,1971年12月24日,アンドレベロ高 - 台湾・和信 - ダイヤモンドバックス,,NA
01005133,千賀　滉大,せんが・こうだい,福岡ソフトバンクホークス,右投左打,1993年1月30日,蒲郡高,2010年育成選手ドラフト4位,NA
91595133,甲斐　拓也,かい・たくや,読売ジャイアンツ,右投右打,1992年11月5日,楊志館高,2010年育成選手ドラフト6位,捕手
83785133,Ｅ．バリオス,エディソン・バリオス　(EDISON BARRIOS),横浜DeNAベイスターズ,右投右打,1988年10月11日,アルベルトスミス高 - 米マイナー - 関西・神戸,,NA
13915133,Ｙ．ブラゾバン,ヤンシー・ブラゾバン　(YHENCY BRAZOBAN),福岡ソフトバンクホークス,右投右打,1980年11月6日,サバナデパレンケ高 - ドジャース - ダイヤモンドバックス,,NA
01405133,星野　大地,ほしの・だいち,福岡ソフトバンクホークス,右投右打,1993年3月13日,岡山東商,2010年ドラフト4位,NA
61465133,牧原　大成,まきはら・たいせい,福岡ソフトバンクホークス,右投左打,1992年10月15日,熊本・城北高,2010年育成選手ドラフト5位,内野手
31835133,柳田　悠岐,やなぎた・ゆうき,福岡ソフトバンクホークス,右投左打,1988年10月9日,広島商 - 広島経済大,2010年ドラフト2位,外野手
71875133,山下　斐紹,やました・あやつぐ,中日ドラゴンズ,右投左打,1992年11月16日,習志野高,2010年ドラフト1位,NA
53555133,Ａ．レルー,アンソニー・レルー　(ANTHONY LEREW),福岡ソフトバンクホークス,右投左打,1982年10月28日,ノーザン高 - ブレーブス - ロイヤルズ,,NA
23525135,Ｂ．アレン,ブランドン・アレン　(BRANDON ALLEN),福岡ソフトバンクホークス,右投左打,1986年2月12日,モンゴメリー高 - ダイヤモンドバックス - アスレチックス - レイズ,,NA
51353889,岡島　秀樹,おかじま・ひでき,横浜DeNAベイスターズ,左投左打,1975年12月25日,東山高,1993年ドラフト3位,NA
51555135,釜元　豪,かまもと・ごう,東北楽天ゴールデンイーグルス,右投左打,1993年9月3日,西陵高,2011年育成選手ドラフト1位,NA
91595135,嘉弥真　新也,かやま・しんや,東京ヤクルトスワローズ,左投左打,1989年11月23日,八重山農林高 - ビッグ開発ベースボールクラブ - JX-ENEOS,2011年ドラフト5位,NA
53355135,Ａ．カストロ,アンヘル・カストロ　(ANGEL CASTRO),福岡ソフトバンクホークス,右投右打,1982年11月14日,ウエスタンオクラホマ州大 - 米マイナー,,NA
41945135,白根　尚貴,しらね・なおき,横浜DeNAベイスターズ,右投右打,1993年4月28日,開星高,2011年ドラフト4位,NA
01005135,武田　翔太,たけだ・しょうた,福岡ソフトバンクホークス,右投右打,1993年4月3日,宮崎日大高,2011年ドラフト1位,NA
11215135,塚田　正義,つかだ・まさよし,福岡ソフトバンクホークス,右投右打,1989年7月23日,古河一高 - 白鴎大,2011年ドラフト3位,NA
83385135,Ｔ．ドイル,テリー・ドイル　(TERRY DOYLE),福岡ソフトバンクホークス,右投右打,1985年11月2日,ボストンカレッジ - 米マイナー,,NA
73375135,Ｒ．ピント,レニエル・ピント　(RENYEL PINTO),福岡ソフトバンクホークス,左投左打,1982年7月8日,オチョデディシェンブレ高 - マーリンズ,,NA
23325135,Ｂ．ペニー,ブラッド・ペニー　(BRAD PENNY),福岡ソフトバンクホークス,右投右打,1978年5月24日,ブロークンアロー高 - マーリンズ - ドジャース - レッドソックス - ジャイアンツ - カージナルス - タイガース,,NA
41245113,帆足　和幸,ほあし・かずゆき,福岡ソフトバンクホークス,左投左打,1979年7月15日,三井高 - 九州三菱自動車,2000年ドラフト3位,NA
91193886,五十嵐　亮太,いがらし・りょうた,東京ヤクルトスワローズ,右投右打,1979年5月28日,敬愛学園高,1997年ドラフト2位,NA
03305137,Ｐ．オセゲラ,ポール・オセゲラ　(PAUL OSEGUERA),福岡ソフトバンクホークス,左投左打,1984年1月6日,カリフォルニア大ロサンゼルス校 - 米マイナー,,NA
71575137,笠原　大芽,かさはら・たいが,福岡ソフトバンクホークス,左投右打,1995年1月20日,福岡工大城東高,2012年ドラフト5位,NA
11915137,髙田　知季,たかた・ともき,福岡ソフトバンクホークス,右投左打,1990年5月6日,岡山理大付高 - 亜細亜大,2012年ドラフト3位,NA
91095115,寺原　隼人,てらはら・はやと,東京ヤクルトスワローズ,右投右打,1983年10月9日,日南学園高,2001年ドラフト1巡目,NA
61665137,Ｖ．パディーヤ,ヴィセンテ・パディーヤ　(VICENTE PADILLA),福岡ソフトバンクホークス,右投右打,1977年9月27日,ルーベンダリオ高 - ダイヤモンドバックス - フィリーズ - レンジャーズ - ドジャース - レッドソックス,,NA
01005137,東浜　巨,ひがしはま・なお,福岡ソフトバンクホークス,右投右打,1990年6月20日,沖縄尚学高 - 亜細亜大,2012年ドラフト1位,投手
51255137,真砂　勇介,まさご・ゆうすけ,福岡ソフトバンクホークス,右投右打,1994年5月4日,西城陽高,2012年ドラフト4位,NA
81485113,山本　省吾,やまもと・しょうご,福岡ソフトバンクホークス,左投左打,1978年5月28日,星稜高 - 慶応大,2000年ドラフト1位,NA
31635137,山中　浩史,やまなか・ひろふみ,東京ヤクルトスワローズ,右投右打,1985年9月9日,必由館高 - 九州東海大 - ホンダ熊本,2012年ドラフト6位,NA
01405111,吉野　誠,よしの・まこと,福岡ソフトバンクホークス,左投左打,1977年11月19日,大宮東高 - 日本大,1999年ドラフト2位,NA
61665117,吉村　裕基,よしむら・ゆうき,福岡ソフトバンクホークス,右投右打,1984年6月14日,東福岡高,2002年ドラフト5巡目,NA
81885137,Ｂ．ラヘア,ブライアン・ラヘア　(BRYAN LaHAIR),福岡ソフトバンクホークス,右投左打,1982年11月5日,セントピーターズバーグ大 - マリナーズ - カブス,,NA
61865135,李　大浩,い・でほ,福岡ソフトバンクホークス,右投右打,1982年6月21日,慶南高 - 韓国・ロッテ,,NA
61165139,石川　柊太,いしかわ・しゅうた,千葉ロッテマリーンズ,右投右打,1991年12月27日,総合工科高 - 創価大,2013年育成選手ドラフト1位,投手
91395139,上林　誠知,うえばやし・せいじ,中日ドラゴンズ,右投左打,1995年8月1日,仙台育英高,2013年ドラフト4位,外野手
51555139,岡本　健,おかもと・けん,福岡ソフトバンクホークス,右投右打,1992年10月29日,神戸国際大付高 - 新日鉄住金かずさマジック,2013年ドラフト3位,NA
81585112,川島　慶三,かわしま・けいぞう,東北楽天ゴールデンイーグルス,右投右打,1983年10月5日,佐世保実 - 九州国際大,2005年大学生・社会人ドラフト3巡目,NA
21525139,加治屋　蓮,かじや・れん,東北楽天ゴールデンイーグルス,右投右打,1991年11月25日,宮崎・福島高 - JR九州,2013年ドラフト1位,投手
91895139,Ｂ．カニザレス,バーバロ・カニザレス　(BARBARO CANIZARES),福岡ソフトバンクホークス,右投右打,1979年11月21日,マヌエルペルムイ高 - ブレーブス,,NA
71475118,日高　亮,ひだか・りょう,福岡ソフトバンクホークス,左投左打,1990年7月19日,日本文理大付高,2008年ドラフト4位,NA
11615118,細山田　武史,ほそやまだ・たけし,福岡ソフトバンクホークス,右投右打,1986年4月29日,鹿児島城西高 - 早稲田大,2008年ドラフト4位,NA
01405139,森　唯斗,もり・ゆいと,横浜DeNAベイスターズ,右投右打,1992年1月8日,海部高 - 三菱自動車倉敷オーシャンズ,2013年ドラフト2位,NA
01505130,笠谷　俊介,かさや・しゅんすけ,横浜DeNAベイスターズ,左投左打,1997年3月17日,大分商,2014年ドラフト4位,NA
01705130,栗原　陵矢,くりはら・りょうや,福岡ソフトバンクホークス,右投左打,1996年7月4日,春江工,2014年ドラフト2位,内野手
41945130,島袋　洋奨,しまぶくろ・ようすけ,福岡ソフトバンクホークス,左投左打,1992年10月24日,興南高 - 中央大,2014年ドラフト5位,NA
13515130,Ｒ．バンデンハーク,リック・バンデンハーク　(RICK VANDENHURK),東京ヤクルトスワローズ,右投右打,1985年5月22日,セントジョージ短大 - マーリンズ - オリオールズ - パイレーツ - 韓国・三星,,NA
61665130,松本　裕樹,まつもと・ゆうき,福岡ソフトバンクホークス,右投左打,1996年4月14日,盛岡大付高,2014年ドラフト1位,投手
11715132,川瀬　晃,かわせ・ひかる,福岡ソフトバンクホークス,右投左打,1997年9月15日,大分商,2015年ドラフト6位,内野手
71775132,黒瀬　健太,くろせ・けんた,福岡ソフトバンクホークス,右投右打,1997年8月12日,初芝橋本高,2015年ドラフト5位,NA
01705132,小澤　怜史,こざわ・れいじ,東京ヤクルトスワローズ,右投左打,1998年3月9日,日大三島高,2015年ドラフト2位,投手
71075132,髙橋　純平,たかはし・じゅんぺい,福岡ソフトバンクホークス,右投右打,1997年5月8日,県立岐阜商,2015年ドラフト1位,NA
11215132,谷川原　健太,たにがわら・けんた,福岡ソフトバンクホークス,右投左打,1997年4月16日,豊橋中央高,2015年ドラフト3位,捕手
31735134,九鬼　隆平,くき・りゅうへい,横浜DeNAベイスターズ,右投右打,1998年9月5日,秀岳館高,2016年ドラフト3位,捕手
83985134,Ｏ．コラス,オスカー・コラス　(OSCAR COLAS),福岡ソフトバンクホークス,左投左打,1998年9月17日,エイデデサンティアゴデクーバ高 - キューバ・サンティアゴデクーバ,,NA
83585134,Ｋ．ジェンセン,カイル・ジェンセン　(KYLE JENSEN),福岡ソフトバンクホークス,左投右打,1988年5月20日,セントメリーズカレッジ - ダイヤモンドバックス,,NA
31235134,田中　正義,たなか・せいぎ,北海道日本ハムファイターズ,右投右打,1994年7月19日,創価高 - 創価大,2016年ドラフト1位,投手
11615134,長谷川　宙輝,はせがわ・ひろき,東京ヤクルトスワローズ,左投左打,1998年8月23日,聖徳学園高,2016年育成選手ドラフト2位,投手
81685134,古谷　優人,ふるや・ゆうと,福岡ソフトバンクホークス,左投左打,1999年2月19日,江陵高,2016年ドラフト2位,NA
33135134,三森　大貴,みもり・まさき,横浜DeNAベイスターズ,右投左打,1999年2月21日,青森山田高,2016年ドラフト4位,内野手
63965134,Ｌ．モイネロ,リバン・モイネロ　(LIVAN MOINELO),福岡ソフトバンクホークス,左投左打,1995年12月8日,エイデデピナールデルリオ高 - キューバ・ピナールデルリオ,,投手
41345136,大竹　耕太郎,おおたけ・こうたろう,阪神タイガース,左投左打,1995年6月29日,済々黌高 - 早稲田大,2017年育成選手ドラフト4位,投手
61365136,尾形　崇斗,おがた・しゅうと,横浜DeNAベイスターズ,右投左打,1999年5月15日,学法石川高,2017年育成選手ドラフト1位,投手
83785136,Ｙ．グラシアル,ジュリスベル・グラシアル　(YURISBEL GRACIAL),福岡ソフトバンクホークス,右投右打,1985年10月14日,アントニオマセオ大 - キューバ・マタンサス - 米独立リーグ,,NA
51955136,椎野　新,しいの・あらた,福岡ソフトバンクホークス,右投右打,1995年10月10日,村上桜ヶ丘高 - 国士舘大,2017年ドラフト4位,NA
21925136,周東　佑京,しゅうとう・うきょう,福岡ソフトバンクホークス,右投左打,1996年2月10日,東京農大二高 - 東京農業大北海道オホーツク,2017年育成選手ドラフト2位,外野手
11015136,リチャード,りちゃーど（すながわ・りちゃーど）,読売ジャイアンツ,右投右打,1999年6月18日,沖縄尚学高,2017年育成選手ドラフト3位,内野手
51055136,田浦　文丸,たうら・ふみまる,福岡ソフトバンクホークス,左投左打,1999年9月21日,秀岳館高,2017年ドラフト5位,NA
01005136,高橋　礼,たかはし・れい,埼玉西武ライオンズ,右投右打,1995年11月2日,専大松戸高 - 専修大,2017年ドラフト2位,投手
41045131,西田　哲朗,にしだ・てつろう,福岡ソフトバンクホークス,右投右打,1991年9月4日,関大一高,2009年ドラフト2位,NA
11815136,増田　珠,ますだ・しゅう,東京ヤクルトスワローズ,右投右打,1999年5月21日,横浜高,2017年ドラフト3位,外野手
63965136,Ａ．ミランダ,アリエル・ミランダ　(ARIEL MIRANDA),福岡ソフトバンクホークス,左投左打,1989年1月10日,カミロシエンフエゴス高 - オリオールズ - マリナーズ,,NA
93395136,渡邉　雄大,わたなべ・ゆうた,阪神タイガース,左投左打,1991年9月19日,中越高 - 青山学院大 - BC・新潟,2017年育成選手ドラフト6位,NA
01105138,泉　圭輔,いずみ・けいすけ,読売ジャイアンツ,右投右打,1997年3月2日,金沢西高 - 金沢星稜大,2018年ドラフト6位,投手
61365138,奥村　政稔,おくむら・まさと,福岡ソフトバンクホークス,右投右打,1992年8月14日,大分・中津商 - 九州国際大 - 三菱重工長崎 - 三菱日立パワーシステムズ,2018年ドラフト7位,NA
51555138,甲斐野　央,かいの・ひろし,埼玉西武ライオンズ,右投左打,1996年11月16日,東洋大姫路高 - 東洋大,2018年ドラフト1位,投手
91995138,杉山　一樹,すぎやま・かずき,福岡ソフトバンクホークス,右投右打,1997年12月7日,駿河総合高 - 三菱重工広島,2018年ドラフト2位,投手
53755138,Ｃ．スチュワート・ジュニア,"カーター・スチュワート・ジュニア　(CARTER STEWART, JR.)",福岡ソフトバンクホークス,右投右打,1999年11月2日,イースタンフロリダ州大,,投手
11415138,野村　大樹,のむら・だいじゅ,埼玉西武ライオンズ,右投右打,2000年9月10日,早稲田実,2018年ドラフト3位,捕手
21425138,板東　湧梧,ばんどう・ゆうご,読売ジャイアンツ,右投右打,1995年12月27日,鳴門高 - JR東日本,2018年ドラフト4位,投手
31835138,水谷　瞬,みずたに・しゅん,北海道日本ハムファイターズ,右投右打,2001年3月9日,石見智翠館高,2018年ドラフト5位,外野手
93195138,渡邉　陸,わたなべ・りく,福岡ソフトバンクホークス,右投左打,2000年9月24日,神村学園高,2018年育成選手ドラフト1位,捕手
01105151,石塚　綜一郎,いしづか・そういちろう,福岡ソフトバンクホークス,右投右打,2001年6月7日,黒沢尻工,2019年育成選手ドラフト1位,捕手
81385151,海野　隆司,うみの・たかし,福岡ソフトバンクホークス,右投右打,1997年7月15日,関西高 - 東海大,2019年ドラフト2位,捕手
01505151,大関　友久,おおぜき・ともひさ,福岡ソフトバンクホークス,左投左打,1997年12月14日,土浦湖北高 - 仙台大,2019年育成選手ドラフト2位,投手
91095151,佐藤　直樹,さとう・なおき,東北楽天ゴールデンイーグルス,右投右打,1998年9月3日,報徳学園高 - JR西日本,2019年ドラフト1位,外野手
81285151,津森　宥紀,つもり・ゆうき,福岡ソフトバンクホークス,右投右打,1998年1月21日,和歌山東高 - 東北福祉大,2019年ドラフト3位,投手
13315133,Ｗ．バレンティン,ウラディミール・バレンティン　(WLADIMIR BALENTIEN),福岡ソフトバンクホークス,右投右打,1984年7月2日,セントポールコーリション - マリナーズ - レッズ,,NA
83785151,Ｍ．ムーア,マット・ムーア　(MATT MOORE),福岡ソフトバンクホークス,左投左打,1989年6月18日,モリアーティ高 - レイズ - ジャイアンツ - レンジャーズ - タイガース,,NA
73175151,柳町　達,やなぎまち・たつる,福岡ソフトバンクホークス,右投左打,1997年4月20日,慶応高 - 慶応大,2019年ドラフト5位,外野手
31133888,相川　良太,あいかわ・りょうた,オリックス・バファローズ,右投右打,1977年1月18日,暁星国際高 - 東海大,1998年ドラフト3位,NA
41145113,阿部　真宏,あべ・まさひろ,埼玉西武ライオンズ,右投右打,1978年5月12日,横浜高 - 法政大,2000年ドラフト4位,NA
01705119,嶋村　一輝,しまむら・いっき,横浜DeNAベイスターズ,右投右打,1981年10月13日,宇部商 - 九州国際大,2003年ドラフト4巡目,NA
81185116,伊藤　光,いとう・ひかる,東北楽天ゴールデンイーグルス,右投右打,1989年4月23日,明徳義塾高,2007年高校生ドラフト3巡目,捕手
11315118,伊原　正樹,いはら・まさき,オリックス・バファローズ,左投左打,1986年11月4日,岡山県共生高 - 関西国際大,2008年ドラフト2位,NA
11313889,大村　直之,おおむら・なおゆき,オリックス・バファローズ,左投左打,1976年2月13日,育英高,1993年ドラフト3位,NA
41345113,大久保　勝信,おおくぼ・まさのぶ,オリックス・バファローズ,右投右打,1976年9月13日,日高高 - 立命館大 - 松下電器,2000年ドラフト2位,NA
11515116,小瀬　浩之,おぜ・ひろゆき,オリックス・バファローズ,右投左打,1985年9月2日,尽誠学園高 - 近畿大,2007年大学生・社会人ドラフト3巡目,NA
41545115,鴨志田　貴司,かもしだ・たかし,オリックス・バファローズ,右投右打,1983年12月29日,水戸短大付高,2001年ドラフト3巡目,NA
21525117,加藤　大輔,かとう・だいすけ,東北楽天ゴールデンイーグルス,右投右打,1980年7月27日,九州国際大付高 - 神奈川大,2002年ドラフト自由枠,NA
91595116,梶本　達哉,かじもと・たつや,オリックス・バファローズ,右投右打,1986年8月21日,西脇高 - 四国・愛媛,2007年育成選手ドラフト1巡目,NA
03305131,Ｆ．カラバイヨ,フランシスコ・カラバイヨ　(FRANCISCO CARABALLO),オリックス・バファローズ,右投右打,1983年10月21日,UEネグライボリタ高 - 米マイナー - 四国・高知 - BC・群馬,,NA
81383880,北川　博敏,きたがわ・ひろとし,オリックス・バファローズ,右投右打,1972年5月27日,大宮東高 - 日本大,1994年ドラフト2位,NA
51755112,岸田　護,きしだ・まもる,オリックス・バファローズ,右投右打,1981年5月10日,履正社高 - 東北福祉大 - NTT西日本,2005年大学生・社会人ドラフト3巡目,NA
71775115,後藤　光尊,ごとう・みつたか,東北楽天ゴールデンイーグルス,右投左打,1978年7月27日,秋田高 - 川崎製鉄千葉,2001年ドラフト10巡目,NA
91795115,近藤　一樹,こんどう・かずき,東京ヤクルトスワローズ,右投右打,1983年7月8日,日大三高,2001年ドラフト7巡目,NA
31935114,小松　聖,こまつ・さとし,オリックス・バファローズ,右投右打,1981年10月29日,勿来工 - 国士舘大 - JR九州,2006年大学生・社会人ドラフト希望枠,NA
71775116,小林　賢司,こばやし・けんじ,オリックス・バファローズ,右投右打,1985年7月3日,酒田南高 - 青山学院大,2007年大学生・社会人ドラフト1巡目,NA
21925117,坂口　智隆,さかぐち・ともたか,東京ヤクルトスワローズ,右投左打,1984年7月7日,神戸国際大付高,2002年ドラフト1巡目,NA
71773884,塩崎　真,しおざき・まこと,オリックス・バファローズ,右投右打,1973年6月29日,熊本工 - 新日鉄広畑,1996年ドラフト3位,NA
61563886,清水　章夫,しみず・あきお,オリックス・バファローズ,左投左打,1975年9月9日,大阪高 - 近畿大,1997年ドラフト1位,NA
31035117,下山　真二,しもやま・しんじ,オリックス・バファローズ,右投右打,1975年12月1日,社高 - 立命館大 - 日本生命,2002年ドラフト8巡目,NA
91793886,鈴木　郁洋,すずき・ふみひろ,オリックス・バファローズ,右投右打,1975年5月23日,仙台育英高 - 東北福祉大,1997年ドラフト4位,NA
91895115,Ｆ．セギノール,フェルナンド・セギノール　(FERNANDO SEGUIGNOL),オリックス・バファローズ,右投両打,1975年1月19日,アルミランテデボカスデルトロ高 - エクスポズ,,NA
01903885,田口　壮,たぐち・そう,オリックス・バファローズ,右投右打,1969年7月2日,西宮北高 - 関西学院大,1991年ドラフト1位,NA
11015115,辻　俊哉,つじ・としや,オリックス・バファローズ,右投右打,1979年7月14日,甲府工 - 国士舘大,2001年ドラフト5巡目,NA
61365112,Ｔ－岡田,てぃーおかだ（おかだ・たかひろ）,オリックス・バファローズ,左投左打,1988年2月9日,履正社高,2005年高校生ドラフト1巡目,NA
41245117,長田　昌浩,ながた・まさひろ,オリックス・バファローズ,右投左打,1984年6月10日,東海大望洋高,2002年ドラフト4巡目,NA
31235112,中山　慎也,なかやま・しんや,オリックス・バファローズ,左投左打,1982年2月22日,桐生南高 - 城西大 - JR東海,2005年大学生・社会人ドラフト5巡目,NA
51455114,仁藤　拓馬,にとう・たくま,オリックス・バファローズ,右投右打,1988年7月13日,島田商,2006年高校生ドラフト4巡目,NA
91295118,西川　雅人,にしかわ・まさと,オリックス・バファローズ,右投右打,1982年6月17日,岡山理大付高 - 大阪学院大 - 三菱重工神戸 - 四国・愛媛,2008年ドラフト5位,NA
11013884,濱中　治,はまなか・おさむ,東京ヤクルトスワローズ,右投右打,1978年7月9日,南部高,1996年ドラフト3位,NA
73375116,Ａ．バルディリス,アーロム・バルディリス　(AAROM BALDIRIS),横浜DeNAベイスターズ,右投右打,1983年1月5日,サンフランシスコデサレス高 - 米マイナー,,NA
63165131,Ｆ．バイナム,フレディ・バイナム　(FREDDIE BYNUM),オリックス・バファローズ,右投左打,1980年3月15日,ピットコミュニティー大 - アスレチックス - カブス - オリオールズ,,NA
81285112,平野　佳寿,ひらの・よしひさ,オリックス・バファローズ,右投右打,1984年3月8日,鳥羽高 - 京都産業大,2005年大学生・社会人ドラフト希望枠,投手
81085131,比嘉　幹貴,ひが・もとき,オリックス・バファローズ,右投右打,1982年12月7日,コザ高 - 国際武道大 - 日立製作所,2009年ドラフト2位,NA
01205131,古川　秀一,ふるかわ・しゅういち,オリックス・バファローズ,左投左打,1987年7月15日,清峰高 - 日本文理大,2009年ドラフト1位,NA
91495117,前田　大輔,まえだ・だいすけ,オリックス・バファローズ,右投右打,1979年9月14日,多度津工 - 駒沢大 - 神戸製鋼,2002年ドラフト4巡目,NA
41245131,前田　祐二,まえだ・ゆうじ,オリックス・バファローズ,左投左打,1986年1月10日,富田林高 - 龍谷大 - BC・福井,2009年ドラフト4位,NA
11615115,本柳　和也,もとやなぎ・かずや,オリックス・バファローズ,右投右打,1976年11月5日,春日部共栄高 - 城西大 - 日本通運,2001年ドラフト9巡目,NA
41645112,森山　周,もりやま・まこと,東北楽天ゴールデンイーグルス,右投左打,1981年8月11日,報徳学園高 - 大阪産業大 - ヤマハ,2005年大学生・社会人ドラフト4巡目,NA
51453888,山﨑　浩司,やまさき・こうじ,東北楽天ゴールデンイーグルス,右投右打,1980年10月31日,大産大付高,1998年ドラフト3位,NA
41645116,山崎　正貴,やまざき・まさたか,オリックス・バファローズ,右投右打,1989年5月9日,市立船橋高,2007年高校生ドラフト4巡目,NA
61465131,山田　修義,やまだ・のぶよし,オリックス・バファローズ,左投左打,1991年9月19日,敦賀気比高,2009年ドラフト3位,投手
01605117,横山　徹也,よこやま・てつや,東北楽天ゴールデンイーグルス,右投右打,1984年6月26日,福知山成美高,2002年ドラフト6巡目,NA
81285119,由田　慎太郎,よしだ・しんたろう,オリックス・バファローズ,左投左打,1981年7月20日,桐蔭学園高 - 早稲田大,2003年ドラフト8巡目,NA
91695119,Ｇ．ラロッカ,グレッグ・ラロッカ　(GREG LaROCCA),オリックス・バファローズ,右投右打,1972年11月10日,マサチューセッツ大 - パドレス - インディアンス,,NA
33335118,Ｊ．レスター,ジョン・レスター　(JON LEICESTER),オリックス・バファローズ,右投右打,1979年2月7日,メンフィス大 - カブス - オリオールズ,,NA
91595115,梶本　勇介,かじもと・ゆうすけ,オリックス・バファローズ,右投両打,1983年12月18日,専大北上高,2001年ドラフト2巡目,NA
81785133,駿太,しゅんた（ごとう・しゅんた）,中日ドラゴンズ,右投左打,1993年3月5日,前橋商,2010年ドラフト1位,NA
61065133,塚原　頌平,つかはら・しょうへい,オリックス・バファローズ,右投左打,1992年7月8日,つくば秀英高,2010年ドラフト4位,NA
11215115,野中　信吾,のなか・しんご,オリックス・バファローズ,右投両打,1983年9月24日,神埼高,2001年ドラフト5巡目,NA
33335133,朴　贊浩,ぱく・ちゃんほ,オリックス・バファローズ,右投右打,1973年6月30日,漢陽大 - ドジャース - レンジャーズ - パドレス - メッツ - ドジャース - フィリーズ - ヤンキース - パイレーツ,,NA
11415133,深江　真登,ふかえ・まさと,オリックス・バファローズ,右投左打,1987年9月5日,松商学園高 - 龍谷大 - 関西・明石,2010年ドラフト5位,NA
73375133,Ａ．フィガロ,アルフレッド・フィガロ　(ALFREDO FIGARO),オリックス・バファローズ,右投右打,1984年7月7日,リセオホセガブリエルガルシア高 - タイガース,,NA
43345133,Ｍ．ヘスマン,マイク・ヘスマン　(MIKE HESSMAN),オリックス・バファローズ,右投右打,1978年3月5日,マターデイ高 - ブレーブス - タイガース - メッツ,,NA
83385133,Ｅ．マクレーン,エバン・マクレーン　(EVAN MacLANE),オリックス・バファローズ,左投左打,1982年11月4日,フェザーリバー大 - カージナルス,,NA
41645133,宮﨑　祐樹,みやざき・ゆうき,オリックス・バファローズ,右投右打,1986年11月29日,長崎日大高 - 亜細亜大 - セガサミー,2010年ドラフト3位,NA
31135135,安達　了一,あだち・りょういち,オリックス・バファローズ,右投右打,1988年1月7日,榛名高 - 上武大 - 東芝,2011年ドラフト1位,NA
01103886,井川　慶,いがわ・けい,オリックス・バファローズ,左投左打,1979年7月13日,水戸商,1997年ドラフト2位,NA
61365135,海田　智行,かいだ・ともゆき,オリックス・バファローズ,左投左打,1987年9月2日,賀茂高 - 駒沢大 - 日本生命,2011年ドラフト4位,NA
41545135,川端　崇義,かわばた・たかよし,オリックス・バファローズ,右投右打,1985年2月4日,東海大相模高 - 国際武道大 - JR東日本,2011年ドラフト8位,NA
91795135,小島　脩平,こじま・しゅうへい,オリックス・バファローズ,右投左打,1987年6月5日,桐生第一高 - 東洋大 - 住友金属鹿島,2011年ドラフト7位,NA
11915135,佐藤　達也,さとう・たつや,オリックス・バファローズ,右投右打,1986年7月26日,大宮武蔵野高 - 東海大北海道キャンパス - ホンダ,2011年ドラフト3位,NA
91995135,縞田　拓弥,しまだ・たくや,オリックス・バファローズ,右投右打,1987年1月22日,東福岡高 - 日本大 - JR東日本,2011年ドラフト2位,NA
71275135,堤　裕貴,つつみ・ゆうき,オリックス・バファローズ,右投左打,1993年9月21日,龍谷高,2011年ドラフト6位,NA
33535135,Ａ．マエストリ,アレッサンドロ・マエストリ　(ALESSANDRO MAESTRI),オリックス・バファローズ,右投右打,1985年6月1日,ピサ大 - イタリア・サンマリノ - 米マイナー - オーストラリア・ブリスベン - イタリア・リミニ - 四国・香川,,NA
01605111,ミンチェ,みんちぇ（しゅう・みんちぇ）,オリックス・バファローズ,右投右打,1976年12月1日,中正高工 - 台湾・台中,,NA
51755137,佐藤　峻一,さとう・しゅんいち,オリックス・バファローズ,右投右打,1991年1月8日,北見柏陽高 - 道都大,2012年ドラフト2位,NA
51855137,Ｂ．ディクソン,ブランドン・ディクソン　(BRANDON DICKSON),オリックス・バファローズ,右投右打,1984年11月3日,タスカラム大 - カージナルス,,NA
11015137,戸田　亮,とだ・りょう,オリックス・バファローズ,右投右打,1988年9月4日,東京・大成高 - 高千穂大 - JR東日本,2012年ドラフト6位,NA
31035137,西川　拓喜,にしかわ・ひろき,オリックス・バファローズ,右投左打,1987年8月15日,三島高 - 白鴎大 - BC・福井,2012年育成選手ドラフト2位,NA
41445114,原　拓也,はら・たくや,オリックス・バファローズ,右投左打,1984年5月18日,東海大相模高 - 関東学院大,2006年大学生・社会人ドラフト4巡目,NA
03305117,Ｊ．フェルナンデス,ホセ・フェルナンデス　(JOSE FERNANDEZ),オリックス・バファローズ,右投右打,1974年11月2日,エバンヘリコ高 - エクスポズ - エンゼルス - 韓国・SK,,NA
61065137,伏見　寅威,ふしみ・とらい,阪神タイガース,右投右打,1990年5月12日,東海大四高 - 東海大,2012年ドラフト3位,捕手
23325137,Ｂ．ミルズ,ブラッド・ミルズ　(BRAD MILLS),オリックス・バファローズ,左投右打,1985年3月5日,アリゾナ大 - ブルージェイズ - エンゼルス,,NA
21425137,森本　将太,もりもと・しょうた,オリックス・バファローズ,右投右打,1992年5月25日,福井工大福井高 - BC・福井,2012年ドラフト5位,NA
73175137,Ｖ．ロッティーノ,ヴィニー・ロッティーノ　(VINNY ROTTINO),オリックス・バファローズ,右投右打,1980年4月7日,ウィスコンシン大ラクロス校 - ブルワーズ - マーリンズ - メッツ - インディアンス,,NA
81385139,大山　暁史,おおやま・さとし,オリックス・バファローズ,左投左打,1988年10月6日,別府青山高 - 亜細亜大 - セガサミー,2013年ドラフト8位,NA
71575139,奥浪　鏡,おくなみ・きょう,オリックス・バファローズ,右投右打,1995年8月29日,創志学園高,2013年ドラフト6位,NA
71975139,園部　聡,そのべ・さとし,オリックス・バファローズ,右投右打,1995年11月10日,聖光学院高,2013年ドラフト4位,NA
31035113,鉄平,てっぺい（つちや・てっぺい）,オリックス・バファローズ,右投左打,1982年12月27日,津久見高,2000年ドラフト5位,NA
11015139,東明　大貴,とうめい・だいき,オリックス・バファローズ,右投右打,1989年6月15日,富田高 - 桐蔭横浜大 - 富士重工,2013年ドラフト2位,NA
53555139,Ｊ．バトラー,ジョーイ・バトラー　(JOEY BUTLER),オリックス・バファローズ,右投右打,1986年3月12日,ニューオーリンズ大 - レンジャーズ - カージナルス,,NA
03105135,Ｅ．ヘルマン,エステバン・ヘルマン　(ESTEBAN GERMAN),オリックス・バファローズ,右投右打,1978年1月26日,サンペドロデマコリス高 - アスレチックス - レンジャーズ - ロイヤルズ - レンジャーズ,,NA
93395139,Ｙ．ベタンコート,ユニエスキー・ベタンコート　(YUNIESKY BETANCOURT),オリックス・バファローズ,右投右打,1982年1月31日,エディーエクトルルイスペレス高 - マリナーズ - ロイヤルズ - ブルワーズ - ロイヤルズ - ブルワーズ,,NA
71675139,吉田　一将,よしだ・かずまさ,オリックス・バファローズ,右投左打,1989年9月24日,青森山田高 - 日本大 - JR東日本,2013年ドラフト1位,NA
01605139,吉田　雄人,よしだ・ゆうと,オリックス・バファローズ,右投左打,1995年4月21日,北照高,2013年ドラフト5位,NA
41645139,若月　健矢,わかつき・けんや,オリックス・バファローズ,右投右打,1995年10月4日,花咲徳栄高,2013年ドラフト3位,捕手
31535130,小田　裕也,おだ・ゆうや,オリックス・バファローズ,右投左打,1989年11月4日,九州学院高 - 東洋大 - 日本生命,2014年ドラフト8位,NA
11915130,齋藤　綱記,さいとう・こうき,中日ドラゴンズ,左投左打,1996年12月18日,北照高,2014年ドラフト5位,投手
51955130,坂寄　晴一,さかより・せいいち,オリックス・バファローズ,左投左打,1990年4月5日,鉾田一高 - 国士舘大 - JR東日本,2014年ドラフト6位,NA
91995130,佐野　皓大,さの・こうだい,オリックス・バファローズ,右投右打,1996年9月2日,大分高,2014年ドラフト3位,NA
81985130,鈴木　優,すずき・ゆう,読売ジャイアンツ,右投右打,1997年2月5日,雪谷高,2014年ドラフト9位,NA
51055130,髙木　伴,たかぎ・ばん,オリックス・バファローズ,右投右打,1990年6月1日,市立川口高 - 東京農業大 - NTT東日本,2014年ドラフト4位,NA
91495130,西野　真弘,にしの・まさひろ,オリックス・バファローズ,右投左打,1990年8月2日,東海大浦安高 - 国際武道大 - JR東日本,2014年ドラフト7位,内野手
11815130,宗　佑磨,むね・ゆうま,オリックス・バファローズ,右投左打,1996年6月7日,横浜隼人高,2014年ドラフト2位,内野手
21825130,山﨑　福也,やまさき・さちや,北海道日本ハムファイターズ,左投左打,1992年9月9日,日大三高 - 明治大,2014年ドラフト1位,投手
91195132,青山　大紀,あおやま・だいき,オリックス・バファローズ,右投左打,1994年11月28日,智弁学園高 - トヨタ自動車,2015年ドラフト4位,NA
01105132,赤間　謙,あかま・けん,横浜DeNAベイスターズ,右投右打,1990年11月14日,東海大山形高 - 東海大 - 鷺宮製作所,2015年ドラフト9位,NA
01305116,大田　阿斗里,おおた・あとり,オリックス・バファローズ,右投右打,1989年8月12日,帝京高,2007年高校生ドラフト3巡目,NA
11515132,大城　滉二,おおしろ・こうじ,オリックス・バファローズ,右投右打,1993年6月14日,興南高 - 立教大,2015年ドラフト3位,内野手
61565132,角屋　龍太,かどや・りゅうた,オリックス・バファローズ,右投右打,1990年10月18日,富田高 - 名城大 - ジェイプロジェクト,2015年ドラフト8位,NA
81785132,近藤　大亮,こんどう・たいすけ,読売ジャイアンツ,右投右打,1991年5月29日,浪速高 - 大阪商業大 - パナソニック,2015年ドラフト2位,NA
63365132,Ｅ．コーディエ,エリック・コーディエ　(ERIK CORDIER),オリックス・バファローズ,右投右打,1986年2月25日,サザンドア高 - ジャイアンツ - マーリンズ,,NA
61965132,杉本　裕太郎,すぎもと・ゆうたろう,オリックス・バファローズ,右投右打,1991年4月5日,徳島商 - 青山学院大 - JR西日本,2015年ドラフト10位,外野手
81985132,鈴木　昂平,すずき・こうへい,オリックス・バファローズ,右投右打,1991年6月20日,東海大菅生高 - 東海大 - 三菱重工名古屋,2015年ドラフト7位,NA
43745132,Ｂ．ボグセビック,ブライアン・ボグセビック　(BRIAN BOGUSEVIC),オリックス・バファローズ,左投左打,1984年2月18日,テュレーン大 - アストロズ - カブス - フィリーズ,,NA
93995132,Ｐ．ミッシュ,パット・ミッシュ　(PAT MISCH),オリックス・バファローズ,左投右打,1981年8月18日,ウエスタンミシガン大 - ジャイアンツ - メッツ - 台湾・ラミゴ,,NA
13915132,Ｂ．モレル,ブレント・モレル　(BRENT MOREL),オリックス・バファローズ,右投右打,1987年4月21日,カリフォルニア州工大 - ホワイトソックス - パイレーツ,,NA
21625118,八木　亮祐,やぎ・りょうすけ,オリックス・バファローズ,左投左打,1990年9月29日,享栄高,2008年ドラフト2位,NA
63165132,吉田　正尚,よしだ・まさたか,オリックス・バファローズ,右投左打,1993年7月15日,敦賀気比高 - 青山学院大,2015年ドラフト1位,NA
13315132,吉田　凌,よしだ・りょう,千葉ロッテマリーンズ,右投右打,1997年6月20日,東海大相模高,2015年ドラフト5位,NA
71175134,飯田　大祐,いいだ・だいすけ,オリックス・バファローズ,右投右打,1990年9月19日,常総学院高 - 中央大 - ホンダ鈴鹿,2016年ドラフト7位,NA
43345134,Ｍ．ウエスト,マット・ウエスト　(MATT WEST),オリックス・バファローズ,右投右打,1988年11月21日,ベレア高 - レンジャーズ - ドジャース,,NA
41345134,岡﨑　大輔,おかざき・だいすけ,オリックス・バファローズ,右投左打,1998年9月17日,花咲徳栄高,2016年ドラフト3位,NA
01505134,神戸　文也,かんべ・ふみや,オリックス・バファローズ,右投右打,1994年5月9日,前橋育英高 - 立正大,2016年育成選手ドラフト3位,NA
51755134,黒木　優太,くろき・ゆうた,埼玉西武ライオンズ,右投左打,1994年8月16日,橘学苑高 - 立正大,2016年ドラフト2位,投手
63565134,Ｐ．コーク,フィル・コーク　(PHILLIP COKE),オリックス・バファローズ,左投左打,1982年7月19日,サンウォーキーンデルタ大 - ヤンキース - タイガース - カブス - ブルージェイズ - ヤンキース - パイレーツ,,NA
81785134,榊原　翼,さかきばら・つばさ,オリックス・バファローズ,右投右打,1998年8月25日,浦和学院高,2016年育成選手ドラフト2位,NA
01905134,澤田　圭佑,さわだ・けいすけ,千葉ロッテマリーンズ,右投左打,1994年4月27日,大阪桐蔭高 - 立教大,2016年ドラフト8位,投手
41245134,張　奕,ちょう・やく,埼玉西武ライオンズ,右投右打,1994年2月26日,福岡第一高 - 日本経済大,2016年育成選手ドラフト1位,NA
83785134,Ｇ．ヘルメン,ゴンザレス・ヘルメン　(GONZALEZ GERMEN),オリックス・バファローズ,右投右打,1987年9月23日,ヒカヤグア高 - メッツ - カブス - ロッキーズ,,NA
33035134,Ｃ．マレーロ,クリス・マレーロ　(CHRIS MARRERO),オリックス・バファローズ,右投右打,1988年7月2日,モンシニョールエドワードペース高 - ナショナルズ - ジャイアンツ,,NA
83185134,山岡　泰輔,やまおか・たいすけ,オリックス・バファローズ,右投左打,1995年9月22日,瀬戸内高 - 東京ガス,2016年ドラフト1位,投手
33335134,山﨑　颯一郎,やまざき・そういちろう,オリックス・バファローズ,右投右打,1998年6月15日,敦賀気比高,2016年ドラフト6位,投手
53355134,山本　由伸,やまもと・よしのぶ,オリックス・バファローズ,右投右打,1998年8月17日,都城高,2016年ドラフト4位,NA
73975134,Ｓ．ロメロ,ステフェン・ロメロ　(STEFEN ROMERO),オリックス・バファローズ,右投右打,1988年10月17日,オレゴン州大 - マリナーズ,,NA
71175136,東　晃平,あずま・こうへい,オリックス・バファローズ,右投右打,1999年12月14日,神戸弘陵高,2017年育成選手ドラフト2位,投手
23325136,Ａ．アルバース,アンドリュー・アルバース　(ANDREW ALBERS),オリックス・バファローズ,左投右打,1985年10月6日,ケンタッキー大 - ツインズ - 韓国・ハンファ - ブルージェイズ - ツインズ - マリナーズ,,NA
51755136,鈴木　康平,すずき・こうへい,東京ヤクルトスワローズ,右投右打,1994年1月21日,千葉明徳高 - 国際武道大 - 日立製作所,2017年ドラフト2位,NA
21725137,白崎　浩之,しらさき・ひろゆき,オリックス・バファローズ,右投右打,1990年8月20日,埼玉栄高 - 駒沢大,2012年ドラフト1位,NA
51055135,髙城　俊人,たかじょう・しゅうと,横浜DeNAベイスターズ,右投右打,1993年5月3日,九州国際大付高,2011年ドラフト2位,NA
41045136,田嶋　大樹,たじま・だいき,オリックス・バファローズ,左投左打,1996年8月3日,佐野日大高 - JR東日本,2017年ドラフト1位,投手
31435136,西浦　颯大,にしうら・はやと,オリックス・バファローズ,右投左打,1999年5月21日,明徳義塾高,2017年ドラフト6位,NA
01405136,西村　凌,にしむら・りょう,オリックス・バファローズ,右投右打,1996年2月21日,青森山田高 - SUBARU,2017年ドラフト5位,NA
51655136,廣澤　伸哉,ひろさわ・しんや,オリックス・バファローズ,右投右打,1999年8月11日,大分商,2017年ドラフト7位,NA
01605136,福田　周平,ふくだ・しゅうへい,オリックス・バファローズ,右投左打,1992年8月8日,広陵高 - 明治大 - NTT東日本,2017年ドラフト3位,NA
61665136,本田　仁海,ほんだ・ひとみ,オリックス・バファローズ,右投左打,1999年7月27日,星槎国際湘南高,2017年ドラフト4位,投手
13115136,山足　達也,やまあし・たつや,広島東洋カープ,右投右打,1993年10月26日,大阪桐蔭高 - 立命館大 - ホンダ鈴鹿,2017年ドラフト8位,NA
43945136,Ｄ．ローチ,ドン・ローチ　(DONN ROACH),オリックス・バファローズ,右投右打,1989年12月14日,サザンネバダ大 - パドレス - カブス - マリナーズ - 韓国・KT,,NA
51155138,荒西　祐大,あらにし・ゆうだい,オリックス・バファローズ,右投右打,1992年8月25日,玉名工 - ホンダ熊本,2018年ドラフト3位,NA
11315138,漆原　大晟,うるしはら・たいせい,阪神タイガース,右投左打,1996年9月10日,新潟明訓高 - 新潟医療福祉大,2018年育成選手ドラフト1位,NA
03105138,Ｔ．エップラー,タイラー・エップラー　(TYLER EPPLER),オリックス・バファローズ,右投右打,1993年1月5日,サムヒューストン州大 - 米マイナー,,NA
91395138,太田　椋,おおた・りょう,オリックス・バファローズ,右投右打,2001年2月14日,天理高,2018年ドラフト1位,内野手
51755138,宜保　翔,ぎぼ・しょう,オリックス・バファローズ,右投左打,2000年11月26日,KBC学園未来高沖縄,2018年ドラフト5位,内野手
61065138,富山　凌雅,とみやま・りょうが,オリックス・バファローズ,左投左打,1997年5月3日,九州国際大付高 - トヨタ自動車,2018年ドラフト4位,投手
81085138,頓宮　裕真,とんぐう・ゆうま,オリックス・バファローズ,右投右打,1996年11月17日,岡山理大付高 - 亜細亜大,2018年ドラフト2位,捕手
51255138,中川　圭太,なかがわ・けいた,オリックス・バファローズ,右投右打,1996年4月12日,PL学園高 - 東洋大,2018年ドラフト7位,内野手
61465138,左澤　優,ひだりさわ・ゆう,オリックス・バファローズ,左投左打,1994年12月28日,横浜隼人高 - 横浜商科大 - JX-ENEOS,2018年ドラフト6位,NA
83385138,Ｊ．メネセス,ジョーイ・メネセス　(JOEY MENESES),オリックス・バファローズ,右投右打,1992年5月6日,ベローナ高 - 米マイナー,,NA
91595151,大下　誠一郎,おおした・せいいちろう,千葉ロッテマリーンズ,右投右打,1997年11月3日,白鴎大足利高 - 白鴎大,2019年育成選手ドラフト6位,NA
21725151,勝俣　翔貴,かつまた・しょうき,読売ジャイアンツ,右投左打,1997年7月20日,東海大菅生高 - 国際武道大,2019年ドラフト5位,NA
91995151,紅林　弘太郎,くればやし・こうたろう,オリックス・バファローズ,右投右打,2002年2月7日,駿河総合高,2019年ドラフト2位,内野手
51055151,佐藤　一磨,さとう・かずま,オリックス・バファローズ,左投左打,2001年4月16日,横浜隼人高,2019年育成選手ドラフト1位,投手
73575151,Ａ．ジョーンズ,アダム・ジョーンズ　(ADAM JONES),オリックス・バファローズ,右投右打,1985年8月1日,サミュエルモールス高 - マリナーズ - オリオールズ - ダイヤモンドバックス,,NA
11615151,平野　大和,ひらの・やまと,オリックス・バファローズ,右投右打,2001年8月7日,日章学園高,2019年育成選手ドラフト4位,NA
03705151,Ｔ．ヒギンス,タイラー・ヒギンス　(TYLER HIGGINS),オリックス・バファローズ,右投右打,1991年4月22日,ランシングコミュニティ大 - 米マイナー,,NA
41645151,前　佑囲斗,まえ・ゆいと,オリックス・バファローズ,右投右打,2001年8月13日,津田学園高,2019年ドラフト4位,投手
71875151,宮城　大弥,みやぎ・ひろや,オリックス・バファローズ,左投左打,2001年8月25日,興南高,2019年ドラフト1位,投手
41845151,村西　良太,むらにし・りょうた,オリックス・バファローズ,右投左打,1997年6月6日,津名高 - 近畿大,2019年ドラフト3位,NA
13915151,Ａ．ロドリゲス,アデルリン・ロドリゲス　(ADERLIN RODRIGUEZ),阪神タイガース,右投右打,1991年11月18日,セントロエデュカティボロスパルマレス高 - 米マイナー,,NA
21125115,有銘　兼久,ありめ・かねひさ,東北楽天ゴールデンイーグルス,左投左打,1978年9月27日,浦添商 - 大仙 - 九州三菱自動車,2001年ドラフト3巡目,NA
91195112,青山　浩二,あおやま・こうじ,東北楽天ゴールデンイーグルス,右投右打,1983年8月12日,函館工 - 八戸大,2005年大学生・社会人ドラフト3巡目,NA
71175119,石川　賢,いしかわ・さとる,東北楽天ゴールデンイーグルス,右投右打,1981年6月1日,函館工 - 八戸大,2003年ドラフト3巡目,NA
61165116,伊志嶺　忠,いしみね・ただし,東北楽天ゴールデンイーグルス,右投左打,1985年6月22日,北谷高 - 東京情報大,2007年大学生・社会人ドラフト3巡目,NA
01105118,井坂　亮平,いさか・りょうへい,東北楽天ゴールデンイーグルス,右投右打,1984年10月19日,藤代高 - 中央大 - 住友金属鹿島,2008年ドラフト3位,NA
61165118,井上　雄介,いのうえ・ゆうすけ,東北楽天ゴールデンイーグルス,右投右打,1986年9月5日,千葉経大付高 - 青山学院大,2008年ドラフト4位,NA
71375116,内村　賢介,うちむら・けんすけ,横浜DeNAベイスターズ,右投両打,1986年3月17日,山梨学院大付高 - JFE西日本 - BC・石川,2007年育成選手ドラフト1巡目,NA
51355110,大廣　翔治,おおひろ・しょうじ,東北楽天ゴールデンイーグルス,右投右打,1982年7月29日,桐生第一高 - 東洋大,2004年ドラフト6巡目,NA
81383888,川井　貴志,かわい・たかし,東北楽天ゴールデンイーグルス,左投左打,1976年9月16日,大阪桐蔭高 - 城西大,1998年ドラフト3位,NA
31735113,鎌田　祐哉,かまだ・ゆうや,東北楽天ゴールデンイーグルス,右投右打,1978年11月30日,秋田経法大付高 - 早稲田大,2000年ドラフト2位,NA
81385119,川岸　強,かわぎし・つよし,東北楽天ゴールデンイーグルス,右投右打,1979年9月12日,桐蔭学園高 - 駒沢大 - トヨタ自動車,2003年ドラフト7巡目,NA
31535112,片山　博視,かたやま・ひろし,東北楽天ゴールデンイーグルス,左投左打,1987年4月19日,報徳学園高,2005年高校生ドラフト1巡目,NA
11715112,河田　寿司,かわた・ひさし,東北楽天ゴールデンイーグルス,右投左打,1979年12月5日,文徳高 - 三菱重工長崎,2005年大学生・社会人ドラフト4巡目,NA
01505118,辛島　航,からしま・わたる,東北楽天ゴールデンイーグルス,左投左打,1990年10月18日,飯塚高,2008年ドラフト6位,投手
71375112,銀次,ぎんじ（あかみない・ぎんじ）,東北楽天ゴールデンイーグルス,右投左打,1988年2月24日,盛岡中央高,2005年高校生ドラフト3巡目,NA
71775112,木谷　寿巳,きたに・ひさし,東北楽天ゴールデンイーグルス,右投右打,1980年10月15日,近江高 - 東北福祉大 - 王子製紙,2005年大学生・社会人ドラフト6巡目,NA
01705112,草野　大輔,くさの・だいすけ,東北楽天ゴールデンイーグルス,右投左打,1976年12月4日,延岡学園高 - NTT東京 - NTT九州 - ホンダ熊本,2005年大学生・社会人ドラフト8巡目,NA
81585118,楠城　祐介,くすき・ゆうすけ,東京ヤクルトスワローズ,右投右打,1984年1月27日,小倉高 - 青山学院大 - パナソニック,2008年ドラフト5位,NA
91393880,憲史,けんし（かわぐち・けんし）,東北楽天ゴールデンイーグルス,右投左打,1976年6月28日,柳川高,1994年ドラフト4位,NA
41543884,小坂　誠,こさか・まこと,東北楽天ゴールデンイーグルス,右投左打,1973年7月2日,柴田高 - JR東日本東北,1996年ドラフト5位,NA
81583884,小山　伸一郎,こやま・しんいちろう,東北楽天ゴールデンイーグルス,右投右打,1978年6月13日,明野高,1996年ドラフト1位,NA
21725131,小関　翔太,こせき・しょうた,東北楽天ゴールデンイーグルス,右投右打,1991年9月6日,東筑紫学園高,2009年ドラフト3位,NA
91595111,佐竹　健太,さたけ・けんた,東北楽天ゴールデンイーグルス,左投左打,1978年10月23日,広陵高 - NKK,1999年ドラフト5位,NA
41745110,塩川　達也,しおかわ・たつや,東北楽天ゴールデンイーグルス,右投右打,1983年3月15日,神戸国際大付高 - 東北福祉大,2004年ドラフト5巡目,NA
01905114,嶋　基宏,しま・もとひろ,東京ヤクルトスワローズ,右投右打,1984年12月13日,中京大中京高 - 国学院大,2006年大学生・社会人ドラフト3巡目,NA
01605118,丈武,じょうぶ（もりた・じょうぶ）,東北楽天ゴールデンイーグルス,右投右打,1980年11月29日,山梨学院大付高 - 江藤野球塾 - 三菱自動車岡崎 - 米独立リーグ - 四国・香川,2008年育成選手ドラフト1位,NA
41743886,高須　洋介,たかす・ようすけ,東北楽天ゴールデンイーグルス,右投右打,1976年2月9日,石川・金沢高 - 青山学院大,1997年ドラフト2位,NA
11215114,田中　将大,たなか・まさひろ,読売ジャイアンツ,右投右打,1988年11月1日,駒大苫小牧高,2006年高校生ドラフト1巡目,投手
31935131,高堀　和也,たかほり・かずや,東北楽天ゴールデンイーグルス,右投右打,1987年6月11日,砺波工 - 三菱自動車岡崎,2009年ドラフト4位,NA
21925131,土屋　朋弘,つちや・ともひろ,東北楽天ゴールデンイーグルス,右投右打,1985年8月18日,箕島高 - 名古屋商科大 - シティライト岡山,2009年ドラフト5位,NA
81985131,戸村　健次,とむら・けんじ,東北楽天ゴールデンイーグルス,右投右打,1987年10月20日,立教新座高 - 立教大,2009年ドラフト1位,NA
21023885,中村　紀洋,なかむら・のりひろ,横浜DeNAベイスターズ,右投右打,1973年7月24日,渋谷高,1991年ドラフト4位,NA
21225117,中島　俊哉,なかしま・としや,東北楽天ゴールデンイーグルス,右投右打,1980年6月10日,福岡工大付高 - 九州国際大,2002年ドラフト8巡目,NA
21225114,永井　怜,ながい・さとし,東北楽天ゴールデンイーグルス,右投左打,1984年9月27日,東京農大二高 - 東洋大,2006年大学生・社会人ドラフト1巡目,NA
81285114,中村　真人,なかむら・まさと,東北楽天ゴールデンイーグルス,右投左打,1982年2月2日,智弁学園高 - 近畿大 - シダックス,2006年育成選手ドラフト2巡目,NA
41045118,中川　大志,なかがわ・たいし,横浜DeNAベイスターズ,右投右打,1990年6月8日,愛知・桜丘高,2008年ドラフト2位,NA
71275112,西村　弥,にしむら・わたる,東北楽天ゴールデンイーグルス,右投両打,1983年9月8日,沖縄尚学高 - 東京情報大,2005年大学生・社会人ドラフト5巡目,NA
01205116,長谷部　康平,はせべ・こうへい,東北楽天ゴールデンイーグルス,左投左打,1985年5月21日,杜若高 - 愛知工業大,2007年大学生・社会人ドラフト1巡目,NA
91295110,平石　洋介,ひらいし・ようすけ,東北楽天ゴールデンイーグルス,左投左打,1980年4月23日,PL学園高 - 同志社大 - トヨタ自動車,2004年ドラフト7巡目,NA
61265116,聖澤　諒,ひじりさわ・りょう,東北楽天ゴールデンイーグルス,右投左打,1985年11月3日,松代高 - 国学院大,2007年大学生・社会人ドラフト4巡目,NA
41943880,福盛　和男,ふくもり・かずお,東北楽天ゴールデンイーグルス,右投右打,1976年8月4日,都城高,1994年ドラフト3位,NA
81485118,藤原　紘通,ふじわら・ひろみち,東北楽天ゴールデンイーグルス,左投左打,1985年1月15日,長崎南山高 - 福岡大 - NTT西日本,2008年ドラフト1位,NA
53555118,Ａ．フィリップス,アンディ・フィリップス　(ANDY PHILLIPS),東北楽天ゴールデンイーグルス,右投右打,1977年4月6日,アラバマ大 - ヤンキース - レッズ - メッツ - レッズ,,NA
41043882,松本　輝,まつもと・あきら,東北楽天ゴールデンイーグルス,右投右打,1977年8月30日,熊本工,1995年ドラフト2位,NA
61265113,牧田　明久,まきだ・あきひさ,東北楽天ゴールデンイーグルス,右投右打,1982年6月3日,鯖江高,2000年ドラフト5位,NA
81485112,枡田　慎太郎,ますだ・しんたろう,東北楽天ゴールデンイーグルス,右投左打,1987年7月8日,智弁学園高,2005年高校生ドラフト4巡目,NA
31233882,宮出　隆自,みやで・りゅうじ,東京ヤクルトスワローズ,右投右打,1977年8月18日,宇和島東高,1995年ドラフト2位,NA
03105131,Ｊ．モリーヨ,フアン・モリーヨ　(JUAN MORILLO),東北楽天ゴールデンイーグルス,右投右打,1983年11月5日,ゴルレオノイッグ高 - ロッキーズ - ツインズ,,NA
21023889,藪　恵壹,やぶ・けいいち,東北楽天ゴールデンイーグルス,右投右打,1968年9月28日,新宮高 - 東京経済大 - 朝日生命,1993年ドラフト1位,NA
81083880,山村　宏樹,やまむら・ひろき,東北楽天ゴールデンイーグルス,右投右打,1976年5月2日,甲府工,1994年ドラフト1位,NA
83185118,Ｄ．ラズナー,ダレル・ラズナー　(DARRELL RASNER),東北楽天ゴールデンイーグルス,右投右打,1981年1月13日,ネバダ大 - ナショナルズ - ヤンキース,,NA
33535118,Ｔ．リンデン,トッド・リンデン　(TODD LINDEN),東北楽天ゴールデンイーグルス,右投両打,1980年6月30日,ルイジアナ州大 - ジャイアンツ - マーリンズ,,NA
33335131,Ｒ．ルイーズ,ランディ・ルイーズ　(RANDY RUIZ),横浜DeNAベイスターズ,右投右打,1977年10月19日,ベルビュー大 - ツインズ - ブルージェイズ,,NA
51655110,渡辺　恒樹,わたなべ・こうき,東京ヤクルトスワローズ,左投左打,1978年5月17日,相洋高 - 東京農業大 - NTT東日本,2004年ドラフト2巡目,NA
81885114,渡辺　直人,わたなべ・なおと,東北楽天ゴールデンイーグルス,右投右打,1980年10月15日,牛久高 - 城西大 - 三菱ふそう川崎,2006年大学生・社会人ドラフト5巡目,NA
71175133,阿部　俊人,あべ・としひと,東北楽天ゴールデンイーグルス,右投左打,1988年12月23日,花咲徳栄高 - 東北福祉大,2010年ドラフト3位,NA
11313884,岩村　明憲,いわむら・あきのり,東京ヤクルトスワローズ,右投左打,1979年2月9日,宇和島東高,1996年ドラフト2位,NA
41345133,榎本　葵,えのもと・あおい,東京ヤクルトスワローズ,左投左打,1992年7月24日,九州国際大付高,2010年ドラフト4位,NA
11515113,岡本　真或,おかもと・しんや,東北楽天ゴールデンイーグルス,右投右打,1974年10月21日,峰山高 - 佐藤工務店 - 阿部企業 - ヤオハンジャパン - アムウェイ・レッドソックス - ヤマハ,2000年ドラフト4位,NA
73775133,Ｌ．ガルシア,ルイス・ガルシア　(LUIS GARCIA),東北楽天ゴールデンイーグルス,右投右打,1978年11月5日,プリパラトリアボケーショナル高 - 米マイナー,,NA
83585133,Ｒ．サンチェス,ロムロ・サンチェス　(ROMULO SANCHEZ),東北楽天ゴールデンイーグルス,右投右打,1984年4月28日,JSA高 - パイレーツ - ヤンキース,,NA
11015133,塩見　貴洋,しおみ・たかひろ,東北楽天ゴールデンイーグルス,左投左打,1988年9月6日,帝京五高 - 八戸大,2010年ドラフト1位,NA
43545133,Ｒ．スパイアー,ライアン・スパイアー　(RYAN SPEIER),東北楽天ゴールデンイーグルス,右投右打,1979年7月24日,ラドフォード大 - ロッキーズ,,NA
53355133,Ｋ．ヒメネス,ケルビン・ヒメネス　(KELVIN JIMENEZ),東北楽天ゴールデンイーグルス,右投右打,1980年10月27日,サントドミンゴ自治大付高 - カージナルス - 韓国・斗山,,NA
81983889,松井　稼頭央,まつい・かずお,埼玉西武ライオンズ,右投両打,1975年10月23日,PL学園高,1993年ドラフト3位,NA
01105119,稲田　直人,いなだ・なおと,東北楽天ゴールデンイーグルス,右投左打,1979年11月6日,広陵高 - 駒沢大 - NKK - JFE西日本,2003年ドラフト5巡目,NA
21325135,岡島　豪郎,おかじま・たけろう,東北楽天ゴールデンイーグルス,右投左打,1989年9月7日,関東学園大付高 - 白鴎大,2011年ドラフト4位,NA
11515119,川島　亮,かわしま・りょう,東北楽天ゴールデンイーグルス,右投左打,1981年9月9日,千葉経大付高 - 八戸大,2003年ドラフト自由枠,NA
31535135,釜田　佳直,かまた・よしなお,東北楽天ゴールデンイーグルス,右投右打,1993年10月26日,石川・金沢高,2011年ドラフト2位,NA
11715135,北川　倫太郎,きたがわ・りんたろう,東北楽天ゴールデンイーグルス,右投左打,1993年6月21日,明徳義塾高,2011年ドラフト5位,NA
71975135,島内　宏明,しまうち・ひろあき,東北楽天ゴールデンイーグルス,左投左打,1990年2月2日,星稜高 - 明治大,2011年ドラフト6位,NA
43545135,Ｂ．ダックワース,ブランドン・ダックワース　(BRANDON J. DUCKWORTH),東北楽天ゴールデンイーグルス,右投右打,1976年1月23日,カリフォルニア州大フラートン校 - フィリーズ - アストロズ - ロイヤルズ,,NA
53155135,Ｌ．テレーロ,ルイス・テレーロ　(LUIS TERRERO),東北楽天ゴールデンイーグルス,右投右打,1980年5月18日,バーニーモーガン高 - ダイヤモンドバックス - オリオールズ - ホワイトソックス,,NA
51255110,橋本　義隆,はしもと・よしたか,東北楽天ゴールデンイーグルス,右投右打,1979年12月6日,岡山学芸館高 - 中央大 - ホンダ,2004年ドラフト3巡目,NA
93395131,Ｂ．ハーパー,ブレット・ハーパー　(BRETT HARPER),東北楽天ゴールデンイーグルス,右投左打,1981年7月31日,スコッツデールコミュニティー大 - 米マイナー,,NA
63365135,Ｊ．ハウザー,ジム・ハウザー　(JIM HEUSER),東北楽天ゴールデンイーグルス,左投左打,1984年3月30日,イリノイバレーコミュニティー大 - 米マイナー,,NA
21225110,藤田　一也,ふじた・かずや,横浜DeNAベイスターズ,右投左打,1982年7月3日,鳴門一高 - 近畿大,2004年ドラフト4巡目,NA
31835135,武藤　好貴,むとう・よしたか,東北楽天ゴールデンイーグルス,右投右打,1987年7月22日,札幌藻岩高 - 中京大 - JR北海道,2011年ドラフト1位,NA
21325137,大塚　尚仁,おおつか・たかひと,東北楽天ゴールデンイーグルス,左投左打,1994年10月13日,九州学院高,2012年ドラフト3位,NA
61563885,斎藤　隆,さいとう・たかし,東北楽天ゴールデンイーグルス,右投左打,1970年2月14日,東北高 - 東北福祉大,1991年ドラフト1位,NA
71775137,島井　寛仁,しまい・ひろひと,東北楽天ゴールデンイーグルス,右投右打,1990年6月19日,西原高 - ビッグ開発ベースボールクラブ - 熊本ゴールデンラークス,2012年ドラフト5位,NA
01705137,下妻　貴寛,しもつま・たかひろ,東北楽天ゴールデンイーグルス,右投右打,1994年4月15日,酒田南高,2012年ドラフト4位,NA
81685137,Ａ．ジョーンズ,アンドリュー・ジョーンズ　(ANDRUW JONES),東北楽天ゴールデンイーグルス,右投右打,1977年4月23日,セントポールズ高 - ブレーブス - ドジャース - レンジャーズ - ホワイトソックス - ヤンキース,,NA
51055137,則本　昂大,のりもと・たかひろ,読売ジャイアンツ,右投左打,1990年12月17日,滋賀・八幡商 - 三重中京大,2012年ドラフト2位,投手
71475133,福山　博之,ふくやま・ひろゆき,東北楽天ゴールデンイーグルス,右投右打,1989年3月27日,大東高 - 大阪商業大,2010年ドラフト6位,NA
41043888,星野　智樹,ほしの・ともき,東北楽天ゴールデンイーグルス,左投左打,1977年7月29日,四日市工 - プリンスホテル,1998年ドラフト3位,NA
31435137,宮川　将,みやがわ・しょう,東北楽天ゴールデンイーグルス,右投右打,1990年10月19日,大体大浪商高 - 大阪体育大,2012年育成選手ドラフト1位,NA
91495137,森　雄大,もり・ゆうだい,東北楽天ゴールデンイーグルス,左投左打,1994年8月19日,東福岡高,2012年ドラフト1位,NA
73375137,Ｋ．レイ,ケニー・レイ　(KENNY RAY),東北楽天ゴールデンイーグルス,右投右打,1974年11月27日,ロズウェル高 - ロイヤルズ - ブレーブス - 韓国・SK - 台湾・ラニュー - 台湾・ラミゴ,,NA
31135139,相沢　晋,あいざわ・すすむ,東北楽天ゴールデンイーグルス,右投左打,1987年6月3日,巻高 - 石巻専修大 - 日本製紙石巻,2013年ドラフト8位,NA
51155139,相原　和友,あいはら・かずとも,東北楽天ゴールデンイーグルス,左投左打,1989年10月27日,東陵高 - 東北福祉大 - 七十七銀行,2013年ドラフト7位,NA
01305139,内田　靖人,うちだ・やすひと,東北楽天ゴールデンイーグルス,右投右打,1995年5月30日,常総学院高,2013年ドラフト2位,NA
43545139,Ｎ．エバンス,ニック・エバンス　(NICK EVANS),東北楽天ゴールデンイーグルス,右投右打,1986年1月30日,セントメアリーズ高 - メッツ - ダイヤモンドバックス,,NA
33535139,Ｒ．クルーズ,ライナー・クルーズ　(RHINER CRUZ),東北楽天ゴールデンイーグルス,右投右打,1986年11月1日,ディビナプロビデンシア高 - アストロズ,,NA
21725139,今野　龍太,こんの・りゅうた,東北楽天ゴールデンイーグルス,右投右打,1995年5月11日,岩出山高,2013年ドラフト9位,投手
21025139,西宮　悠介,にしみや・ゆうすけ,東北楽天ゴールデンイーグルス,左投左打,1991年5月1日,佐野日大高 - 横浜商科大,2013年ドラフト5位,NA
81085139,濱矢　廣大,はまや・こうだい,横浜DeNAベイスターズ,左投左打,1993年2月27日,日高高中津分校 - ホンダ鈴鹿,2013年ドラフト3位,NA
73175139,Ｔ．ブラックリー,トラビス・ブラックリー　(TRAVIS BLACKLEY),東北楽天ゴールデンイーグルス,左投左打,1982年11月4日,チェルトナム高 - マリナーズ - ジャイアンツ - 韓国・起亜 - ジャイアンツ - アスレチックス - アストロズ - レンジャーズ,,NA
23325139,Ｌ．ファンミル,ルーク・ファンミル　(LOEK VAN MIL),東北楽天ゴールデンイーグルス,右投右打,1984年9月15日,エラスムス大 - オランダ・HCAW - 米マイナー,,NA
81285139,松井　裕樹,まつい・ゆうき,東北楽天ゴールデンイーグルス,左投左打,1995年10月30日,桐光学園高,2013年ドラフト1位,NA
83185139,Ｋ．ユーキリス,ケビン・ユーキリス　(KEVIN YOUKILIS),東北楽天ゴールデンイーグルス,右投右打,1979年3月15日,シンシナティ大 - レッドソックス - ホワイトソックス - ヤンキース,,NA
51655139,横山　貴明,よこやま・たかあき,東北楽天ゴールデンイーグルス,右投右打,1991年4月10日,聖光学院高 - 早稲田大,2013年ドラフト6位,NA
73575139,Ｚ．ラッツ,ザック・ラッツ　(ZACH LUTZ),東北楽天ゴールデンイーグルス,右投右打,1986年6月3日,アルバニア大 - メッツ,,NA
71175130,安樂　智大,あんらく・ともひろ,東北楽天ゴールデンイーグルス,右投左打,1996年11月4日,済美高,2014年ドラフト1位,NA
31335130,伊東　亮大,いとう・りょうた,東北楽天ゴールデンイーグルス,左投左打,1989年7月27日,桐光学園高 - 武蔵大 - 日本製紙石巻,2014年ドラフト7位,NA
51355130,入野　貴大,いりの・たかひろ,東北楽天ゴールデンイーグルス,右投左打,1988年11月26日,岡豊高 - 四国・愛媛 - 四国・徳島,2014年ドラフト5位,NA
61565130,加藤　正志,かとう・まさし,東北楽天ゴールデンイーグルス,右投右打,1989年9月7日,東京実 - 鶴見大 - JR東日本東北,2014年ドラフト6位,NA
33335130,Ｇ．サンチェス,ギャビー・サンチェス　(GABY SANCHEZ),東北楽天ゴールデンイーグルス,右投右打,1983年9月2日,マイアミ大 - マーリンズ - パイレーツ,,NA
61465118,藤江　均,ふじえ・ひとし,東北楽天ゴールデンイーグルス,右投右打,1986年1月27日,上宮太子高 - NOMOベースボールクラブ - 東邦ガス,2008年ドラフト2位,NA
81485130,フェルナンド,ルシアノ・フェルナンド　(LUCIANO FERNANDO),東北楽天ゴールデンイーグルス,右投右打,1992年4月13日,桐生第一高 - 白鴎大,2014年ドラフト4位,NA
11615130,福田　将儀,ふくだ・まさよし,東北楽天ゴールデンイーグルス,右投右打,1992年4月17日,習志野高 - 中央大,2014年ドラフト3位,NA
13915130,Ａ．ムリーロ,アガスティン・ムリーロ　(AGUSTIN MURILLO),東北楽天ゴールデンイーグルス,右投右打,1982年5月5日,バハカリフォルニア大 - 米マイナー,,NA
41145132,足立　祐一,あだち・ゆういち,東北楽天ゴールデンイーグルス,右投右打,1989年9月22日,桜美林高 - 神奈川大 - パナソニック,2015年ドラフト6位,NA
23325132,Ｊ．アマダー,ジャフェット・アマダー　(JAPHET AMADOR),東北楽天ゴールデンイーグルス,右投右打,1987年1月19日,セシーテ第一高 - 米マイナー,,NA
71375132,石橋　良太,いしばし・りょうた,東北楽天ゴールデンイーグルス,右投左打,1991年6月6日,明徳義塾高 - 拓殖大 - ホンダ,2015年ドラフト5位,NA
01505132,オコエ　瑠偉,おこえ・るい,読売ジャイアンツ,右投右打,1997年7月21日,関東第一高,2015年ドラフト1位,NA
03905132,Ｊ．ゴームズ,ジョニー・ゴームズ　(JONNY GOMES),東北楽天ゴールデンイーグルス,右投右打,1980年11月22日,サンタローザ短大 - デビルレイズ - レイズ - レッズ - ナショナルズ - アスレチックス - レッドソックス - アスレチックス - ブレーブス - ロイヤルズ,,NA
73575132,宋　家豪,そん・ちゃーほう,東北楽天ゴールデンイーグルス,右投左打,1992年9月6日,台湾・国立体育大,,投手
53755132,Ｊ．ブリガム,ジェイク・ブリガム　(JAKE BRIGHAM),東北楽天ゴールデンイーグルス,右投右打,1988年2月10日,セントラルフロリダクリスチャン高 - ブレーブス,,NA
63065132,Ｆ．ペレス,フェリックス・ペレス　(FELIX PEREZ),東北楽天ゴールデンイーグルス,左投左打,1984年11月14日,エスクエラデデポルテ高 - 米マイナー,,NA
83085132,Ｃ．ペゲーロ,カルロス・ペゲーロ　(CARLOS PEGUERO),東北楽天ゴールデンイーグルス,左投左打,1987年2月22日,ロサリオデファティマ高 - マリナーズ - ロイヤルズ - レンジャーズ - レッドソックス,,NA
11815132,堀内　謙伍,ほりうち・けんご,東北楽天ゴールデンイーグルス,右投左打,1997年4月15日,静岡高,2015年ドラフト4位,捕手
41845132,村林　一輝,むらばやし・いつき,東北楽天ゴールデンイーグルス,右投右打,1997年10月6日,大塚高,2015年ドラフト7位,内野手
61865132,茂木　栄五郎,もぎ・えいごろう,東京ヤクルトスワローズ,右投左打,1994年2月14日,桐蔭学園高 - 早稲田大,2015年ドラフト3位,内野手
33335132,吉持　亮汰,よしもち・りょうた,東北楽天ゴールデンイーグルス,右投右打,1993年11月4日,広陵高 - 大阪商業大,2015年ドラフト2位,NA
33935132,Ｒ．リズ,ラダメス・リズ　(RADHAMES LIZ),東北楽天ゴールデンイーグルス,右投右打,1983年10月6日,ガストンフェルナンデスデリーネ高 - オリオールズ - 韓国・LG - パイレーツ,,NA
01105134,池田　隆英,いけだ・たかひで,北海道日本ハムファイターズ,右投右打,1994年10月1日,創価高 - 創価大,2016年ドラフト2位,投手
61165134,石原　彪,いしはら・つよし,東北楽天ゴールデンイーグルス,右投右打,1999年3月8日,京都翔英高,2016年ドラフト8位,捕手
91795114,岸　孝之,きし・たかゆき,東北楽天ゴールデンイーグルス,右投右打,1984年12月4日,名取北高 - 東北学院大,2006年大学生・社会人ドラフト希望枠,投手
53055134,Ｊ．コラレス,ジョシュ・コラレス　(JOSH CORRALES),東北楽天ゴールデンイーグルス,右投右打,1990年5月25日,カリフォルニア州大ドミンゲスヒルズ校 - 米マイナー - 三菱日立パワーシステムズ横浜 - BC・富山,,NA
81985134,菅原　秀,すがはら・しゅう,東北楽天ゴールデンイーグルス,右投左打,1994年4月5日,福井工大福井高 - 大阪体育大,2016年ドラフト4位,NA
11215134,田中　和基,たなか・かずき,東北楽天ゴールデンイーグルス,右投両打,1994年8月8日,西南学院高 - 立教大,2016年ドラフト3位,外野手
41445134,西口　直人,にしぐち・なおと,東北楽天ゴールデンイーグルス,右投右打,1996年11月14日,山本高 - 甲賀健康医療専門学校,2016年ドラフト10位,投手
61665134,藤平　尚真,ふじひら・しょうま,東北楽天ゴールデンイーグルス,右投右打,1998年9月21日,横浜高,2016年ドラフト1位,投手
93195134,森原　康平,もりはら・こうへい,横浜DeNAベイスターズ,右投左打,1991年12月26日,広島・山陽高 - 近畿大工学部 - 新日鉄住金広畑,2016年ドラフト5位,投手
51355136,岩見　政暉,いわみ・まさき,東北楽天ゴールデンイーグルス,右投右打,1994年7月10日,比叡山高 - 慶応大,2017年ドラフト2位,NA
01705136,近藤　弘樹,こんどう・ひろき,東京ヤクルトスワローズ,右投右打,1995年6月27日,安佐北高 - 岡山商科大,2017年ドラフト1位,NA
71275136,寺岡　寛治,てらおか・かんじ,東北楽天ゴールデンイーグルス,右投右打,1992年12月3日,東海大五高 - 九州共立大 - 九州三菱自動車 - BC・石川,2017年ドラフト7位,NA
23525136,Ｏ．ディクソン,オコエ・ディクソン　(O'KOYEA DICKSON),東北楽天ゴールデンイーグルス,右投右打,1990年2月9日,ソノマ州大 - ドジャース,,NA
73175136,山﨑　剛,やまさき・つよし,千葉ロッテマリーンズ,右投左打,1995年12月29日,日章学園高 - 国学院大,2017年ドラフト3位,内野手
73375136,渡邊　佑樹,わたなべ・ゆうき,福岡ソフトバンクホークス,左投左打,1995年11月8日,富士学苑高 - 横浜商科大,2017年ドラフト4位,NA
51155118,浅村　栄斗,あさむら・ひでと,東北楽天ゴールデンイーグルス,右投右打,1990年11月12日,大阪桐蔭高,2008年ドラフト3位,内野手
71375138,太田　光,おおた・ひかる,東北楽天ゴールデンイーグルス,右投右打,1996年10月14日,広陵高 - 大阪商業大,2018年ドラフト2位,捕手
81385138,小郷　裕哉,おごう・ゆうや,東北楽天ゴールデンイーグルス,右投左打,1996年8月3日,関西高 - 立正大,2018年ドラフト7位,外野手
51755132,熊原　健人,くまばら・けんと,東北楽天ゴールデンイーグルス,右投左打,1993年10月19日,柴田高 - 仙台大,2015年ドラフト2位,NA
01905138,鈴木　翔天,すずき・そら,東北楽天ゴールデンイーグルス,左投左打,1996年8月19日,向上高 - 富士大,2018年ドラフト8位,投手
41945138,清宮　虎多朗,せいみや・こたろう,北海道日本ハムファイターズ,右投左打,2000年5月26日,八千代松陰高,2018年育成選手ドラフト1位,投手
11015138,辰己　涼介,たつみ・りょうすけ,東北楽天ゴールデンイーグルス,右投左打,1996年12月27日,社高 - 立命館大,2018年ドラフト1位,外野手
03305138,Ａ．ブセニッツ,アラン・ブセニッツ　(ALAN BUSENITZ),東北楽天ゴールデンイーグルス,右投右打,1990年8月22日,ケネソー州大 - ツインズ,,NA
23325138,Ｊ．ブラッシュ,ジャバリ・ブラッシュ　(JABARI BLASH),東北楽天ゴールデンイーグルス,右投右打,1989年7月4日,マイアミデード大 - パドレス - エンゼルス,,NA
61865138,弓削　隼人,ゆげ・はやと,東北楽天ゴールデンイーグルス,左投左打,1994年4月6日,佐野日大高 - 日本大 - SUBARU,2018年ドラフト4位,NA
81785116,由規,よしのり（さとう・よしのり）,東北楽天ゴールデンイーグルス,右投左打,1989年12月5日,仙台育英高,2007年高校生ドラフト1巡目,NA
73175138,渡邊　佳明,わたなべ・よしあき,東北楽天ゴールデンイーグルス,右投左打,1997年1月8日,横浜高 - 明治大,2018年ドラフト6位,内野手
01905151,黒川　史陽,くろかわ・ふみや,東北楽天ゴールデンイーグルス,右投左打,2001年4月17日,智弁和歌山高,2019年ドラフト2位,内野手
61965151,小深田　大翔,こぶかた・ひろと,東北楽天ゴールデンイーグルス,右投左打,1995年9月28日,神戸国際大付高 - 近畿大 - 大阪ガス,2019年ドラフト1位,内野手
81985151,小峯　新陸,こみね・しんり,東北楽天ゴールデンイーグルス,右投左打,2001年12月1日,鹿児島城西高,2019年育成選手ドラフト2位,NA
21025151,澤野　聖悠,さわの・きよはる,東京ヤクルトスワローズ,右投左打,2002年3月9日,誉高,2019年育成選手ドラフト4位,内野手
53555151,Ｊ．Ｔ．シャギワ,ジョン・トーマス・シャギワ　(JON THOMAS CHARGOIS),東北楽天ゴールデンイーグルス,右投右打,1990年12月3日,ライス大 - ツインズ - ドジャース,,NA
31235151,瀧中　瞭太,たきなか・りょうた,東北楽天ゴールデンイーグルス,右投右打,1994年12月20日,高島高 - 龍谷大 - ホンダ鈴鹿,2019年ドラフト6位,投手
11415151,津留﨑　大成,つるさき・たいせい,東北楽天ゴールデンイーグルス,右投右打,1997年10月10日,慶応高 - 慶応大,2019年ドラフト3位,投手
41445133,牧田　和久,まきた・かずひさ,東北楽天ゴールデンイーグルス,右投右打,1984年11月10日,静清工 - 平成国際大 - 日本通運,2010年ドラフト2位,NA
31835151,水上　桂,みずかみ・けい,東北楽天ゴールデンイーグルス,右投右打,2001年7月5日,明石商,2019年ドラフト7位,捕手
01805151,武藤　敦貴,むとう・あつき,東北楽天ゴールデンイーグルス,左投左打,2001年6月15日,都城東高,2019年ドラフト4位,外野手
31135119,青木　宣親,あおき・のりちか,東京ヤクルトスワローズ,右投左打,1982年1月5日,日向高 - 早稲田大,2003年ドラフト4巡目,NA
31135118,赤川　克紀,あかがわ・かつき,東京ヤクルトスワローズ,左投左打,1990年7月31日,宮崎商,2008年ドラフト1位,NA
01105131,荒木　貴裕,あらき・たかひろ,東京ヤクルトスワローズ,右投右打,1987年7月26日,帝京三高 - 近畿大,2009年ドラフト3位,NA
01103882,石井　弘寿,いしい・ひろとし,東京ヤクルトスワローズ,左投左打,1977年9月14日,東京学館高,1995年ドラフト4位,NA
11315115,石川　雅規,いしかわ・まさのり,東京ヤクルトスワローズ,左投左打,1980年1月22日,秋田商 - 青山学院大,2001年ドラフト自由枠,投手
21125110,一場　靖弘,いちば・やすひろ,東京ヤクルトスワローズ,右投右打,1982年7月5日,桐生第一高 - 明治大,2004年ドラフト自由枠,NA
61165112,飯原　誉士,いいはら・やすし,東京ヤクルトスワローズ,右投右打,1983年4月26日,小山高 - 白鴎大,2005年大学生・社会人ドラフト5巡目,NA
11815116,林　昌勇,いむ・ちゃんよん,東京ヤクルトスワローズ,右投右打,1976年6月4日,真興高 - 韓国・ヘテ - 韓国・三星,,NA
01805118,李　恵踐,い・へちょん,東京ヤクルトスワローズ,左投左打,1979年3月12日,釜山商 - 韓国・OB - 韓国・斗山,,NA
71375114,上田　剛史,うえだ・つよし,東京ヤクルトスワローズ,右投左打,1988年10月2日,関西高,2006年高校生ドラフト3巡目,NA
91395119,押本　健彦,おしもと・たけひこ,東京ヤクルトスワローズ,右投右打,1982年10月28日,中央学院高 - 日産自動車,2003年ドラフト4巡目,NA
81385116,岡本　秀寛,おかもと・ひでひろ,東京ヤクルトスワローズ,左投左打,1983年4月19日,鳴門一高 - 川崎製鉄水島 - JFE西日本,2007年大学生・社会人ドラフト4巡目,NA
31535116,鬼﨑　裕司,おにざき・ゆうじ,埼玉西武ライオンズ,右投左打,1983年4月7日,佐賀工 - 関東学院大 - 富士重工,2007年大学生・社会人ドラフト3巡目,NA
31735112,川端　慎吾,かわばた・しんご,東京ヤクルトスワローズ,右投左打,1987年10月16日,市立和歌山商,2005年高校生ドラフト3巡目,NA
93195114,Ａ．ガイエル,アーロン・ガイエル　(AARON GUIEL),東京ヤクルトスワローズ,右投左打,1972年10月5日,クワントレン大 - ロイヤルズ - ヤンキース,,NA
01505116,加藤　幹典,かとう・みきのり,東京ヤクルトスワローズ,左投左打,1985年6月4日,川和高 - 慶応大,2007年大学生・社会人ドラフト1巡目,NA
21725114,衣川　篤史,きぬがわ・あつし,東京ヤクルトスワローズ,右投右打,1981年3月20日,大商学園高 - 岐阜聖徳学園大 - 昭和コンクリート - 住友金属鹿島,2006年大学生・社会人ドラフト4巡目,NA
51755119,佐藤　賢,さとう・まさる,東京ヤクルトスワローズ,左投左打,1981年12月6日,羽黒高 - 明治大,2003年ドラフト6巡目,NA
81785115,志田　宗大,しだ・むねひろ,東京ヤクルトスワローズ,右投右打,1979年6月16日,仙台育英高 - 青山学院大,2001年ドラフト8巡目,NA
01005117,雄平,ゆうへい（たかい・ゆうへい）,東京ヤクルトスワローズ,左投左打,1984年6月25日,東北高,2002年ドラフト1巡目,NA
81085117,館山　昌平,たてやま・しょうへい,東京ヤクルトスワローズ,右投右打,1981年3月17日,日大藤沢高 - 日本大,2002年ドラフト3巡目,NA
21925110,田中　浩康,たなか・ひろやす,横浜DeNAベイスターズ,右投右打,1982年5月24日,尽誠学園高 - 早稲田大,2004年ドラフト自由枠,NA
61965112,高木　啓充,たかぎ・ひろみつ,東京ヤクルトスワローズ,右投右打,1983年9月16日,宇和島東高 - 大阪体育大,2005年大学生・社会人ドラフト4巡目,NA
31035112,武内　晋一,たけうち・しんいち,東京ヤクルトスワローズ,左投左打,1983年12月10日,智弁和歌山高 - 早稲田大,2005年大学生・社会人ドラフト希望枠,NA
91095114,高市　俊,たかいち・しゅん,東京ヤクルトスワローズ,右投右打,1984年7月9日,帝京高 - 青山学院大,2006年大学生・社会人ドラフト希望枠,NA
13115118,Ｊ．デントナ,ジェイミー・デントナ　(JAMIE D'ANTONA),東京ヤクルトスワローズ,右投右打,1982年5月12日,ウェイクフォレスト大 - ダイヤモンドバックス,,NA
51855131,Ｅ．デラクルス,エウロ・デラクルス　(EULO DE LA CRUZ),東京ヤクルトスワローズ,右投右打,1984年3月12日,フアンパブロデュアルテ高 - タイガース - マーリンズ - パドレス,,NA
41045116,中尾　敏浩,なかお・としひろ,東京ヤクルトスワローズ,右投左打,1982年11月12日,PL学園高 - 青山学院大 - JR東日本,2007年大学生・社会人ドラフト5巡目,NA
51255118,中村　悠平,なかむら・ゆうへい,東京ヤクルトスワローズ,右投右打,1990年6月17日,福井商,2008年ドラフト3位,捕手
51055131,中澤　雅人,なかざわ・まさと,東京ヤクルトスワローズ,左投左打,1985年2月16日,富山商 - 中央大 - トヨタ自動車,2009年ドラフト1位,NA
31435114,西﨑　聡,にしざき・さとし,東京ヤクルトスワローズ,右投右打,1982年8月1日,糸島高 - 九州国際大 - JR北海道,2006年大学生・社会人ドラフト3巡目,NA
41245118,新田　玄気,にった・げんき,東京ヤクルトスワローズ,右投右打,1982年8月22日,高松商 - 中央大 - パナソニック,2008年ドラフト5位,NA
81985111,野口　祥順,のぐち・よしゆき,東京ヤクルトスワローズ,右投右打,1981年5月16日,藤代高,1999年ドラフト1位,NA
71273885,萩原　淳,はぎわら・じゅん,東京ヤクルトスワローズ,右投右打,1973年8月20日,東海大甲府高,1991年ドラフト2位,NA
31235113,畠山　和洋,はたけやま・かずひろ,東京ヤクルトスワローズ,右投右打,1982年9月13日,専大北上高,2000年ドラフト5位,NA
71875131,Ｔ．バーネット,トニー・バーネット　(TONY BARNETTE),東京ヤクルトスワローズ,右投右打,1983年11月9日,アリゾナ州大 - 米マイナー,,NA
11215131,平井　諒,ひらい・りょう,東京ヤクルトスワローズ,右投右打,1991年4月23日,帝京五高,2009年ドラフト4位,NA
41943889,福地　寿樹,ふくち・かずき,東京ヤクルトスワローズ,右投両打,1975年12月17日,杵島商,1993年ドラフト4位,NA
21225113,藤本　敦士,ふじもと・あつし,東京ヤクルトスワローズ,右投左打,1977年10月4日,育英高 - 亜細亜大中退 - 甲賀総合科学専門学校 - デュプロ,2000年ドラフト7位,NA
11415115,福川　将和,ふくかわ・まさかず,東京ヤクルトスワローズ,右投右打,1976年12月29日,大体大浪商高 - 東京農業大生産学部 - 三菱自動車岡崎,2001年ドラフト5巡目,NA
01405118,Ｒ．フェルナンデス,ラファエル・フェルナンデス　(RAFAEL FERNANDES),東京ヤクルトスワローズ,右投右打,1986年4月23日,カントリーキッズ高 - 白鴎大,2008年育成選手ドラフト1位,NA
21823888,松元　ユウイチ,まつもと・ゆういち,東京ヤクルトスワローズ,左投左打,1980年12月18日,ルイス州高,,NA
51455110,松岡　健一,まつおか・けんいち,東京ヤクルトスワローズ,右投右打,1982年6月7日,東海大二高 - 九州東海大,2004年ドラフト自由枠,NA
11615112,松井　光介,まつい・こうすけ,東京ヤクルトスワローズ,右投右打,1978年8月24日,横浜高 - 亜細亜大 - JR東日本,2005年大学生・社会人ドラフト3巡目,NA
31435131,松井　淳,まつい・じゅん,東京ヤクルトスワローズ,右投左打,1987年11月27日,横浜商大高 - 日本大国際関係学部,2009年ドラフト5位,NA
51053880,宮本　慎也,みやもと・しんや,東京ヤクルトスワローズ,右投右打,1970年11月5日,PL学園高 - 同志社大 - プリンスホテル,1994年ドラフト2位,NA
81485116,三輪　正義,みわ・まさよし,東京ヤクルトスワローズ,右投左打,1984年1月23日,下関中央工 - 山口産業 - 四国・香川,2007年大学生・社会人ドラフト6巡目,NA
21625112,村中　恭兵,むらなか・きょうへい,東京ヤクルトスワローズ,左投左打,1987年10月25日,東海大甲府高,2005年高校生ドラフト1巡目,NA
11615117,森岡　良介,もりおか・りょうすけ,東京ヤクルトスワローズ,右投左打,1984年7月15日,明徳義塾高,2002年ドラフト1巡目,NA
11615110,山岸　穣,やまぎし・みのる,東京ヤクルトスワローズ,右投右打,1982年8月17日,福井商 - 青山学院大,2004年ドラフト4巡目,NA
61665116,山本　斉,やまもと・ひとし,東京ヤクルトスワローズ,右投右打,1989年7月10日,酒田南高,2007年高校生ドラフト3巡目,NA
11615131,山本　哲哉,やまもと・てつや,東京ヤクルトスワローズ,右投右打,1985年9月4日,南部高 - 近畿大 - 三菱重工神戸,2009年ドラフト2位,NA
01903886,ユウキ,ゆうき（たなか・ゆうき）,東京ヤクルトスワローズ,右投右打,1979年6月12日,杜若高,1997年ドラフト5位,NA
91493888,吉本　亮,よしもと・りょう,東京ヤクルトスワローズ,右投右打,1980年5月8日,九州学院高,1998年ドラフト1位,NA
21625117,吉川　昌宏,よしかわ・まさひろ,東京ヤクルトスワローズ,右投左打,1978年6月29日,明徳義塾高 - 亜細亜大 - ローソン,2002年ドラフト8巡目,NA
31535115,岡本　直也,おかもと・なおや,東京ヤクルトスワローズ,左投左打,1983年7月28日,岡山理大付高,2001年ドラフト4巡目,NA
51555117,小野寺　力,おのでら・ちから,東京ヤクルトスワローズ,右投右打,1980年11月26日,鴻巣高 - 常磐大,2002年ドラフト4巡目,NA
11715133,川﨑　成晃,かわさき・なりあき,東京ヤクルトスワローズ,右投右打,1986年3月30日,鹿児島商 - 福岡大 - 熊本ゴールデンラークス,2010年ドラフト6位,NA
01705133,久古　健太郎,きゅうこ・けんたろう,東京ヤクルトスワローズ,左投左打,1986年5月16日,国士舘高 - 青山学院大 - 日産自動車 - 日本製紙石巻,2010年ドラフト5位,NA
31035133,七條　祐樹,しちじょう・ゆうき,東京ヤクルトスワローズ,右投右打,1984年7月10日,延岡工 - 日産自動車九州 - 伯和ビクトリーズ,2010年ドラフト2位,NA
41245133,西田　明央,にしだ・あきひさ,東京ヤクルトスワローズ,右投右打,1992年4月28日,北照高,2010年ドラフト3位,NA
91895133,山田　哲人,やまだ・てつと,東京ヤクルトスワローズ,右投右打,1992年7月16日,履正社高,2010年ドラフト1位,内野手
31735135,木谷　良平,きや・りょうへい,東京ヤクルトスワローズ,右投右打,1989年4月7日,小倉高 - 日本文理大,2011年ドラフト2位,NA
61565111,正田　樹,しょうだ・いつき,東京ヤクルトスワローズ,左投左打,1981年11月3日,桐生第一高,1999年ドラフト1位,NA
01205135,徳山　武陽,とくやま・たけあき,東京ヤクルトスワローズ,右投両打,1989年7月21日,三田学園高 - 立命館大,2011年育成選手ドラフト1位,NA
61465135,比屋根　渉,ひやね・わたる,東京ヤクルトスワローズ,右投右打,1987年6月20日,沖縄尚学高 - 城西大 - 日本製紙石巻,2011年ドラフト3位,NA
51655135,古野　正人,ふるの・まさと,東京ヤクルトスワローズ,右投右打,1986年9月27日,報徳学園高 - 龍谷大 - 日産自動車 - 三菱重工神戸,2011年ドラフト6位,NA
13315135,Ｌ．ミレッジ,ラスティングス・ミレッジ　(LASTINGS MILLEDGE),東京ヤクルトスワローズ,右投右打,1985年4月5日,レイクウッドランチ高 - メッツ - ナショナルズ - パイレーツ - ホワイトソックス,,NA
33335135,Ｏ．ロマン,オーランド・ロマン　(ORLANDO ROMAN),東京ヤクルトスワローズ,右投右打,1978年11月28日,インディアンヒルズコミュニティー大 - 米マイナー - 台湾・兄弟,,NA
21125137,石山　泰稚,いしやま・たいち,東京ヤクルトスワローズ,右投右打,1988年9月1日,金足農 - 東北福祉大 - ヤマハ,2012年ドラフト1位,投手
71375137,江村　将也,えむら・まさや,東京ヤクルトスワローズ,左投左打,1987年7月5日,佐野日大高 - 日本大 - ワイテック,2012年ドラフト4位,NA
41345137,大場　達也,おおば・たつや,東京ヤクルトスワローズ,右投右打,1989年3月10日,市立川崎高 - 鶴見大 - 日立製作所,2012年ドラフト7位,NA
11515137,小川　泰弘,おがわ・やすひろ,東京ヤクルトスワローズ,右投右打,1990年5月16日,愛知・成章高 - 創価大,2012年ドラフト2位,投手
71975137,田川　賢吾,たがわ・けんご,東京ヤクルトスワローズ,右投左打,1994年5月22日,高知中央高,2012年ドラフト3位,NA
01205113,藤田　太陽,ふじた・たいよう,東京ヤクルトスワローズ,右投右打,1979年11月1日,新屋高 - 川崎製鉄千葉,2000年ドラフト1位,NA
31235137,星野　雄大,ほしの・ゆうだい,東京ヤクルトスワローズ,右投右打,1988年10月19日,岡山東商 - 日産自動車九州 - 伯和ビクトリーズ - 四国・香川,2012年ドラフト5位,NA
63165137,Ｃ．ラルー,クリス・ラルー　(CHRIS LEROUX),東京ヤクルトスワローズ,右投左打,1984年4月14日,ウィンスロップ大 - マーリンズ - パイレーツ,,NA
71375139,岩橋　慶侍,いわはし・けいじ,東京ヤクルトスワローズ,左投左打,1991年4月23日,京都すばる高 - 京都産業大,2013年ドラフト4位,NA
71875139,Ｃ．カーペンター,クリス・カーペンター　(CHRIS CARPENTER),東京ヤクルトスワローズ,右投右打,1985年12月26日,ケント州大 - カブス - レッドソックス,,NA
13115139,Ｃ．ナーブソン,クリス・ナーブソン　(CHRIS NARVESON),東京ヤクルトスワローズ,左投左打,1981年12月20日,TCロバーソン高 - カージナルス - ブルワーズ,,NA
91095139,西浦　直亨,にしうら・なおみち,横浜DeNAベイスターズ,右投右打,1991年4月11日,天理高 - 法政大,2013年ドラフト2位,NA
91295139,藤井　亮太,ふじい・りょうた,東京ヤクルトスワローズ,右投左打,1988年9月30日,高砂南高 - 東海大海洋学部 - シティライト岡山,2013年ドラフト6位,NA
23125130,Ｌ．オンドルセク,ローガン・オンドルセク　(LOGAN ONDRUSEK),東京ヤクルトスワローズ,右投右打,1985年2月13日,マクレナンコミュニティー大 - レッズ,,NA
91595130,風張　蓮,かざはり・れん,横浜DeNAベイスターズ,右投右打,1993年2月26日,伊保内高 - 東京農業大北海道オホーツク,2014年ドラフト2位,NA
21025130,竹下　真吾,たけした・しんご,東京ヤクルトスワローズ,左投左打,1990年10月20日,福岡・八幡高 - 九州共立大 - ヤマハ,2014年ドラフト1位,NA
91295130,寺田　哲也,てらだ・てつや,東京ヤクルトスワローズ,右投右打,1987年4月2日,作新学院高 - 作新学院大 - BC・新潟 - 四国・香川,2014年ドラフト4位,NA
53755130,Ｍ．デニング,ミッチ・デニング　(MITCH DENING),東京ヤクルトスワローズ,右投左打,1988年8月17日,ダグラーレイクス高 - 米マイナー - BC・新潟,,NA
61265130,土肥　寛昌,どひ・ひろあき,東京ヤクルトスワローズ,右投両打,1990年11月16日,埼玉栄高 - 東洋大 - ホンダ鈴鹿,2014年ドラフト6位,NA
11415130,中島　彰吾,なかしま・しょうご,東京ヤクルトスワローズ,右投右打,1992年6月15日,大牟田高 - 福岡大,2014年育成選手ドラフト1位,NA
53055132,ジェフン,ハ・ジェフン　(HA JAEHOON),東京ヤクルトスワローズ,右投右打,1990年10月29日,龍馬高 - 米マイナー - 四国・徳島,,NA
51055132,高橋　奎二,たかはし・けいじ,東京ヤクルトスワローズ,左投左打,1997年5月14日,龍谷大平安高,2015年ドラフト3位,投手
93595132,Ｋ．デイビーズ,カイル・デイビーズ　(KYLE DAVIES),東京ヤクルトスワローズ,右投右打,1983年9月9日,ストックブリッジ高 - ブレーブス - ロイヤルズ - ヤンキース,,NA
31635132,原　樹理,はら・じゅり,東京ヤクルトスワローズ,右投右打,1993年7月19日,東洋大姫路高 - 東洋大,2015年ドラフト1位,NA
21625132,廣岡　大志,ひろおか・たいし,オリックス・バファローズ,右投右打,1997年4月9日,智弁学園高,2015年ドラフト2位,内野手
23725132,Ｌ．ペレス,ルイス・ペレス　(LUIS PEREZ),東京ヤクルトスワローズ,左投左打,1985年1月20日,ブルージェイズ,,NA
33135132,山崎　晃大朗,やまさき・こうたろう,東京ヤクルトスワローズ,左投左打,1993年8月11日,青森山田高 - 日本大,2015年ドラフト5位,NA
53955132,Ｊ．ルーキ,ジョシュ・ルーキ　(JOSH LUEKE),東京ヤクルトスワローズ,右投右打,1984年12月5日,ノーザンケンタッキー大 - マリナーズ - レイズ,,NA
73375132,渡邉　大樹,わたなべ・だいき,オリックス・バファローズ,右投右打,1997年6月7日,専大松戸高,2015年ドラフト6位,NA
51355134,梅野　雄吾,うめの・ゆうご,中日ドラゴンズ,右投右打,1999年1月13日,九州産大九州産高,2016年ドラフト3位,投手
91395134,大村　孟,おおむら・はじめ,東京ヤクルトスワローズ,右投左打,1991年12月21日,東筑高 - 福岡教育大 - 九州三菱自動車 - BC・石川,2016年育成選手ドラフト1位,NA
83385134,Ｒ．オーレンドルフ,ロス・オーレンドルフ　(ROSS OHLENDORF),東京ヤクルトスワローズ,右投右打,1982年8月8日,プリンストン大 - ヤンキース - パイレーツ - パドレス - ナショナルズ - レンジャーズ - レッズ,,NA
21525134,菊沢　竜佑,きくさわ・りゅうすけ,東京ヤクルトスワローズ,右投右打,1988年5月16日,秋田高 - 立教大 - 横浜金港クラブ - 米独立リーグ - 相双リテック,2016年ドラフト6位,NA
93595134,Ｐ．ギルメット,プレストン・ギルメット　(PRESTON GUILMET),東京ヤクルトスワローズ,右投右打,1987年7月27日,アリゾナ大 - インディアンス - オリオールズ - レイズ - ブルワーズ,,NA
23525134,Ｄ．グリーン,ディーン・グリーン　(DEAN GREEN),東京ヤクルトスワローズ,右投左打,1989年6月30日,バリー大 - 米マイナー,,NA
01705134,古賀　優大,こが・ゆうだい,東京ヤクルトスワローズ,右投右打,1998年8月7日,明徳義塾高,2016年ドラフト5位,捕手
81285134,寺島　成輝,てらしま・なるき,東京ヤクルトスワローズ,左投左打,1998年7月30日,履正社高,2016年ドラフト1位,NA
71475134,中尾　輝,なかお・ひかる,東京ヤクルトスワローズ,左投左打,1994年9月14日,杜若高 - 名古屋経済大,2016年ドラフト4位,NA
43745134,Ｄ．ブキャナン,デービッド・ブキャナン　(DAVID BUCHANAN),東京ヤクルトスワローズ,右投右打,1989年5月11日,ジョージア州大 - フィリーズ,,NA
11815134,星　知弥,ほし・ともや,東京ヤクルトスワローズ,右投右打,1994年4月15日,宇都宮工 - 明治大,2016年ドラフト2位,投手
03005134,Ｃ．リベロ,カルロス・リベロ　(CARLOS RIVERO),東京ヤクルトスワローズ,右投右打,1988年5月20日,マリアレデスマ高 - レッドソックス,,NA
03905136,Ｊ．ウルキデス,ジェイソン・ウルキデス　(JASON URQUIDEZ),東京ヤクルトスワローズ,右投右打,1982年9月12日,アリゾナ州大 - 米マイナー,,NA
01305136,大下　佑馬,おおした・ゆうま,東京ヤクルトスワローズ,右投左打,1992年7月6日,崇徳高 - 亜細亜大 - 三菱重工広島,2017年ドラフト2位,NA
51555136,金久保　優斗,かなくぼ・ゆうと,東京ヤクルトスワローズ,右投左打,1999年11月4日,東海大市原望洋高,2017年ドラフト5位,NA
13515136,Ｍ．カラシティー,マット・カラシティー　(MATT CARASITI),東京ヤクルトスワローズ,右投右打,1991年7月23日,セントジョンズ大 - ロッキーズ,,NA
11715136,蔵本　治孝,くらもと・はるたか,東京ヤクルトスワローズ,右投右打,1995年5月16日,神戸国際大付高 - 岡山商科大,2017年ドラフト3位,NA
71975136,塩見　泰隆,しおみ・やすたか,東京ヤクルトスワローズ,右投右打,1993年6月12日,武相高 - 帝京大 - JX-ENEOS,2017年ドラフト4位,外野手
41045135,田代　将太郎,たしろ・しょうたろう,東京ヤクルトスワローズ,左投左打,1989年12月13日,東海大四高 - 八戸大,2011年ドラフト5位,NA
21425136,沼田　拓巳,ぬまた・たくみ,東京ヤクルトスワローズ,右投右打,1994年3月4日,大垣日大高 - 名古屋産業大中退 - エディオン愛工大OBブリッツ - 米マイナー - BC・群馬 - BC・石川,2017年ドラフト8位,NA
83585136,Ｄ．ハフ,デーブ・ハフ　(DAVE HUFF),東京ヤクルトスワローズ,左投両打,1984年8月22日,カリフォルニア大ロサンゼルス校 - インディアンス - ヤンキース - ジャイアンツ - ヤンキース - ドジャース - エンゼルス - 韓国・LG,,NA
51855136,松本　直樹,まつもと・なおき,東京ヤクルトスワローズ,右投右打,1993年10月17日,丸亀高 - 立教大 - 西濃運輸,2017年ドラフト7位,捕手
01805136,宮本　丈,みやもと・たけし,東京ヤクルトスワローズ,右投左打,1995年4月3日,履正社高 - 奈良学園大,2017年ドラフト6位,内野手
41845136,村上　宗隆,むらかみ・むねたか,東京ヤクルトスワローズ,右投左打,2000年2月2日,九州学院高,2017年ドラフト1位,NA
21125138,市川　悠太,いちかわ・ゆうた,東京ヤクルトスワローズ,右投右打,2001年3月29日,明徳義塾高,2018年ドラフト3位,NA
71775138,久保　拓眞,くぼ・たくま,東京ヤクルトスワローズ,左投左打,1996年7月27日,自由ケ丘高 - 九州共立大,2018年ドラフト7位,NA
41745138,坂本　光士郎,さかもと・こうしろう,千葉ロッテマリーンズ,左投左打,1994年9月9日,如水館高 - 日本文理大 - 新日鉄住金広畑,2018年ドラフト5位,投手
51955138,清水　昇,しみず・のぼる,東京ヤクルトスワローズ,右投左打,1996年10月15日,帝京高 - 国学院大,2018年ドラフト1位,投手
83185138,Ａ．スアレス,アルバート・スアレス　(ALBERT SUAREZ),東京ヤクルトスワローズ,右投右打,1989年10月8日,ヘススデナザレ高 - ジャイアンツ,,NA
21225138,中山　翔太,なかやま・しょうた,東京ヤクルトスワローズ,右投右打,1996年9月22日,履正社高 - 法政大,2018年ドラフト2位,NA
91495138,濱田　太貴,はまだ・たいき,阪神タイガース,右投右打,2000年9月4日,明豊高,2018年ドラフト4位,外野手
61665138,松本　友,まつもと・ゆう,東京ヤクルトスワローズ,右投左打,1995年2月5日,東福岡高 - 明治学院大 - BC・福井,2018年育成選手ドラフト2位,NA
43345138,Ｓ．マクガフ,スコット・マクガフ　(SCOTT McGOUGH),東京ヤクルトスワローズ,右投右打,1989年10月31日,オレゴン大 - マーリンズ,,NA
33135138,吉田　大成,よしだ・たいせい,東京ヤクルトスワローズ,右投左打,1995年3月7日,佼成学園高 - 明治大 - 明治安田生命,2018年ドラフト8位,NA
83185151,Ｇ．イノーア,ガブリエル・イノーア　(GABRIEL YNOA),東京ヤクルトスワローズ,右投右打,1993年5月26日,リセオドンペペアルバレズ高 - メッツ - オリオールズ,,NA
33335151,Ａ．エスコバー,アルシデス・エスコバー　(ALCIDES ESCOBAR),東京ヤクルトスワローズ,右投右打,1986年12月16日,カルアオ高 - ブルワーズ - ロイヤルズ,,NA
41545151,大西　広樹,おおにし・ひろき,東京ヤクルトスワローズ,右投右打,1997年11月8日,大商大高 - 大阪商業大,2019年ドラフト4位,投手
31735151,奥川　恭伸,おくがわ・やすのぶ,東京ヤクルトスワローズ,右投右打,2001年4月16日,星稜高,2019年ドラフト1位,投手
23325151,Ｍ．クック,マット・クック　(MATT KOCH),東京ヤクルトスワローズ,右投左打,1990年11月2日,ルイビル大 - ダイヤモンドバックス,,NA
41045151,杉山　晃基,すぎやま・こうき,東京ヤクルトスワローズ,右投左打,1997年6月25日,盛岡大付高 - 創価大,2019年ドラフト3位,NA
71275151,武岡　龍世,たけおか・りゅうせい,東京ヤクルトスワローズ,右投左打,2001年5月28日,八戸学院光星高,2019年ドラフト6位,内野手
51455151,長岡　秀樹,ながおか・ひでき,東京ヤクルトスワローズ,右投左打,2001年9月26日,八千代松陰高,2019年ドラフト5位,内野手
43145151,吉田　大喜,よしだ・だいき,東京ヤクルトスワローズ,右投右打,1997年7月27日,大冠高 - 日本体育大,2019年ドラフト2位,NA
31133885,石井　一久,いしい・かずひさ,埼玉西武ライオンズ,左投左打,1973年9月9日,東京学館浦安高,1991年ドラフト1位,NA
11315114,岩﨑　哲也,いわさき・てつや,埼玉西武ライオンズ,右投右打,1982年10月13日,行田工 - 国士舘大 - 三菱重工横浜硬式野球クラブ,2006年大学生・社会人ドラフト5巡目,NA
61165131,石川　貢,いしかわ・みつぐ,埼玉西武ライオンズ,右投左打,1991年6月16日,東邦高,2009年ドラフト4位,NA
71375131,岩尾　利弘,いわお・としひろ,埼玉西武ライオンズ,右投左打,1987年7月20日,津久見高 - 別府大,2009年ドラフト3位,NA
71375117,上本　達之,うえもと・たつゆき,埼玉西武ライオンズ,右投左打,1980年11月8日,宇部商 - 協和発酵,2002年ドラフト6巡目,NA
41145110,上原　厚治郎,うえはら・こうじろう,埼玉西武ライオンズ,右投右打,1983年6月12日,興南高 - 沖縄電力,2004年ドラフト5巡目,NA
91395116,梅田　尚通,うめだ・なおみち,埼玉西武ライオンズ,右投左打,1989年6月28日,鯖江高,2007年高校生ドラフト5巡目,NA
81185111,大島　裕行,おおしま・ひろゆき,埼玉西武ライオンズ,左投左打,1981年6月15日,埼玉栄高,1999年ドラフト3位,NA
61365113,大沼　幸二,おおぬま・こうじ,横浜DeNAベイスターズ,右投右打,1979年7月3日,尽誠学園高 - プリンスホテル,2000年ドラフト1位,NA
31535117,長田　秀一郎,おさだ・しゅういちろう,横浜DeNAベイスターズ,右投右打,1980年5月6日,鎌倉学園高 - 慶応大,2002年ドラフト自由枠,NA
51355119,岡本　篤志,おかもと・あつし,埼玉西武ライオンズ,右投右打,1981年5月20日,三重・海星高 - 明治大,2003年ドラフト6巡目,NA
11515114,大﨑　雄太朗,おおさき・ゆうたろう,埼玉西武ライオンズ,右投左打,1984年10月18日,常総学院高 - 青山学院大,2006年大学生・社会人ドラフト6巡目,NA
41745114,木村　文紀,きむら・ふみかず,北海道日本ハムファイターズ,右投右打,1988年9月13日,埼玉栄高,2006年高校生ドラフト1巡目,NA
51553865,工藤　公康,くどう・きみやす,埼玉西武ライオンズ,左投左打,1963年5月5日,名古屋電気高,1981年ドラフト6位,NA
51755115,栗山　巧,くりやま・たくみ,埼玉西武ライオンズ,右投左打,1983年9月3日,育英高,2001年ドラフト4巡目,外野手
03105112,Ａ．グラマン,アレックス・グラマン　(ALEX GRAMAN),埼玉西武ライオンズ,左投左打,1977年11月17日,インディアナ州大 - ヤンキース,,NA
11915117,Ｇ　後藤　武敏,ごめす・ごとう・たけとし（ごとう・たけとし）,横浜DeNAベイスターズ,右投右打,1980年6月5日,横浜高 - 法政大,2002年ドラフト自由枠,NA
61765113,佐藤　友亮,さとう・ともあき,埼玉西武ライオンズ,右投右打,1978年6月13日,慶応高 - 慶応大,2000年ドラフト4位,NA
21725116,斉藤　彰吾,さいとう・しょうご,埼玉西武ライオンズ,左投左打,1989年5月14日,春日部共栄高,2007年高校生ドラフト7巡目,NA
01705118,坂田　遼,さかた・りょう,埼玉西武ライオンズ,右投左打,1986年10月2日,横浜創学館高 - 函館大,2008年ドラフト4位,NA
83385113,Ｂ．シコースキー,ブライアン・シコースキー　(BRIAN SIKORSKI),埼玉西武ライオンズ,右投右打,1974年7月27日,ウエスタンミシガン大 - レンジャーズ,,NA
01903884,谷中　真二,たになか・しんじ,埼玉西武ライオンズ,右投右打,1973年5月15日,泉州高 - 小西酒造,1996年ドラフト3位,NA
41945116,武隈　祥太,たけくま・しょうた,埼玉西武ライオンズ,左投左打,1989年11月24日,旭川工,2007年高校生ドラフト4巡目,NA
41945118,岳野　竜也,たけの・たつや,埼玉西武ライオンズ,右投右打,1986年5月14日,九州産大九州産高 - 福岡大,2008年ドラフト5位,NA
51053886,土肥　義弘,どい・よしひろ,埼玉西武ライオンズ,左投左打,1976年9月1日,春日部共栄高 - プリンスホテル,1997年ドラフト4位,NA
81085115,中村　剛也,なかむら・たけや,埼玉西武ライオンズ,右投右打,1983年8月15日,大阪桐蔭高,2001年ドラフト2巡目,内野手
81085116,中田　祥多,なかた・しょうた,埼玉西武ライオンズ,右投右打,1990年2月22日,鳴門工,2007年高校生ドラフト6巡目,NA
61065118,中﨑　雄太,なかざき・ゆうた,埼玉西武ライオンズ,左投左打,1991年3月11日,日南学園高,2008年ドラフト1位,NA
51953880,西口　文也,にしぐち・ふみや,埼玉西武ライオンズ,右投右打,1972年9月26日,県立和歌山商 - 立正大,1994年ドラフト3位,NA
11215113,野田　浩輔,のだ・こうすけ,埼玉西武ライオンズ,右投右打,1977年12月4日,八代東高 - 新日鉄君津,2000年ドラフト6位,NA
91993889,平尾　博嗣,ひらお・ひろし,埼玉西武ライオンズ,右投右打,1975年12月31日,大宮東高,1993年ドラフト2位,NA
81285116,平野　将光,ひらの・まさみつ,埼玉西武ライオンズ,右投右打,1983年6月28日,浦和実 - 平成国際大 - JR東日本東北,2007年大学生・社会人ドラフト1巡目,NA
51455116,藤原　良平,ふじわら・りょうへい,埼玉西武ライオンズ,右投右打,1986年2月15日,鳥取城北高 - 第一工業大,2007年大学生・社会人ドラフト3巡目,NA
81885131,Ｄ．ブラウン,ディー・ブラウン　(DEE BROWN),埼玉西武ライオンズ,右投左打,1978年3月27日,マルボロセントラル高 - ロイヤルズ - アスレチックス,,NA
81285110,星　秀和,ほし・ひでかず,埼玉西武ライオンズ,右投左打,1986年11月10日,前橋工,2004年ドラフト5巡目,NA
71675112,松永　浩典,まつなが・ひろのり,埼玉西武ライオンズ,左投左打,1984年2月24日,長崎・海星高 - 三菱重工長崎,2005年大学生・社会人ドラフト希望枠,NA
01405131,松下　建太,まつした・けんた,埼玉西武ライオンズ,右投右打,1987年8月17日,明徳義塾高 - 早稲田大,2009年ドラフト5位,NA
71675118,宮田　和希,みやた・かずき,埼玉西武ライオンズ,左投左打,1988年11月16日,福泉高 - 甲賀健康医療専門学校,2008年ドラフト6位,NA
21425131,美沢　将,みさわ・まさる,埼玉西武ライオンズ,右投右打,1988年3月3日,喜界高 - 第一工業大,2009年ドラフト2位,NA
01205119,山崎　敏,やまざき・さとし,埼玉西武ライオンズ,左投左打,1981年4月8日,勢多農林高 - 平成国際大,2003年ドラフト自由枠,NA
71875114,山本　淳,やまもと・じゅん,埼玉西武ライオンズ,右投右打,1982年4月16日,東海大相模高 - 国際武道大 - TDK千曲川,2006年大学生・社会人ドラフト3巡目,NA
51755131,菊池　雄星,きくち・ゆうせい,埼玉西武ライオンズ,左投左打,1991年6月17日,花巻東高,2009年ドラフト1位,NA
61865112,吉見　太一,よしみ・たいち,埼玉西武ライオンズ,右投右打,1980年7月23日,京都成章高 - 立命館大 - サンワード貿易,2005年大学生・社会人ドラフト3巡目,NA
31135133,秋山　翔吾,あきやま・しょうご,広島東洋カープ,右投左打,1988年4月16日,横浜創学館高 - 八戸大,2010年ドラフト3位,外野手
81385133,大石　達也,おおいし・たつや,埼玉西武ライオンズ,右投左打,1988年10月10日,福岡大大濠高 - 早稲田大,2010年ドラフト1位,NA
21725133,熊代　聖人,くましろ・まさと,埼玉西武ライオンズ,右投右打,1989年4月18日,今治西高 - 日産自動車 - 王子製紙,2010年ドラフト6位,NA
41745113,坂元　弥太郎,さかもと・やたろう,埼玉西武ライオンズ,右投右打,1982年5月24日,浦和学院高,2000年ドラフト4位,NA
61265133,林﨑　遼,はやしざき・りょう,埼玉西武ライオンズ,右投右打,1988年6月12日,東洋大姫路高 - 東洋大,2010年ドラフト5位,NA
43745133,Ｒ．マルハーン,ライアン・マルハーン　(RYAN MULHERN),埼玉西武ライオンズ,右投右打,1980年11月29日,サウスアラバマ大 - 米マイナー,,NA
81885135,Ｒ．ウィリアムス,ランディ・ウィリアムス　(RANDY WILLIAMS),埼玉西武ライオンズ,左投左打,1975年9月18日,ラマー大 - マリナーズ - パドレス - ロッキーズ - ホワイトソックス - レッドソックス,,NA
13115135,Ｃ．カーター,クリス・カーター　(CHRIS CARTER),埼玉西武ライオンズ,左投左打,1982年9月16日,スタンフォード大 - レッドソックス - メッツ,,NA
71775135,小石　博孝,こいし・ひろたか,埼玉西武ライオンズ,左投左打,1987年4月13日,鶴崎工 - 立正大 - NTT東日本,2011年ドラフト2位,NA
01705135,駒月　仁人,こまづき・ひとと,埼玉西武ライオンズ,右投右打,1993年4月21日,塔南高,2011年ドラフト3位,NA
33135135,Ｅ．ゴンザレス,エンリケ・ゴンザレス　(ENRIQUE GONZALEZ),埼玉西武ライオンズ,右投右打,1982年7月14日,オネバットアドカテバ高 - ダイヤモンドバックス - パドレス - レッドソックス - タイガース,,NA
91295135,十亀　剣,とがめ・けん,埼玉西武ライオンズ,右投右打,1987年11月7日,愛工大名電高 - 日本大 - JR東日本,2011年ドラフト1位,NA
11415135,永江　恭平,ながえ・きょうへい,埼玉西武ライオンズ,右投左打,1993年5月7日,長崎・海星高,2011年ドラフト4位,NA
43145137,相内　誠,あいうち・まこと,埼玉西武ライオンズ,右投右打,1994年7月23日,千葉国際高,2012年ドラフト2位,NA
01505137,金子　侑司,かねこ・ゆうじ,埼玉西武ライオンズ,右投両打,1990年4月24日,立命館宇治高 - 立命館大,2012年ドラフト3位,NA
31735137,佐藤　勇,さとう・いさむ,埼玉西武ライオンズ,左投左打,1994年9月18日,光南高,2012年ドラフト5位,NA
11815137,Ｒ．スピリー,ライアン・スピルボーグス　(RYAN SPILBORGHS),埼玉西武ライオンズ,右投右打,1979年9月5日,カリフォルニア大サンタバーバラ校 - ロッキーズ,,NA
31935137,髙橋　朋己,たかはし・ともみ,埼玉西武ライオンズ,左投左打,1988年11月16日,加藤学園高 - 岐阜聖徳学園大 - 西濃運輸,2012年ドラフト4位,NA
71275137,増田　達至,ますだ・たつし,埼玉西武ライオンズ,右投右打,1988年4月23日,柳学園高 - 福井工業大 - NTT西日本,2012年ドラフト1位,NA
61265137,水口　大地,みずぐち・だいち,埼玉西武ライオンズ,右投左打,1989年6月28日,大村工 - 四国・長崎 - 四国・香川,2012年育成選手ドラフト1位,NA
31535139,岡田　雅利,おかだ・まさとし,埼玉西武ライオンズ,右投右打,1989年6月30日,大阪桐蔭高 - 大阪ガス,2013年ドラフト6位,NA
61565139,金子　一輝,かねこ・かずき,埼玉西武ライオンズ,右投右打,1995年5月29日,日大藤沢高,2013年ドラフト4位,NA
31035139,豊田　拓矢,とよだ・たくや,埼玉西武ライオンズ,右投右打,1987年3月28日,浦和学院高 - 上武大 - TDK,2013年ドラフト3位,NA
71275139,福倉　健太郎,ふくくら・けんたろう,埼玉西武ライオンズ,右投右打,1991年8月3日,鹿屋中央高 - 第一工業大,2013年ドラフト7位,NA
93195139,Ｍ．ボウデン,マイケル・ボウデン　(MICHAEL BOWDEN),埼玉西武ライオンズ,右投右打,1986年9月9日,ワウボンシーバレー高 - レッドソックス - カブス,,NA
83385139,Ｅ．メヒア,エルネスト・メヒア　(ERNESTO MEJIA),埼玉西武ライオンズ,右投右打,1985年12月2日,サグラドコラソンデヘスス高 - 米マイナー,,NA
91495139,森　友哉,もり・ともや,オリックス・バファローズ,右投左打,1995年8月8日,大阪桐蔭高,2013年ドラフト1位,捕手
21425139,山川　穂高,やまかわ・ほたか,福岡ソフトバンクホークス,右投右打,1991年11月23日,中部商 - 富士大,2013年ドラフト2位,内野手
13315139,Ｃ．ランサム,コーディ・ランサム　(CODY RANSOM),埼玉西武ライオンズ,右投右打,1976年2月17日,グランドキャニオン大 - ジャイアンツ - アストロズ - ヤンキース - フィリーズ - ダイヤモンドバックス - ブルワーズ - ダイヤモンドバックス - パドレス - カブス,,NA
33335139,Ｇ．レイノルズ,グレッグ・レイノルズ　(GREG REYNOLDS),埼玉西武ライオンズ,右投右打,1985年7月3日,スタンフォード大 - ロッキーズ - レッズ,,NA
63165130,郭　俊麟,くぉ・じゅんりん,埼玉西武ライオンズ,右投右打,1992年2月2日,国立台湾体育運動大,,NA
01905130,佐野　泰雄,さの・やすお,埼玉西武ライオンズ,左投左打,1993年1月18日,和光高 - 平成国際大,2014年ドラフト2位,NA
93395130,Ａ．セラテリ,アンソニー・セラテリ　(ANTHONY SERATELLI),埼玉西武ライオンズ,右投両打,1983年2月27日,シートンホール大 - 米マイナー,,NA
71075130,髙橋　光成,たかはし・こうな,埼玉西武ライオンズ,右投右打,1997年2月3日,前橋育英高,2014年ドラフト1位,投手
01205130,戸川　大輔,とがわ・だいすけ,埼玉西武ライオンズ,右投左打,1996年4月29日,北海高,2014年育成選手ドラフト1位,NA
41245130,外崎　修汰,とのさき・しゅうた,埼玉西武ライオンズ,右投右打,1992年12月20日,弘前実 - 富士大,2014年ドラフト3位,内野手
63365130,Ｅ．バスケス,エスメルリング・バスケス　(ESMERLING VASQUEZ),埼玉西武ライオンズ,右投右打,1983年11月7日,レジーノカミロ高 - ダイヤモンドバックス - ツインズ - 台湾・義大,,NA
73575130,ミゲル・メヒア,ミゲル・メヒア　(MIGUEL MEJIA),埼玉西武ライオンズ,右投右打,1988年1月19日,ペンサコーラ短大 - 米マイナー - 台湾・兄弟 - 台湾・ラミゴ,,NA
13115130,山田　遥楓,やまだ・はるか,東北楽天ゴールデンイーグルス,右投右打,1996年9月30日,佐賀工,2014年ドラフト5位,NA
03505130,Ｗ．ルブラン,ウェイド・ルブラン　(WADE LeBLANC),埼玉西武ライオンズ,左投左打,1984年8月7日,アラバマ大 - パドレス - マーリンズ - アストロズ - エンゼルス - ヤンキース - エンゼルス,,NA
31535132,愛斗,あいと（たけだ・あいと）,千葉ロッテマリーンズ,右投右打,1997年4月6日,花咲徳栄高,2015年ドラフト4位,外野手
21325132,呉　念庭,うー・ねんてぃん,埼玉西武ライオンズ,右投左打,1993年6月7日,岡山県共生高 - 第一工業大,2015年ドラフト7位,NA
81585132,川越　誠司,かわごえ・せいじ,中日ドラゴンズ,左投左打,1993年6月30日,北海高 - 北海学園大,2015年ドラフト2位,外野手
91795132,國場　翼,こくば・つばさ,埼玉西武ライオンズ,右投左打,1993年12月5日,具志川高 - 第一工業大,2015年ドラフト8位,NA
83385132,Ｃ．Ｃ．リー,しーしーりー（りー・ちぇんちゃん）,埼玉西武ライオンズ,右投右打,1986年10月21日,屏東高 - 台北市立体育学院 - インディアンス,,NA
51255132,多和田　真三郎,たわた・しんさぶろう,埼玉西武ライオンズ,右投右打,1993年4月13日,中部商 - 富士大,2015年ドラフト1位,NA
41445132,野田　昇吾,のだ・しょうご,埼玉西武ライオンズ,左投左打,1993年6月27日,鹿児島実 - 西濃運輸,2015年ドラフト3位,NA
83585132,Ａ．バンヘッケン,アンディ・バンヘッケン　(ANDY VAN HEKKEN),埼玉西武ライオンズ,左投右打,1979年7月31日,ホランド高 - タイガース - 台湾・誠泰 - 韓国・ネクセン,,NA
31835132,本田　圭佑,ほんだ・けいすけ,オリックス・バファローズ,右投右打,1993年4月24日,東北学院高 - 東北学院大,2015年ドラフト6位,NA
73075132,Ｆ．ポーリーノ,フェリペ・ポーリーノ　(FELIPE PAULINO),埼玉西武ライオンズ,右投右打,1983年10月5日,ビセンテサリアス高 - アストロズ - ロッキーズ - ロイヤルズ - ホワイトソックス,,NA
91895132,松本　直晃,まつもと・なおあき,埼玉西武ライオンズ,右投右打,1990年11月14日,東海大翔洋高 - 環太平洋大 - 養和会 - 四国・香川,2015年ドラフト10位,NA
21825132,南川　忠亮,みなみかわ・ただすけ,埼玉西武ライオンズ,右投右打,1992年1月13日,高松工芸高 - JR四国,2015年ドラフト5位,NA
31335134,今井　達也,いまい・たつや,埼玉西武ライオンズ,右投右打,1998年5月9日,作新学院高,2016年ドラフト1位,NA
33535134,Ｆ．ガルセス,フランク・ガルセス　(FRANK GARCES),埼玉西武ライオンズ,左投左打,1990年1月17日,エスクエラベイシカサイナグア高 - パドレス,,NA
53555134,Ａ．キャンデラリオ,アレクシス・キャンデラリオ　(ALEXIS CANDELARIO),埼玉西武ライオンズ,右投右打,1982年5月28日,サンタクララ高 - メキシカンリーグ,,NA
71775134,源田　壮亮,げんだ・そうすけ,埼玉西武ライオンズ,右投左打,1993年2月16日,大分商 - 愛知学院大 - トヨタ自動車,2016年ドラフト3位,内野手
13715134,Ｂ．シュリッター,ブライアン・シュリッター　(BRIAN SCHLITTER),埼玉西武ライオンズ,右投右打,1985年12月21日,チャールストンカレッジ - カブス,,NA
31035134,鈴木　将平,すずき・しょうへい,埼玉西武ライオンズ,左投左打,1998年5月20日,静岡高,2016年ドラフト4位,NA
01205134,田村　伊知郎,たむら・いちろう,埼玉西武ライオンズ,右投左打,1994年9月19日,報徳学園高 - 立教大,2016年ドラフト6位,NA
01405134,中塚　駿太,なかつか・しゅんた,埼玉西武ライオンズ,右投右打,1994年12月26日,つくば秀英高 - 白鴎大,2016年ドラフト2位,NA
91695134,平井　克典,ひらい・かつのり,埼玉西武ライオンズ,右投右打,1991年12月20日,飛龍高 - 愛知産業大 - ホンダ鈴鹿,2016年ドラフト5位,NA
73075134,Ｓ．ファイフ,スティーブン・ファイフ　(STEPHEN FIFE),埼玉西武ライオンズ,右投右打,1986年10月4日,ユタ大 - ドジャース,,NA
11315136,伊藤　翔,いとう・しょう,埼玉西武ライオンズ,右投右打,1999年2月10日,横芝敬愛高 - 四国・徳島,2017年ドラフト3位,NA
83385136,Ｆ．カスティーヨ,ファビオ・カスティーヨ　(FABIO CASTILLO),埼玉西武ライオンズ,右投右打,1989年2月19日,エクスエラベイシカメルセデスラウラアギアール高 - ドジャース,,NA
41745136,齊藤　大将,さいとう・ひろまさ,福岡ソフトバンクホークス,左投左打,1995年6月3日,桐蔭学園高 - 明治大,2017年ドラフト1位,NA
61765136,齊藤　誠人,さいとう・まさと,埼玉西武ライオンズ,右投左打,1995年8月7日,札幌光星高 - 北海道教育大岩見沢校,2017年育成選手ドラフト2位,NA
31035136,平良　海馬,たいら・かいま,埼玉西武ライオンズ,右投左打,1999年11月15日,八重山商工,2017年ドラフト4位,投手
71075136,高木　渉,たかぎ・わたる,埼玉西武ライオンズ,右投左打,1999年12月6日,真颯館高,2017年育成選手ドラフト1位,NA
51255136,綱島　龍生,つなしま・りゅうせい,埼玉西武ライオンズ,右投左打,2000年1月21日,糸魚川白嶺高,2017年ドラフト6位,NA
51455136,西川　愛也,にしかわ・まなや,埼玉西武ライオンズ,右投左打,1999年6月10日,花咲徳栄高,2017年ドラフト2位,外野手
13015136,Ｋ．マーティン,カイル・マーティン　(KYLE MARTIN),埼玉西武ライオンズ,右投右打,1991年1月18日,テキサスA&M大 - レッドソックス,,NA
63165136,與座　海人,よざ・かいと,埼玉西武ライオンズ,右投右打,1995年9月15日,沖縄尚学高 - 岐阜経済大,2017年ドラフト5位,投手
63765136,Ｎ．ワグナー,ニール・ワグナー　(NEIL WAGNER),埼玉西武ライオンズ,右投右打,1984年1月1日,ノースダコタ州大 - アスレチックス - ブルージェイズ,,NA
71175138,粟津　凱士,あわつ・かいと,埼玉西武ライオンズ,右投右打,1997年3月1日,山本学園高 - 東日本国際大,2018年ドラフト4位,NA
81785138,佐藤　龍世,さとう・りゅうせい,中日ドラゴンズ,右投右打,1997年1月15日,北海高 - 富士大,2018年ドラフト7位,NA
71275138,中熊　大智,なかぐま・だいち,埼玉西武ライオンズ,右投左打,1996年8月27日,九州学院高 - 徳山大,2018年育成選手ドラフト3位,NA
13315138,Ｚ．ニール,ザック・ニール　(ZACH NEAL),埼玉西武ライオンズ,右投右打,1988年11月9日,サムヒューストン州大 - ハワード大 - オクラホマ大 - アスレチックス - ドジャース,,NA
71675138,牧野　翔矢,まきの・しょうや,埼玉西武ライオンズ,右投左打,2001年3月4日,遊学館高,2018年ドラフト5位,捕手
81685138,松本　航,まつもと・わたる,埼玉西武ライオンズ,右投右打,1996年11月28日,明石商 - 日本体育大,2018年ドラフト1位,投手
71875138,森脇　亮介,もりわき・りょうすけ,埼玉西武ライオンズ,右投右打,1992年7月13日,塔南高 - 日本大 - セガサミー,2018年ドラフト6位,投手
21825138,山野辺　翔,やまのべ・かける,東京ヤクルトスワローズ,右投右打,1994年5月24日,桐蔭学園高 - 桜美林大 - 三菱自動車岡崎,2018年ドラフト3位,内野手
53155138,渡邉　勇太朗,わたなべ・ゆうたろう,埼玉西武ライオンズ,右投右打,2000年9月21日,浦和学院高,2018年ドラフト2位,投手
71375151,井上　広輝,いのうえ・ひろき,埼玉西武ライオンズ,右投右打,2001年7月17日,日大三高,2019年ドラフト6位,NA
21325151,上間　永遠,うえま・とわ,埼玉西武ライオンズ,右投右打,2001年1月31日,柳ヶ浦高 - 四国・徳島,2019年ドラフト7位,投手
11915151,川野　涼太,かわの・りょうた,埼玉西武ライオンズ,右投両打,2001年6月28日,九州学院高,2019年ドラフト4位,NA
51955151,岸　潤一郎,きし・じゅんいちろう,埼玉西武ライオンズ,右投右打,1996年12月8日,明徳義塾高 - 四国・徳島,2019年ドラフト8位,外野手
03305151,Ｒ．ギャレット,リード・ギャレット　(REED GARRETT),埼玉西武ライオンズ,右投右打,1993年1月2日,ミルズエドウィンゴッドウィン高 - バージニア州軍事学校 - タイガース,,NA
23525151,Ｃ．スパンジェンバーグ,コーリー・スパンジェンバーグ　(CORY SPANGENBERG),埼玉西武ライオンズ,右投左打,1991年3月16日,インディアンリバーコミュニティ大 - パドレス - ブルワーズ,,NA
61265151,柘植　世那,つげ・せな,埼玉西武ライオンズ,右投右打,1997年6月3日,高崎健康福祉大高崎高 - ホンダ鈴鹿,2019年ドラフト5位,捕手
13715151,Ｓ．ノリン,ショーン・ノリン　(SEAN NOLIN),埼玉西武ライオンズ,左投左打,1989年12月26日,サンジャシント大 - ブルージェイズ - アスレチックス,,NA
61465151,浜屋　将太,はまや・しょうた,埼玉西武ライオンズ,左投左打,1999年1月26日,樟南高 - 三菱日立パワーシステムズ,2019年ドラフト2位,投手
61665151,松岡　洸希,まつおか・こうき,北海道日本ハムファイターズ,右投右打,2000年8月31日,桶川西高 - BC・武蔵,2019年ドラフト3位,投手
51855151,宮川　哲,みやがわ・てつ,東京ヤクルトスワローズ,右投右打,1995年10月10日,東海大山形高 - 上武大 - 東芝,2019年ドラフト1位,NA
91195110,石川　雄洋,いしかわ・たけひろ,横浜DeNAベイスターズ,右投左打,1986年7月10日,横浜高,2004年ドラフト6巡目,NA
41145119,牛田　成樹,うしだ・しげき,横浜DeNAベイスターズ,右投右打,1981年12月6日,徳島商 - 明治大,2003年ドラフト4巡目,NA
81183889,大家　友和,おおか・ともかず,横浜ベイスターズ,右投両打,1976年3月18日,京都成章高,1993年ドラフト3位,NA
91393888,小山田　保裕,おやまだ・やすひろ,横浜ベイスターズ,右投右打,1976年7月27日,土浦日大高 - 城西大,1998年ドラフト5位,NA
61565114,梶谷　隆幸,かじたに・たかゆき,読売ジャイアンツ,右投左打,1988年8月28日,開星高,2006年高校生ドラフト3巡目,NA
21525131,加賀　繁,かが・しげる,横浜DeNAベイスターズ,右投右打,1985年4月13日,埼玉平成高 - 上武大 - 住友金属鹿島,2009年ドラフト2位,NA
61365111,木塚　敦志,きづか・あつし,横浜ベイスターズ,右投右打,1977年7月19日,浦和学院高 - 明治大,1999年ドラフト2位,NA
91795117,北川　隼行,きたがわ・としゆき,横浜ベイスターズ,右投左打,1979年1月8日,大阪桐蔭高 - 法政大 - 川崎製鉄水島,2002年ドラフト6巡目,NA
81585110,桑原　義行,くわはら・よしゆき,横浜ベイスターズ,右投右打,1982年6月15日,日大豊山高 - 日本大,2004年ドラフト8巡目,NA
01705131,国吉　佑樹,くによし・ゆうき,千葉ロッテマリーンズ,右投右打,1991年9月24日,秀岳館高,2009年育成選手ドラフト1位,NA
01705116,小林　太志,こばやし・ふとし,横浜DeNAベイスターズ,右投右打,1983年5月11日,富岡高 - 立教大 - JR東日本,2007年大学生・社会人ドラフト1巡目,NA
11715118,小杉　陽太,こすぎ・ようた,横浜DeNAベイスターズ,右投右打,1985年12月8日,二松学舎大付高 - 亜細亜大中退 - JR東日本,2008年ドラフト5位,NA
21523886,篠原　貴行,しのはら・たかゆき,横浜DeNAベイスターズ,左投左打,1976年9月7日,沖学園高 - 三菱重工長崎,1997年ドラフト2位,NA
41545111,清水　直行,しみず・なおゆき,横浜DeNAベイスターズ,右投右打,1975年11月24日,報徳学園高 - 日本大 - 東芝府中 - 東芝,1999年ドラフト2位,NA
61965114,下窪　陽介,しもくぼ・ようすけ,横浜ベイスターズ,右投右打,1979年1月21日,鹿児島実 - 日本大 - 日本通運,2006年大学生・社会人ドラフト5巡目,NA
81985114,下園　辰哉,しもぞの・たつや,横浜DeNAベイスターズ,左投左打,1984年11月22日,宮崎日大高 - 九州国際大,2006年大学生・社会人ドラフト4巡目,NA
81785119,杉原　洋,すぎはら・よう,横浜ベイスターズ,右投左打,1985年5月31日,開星高,2003年ドラフト3巡目,NA
01005114,高崎　健太郎,たかさき・けんたろう,横浜DeNAベイスターズ,右投右打,1985年6月24日,熊本・鎮西高 - 日産自動車,2006年大学生・社会人ドラフト希望枠,NA
21025114,高森　勇旗,たかもり・ゆうき,横浜DeNAベイスターズ,右投左打,1988年5月18日,岐阜・中京高,2006年高校生ドラフト4巡目,NA
11015116,田中　健二朗,たなか・けんじろう,横浜DeNAベイスターズ,左投左打,1989年9月18日,常葉菊川高,2007年高校生ドラフト1巡目,NA
41945131,筒香　嘉智,つつごう・よしとも,横浜DeNAベイスターズ,右投左打,1991年11月26日,横浜高,2009年ドラフト1位,内野手
81085112,内藤　雄太,ないとう・ゆうた,横浜DeNAベイスターズ,右投左打,1983年11月29日,横浜商工 - 八戸大,2005年大学生・社会人ドラフト3巡目,NA
41043886,新沼　慎二,にいぬま・しんじ,横浜DeNAベイスターズ,右投右打,1979年6月22日,仙台育英高,1997年ドラフト2位,NA
91293881,野口　寿浩,のぐち・としひろ,横浜ベイスターズ,右投右打,1971年6月24日,習志野高,1989年ドラフト外,NA
91993880,橋本　将,はしもと・たすく,横浜ベイスターズ,右投左打,1976年5月1日,宇和島東高,1994年ドラフト3位,NA
71275115,秦　裕二,はた・ゆうじ,横浜ベイスターズ,右投右打,1983年6月3日,智弁学園高,2001年ドラフト1巡目,NA
91295115,早川　大輔,はやかわ・だいすけ,横浜ベイスターズ,右投両打,1975年6月3日,県立船橋高 - 立教大 - 本田技研,2001年ドラフト5巡目,NA
31235131,福田　岳洋,ふくだ・たけひろ,横浜DeNAベイスターズ,右投右打,1983年4月9日,大谷高 - 高知大 - リッツベースボールクラブ - 四国・香川,2009年ドラフト5位,NA
41845131,Ｃ．ブーチェック,クリス・ブーチェック　(CHRIS BOOTCHECK),横浜ベイスターズ,右投右打,1978年10月24日,オーバーン大 - エンゼルス - パイレーツ,,NA
91495116,松山　傑,まつやま・すぐる,横浜ベイスターズ,右投右打,1989年9月8日,横浜商大高,2007年高校生ドラフト5巡目,NA
51655118,松本　啓二朗,まつもと・けいじろう,横浜DeNAベイスターズ,左投左打,1986年6月24日,千葉経大付高 - 早稲田大,2008年ドラフト1位,NA
91495131,眞下　貴之,まっか・たかゆき,横浜DeNAベイスターズ,左投左打,1991年4月19日,東海大望洋高,2009年ドラフト4位,NA
41443885,三浦　大輔,みうら・だいすけ,横浜DeNAベイスターズ,右投右打,1973年12月25日,高田商,1991年ドラフト6位,NA
21223888,森笠　繁,もりかさ・しげる,横浜ベイスターズ,右投左打,1976年10月4日,国学院久我山高 - 関東学院大,1998年ドラフト4位,NA
61865114,吉原　道臣,よしはら・みちおみ,横浜ベイスターズ,右投右打,1981年10月29日,日大豊山高 - 日本大 - ホンダ,2006年大学生・社会人ドラフト6巡目,NA
23525118,Ｓ．ランドルフ,スティーブン・ランドルフ　(STEPHEN RANDOLPH),横浜ベイスターズ,左投左打,1974年5月1日,テキサス大 - ダイヤモンドバックス - アストロズ,,NA
43145131,王　溢正,わん・いいぜん,横浜DeNAベイスターズ,左投左打,1985年10月9日,中国文化大 - 台湾・ラニュー,,NA
01105133,荒波　翔,あらなみ・しょう,横浜DeNAベイスターズ,右投左打,1986年1月25日,横浜高 - 東海大 - トヨタ自動車,2010年ドラフト3位,NA
31535133,大原　淳也,おおはら・じゅんや,横浜DeNAベイスターズ,右投右打,1984年6月26日,佐賀学園高 - 九州共立大 - ヒタチエクスプレス - アークバリアドリームクラブ - 四国・香川,2010年ドラフト7位,NA
51555133,大原　慎司,おおはら・しんじ,横浜DeNAベイスターズ,左投左打,1985年6月30日,明秀学園日立高 - 常磐大 - TDK,2010年ドラフト5位,NA
01505133,加賀美　希昇,かがみ・きしょう,横浜DeNAベイスターズ,右投右打,1988年9月5日,桐蔭学園高 - 法政大,2010年ドラフト2位,NA
31935133,小林　寛,こばやし・ひろし,横浜DeNAベイスターズ,右投右打,1989年1月21日,江の川高 - 大阪学院大,2010年ドラフト4位,NA
53755133,Ｌ．ゴンザレス,ルイス・ゴンザレス　(LUIS GONZALEZ),横浜ベイスターズ,左投左打,1983年2月27日,フロリダエアーアカデミー高 - 米マイナー,,NA
71075133,須田　幸太,すだ・こうた,横浜DeNAベイスターズ,右投右打,1986年7月31日,土浦湖北高 - 早稲田大 - JFE東日本,2010年ドラフト1位,NA
81085133,靍岡　賢二郎,つるおか・けんじろう,横浜DeNAベイスターズ,右投右打,1987年7月7日,春日部共栄高 - 日本体育大 - 四国・愛媛,2010年ドラフト8位,NA
63165133,Ｃ．ハミルトン,クレイトン・ハミルトン　(CLAYTON HAMILTON),横浜DeNAベイスターズ,右投右打,1982年6月15日,ペンシルバニア州大 - 米マイナー,,NA
33535133,Ｂ．リーチ,ブレント・リーチ　(BRENT LEACH),横浜ベイスターズ,左投右打,1982年11月18日,デルタ州大 - ドジャース,,NA
61165135,伊藤　拓郎,いとう・たくろう,横浜DeNAベイスターズ,右投右打,1993年4月2日,帝京高,2011年ドラフト9位,NA
41345135,乙坂　智,おとさか・とも,読売ジャイアンツ,右投左打,1994年1月6日,横浜高,2011年ドラフト5位,NA
51755135,桑原　将志,くわはら・まさゆき,埼玉西武ライオンズ,右投右打,1993年7月21日,福知山成美高,2011年ドラフト4位,外野手
53555135,Ｂ．クレイマー,ボビー・クレイマー　(BOBBY CRAMER),横浜DeNAベイスターズ,左投左打,1979年10月28日,カリフォルニア州大ロングビーチ校 - アスレチックス,,NA
43345135,Ｏ．サラサー,オスカー・サラサー　(OSCAR SALAZAR),横浜DeNAベイスターズ,右投右打,1978年6月27日,マラカイ高 - タイガース - オリオールズ - パドレス,,NA
41245135,冨田　康祐,とみた・こうすけ,横浜DeNAベイスターズ,右投右打,1988年4月24日,PL学園高 - 青山学院大中退 - 四国・香川,2011年育成選手ドラフト1位,NA
01405135,西森　将司,にしもり・まさし,横浜DeNAベイスターズ,右投両打,1987年12月29日,北照高 - ホンダ - 四国・香川,2011年育成選手ドラフト2位,NA
91695135,飛雄馬,ひゅうま（まつい・ひゅうま）,横浜DeNAベイスターズ,右投右打,1991年3月17日,江の川高 - 三菱重工広島,2011年ドラフト7位,NA
31135137,赤堀　大智,あかほり・だいち,横浜DeNAベイスターズ,右投右打,1987年4月13日,掛川西高 - 立正大 - セガサミー,2012年ドラフト4位,NA
71175137,安部　建輝,あべ・たてき,横浜DeNAベイスターズ,右投右打,1986年9月3日,近大付高 - 近畿大 - NTT西日本,2012年ドラフト5位,NA
61165137,井納　翔一,いのう・しょういち,読売ジャイアンツ,右投右打,1986年5月1日,木更津総合高 - 上武大 - NTT東日本,2012年ドラフト3位,NA
53355137,Ｔ．コーコラン,ティム・コーコラン　(TIM CORCORAN),横浜DeNAベイスターズ,右投右打,1978年4月15日,ガルフコーストコミュニティー大 - デビルレイズ,,NA
41245137,三嶋　一輝,みしま・かずき,横浜DeNAベイスターズ,右投両打,1990年5月7日,福岡工 - 法政大,2012年ドラフト2位,NA
51455137,宮﨑　敏郎,みやざき・としろう,横浜DeNAベイスターズ,右投右打,1988年12月12日,厳木高 - 日本文理大 - セガサミー,2012年ドラフト6位,内野手
61865137,Ｎ．モーガン,ナイジャー・モーガン　(NYJER MORGAN),横浜DeNAベイスターズ,左投左打,1980年7月2日,ワラワラコミュニティー大 - パイレーツ - ナショナルズ - ブルワーズ,,NA
13515139,Ｙ．グリエル,ユリエスキ・グリエル　(YULIESKI GURRIEL),横浜DeNAベイスターズ,右投右打,1984年6月9日,エイドリノサラバリア高 - キューバ・サンクティスピリトゥス - キューバ・インドゥストリアレス,,NA
11915139,砂田　毅樹,すなだ・よしき,中日ドラゴンズ,左投左打,1995年7月20日,明桜高,2013年育成選手ドラフト1位,NA
31935139,関根　大気,せきね・たいき,横浜DeNAベイスターズ,左投左打,1995年6月28日,東邦高,2013年ドラフト5位,外野手
21725111,髙橋　尚成,たかはし・ひさのり,横浜DeNAベイスターズ,左投左打,1975年4月2日,修徳高 - 駒沢大 - 東芝,1999年ドラフト1位,NA
51255139,平田　真吾,ひらた・しんご,横浜DeNAベイスターズ,右投右打,1989年8月29日,豊北高 - 北九州市立大 - ホンダ熊本,2013年ドラフト2位,NA
11415139,萬谷　康平,まんたに・こうへい,横浜DeNAベイスターズ,右投左打,1987年8月28日,阪南大高 - 阪南大 - シティライト岡山 - ミキハウスREDS,2013年育成選手ドラフト2位,NA
31435139,三上　朋也,みかみ・ともや,読売ジャイアンツ,右投右打,1989年4月10日,県立岐阜商 - 法政大 - JX-ENEOS,2013年ドラフト4位,NA
71475139,嶺井　博希,みねい・ひろき,福岡ソフトバンクホークス,右投右打,1991年6月4日,沖縄尚学高 - 亜細亜大,2013年ドラフト3位,捕手
63165139,Ｇ．モスコーソ,ギジェルモ・モスコーソ　(GUILLERMO MOSCOSO),横浜DeNAベイスターズ,右投右打,1983年11月14日,ラスニエベス高 - レンジャーズ - アスレチックス - ロッキーズ - ジャイアンツ,,NA
01105130,飯塚　悟史,いいづか・さとし,横浜DeNAベイスターズ,右投左打,1996年10月11日,日本文理高,2014年ドラフト7位,NA
11315130,石田　健大,いしだ・けんた,横浜DeNAベイスターズ,左投左打,1993年3月1日,広島工 - 法政大,2014年ドラフト2位,投手
43545130,Ｙ．エレラ,ヨスラン・エレラ　(YOSLAN HERRERA),横浜DeNAベイスターズ,右投右打,1981年4月28日,デフェンソレスデルアンダ高 - パイレーツ - エンゼルス,,NA
91795130,倉本　寿彦,くらもと・としひこ,横浜DeNAベイスターズ,右投左打,1991年1月7日,横浜高 - 創価大 - 日本新薬,2014年ドラフト3位,NA
23725130,Ｄ．ビロウ,デュアン・ビロウ　(DUANE BELOW),横浜DeNAベイスターズ,左投左打,1985年11月15日,レイクミシガン大 - タイガース - マーリンズ - 韓国・起亜,,NA
31635130,福地　元春,ふくち・もとはる,横浜DeNAベイスターズ,左投左打,1990年6月21日,自由ケ丘高 - 九州共立大 - 三菱日立パワーシステムズ横浜,2014年ドラフト4位,NA
31835130,百瀬　大騎,ももせ・ひろき,横浜DeNAベイスターズ,右投左打,1997年3月11日,松本第一高,2014年ドラフト6位,NA
41845130,山﨑　康晃,やまさき・やすあき,横浜DeNAベイスターズ,右投右打,1992年10月2日,帝京高 - 亜細亜大,2014年ドラフト1位,投手
81885130,山下　幸輝,やました・こうき,横浜DeNAベイスターズ,右投左打,1993年1月31日,関東第一高 - 国学院大,2014年ドラフト5位,NA
11315132,綾部　翔,あやべ・かける,横浜DeNAベイスターズ,右投右打,1997年4月25日,霞ヶ浦高,2015年ドラフト5位,NA
01305132,今永　昇太,いまなが・しょうた,横浜DeNAベイスターズ,左投左打,1993年9月1日,北筑高 - 駒沢大,2015年ドラフト1位,NA
13015132,エリアン,エリアン・エレラ　(ELIAN HERRERA),横浜DeNAベイスターズ,右投両打,1985年2月1日,セントロアカデミコロジャース高 - ドジャース - ブルワーズ,,NA
41945132,柴田　竜拓,しばた・たつひろ,横浜DeNAベイスターズ,右投左打,1993年12月16日,岡山理大付高 - 国学院大,2015年ドラフト3位,内野手
31235132,田村　丈,たむら・じょう,横浜DeNAベイスターズ,右投右打,1992年11月20日,関大北陽高 - 関西学院大,2015年育成選手ドラフト3位,NA
41245132,戸柱　恭孝,とばしら・やすたか,横浜DeNAベイスターズ,右投左打,1990年4月11日,鹿屋中央高 - 駒沢大 - NTT西日本,2015年ドラフト4位,捕手
01405132,野川　拓斗,のがわ・たくと,横浜DeNAベイスターズ,左投左打,1991年9月6日,川口青陵高 - 城西国際大 - 鷺宮製作所,2015年ドラフト7位,NA
13215132,Ｍ．ブロードウェイ,マイク・ブロードウェイ　(MIKE BROADWAY),横浜DeNAベイスターズ,右投右打,1987年3月30日,ポープカウンティー高 - ジャイアンツ,,NA
03705132,Ｚ．ペトリック,ザック・ペトリック　(ZACH PETRICK),横浜DeNAベイスターズ,右投右打,1989年7月29日,ノースウエスタンオハイオ大 - 米マイナー,,NA
73975132,Ｊ．ロマック,ジェイミー・ロマック　(JAMES ROMAK),横浜DeNAベイスターズ,右投右打,1985年9月30日,ABルーカス高 - ドジャース - ダイヤモンドバックス,,NA
23325134,Ｊ．ウィーランド,ジョー・ウィーランド　(JOE WIELAND),横浜DeNAベイスターズ,右投右打,1990年1月21日,ビショップマノーグ高 - パドレス - ドジャース - マリナーズ,,NA
11515134,笠井　崇正,かさい・たかまさ,横浜DeNAベイスターズ,右投右打,1994年8月7日,旭川西高 - 早稲田大 - BC・信濃,2016年育成選手ドラフト1位,NA
11715134,京山　将弥,きょうやま・まさや,横浜DeNAベイスターズ,右投右打,1998年7月4日,近江高,2016年ドラフト4位,NA
03505134,Ｐ．クライン,フィル・クライン　(PHIL KLEIN),横浜DeNAベイスターズ,右投右打,1989年4月30日,ヤングスタウン州大 - レンジャーズ - フィリーズ,,NA
91995134,佐野　恵太,さの・けいた,横浜DeNAベイスターズ,右投左打,1994年11月28日,広陵高 - 明治大,2016年ドラフト9位,外野手
61965134,進藤　拓也,しんどう・たくや,横浜DeNAベイスターズ,右投右打,1992年7月16日,西仙北高 - 横浜商科大 - JR東日本,2016年ドラフト8位,NA
53755134,Ａ．シリアコ,アウディ・シリアコ　(AUDY CIRIACO),横浜DeNAベイスターズ,右投右打,1987年6月16日,ソルアナノラン高 - 米マイナー - BC・石川,,NA
51655134,濵口　遥大,はまぐち・はるひろ,福岡ソフトバンクホークス,左投左打,1995年3月16日,三養基高 - 神奈川大,2016年ドラフト1位,NA
03705134,Ｓ．パットン,スペンサー・パットン　(SPENCER PATTON),横浜DeNAベイスターズ,右投右打,1988年2月20日,サザンイリノイ大エドワーズビル校 - レンジャーズ - カブス,,NA
31835134,細川　成也,ほそかわ・せいや,中日ドラゴンズ,右投右打,1998年8月4日,明秀学園日立高,2016年ドラフト5位,外野手
81885134,水野　滉也,みずの・こうや,横浜DeNAベイスターズ,右投右打,1994年6月1日,札幌日大高 - 東海大北海道キャンパス,2016年ドラフト2位,NA
51155136,東　克樹,あずま・かつき,横浜DeNAベイスターズ,左投左打,1995年11月29日,愛工大名電高 - 立命館大,2017年ドラフト1位,投手
71575136,神里　和毅,かみざと・かずき,横浜DeNAベイスターズ,右投左打,1994年1月17日,糸満高 - 中央大 - 日本生命,2017年ドラフト2位,外野手
61565136,楠本　泰史,くすもと・たいし,阪神タイガース,右投左打,1995年7月7日,花咲徳栄高 - 東北福祉大,2017年ドラフト8位,NA
21725136,齋藤　俊介,さいとう・しゅんすけ,横浜DeNAベイスターズ,右投右打,1994年1月7日,成田高 - 立教大 - JX-ENEOS,2017年ドラフト4位,NA
81785136,阪口　皓亮,さかぐち・こうすけ,東京ヤクルトスワローズ,右投左打,1999年8月15日,北海高,2017年ドラフト3位,投手
11915136,櫻井　周斗,さくらい・しゅうと,東北楽天ゴールデンイーグルス,左投左打,1999年6月25日,日大三高,2017年ドラフト5位,NA
03505136,Ｎ．ソト,ネフタリ・ソト　(NEFTALI SOTO),千葉ロッテマリーンズ,右投右打,1989年2月28日,マリスタデグアイナボ高 - レッズ,,内野手
21225136,中川　虎大,なかがわ・こお,横浜DeNAベイスターズ,右投右打,1999年10月2日,箕島高,2017年育成選手ドラフト1位,投手
91895136,宮本　秀明,みやもと・しゅうめい,横浜DeNAベイスターズ,右投左打,1996年7月24日,秀岳館高 - パナソニック,2017年ドラフト7位,NA
23125136,山本　祐大,やまもと・ゆうだい,福岡ソフトバンクホークス,右投右打,1998年9月11日,京都翔英高 - BC・滋賀,2017年ドラフト9位,捕手
41145138,伊藤　裕季也,いとう・ゆきや,東北楽天ゴールデンイーグルス,右投右打,1996年8月30日,日大三高 - 立正大,2018年ドラフト2位,内野手
01305138,大貫　晋一,おおぬき・しんいち,横浜DeNAベイスターズ,右投右打,1994年2月3日,桐陽高 - 日本体育大 - 新日鉄住金鹿島,2018年ドラフト3位,投手
41545138,勝又　温史,かつまた・あつし,横浜DeNAベイスターズ,右投左打,2000年5月22日,日大鶴ヶ丘高,2018年ドラフト4位,外野手
81585138,上茶谷　大河,かみちゃたに・たいが,福岡ソフトバンクホークス,右投右打,1996年8月31日,京都学園高 - 東洋大,2018年ドラフト1位,投手
73775138,Ｓ．ソリス,サミー・ソリス　(SAMMY SOLIS),横浜DeNAベイスターズ,左投右打,1988年8月10日,サンディエゴ大 - ナショナルズ,,NA
91095138,知野　直人,ちの・なおと,中日ドラゴンズ,右投右打,1999年2月16日,第一学院高 - BC・新潟,2018年ドラフト6位,内野手
91695138,益子　京右,ましこ・きょうすけ,横浜DeNAベイスターズ,右投右打,2000年12月27日,青藍泰斗高,2018年ドラフト5位,捕手
51855138,宮城　滝太,みやぎ・だいた,横浜DeNAベイスターズ,右投右打,2000年7月15日,滋賀学園高,2018年育成選手ドラフト1位,投手
51155151,東妻　純平,あづま・じゅんぺい,横浜DeNAベイスターズ,右投右打,2001年7月3日,智弁和歌山高,2019年ドラフト4位,捕手
41145151,伊勢　大夢,いせ・ひろむ,横浜DeNAベイスターズ,右投右打,1998年3月7日,九州学院高 - 明治大,2019年ドラフト3位,投手
51555151,蝦名　達夫,えびな・たつお,横浜DeNAベイスターズ,右投右打,1997年9月20日,青森商 - 青森大,2019年ドラフト6位,外野手
73375151,Ｔ．オースティン,タイラー・オースティン　(TYLER AUSTIN),横浜DeNAベイスターズ,右投右打,1991年9月6日,ヘリテージ高 - ヤンキース - ツインズ - ジャイアンツ - ブルワーズ,,NA
11015151,坂本　裕哉,さかもと・ゆうや,横浜DeNAベイスターズ,左投左打,1997年7月28日,福岡大大濠高 - 立命館大,2019年ドラフト2位,投手
01205151,田部　隼人,たなべ・はやと,横浜DeNAベイスターズ,右投右打,2001年12月22日,開星高,2019年ドラフト5位,NA
43545151,Ｙ．ディアス,ジョフレック・ディアス　(YOFREC DIAZ),横浜DeNAベイスターズ,左投左打,1999年6月10日,ボリバリアーノドロレス高,,NA
73775151,Ｍ．ピープルズ,マイケル・ピープルズ　(MICHAEL PEOPLES),横浜DeNAベイスターズ,右投右打,1991年9月5日,ウエスタンオクラホマ州大 - 米マイナー,,NA
33135151,森　敬斗,もり・けいと,横浜DeNAベイスターズ,右投左打,2002年1月28日,桐蔭学園高,2019年ドラフト1位,内野手
